"sim","score_beta0","score_beta1","score_beta2","score_conv_msg","tpr","fpr"
1,-1.98297588537432,2.59375716910677,-0.130036153842956,"Converged",0.99,0.01
2,-1.88715489966262,2.40545556643608,-0.152122715477172,"Converged",0.99,0.01
3,-1.95879278369461,1.85689536192752,-0.0700795990544637,"Converged",0.99,0.01
4,NA,NA,NA,"B-spline error",0.99,0.01
5,-2.27968110093913,2.87830319398552,-0.109843758006207,"Converged",0.99,0.01
6,-1.77793583038463,1.11070881784207,-0.0919653185051113,"Converged",0.99,0.01
7,-1.76354747857126,0.678827062367267,-0.100927186163798,"Converged",0.99,0.01
8,-1.64874368727375,1.69858402057106,-0.136514111029933,"Converged",0.99,0.01
9,-1.82656906050845,0.64984671087607,-0.0559124910626997,"Converged",0.99,0.01
10,-1.80529021899043,2.00711936728387,-0.139051847567361,"Converged",0.99,0.01
11,-1.6499874032748,1.19418001759152,-0.081852820912013,"Converged",0.99,0.01
12,-2.02146724933662,1.88816158249174,-0.087155091152241,"Converged",0.99,0.01
13,-1.46598461144969,0.379896745594679,-0.0943478310300136,"Converged",0.99,0.01
14,-2.36710256066127,2.79556801213185,-0.0856501595502304,"Converged",0.99,0.01
15,-2.10793965426637,1.82360330180683,-0.0614617548349442,"Converged",0.99,0.01
16,NA,NA,NA,"MAX_ITER reached",0.99,0.01
17,NA,NA,NA,"B-spline error",0.99,0.01
18,-2.75025464156527,3.84901354148448,-0.0937302157484332,"Converged",0.99,0.01
19,-2.03265505091176,2.06105743808782,-0.113872972096391,"Converged",0.99,0.01
20,-1.454824791128,1.8318405335689,-0.173740884554695,"Converged",0.99,0.01
21,-1.59222805077538,0.918085689218517,-0.106790446028741,"Converged",0.99,0.01
22,NA,NA,NA,"B-spline error",0.99,0.01
23,-1.99051761626354,1.03958312073193,-0.0500459638868136,"Converged",0.99,0.01
24,-1.92246029511312,1.73394769840028,-0.0796744107324086,"Converged",0.99,0.01
25,-2.33116637431159,2.47057145294912,-0.0647345499298306,"Converged",0.99,0.01
26,-1.75306419420823,1.45833856402228,-0.116056821805589,"Converged",0.99,0.01
27,-1.78927821146354,1.7359319070441,-0.109442444263842,"Converged",0.99,0.01
28,-2.07621521259423,2.02084161317266,-0.106608155386106,"Converged",0.99,0.01
29,-1.15123470066797,0.252446768913208,-0.141253008727356,"Converged",0.99,0.01
30,-2.30977758316488,2.43896933675364,-0.0741979331950584,"Converged",0.99,0.01
31,-1.8729060280198,1.84166002617297,-0.127126868305056,"Converged",0.99,0.01
32,NA,NA,NA,"MAX_ITER reached",0.99,0.01
33,NA,NA,NA,"B-spline error",0.99,0.01
34,-1.50575710121325,0.696518468080917,-0.120454077863882,"Converged",0.99,0.01
35,-2.17713947746393,1.74175388259451,-0.0397589945871987,"Converged",0.99,0.01
36,-1.35616675801852,0.943114599721522,-0.128978080491562,"Converged",0.99,0.01
37,-1.91277284366714,1.81771598135319,-0.0746481690821732,"Converged",0.99,0.01
38,-2.19485862916495,1.75560693460693,-0.0309156621618645,"Converged",0.99,0.01
39,NA,NA,NA,"B-spline error",0.99,0.01
40,-1.91165835598257,2.07300916003711,-0.130608831478886,"Converged",0.99,0.01
41,NA,NA,NA,"B-spline error",0.99,0.01
42,NA,NA,NA,"B-spline error",0.99,0.01
43,-1.57486980043048,1.00866817366646,-0.109148761715841,"Converged",0.99,0.01
44,-1.8527353803051,1.85845628717379,-0.153593048891387,"Converged",0.99,0.01
45,-1.87946297991195,1.57707298055792,-0.102789733680808,"Converged",0.99,0.01
46,-2.04918540354346,2.54554392086682,-0.167508713832548,"Converged",0.99,0.01
47,NA,NA,NA,"B-spline error",0.99,0.01
48,NA,NA,NA,"B-spline error",0.99,0.01
49,-1.56759300258826,-0.0273807833282636,-0.0162544468804096,"Converged",0.99,0.01
50,-2.10242807524707,2.33914730754939,-0.106741215891897,"Converged",0.99,0.01
51,-1.79936439206047,1.97060300049114,-0.144298210199615,"Converged",0.99,0.01
52,-1.57916491430124,0.108214180098455,-0.0483757680687268,"Converged",0.99,0.01
53,-1.2838908600224,-0.224564537748119,-0.14206604155059,"Converged",0.99,0.01
54,-1.59491113658469,0.823790662721212,-0.101842428511762,"Converged",0.99,0.01
55,-2.38707766778951,2.80767776525461,-0.0750570515078267,"Converged",0.99,0.01
56,-1.93437467783891,0.674871431532038,-0.0127089237461722,"Converged",0.99,0.01
57,-1.24273599746469,1.07938144579403,-0.218015505503678,"Converged",0.99,0.01
58,NA,NA,NA,"B-spline error",0.99,0.01
59,-2.12058604263708,2.26053014542084,-0.119269639677623,"Converged",0.99,0.01
60,-1.98150050373362,1.03354769963096,-0.0254207260810702,"Converged",0.99,0.01
61,-1.34783332016228,0.162263375520845,-0.110694558467902,"Converged",0.99,0.01
62,-1.89998711719523,1.42043481738033,-0.0743279522701689,"Converged",0.99,0.01
63,NA,NA,NA,"B-spline error",0.99,0.01
64,-2.34324360824335,2.70669750075467,-0.0766845582963143,"Converged",0.99,0.01
65,NA,NA,NA,"B-spline error",0.99,0.01
66,-1.66680763506772,1.19083089379928,-0.100741294663311,"Converged",0.99,0.01
67,-1.96915086249564,2.48953717050948,-0.0955727976438645,"Converged",0.99,0.01
68,NA,NA,NA,"B-spline error",0.99,0.01
69,-2.27710611925748,1.78514426064249,-0.00550865696185432,"Converged",0.99,0.01
70,-2.12429477588357,2.75489046999922,-0.132955612855473,"Converged",0.99,0.01
71,NA,NA,NA,"B-spline error",0.99,0.01
72,-1.57559126429479,0.129663755670253,-0.0729369872192996,"Converged",0.99,0.01
73,NA,NA,NA,"B-spline error",0.99,0.01
74,-2.20717581259816,2.00093723309277,-0.0854759454313078,"Converged",0.99,0.01
75,-1.47208739494674,0.998648086897793,-0.123220315410111,"Converged",0.99,0.01
76,-0.971363851221729,-0.668942810594312,-0.120350785337878,"Converged",0.99,0.01
77,NA,NA,NA,"B-spline error",0.99,0.01
78,-2.00600281671303,1.48072254614339,-0.0586663472135647,"Converged",0.99,0.01
79,-1.98590279652236,1.89039427048523,-0.0904316584841501,"Converged",0.99,0.01
80,-0.906356836315401,-0.548834731590851,-0.133128522109769,"Converged",0.99,0.01
81,NA,NA,NA,"B-spline error",0.99,0.01
82,-1.35598338121703,0.984267726053178,-0.140731554564095,"Converged",0.99,0.01
83,-1.74866809098698,1.54217498651599,-0.097388161344895,"Converged",0.99,0.01
84,NA,NA,NA,"B-spline error",0.99,0.01
85,-1.68273039868901,1.47395166883355,-0.127162150895726,"Converged",0.99,0.01
86,-1.77650862915021,1.48430885325862,-0.0790271445201097,"Converged",0.99,0.01
87,NA,NA,NA,"B-spline error",0.99,0.01
88,NA,NA,NA,"B-spline error",0.99,0.01
89,-1.74409278066138,1.03246910819894,-0.0795596853445256,"Converged",0.99,0.01
90,-0.900025822154086,-0.387484247922722,-0.193127048575351,"Converged",0.99,0.01
91,NA,NA,NA,"B-spline error",0.99,0.01
92,-1.75848273293777,1.90967661608718,-0.167905514970066,"Converged",0.99,0.01
93,-1.57919499030551,0.528002186755061,-0.0938102808969794,"Converged",0.99,0.01
94,-1.8656280284743,1.31699192618968,-0.0606323033292902,"Converged",0.99,0.01
95,-0.893613052508503,-1.77232491977044,-0.073152594716309,"Converged",0.99,0.01
96,-1.82902281954443,1.47456991221394,-0.0799721161697529,"Converged",0.99,0.01
97,-2.06648471655216,0.898827567930362,-0.0530535918575458,"Converged",0.99,0.01
98,-1.72198475561689,0.680823043154699,-0.0958286923099683,"Converged",0.99,0.01
99,-1.92982071894654,2.1667306908437,-0.105180307182143,"Converged",0.99,0.01
100,-1.42090255668707,0.840552962510978,-0.151741795176031,"Converged",0.99,0.01
101,NA,NA,NA,"B-spline error",0.99,0.01
102,NA,NA,NA,"B-spline error",0.99,0.01
103,-2.05994606573615,2.20622728666706,-0.100885598601532,"Converged",0.99,0.01
104,-1.53987489386544,1.25913026300307,-0.143224234038779,"Converged",0.99,0.01
105,-1.87347391993615,0.526544185954416,-0.0478077407146387,"Converged",0.99,0.01
106,NA,NA,NA,"B-spline error",0.99,0.01
107,NA,NA,NA,"B-spline error",0.99,0.01
108,-1.51550483982501,0.589020516976039,-0.132582424091558,"Converged",0.99,0.01
109,-1.94669810421561,2.21667334751598,-0.114012796938462,"Converged",0.99,0.01
110,-1.77264086305367,1.96226637444865,-0.156754013373419,"Converged",0.99,0.01
111,-1.57863184609923,0.301023379939899,-0.0642408266529856,"Converged",0.99,0.01
112,NA,NA,NA,"B-spline error",0.99,0.01
113,NA,NA,NA,"B-spline error",0.99,0.01
114,-1.9048409091104,1.85029098237277,-0.154213777321668,"Converged",0.99,0.01
115,-2.05689325746183,2.84240141605235,-0.123309643391122,"Converged",0.99,0.01
116,-1.73726208527698,2.31479425948907,-0.176889699085741,"Converged",0.99,0.01
117,NA,NA,NA,"B-spline error",0.99,0.01
118,-1.53285921186189,0.608830898873063,-0.1041195835521,"Converged",0.99,0.01
119,-1.19797116605737,0.533883482930469,-0.132160409515478,"Converged",0.99,0.01
120,-2.04137154916382,3.37108672351239,-0.157981445129849,"Converged",0.99,0.01
121,NA,NA,NA,"B-spline error",0.99,0.01
122,NA,NA,NA,"B-spline error",0.99,0.01
123,-2.29358379333261,2.31340902463794,-0.0369248388936204,"Converged",0.99,0.01
124,-1.90574494898292,1.90756527465838,-0.130695211275259,"Converged",0.99,0.01
125,-2.24428522259588,2.0513524708698,-0.0489031271749307,"Converged",0.99,0.01
126,NA,NA,NA,"B-spline error",0.99,0.01
127,-1.82934742905618,2.08937466174486,-0.11254438897324,"Converged",0.99,0.01
128,NA,NA,NA,"B-spline error",0.99,0.01
129,-1.93429633916976,2.13670749640874,-0.136075094769872,"Converged",0.99,0.01
130,-1.38681457798709,0.626585262380737,-0.13447651623404,"Converged",0.99,0.01
131,-1.61619608478506,1.76499153237103,-0.158748692107003,"Converged",0.99,0.01
132,NA,NA,NA,"B-spline error",0.99,0.01
133,-2.21067397475228,2.66962264264408,-0.0981230250365741,"Converged",0.99,0.01
134,-2.1876746244328,2.17937691163841,-0.0664010864638883,"Converged",0.99,0.01
135,-1.43559962660448,1.30850595507987,-0.160197418472334,"Converged",0.99,0.01
136,NA,NA,NA,"B-spline error",0.99,0.01
137,-1.8263074219721,2.13138602403924,-0.145071331916547,"Converged",0.99,0.01
138,-1.77768943094097,2.20025649139213,-0.155870692474799,"Converged",0.99,0.01
139,-2.01177639456229,1.30332638333987,-0.053451105507965,"Converged",0.99,0.01
140,-1.97544550048476,1.58254230969378,-0.0677247566018288,"Converged",0.99,0.01
141,NA,NA,NA,"B-spline error",0.99,0.01
142,-1.57614021679089,0.67672497720587,-0.104219459683295,"Converged",0.99,0.01
143,NA,NA,NA,"B-spline error",0.99,0.01
144,-1.89282553724737,2.06818340999191,-0.1130886361425,"Converged",0.99,0.01
145,NA,NA,NA,"MAX_ITER reached",0.99,0.01
146,NA,NA,NA,"B-spline error",0.99,0.01
147,-2.01363746208371,2.3962872144132,-0.115741411194452,"Converged",0.99,0.01
148,-1.73544687507198,0.506011668437629,-0.0496529677912749,"Converged",0.99,0.01
149,NA,NA,NA,"B-spline error",0.99,0.01
150,NA,NA,NA,"MAX_ITER reached",0.99,0.01
151,-1.93867090970838,2.61555991911203,-0.134082516687286,"Converged",0.99,0.01
152,-1.72741651767544,1.62101551455164,-0.136018725841195,"Converged",0.99,0.01
153,NA,NA,NA,"B-spline error",0.99,0.01
154,-2.16294703025051,1.52062295621529,-0.0412817237766712,"Converged",0.99,0.01
155,-2.16032614078992,1.82557833876235,-0.0668439186281819,"Converged",0.99,0.01
156,NA,NA,NA,"B-spline error",0.99,0.01
157,NA,NA,NA,"B-spline error",0.99,0.01
158,-2.38539627606544,3.06649606862194,-0.128287438789622,"Converged",0.99,0.01
159,-1.16205795057469,-0.552068584113629,-0.131757686470876,"Converged",0.99,0.01
160,NA,NA,NA,"B-spline error",0.99,0.01
161,-2.13852705228202,3.08895369128956,-0.110561364741163,"Converged",0.99,0.01
162,-1.90518880956781,1.59837717830555,-0.0885954525975692,"Converged",0.99,0.01
163,-2.35299500357103,2.82222041223655,-0.0226801428627634,"Converged",0.99,0.01
164,-2.16839464316589,2.38020590913477,-0.113401554271141,"Converged",0.99,0.01
165,-2.02139760711656,1.57472472158549,-0.0978184678237291,"Converged",0.99,0.01
166,-1.53204178551333,1.60869099842153,-0.171881112984614,"Converged",0.99,0.01
167,-2.62263610056334,2.889018251505,-0.0371915856546984,"Converged",0.99,0.01
168,-1.25004315791431,-0.137957909849765,-0.103288416222667,"Converged",0.99,0.01
169,NA,NA,NA,"B-spline error",0.99,0.01
170,-1.81592738028817,1.46327589135532,-0.0991985192682621,"Converged",0.99,0.01
171,NA,NA,NA,"B-spline error",0.99,0.01
172,-1.84118120755522,1.39895308666343,-0.0933320835478288,"Converged",0.99,0.01
173,NA,NA,NA,"B-spline error",0.99,0.01
174,-1.70320434318466,0.835679641466154,-0.0847592746593276,"Converged",0.99,0.01
175,-1.97769125801779,1.99874647714598,-0.0908890451877289,"Converged",0.99,0.01
176,NA,NA,NA,"B-spline error",0.99,0.01
177,NA,NA,NA,"B-spline error",0.99,0.01
178,NA,NA,NA,"B-spline error",0.99,0.01
179,-2.02768715781026,2.3791220487891,-0.12427108375957,"Converged",0.99,0.01
180,-1.48773439196724,-0.333028396890405,-0.0625472626088042,"Converged",0.99,0.01
181,-2.24312340746137,2.00639521279266,-0.0425349297632555,"Converged",0.99,0.01
182,-2.50297989046557,3.60448357099248,-0.0632131256354249,"Converged",0.99,0.01
183,NA,NA,NA,"B-spline error",0.99,0.01
184,NA,NA,NA,"B-spline error",0.99,0.01
185,NA,NA,NA,"B-spline error",0.99,0.01
186,NA,NA,NA,"B-spline error",0.99,0.01
187,NA,NA,NA,"B-spline error",0.99,0.01
188,-1.26194265120548,1.01252574489271,-0.157570457481748,"Converged",0.99,0.01
189,NA,NA,NA,"B-spline error",0.99,0.01
190,NA,NA,NA,"B-spline error",0.99,0.01
191,NA,NA,NA,"B-spline error",0.99,0.01
192,NA,NA,NA,"B-spline error",0.99,0.01
193,-2.17992618641723,2.96223601168735,-0.126752563127073,"Converged",0.99,0.01
194,-2.58122984399641,3.17798290867181,-0.0637098290091506,"Converged",0.99,0.01
195,NA,NA,NA,"B-spline error",0.99,0.01
196,-2.12477162589634,2.72266567769123,-0.0868498088320639,"Converged",0.99,0.01
197,-1.83707592320608,1.44220106668221,-0.0974289571696953,"Converged",0.99,0.01
198,NA,NA,NA,"B-spline error",0.99,0.01
199,NA,NA,NA,"B-spline error",0.99,0.01
200,-2.32094824545473,1.92533259736881,-0.054324547538894,"Converged",0.99,0.01
201,-1.61630572156967,1.0873685062247,-0.118693437298913,"Converged",0.99,0.01
202,-1.66354438295365,1.10925501418927,-0.085765858345057,"Converged",0.99,0.01
203,-1.96626696319685,1.98984254403744,-0.0720079233038602,"Converged",0.99,0.01
204,-1.69321954857568,2.63593262290845,-0.200987327695702,"Converged",0.99,0.01
205,-1.93327461820121,1.73436584285675,-0.0887008295308137,"Converged",0.99,0.01
206,-1.52585922416587,1.1545359393729,-0.104490257599398,"Converged",0.99,0.01
207,-2.02102466474757,1.86999475345141,-0.08082342329481,"Converged",0.99,0.01
208,NA,NA,NA,"B-spline error",0.99,0.01
209,-2.39684767689957,2.21387713269532,-0.0259144618607828,"Converged",0.99,0.01
210,-1.64423310004867,1.1129893388756,-0.0896703279133903,"Converged",0.99,0.01
211,-1.04437741964706,-0.467192607755061,-0.127593526549482,"Converged",0.99,0.01
212,-1.9588842525211,2.58894543872778,-0.154441753074787,"Converged",0.99,0.01
213,NA,NA,NA,"B-spline error",0.99,0.01
214,-2.06742502250906,2.0831387307123,-0.105993613965534,"Converged",0.99,0.01
215,-1.96358135204102,1.92514216035595,-0.0890596408400129,"Converged",0.99,0.01
216,-1.5644655444698,1.49720571090717,-0.134568364487118,"Converged",0.99,0.01
217,-2.13790946027713,2.48474769708257,-0.107616775646915,"Converged",0.99,0.01
218,-1.90475197682129,1.11693052316934,-0.0593777603925175,"Converged",0.99,0.01
219,-1.65073752639896,0.844102296452234,-0.0860634403075609,"Converged",0.99,0.01
220,-2.33325776937079,1.87165971615904,-0.00224619989545112,"Converged",0.99,0.01
221,-1.70366512132522,1.74111441944645,-0.108534500280742,"Converged",0.99,0.01
222,-1.57587704463616,0.69794842976531,-0.115508595927349,"Converged",0.99,0.01
223,-2.28883981876751,3.35584971266634,-0.098592103385002,"Converged",0.99,0.01
224,-2.16168641268453,2.39225707575913,-0.0838847914623204,"Converged",0.99,0.01
225,NA,NA,NA,"B-spline error",0.99,0.01
226,-1.50633314448988,0.848603850760051,-0.163902848360061,"Converged",0.99,0.01
227,-2.25083515466124,3.16075258974876,-0.0969708737888604,"Converged",0.99,0.01
228,NA,NA,NA,"B-spline error",0.99,0.01
229,-2.20765175183166,1.57231988804461,-0.0277758774975214,"Converged",0.99,0.01
230,NA,NA,NA,"B-spline error",0.99,0.01
231,-2.09058785471101,2.76199604566184,-0.122699928438585,"Converged",0.99,0.01
232,NA,NA,NA,"B-spline error",0.99,0.01
233,-1.50282528005868,1.84708169239934,-0.176955515221493,"Converged",0.99,0.01
234,NA,NA,NA,"B-spline error",0.99,0.01
235,NA,NA,NA,"B-spline error",0.99,0.01
236,NA,NA,NA,"B-spline error",0.99,0.01
237,-1.40257948363983,0.816637317407425,-0.137436730787294,"Converged",0.99,0.01
238,-1.45426750355405,-0.958224053055006,-0.0220901046411713,"Converged",0.99,0.01
239,-1.72660624213454,0.78043268950886,-0.0481556001106396,"Converged",0.99,0.01
240,-1.3961004264245,0.885412090537678,-0.151429089196181,"Converged",0.99,0.01
241,NA,NA,NA,"B-spline error",0.99,0.01
242,-2.36886314676073,3.13557709927429,-0.0932282522747936,"Converged",0.99,0.01
243,-1.84412306322196,1.76676696996042,-0.104044757237342,"Converged",0.99,0.01
244,-1.74373051514335,1.24276069554367,-0.0867252161885555,"Converged",0.99,0.01
245,-2.02953038611212,1.98599707279508,-0.118363608746548,"Converged",0.99,0.01
246,NA,NA,NA,"B-spline error",0.99,0.01
247,-1.88294861523106,1.93783590996692,-0.0916356573454868,"Converged",0.99,0.01
248,-2.17110095312373,1.24620484593425,-0.0226002337242123,"Converged",0.99,0.01
249,-2.25910602121471,2.17738811852339,-0.0608798427183307,"Converged",0.99,0.01
250,-1.40126880657051,0.652537340078064,-0.132262830927467,"Converged",0.99,0.01
251,-1.8488049577881,1.70082175657894,-0.112736088537784,"Converged",0.99,0.01
252,-2.11258078920554,1.89238681284571,-0.0769369464410897,"Converged",0.99,0.01
253,NA,NA,NA,"B-spline error",0.99,0.01
254,-1.80003561070601,0.734336606846519,-0.0559939652337629,"Converged",0.99,0.01
255,NA,NA,NA,"B-spline error",0.99,0.01
256,-1.31853481752367,0.488833626524311,-0.133471975916015,"Converged",0.99,0.01
257,-2.34886838180369,2.62827267624843,-0.0625824223343941,"Converged",0.99,0.01
258,-2.32232570383366,2.2268367781428,-0.0536823959280705,"Converged",0.99,0.01
259,-1.33328061465255,0.0172700600483725,-0.117571948310528,"Converged",0.99,0.01
260,-2.05972287450552,2.11782814352936,-0.0454022654769423,"Converged",0.99,0.01
261,-2.38451837231031,2.10615845086461,-0.0576618389471039,"Converged",0.99,0.01
262,-2.2406900574063,1.88279736050622,-0.057216704945944,"Converged",0.99,0.01
263,NA,NA,NA,"B-spline error",0.99,0.01
264,NA,NA,NA,"B-spline error",0.99,0.01
265,NA,NA,NA,"B-spline error",0.99,0.01
266,-1.4186613538402,0.743261816514929,-0.123216556915784,"Converged",0.99,0.01
267,-2.14500383954507,2.23554905420892,-0.0589952159089399,"Converged",0.99,0.01
268,NA,NA,NA,"B-spline error",0.99,0.01
269,-1.95172533312961,2.201232070656,-0.120499375041527,"Converged",0.99,0.01
270,-1.93509390471465,2.58008194357046,-0.135433697896413,"Converged",0.99,0.01
271,-1.60137472153691,1.45380896736762,-0.160135481927885,"Converged",0.99,0.01
272,NA,NA,NA,"B-spline error",0.99,0.01
273,-1.35381910143175,0.578824492288968,-0.174313910862144,"Converged",0.99,0.01
274,-2.19171025682767,2.22515058397198,-0.066288584887205,"Converged",0.99,0.01
275,-1.18183786693634,0.228353902185985,-0.106604580986698,"Converged",0.99,0.01
276,-2.24530080105952,1.36004659619479,-0.0194903521421634,"Converged",0.99,0.01
277,-2.05062066743296,1.69593842987423,-0.113731739395949,"Converged",0.99,0.01
278,NA,NA,NA,"B-spline error",0.99,0.01
279,-1.76930614665385,1.25434602828226,-0.104542423584578,"Converged",0.99,0.01
280,-2.23168342691638,3.45996840416434,-0.107298072775221,"Converged",0.99,0.01
281,-2.27993505494688,2.51092780937469,-0.0451602215008811,"Converged",0.99,0.01
282,NA,NA,NA,"B-spline error",0.99,0.01
283,-1.6512164536654,0.735639754551825,-0.0935996746675016,"Converged",0.99,0.01
284,-1.51719458813751,0.682409260219585,-0.0929237168211048,"Converged",0.99,0.01
285,-0.97277102328112,0.463415467011632,-0.183841437814225,"Converged",0.99,0.01
286,-1.83153012307487,1.07253529743334,-0.0908126990471656,"Converged",0.99,0.01
287,-2.4876385699457,3.03027523515692,-0.0375707434831292,"Converged",0.99,0.01
288,-2.60170965058761,3.00082803476336,-0.0713199032538313,"Converged",0.99,0.01
289,-1.76766211918748,1.19075115536026,-0.0840710684461596,"Converged",0.99,0.01
290,-0.893215893116374,-0.959917443884172,-0.131963011357074,"Converged",0.99,0.01
291,-1.6805646991405,1.34667473376714,-0.0968371949962133,"Converged",0.99,0.01
292,-1.50405970230817,0.773589349195083,-0.102933710549323,"Converged",0.99,0.01
293,-1.53239036916672,1.40672210825312,-0.142950198854291,"Converged",0.99,0.01
294,-2.11756305287509,2.09985718489619,-0.0749603936685841,"Converged",0.99,0.01
295,-1.73511803877901,1.59066850651765,-0.107799417107429,"Converged",0.99,0.01
296,NA,NA,NA,"B-spline error",0.99,0.01
297,-1.86477708301293,1.63395433123365,-0.0809728795766485,"Converged",0.99,0.01
298,-2.24402926327707,1.96311324852698,-0.0342178844278617,"Converged",0.99,0.01
299,-1.6430104586473,2.22637994936278,-0.214355025445056,"Converged",0.99,0.01
300,-2.47625534710522,3.00413293193179,-0.0584646812776641,"Converged",0.99,0.01
301,-1.84675256465042,1.2473379929128,-0.0835040851706761,"Converged",0.99,0.01
302,-1.56129155906038,0.0593960514668365,-0.0598884039621414,"Converged",0.99,0.01
303,NA,NA,NA,"B-spline error",0.99,0.01
304,NA,NA,NA,"B-spline error",0.99,0.01
305,-1.40742786531631,1.02434920081977,-0.132334129419588,"Converged",0.99,0.01
306,-1.92928949811894,1.012497313563,-0.001766192721404,"Converged",0.99,0.01
307,-1.83031663992725,1.64655423741115,-0.104820953819975,"Converged",0.99,0.01
308,NA,NA,NA,"B-spline error",0.99,0.01
309,-1.54093274055366,1.67247000384557,-0.16683203470152,"Converged",0.99,0.01
310,-1.44602969609254,1.08106624319448,-0.113830210594522,"Converged",0.99,0.01
311,-2.18768040494075,2.42364991676729,-0.0950111047482578,"Converged",0.99,0.01
312,-1.83103448469579,2.13883457183878,-0.116376135622642,"Converged",0.99,0.01
313,-1.28198726359057,-0.479221465048239,-0.0896664425220364,"Converged",0.99,0.01
314,-1.45733446655453,0.917328225652885,-0.167725012299557,"Converged",0.99,0.01
315,-2.4706083623395,3.73882684033353,-0.124433315309247,"Converged",0.99,0.01
316,-2.24671304131179,3.05802624262691,-0.0739075182374242,"Converged",0.99,0.01
317,NA,NA,NA,"B-spline error",0.99,0.01
318,-1.37329906147747,0.691146193505417,-0.135915153225765,"Converged",0.99,0.01
319,-1.57871560112626,0.89672486005137,-0.124851980338054,"Converged",0.99,0.01
320,-1.43273921591996,0.969160311766519,-0.138626078480512,"Converged",0.99,0.01
321,NA,NA,NA,"B-spline error",0.99,0.01
322,-1.03323611705753,0.336913046604885,-0.197842672142227,"Converged",0.99,0.01
323,NA,NA,NA,"B-spline error",0.99,0.01
324,-1.70203252025157,0.821332752613995,-0.0612412356213726,"Converged",0.99,0.01
325,NA,NA,NA,"B-spline error",0.99,0.01
326,-1.55651958698278,0.140868899413009,-0.0658754488656568,"Converged",0.99,0.01
327,NA,NA,NA,"B-spline error",0.99,0.01
328,-1.77996152882691,0.722744873540169,-0.0631699849522043,"Converged",0.99,0.01
329,-1.79343279554172,1.84300090346202,-0.113883625553813,"Converged",0.99,0.01
330,-1.82131210644436,1.68831252506644,-0.0933420320764938,"Converged",0.99,0.01
331,-1.65972139910041,1.62283993275141,-0.14693087982039,"Converged",0.99,0.01
332,-1.46481712910428,1.46325333693059,-0.169904455972921,"Converged",0.99,0.01
333,-1.57598761844685,0.378961947122891,-0.076415754606598,"Converged",0.99,0.01
334,-2.74440194950452,3.91976670511795,-0.0999823742334799,"Converged",0.99,0.01
335,-1.11238673939518,-1.08752271725981,-0.090884105083411,"Converged",0.99,0.01
336,-2.30802229559247,2.33330483340124,-0.0606213267209205,"Converged",0.99,0.01
337,-2.36134547209652,2.95465143317751,-0.118468686398772,"Converged",0.99,0.01
338,NA,NA,NA,"B-spline error",0.99,0.01
339,-1.62658386384287,1.13178320669075,-0.142080043874017,"Converged",0.99,0.01
340,-2.11202718451453,2.28098215568652,-0.0713107519349159,"Converged",0.99,0.01
341,-2.06761775580668,2.13592657515716,-0.106446675048148,"Converged",0.99,0.01
342,NA,NA,NA,"B-spline error",0.99,0.01
343,-1.93930517804326,2.62939411100697,-0.151254372414165,"Converged",0.99,0.01
344,-1.16752748460871,-0.463273885627117,-0.113764037801649,"Converged",0.99,0.01
345,-1.36112819146081,0.0705317696413078,-0.0892167338449475,"Converged",0.99,0.01
346,NA,NA,NA,"B-spline error",0.99,0.01
347,-1.72430816016284,1.13229432656496,-0.110642683922267,"Converged",0.99,0.01
348,-1.55151176913549,2.14238089872471,-0.17700999884861,"Converged",0.99,0.01
349,-1.6619625721174,1.07896030920793,-0.110319850914491,"Converged",0.99,0.01
350,-1.47868064023108,0.918931141208051,-0.127546344585275,"Converged",0.99,0.01
351,-2.38160017753512,3.51384642774431,-0.0921819719739105,"Converged",0.99,0.01
352,-1.83961547955287,2.55729548946898,-0.132277296963218,"Converged",0.99,0.01
353,-1.83694123689888,2.21244441806996,-0.176274291998816,"Converged",0.99,0.01
354,-1.79783129239831,1.44177766542723,-0.0781763137023692,"Converged",0.99,0.01
355,-2.73804607533088,3.94508820949583,-0.0584734301077581,"Converged",0.99,0.01
356,NA,NA,NA,"B-spline error",0.99,0.01
357,-1.63933768609918,1.33948408157508,-0.13600845725665,"Converged",0.99,0.01
358,NA,NA,NA,"B-spline error",0.99,0.01
359,-2.05251457169267,1.82688356614319,-0.0786179106827992,"Converged",0.99,0.01
360,NA,NA,NA,"B-spline error",0.99,0.01
361,NA,NA,NA,"B-spline error",0.99,0.01
362,-1.59700081948313,1.09696261612428,-0.0850692431097902,"Converged",0.99,0.01
363,-1.91309559615842,1.55255413965076,-0.111784543240633,"Converged",0.99,0.01
364,NA,NA,NA,"B-spline error",0.99,0.01
365,-1.3288403305119,0.390992128683202,-0.132825548029125,"Converged",0.99,0.01
366,-1.79069457785205,1.36362327438785,-0.0912732981899178,"Converged",0.99,0.01
367,-2.02039728092266,1.74826565000567,-0.087678372635411,"Converged",0.99,0.01
368,NA,NA,NA,"B-spline error",0.99,0.01
369,-2.20015342493755,2.54089950246795,-0.0978499362649081,"Converged",0.99,0.01
370,-1.59346457073554,0.73464795139061,-0.0761455077526907,"Converged",0.99,0.01
371,-1.70747884629192,1.11727456424243,-0.101920958463156,"Converged",0.99,0.01
372,NA,NA,NA,"B-spline error",0.99,0.01
373,NA,NA,NA,"B-spline error",0.99,0.01
374,-2.50708674309313,3.48590930261923,-0.11052360353815,"Converged",0.99,0.01
375,-2.23311308831535,2.6191896616449,-0.0882505751396903,"Converged",0.99,0.01
376,-1.82955334573385,1.03870001423053,-0.0733482404786057,"Converged",0.99,0.01
377,-2.2005044040712,4.04211748609349,-0.178541199583264,"Converged",0.99,0.01
378,-1.57616837347412,1.03135530694609,-0.130690773393913,"Converged",0.99,0.01
379,-1.83966092066413,2.03850159936311,-0.115117729989214,"Converged",0.99,0.01
380,-1.78416226705744,2.40470123550792,-0.171950992297875,"Converged",0.99,0.01
381,-1.48204175279507,0.820169666187666,-0.144896959868042,"Converged",0.99,0.01
382,-2.20249610441414,1.44130617721024,-0.0350659536872343,"Converged",0.99,0.01
383,-1.43098185971069,1.39733757459745,-0.176884821440632,"Converged",0.99,0.01
384,-1.85157430595708,1.35650987094027,-0.0597184198855238,"Converged",0.99,0.01
385,-2.02764400312176,2.07419478131256,-0.108381243095015,"Converged",0.99,0.01
386,-1.53976925176824,0.424230370901427,-0.0889743281295465,"Converged",0.99,0.01
387,-1.72761016041922,1.29512870706193,-0.109578022713676,"Converged",0.99,0.01
388,NA,NA,NA,"B-spline error",0.99,0.01
389,-2.0977959979157,2.66130998787343,-0.121332418405786,"Converged",0.99,0.01
390,-1.89715180308842,1.79306682129529,-0.094132021383115,"Converged",0.99,0.01
391,NA,NA,NA,"B-spline error",0.99,0.01
392,-1.87078935586971,0.718425427692579,-0.032548289266091,"Converged",0.99,0.01
393,-1.82133773044044,1.20932706030935,-0.111246689616585,"Converged",0.99,0.01
394,-1.20868748947491,0.186553792921479,-0.172885303905708,"Converged",0.99,0.01
395,-2.69721365692557,2.60408096581086,-0.0254019036503105,"Converged",0.99,0.01
396,-1.32925846235453,0.11382384145635,-0.0863804822539377,"Converged",0.99,0.01
397,-1.60743565887265,-0.0336995340817539,-0.0312287570350751,"Converged",0.99,0.01
398,-1.56087122752565,0.521628480232053,-0.0958994464222485,"Converged",0.99,0.01
399,-1.73775341942548,1.22759040771733,-0.0726539528981093,"Converged",0.99,0.01
400,NA,NA,NA,"B-spline error",0.99,0.01
401,-1.09969496595712,0.333191927630333,-0.182823864589933,"Converged",0.99,0.01
402,NA,NA,NA,"B-spline error",0.99,0.01
403,NA,NA,NA,"B-spline error",0.99,0.01
404,-1.60122212050154,0.678834325179252,-0.0937889396486588,"Converged",0.99,0.01
405,-2.03769067465092,2.10570761962484,-0.105452173582214,"Converged",0.99,0.01
406,NA,NA,NA,"B-spline error",0.99,0.01
407,-1.60929084261398,1.39244065782618,-0.14356104683183,"Converged",0.99,0.01
408,NA,NA,NA,"B-spline error",0.99,0.01
409,-1.75896576658726,1.5193451574018,-0.104962096314353,"Converged",0.99,0.01
410,-1.91986145928632,1.70437322265035,-0.110783234908978,"Converged",0.99,0.01
411,-1.42653529012831,0.568983812400266,-0.127438788150604,"Converged",0.99,0.01
412,-1.88655253267007,1.68295303672015,-0.124457093483512,"Converged",0.99,0.01
413,-1.31320629586916,0.521962582384531,-0.129337049932303,"Converged",0.99,0.01
414,-1.96589000306363,2.04662837756665,-0.129938158315959,"Converged",0.99,0.01
415,NA,NA,NA,"B-spline error",0.99,0.01
416,-1.67466042327653,2.50460686757676,-0.149753247760926,"Converged",0.99,0.01
417,-1.28178183012953,0.723042653150718,-0.178629283910373,"Converged",0.99,0.01
418,-2.13860104647215,2.4849290486555,-0.0942293675499072,"Converged",0.99,0.01
419,NA,NA,NA,"B-spline error",0.99,0.01
420,-2.46217205418676,3.13020768536163,-0.0621920071636914,"Converged",0.99,0.01
421,-2.08487073277858,2.95228861703016,-0.116621726803273,"Converged",0.99,0.01
422,-1.97993233199957,0.821074395627348,-0.0497002368577194,"Converged",0.99,0.01
423,-1.72787279235829,1.42106751921584,-0.122762548466629,"Converged",0.99,0.01
424,-1.76169771200883,1.29775646562163,-0.112022269449765,"Converged",0.99,0.01
425,-1.92068741160857,2.23719259925237,-0.123525726107709,"Converged",0.99,0.01
426,-1.90670796261758,1.71402258247171,-0.0698626837130475,"Converged",0.99,0.01
427,NA,NA,NA,"MAX_ITER reached",0.99,0.01
428,-1.86955861113403,2.15508264793321,-0.126663536931157,"Converged",0.99,0.01
429,-1.34891050452798,0.331566715831047,-0.131478915751329,"Converged",0.99,0.01
430,-1.87152291519915,1.31565289003927,-0.0543537039749516,"Converged",0.99,0.01
431,-2.47505655705571,2.78985462767218,-0.054480586201871,"Converged",0.99,0.01
432,NA,NA,NA,"B-spline error",0.99,0.01
433,-1.53566524470381,1.5705781224389,-0.129936406630801,"Converged",0.99,0.01
434,-0.870045674443279,-1.03579299990168,-0.130397988776773,"Converged",0.99,0.01
435,NA,NA,NA,"B-spline error",0.99,0.01
436,-1.55778940133735,2.61044339429212,-0.229226647118675,"Converged",0.99,0.01
437,NA,NA,NA,"B-spline error",0.99,0.01
438,-1.12874207292075,-0.222095493239236,-0.142839110199828,"Converged",0.99,0.01
439,-1.2628459032756,0.46543296930821,-0.109333365900524,"Converged",0.99,0.01
440,-1.6417979566953,0.980773319404639,-0.132332242269359,"Converged",0.99,0.01
441,-1.62586053052507,1.81966410438749,-0.148168832685242,"Converged",0.99,0.01
442,-1.59940289541956,2.2941805308563,-0.211921423540533,"Converged",0.99,0.01
443,-1.36585914739535,0.731523334790071,-0.143773835731329,"Converged",0.99,0.01
444,-1.73077398340805,2.1288561559322,-0.135463131924496,"Converged",0.99,0.01
445,-2.11697899747795,1.71685253246649,-0.0524046400243248,"Converged",0.99,0.01
446,NA,NA,NA,"B-spline error",0.99,0.01
447,NA,NA,NA,"B-spline error",0.99,0.01
448,NA,NA,NA,"B-spline error",0.99,0.01
449,-1.85686495103756,1.27930902525954,-0.139436037483148,"Converged",0.99,0.01
450,-1.87602596369155,1.66171775409603,-0.100339611054921,"Converged",0.99,0.01
451,-2.1310974566785,2.56266949531853,-0.132724468529656,"Converged",0.99,0.01
452,-1.8070730949626,1.26912983855183,-0.0816551301560007,"Converged",0.99,0.01
453,NA,NA,NA,"B-spline error",0.99,0.01
454,-2.4693528932775,1.13760302756367,0.0363729511588885,"Converged",0.99,0.01
455,-0.852094430769793,-0.0834690459151631,-0.170759457388504,"Converged",0.99,0.01
456,-1.74847168121474,1.82023450823051,-0.0963631907510942,"Converged",0.99,0.01
457,-1.38285797318024,1.11677758709944,-0.153752388668648,"Converged",0.99,0.01
458,-2.37113462519814,2.87352116211654,-0.0996472714236555,"Converged",0.99,0.01
459,NA,NA,NA,"B-spline error",0.99,0.01
460,NA,NA,NA,"B-spline error",0.99,0.01
461,-1.72310367358101,1.16064345206124,-0.112268193696379,"Converged",0.99,0.01
462,-2.08692509782515,2.00606936392672,-0.0897959530231411,"Converged",0.99,0.01
463,-1.66855388130697,1.06361138985918,-0.0886187909686533,"Converged",0.99,0.01
464,-2.03760828785503,2.70261637825701,-0.169016075005819,"Converged",0.99,0.01
465,-2.60336008623082,2.7838153397324,-0.0274222161675392,"Converged",0.99,0.01
466,NA,NA,NA,"B-spline error",0.99,0.01
467,-1.74499347210339,1.68741477569102,-0.103913708796099,"Converged",0.99,0.01
468,-1.56981446351167,0.708737181055535,-0.0874420722809438,"Converged",0.99,0.01
469,-1.42139754415566,1.4242116733992,-0.172651805627454,"Converged",0.99,0.01
470,-2.49869735496543,1.99671003884633,0.0127238516522311,"Converged",0.99,0.01
471,NA,NA,NA,"B-spline error",0.99,0.01
472,-2.40589770408233,2.20712000128826,-0.0550371534883801,"Converged",0.99,0.01
473,NA,NA,NA,"B-spline error",0.99,0.01
474,-2.29703244216478,3.1400694185718,-0.101807426789178,"Converged",0.99,0.01
475,-1.80182315602732,1.46577658357602,-0.113463461206247,"Converged",0.99,0.01
476,-2.00536842363218,2.38816626828909,-0.109957839004684,"Converged",0.99,0.01
477,-1.91441811749658,1.74742398712457,-0.0951301797486748,"Converged",0.99,0.01
478,-1.9831747509069,2.17012627264865,-0.103324959607026,"Converged",0.99,0.01
479,-1.59374037428225,1.41231242001125,-0.186631941736596,"Converged",0.99,0.01
480,-1.51363367560399,0.562781901328355,-0.0726086334576268,"Converged",0.99,0.01
481,-1.71371115115095,0.989716695226775,-0.118784217071445,"Converged",0.99,0.01
482,-1.43707611080339,1.2464074302003,-0.171130799430759,"Converged",0.99,0.01
483,-1.62627164574432,0.405663371490876,-0.035617244272911,"Converged",0.99,0.01
484,-2.47658138876037,2.96874808886631,-0.0987756225408853,"Converged",0.99,0.01
485,NA,NA,NA,"B-spline error",0.99,0.01
486,NA,NA,NA,"B-spline error",0.99,0.01
487,-1.72368741162544,0.908433470554994,-0.0763190025160727,"Converged",0.99,0.01
488,-1.83032638417,3.01113655169148,-0.220841070016942,"Converged",0.99,0.01
489,-1.56027304123102,2.14326789078643,-0.216979144507346,"Converged",0.99,0.01
490,-2.58648807353499,2.54205173865573,-0.04082093880747,"Converged",0.99,0.01
491,-2.42897847862372,2.97212293949787,-0.103751871643533,"Converged",0.99,0.01
492,NA,NA,NA,"B-spline error",0.99,0.01
493,-2.18777289049634,2.16916032981198,-0.0661903080938149,"Converged",0.99,0.01
494,NA,NA,NA,"B-spline error",0.99,0.01
495,-2.1705814114437,2.17647847243589,-0.0721542822957827,"Converged",0.99,0.01
496,-2.34271146144174,3.12997538306458,-0.116722996776175,"Converged",0.99,0.01
497,-1.91029124873008,1.33685401594156,-0.0761830322157817,"Converged",0.99,0.01
498,NA,NA,NA,"B-spline error",0.99,0.01
499,-1.79291989859074,1.75532422839737,-0.137973280599076,"Converged",0.99,0.01
500,-2.81709820814156,3.91441146169037,-0.0542878060457597,"Converged",0.99,0.01
501,-1.98254942944419,2.08262987795784,-0.125383328260588,"Converged",0.99,0.01
502,NA,NA,NA,"MAX_ITER reached",0.99,0.01
503,NA,NA,NA,"B-spline error",0.99,0.01
504,NA,NA,NA,"B-spline error",0.99,0.01
505,-1.60480690080544,1.02760959742562,-0.112976421788878,"Converged",0.99,0.01
506,NA,NA,NA,"B-spline error",0.99,0.01
507,-1.69042869615316,1.20644246487461,-0.0894999548675312,"Converged",0.99,0.01
508,-2.27345980429613,2.51353716312871,-0.0510929296609489,"Converged",0.99,0.01
509,NA,NA,NA,"B-spline error",0.99,0.01
510,NA,NA,NA,"B-spline error",0.99,0.01
511,-1.61102675934379,0.658086945441253,-0.0890368425350747,"Converged",0.99,0.01
512,-1.85172062887198,1.50883922948232,-0.065362162547285,"Converged",0.99,0.01
513,-1.92744643584807,1.77644010825382,-0.0863223784793255,"Converged",0.99,0.01
514,-1.34388476313342,0.741610946520164,-0.148234180362122,"Converged",0.99,0.01
515,-1.9606959284381,1.42659025773169,-0.0660103389424645,"Converged",0.99,0.01
516,NA,NA,NA,"B-spline error",0.99,0.01
517,NA,NA,NA,"B-spline error",0.99,0.01
518,-2.33899346605932,2.55051123936122,-0.0346131093389777,"Converged",0.99,0.01
519,-2.0346140592562,2.05728095947115,-0.111489623537875,"Converged",0.99,0.01
520,-1.71673335387589,1.22732396150581,-0.106145101362566,"Converged",0.99,0.01
521,-1.23686335587623,-0.0547377177910802,-0.127437686214778,"Converged",0.99,0.01
522,-1.81047926984712,2.03316321456499,-0.145394091969607,"Converged",0.99,0.01
523,-1.19907392159279,1.08407350576523,-0.190062763334143,"Converged",0.99,0.01
524,-1.53453506703756,1.54101946079382,-0.151654781253649,"Converged",0.99,0.01
525,NA,NA,NA,"B-spline error",0.99,0.01
526,-1.75612411588257,1.16426881480283,-0.0666109540764082,"Converged",0.99,0.01
527,-1.75009265302729,1.66019674652841,-0.113134263120847,"Converged",0.99,0.01
528,-1.62006449622056,0.745834908567973,-0.13308559009276,"Converged",0.99,0.01
529,-1.85198154183199,2.35237782702939,-0.115446363900868,"Converged",0.99,0.01
530,-2.17102586238252,3.99362330563997,-0.169471077116526,"Converged",0.99,0.01
531,-2.10583679892202,2.49104493960543,-0.105853889902826,"Converged",0.99,0.01
532,NA,NA,NA,"B-spline error",0.99,0.01
533,-2.14017060827995,2.43132486782212,-0.103928815507221,"Converged",0.99,0.01
534,-2.20742447237008,2.51910542996243,-0.0649702429800707,"Converged",0.99,0.01
535,NA,NA,NA,"B-spline error",0.99,0.01
536,-2.05647040342025,1.11165421341268,-0.0315997002070191,"Converged",0.99,0.01
537,-1.96300328660637,2.75663793430234,-0.166916176287631,"Converged",0.99,0.01
538,NA,NA,NA,"MAX_ITER reached",0.99,0.01
539,-1.82494267587693,2.14007804719533,-0.169128890605585,"Converged",0.99,0.01
540,-1.06054611850363,-0.861017612252337,-0.123973137914688,"Converged",0.99,0.01
541,-1.58668956839848,1.02699932940227,-0.0894705102613466,"Converged",0.99,0.01
542,NA,NA,NA,"B-spline error",0.99,0.01
543,-1.74343624398283,1.81207489938225,-0.150099118450344,"Converged",0.99,0.01
544,-2.57622082074812,2.49007403100513,0.00783225486629294,"Converged",0.99,0.01
545,-1.96064386989497,1.92714431191793,-0.101825711914648,"Converged",0.99,0.01
546,NA,NA,NA,"B-spline error",0.99,0.01
547,NA,NA,NA,"B-spline error",0.99,0.01
548,-2.0304374959042,1.00665424327627,0.00967887387940963,"Converged",0.99,0.01
549,-1.11724261125385,-0.0471653145308642,-0.144959081060982,"Converged",0.99,0.01
550,-1.51293259376391,1.45282868000396,-0.141697010814457,"Converged",0.99,0.01
551,-2.20951457801293,1.87716966679059,-0.0490838254378878,"Converged",0.99,0.01
552,-2.17038830372707,2.0163900898075,-0.0678914523648314,"Converged",0.99,0.01
553,NA,NA,NA,"B-spline error",0.99,0.01
554,-2.1033598315826,1.97494365384893,-0.0756213671598272,"Converged",0.99,0.01
555,-1.84801480910593,1.65053014621101,-0.0671518074526787,"Converged",0.99,0.01
556,-1.69925450557184,0.782513179600135,-0.0449907820508133,"Converged",0.99,0.01
557,-2.06667166439779,2.86599326085873,-0.141101486637206,"Converged",0.99,0.01
558,NA,NA,NA,"B-spline error",0.99,0.01
559,-1.47145971645436,0.646945852571668,-0.0862602065680689,"Converged",0.99,0.01
560,NA,NA,NA,"B-spline error",0.99,0.01
561,NA,NA,NA,"B-spline error",0.99,0.01
562,-2.32892305943375,3.66699060921339,-0.122854098124838,"Converged",0.99,0.01
563,NA,NA,NA,"MAX_ITER reached",0.99,0.01
564,-1.09680988069831,-0.55131109391634,-0.118248618548472,"Converged",0.99,0.01
565,-1.54949338319335,0.593564790048088,-0.0997616523603687,"Converged",0.99,0.01
566,-2.24500729372072,3.70853691221902,-0.159152272032299,"Converged",0.99,0.01
567,NA,NA,NA,"B-spline error",0.99,0.01
568,-1.54045313099412,0.789729616356782,-0.130954447097591,"Converged",0.99,0.01
569,-1.72004814117887,1.79698411939774,-0.124934367734326,"Converged",0.99,0.01
570,-1.67365181354775,1.83664252112821,-0.138707189008677,"Converged",0.99,0.01
571,-1.88363752778014,1.33257563188125,-0.0674327862715562,"Converged",0.99,0.01
572,-2.01235368738525,2.3349257170763,-0.119556276195069,"Converged",0.99,0.01
573,-1.49122768972057,0.900893748618315,-0.135762942536568,"Converged",0.99,0.01
574,-2.16131932498342,1.73369463997043,-0.0583496728029242,"Converged",0.99,0.01
575,-1.62021514925905,1.20589201274628,-0.108197431714368,"Converged",0.99,0.01
576,-1.58079359273156,0.420521743482854,-0.0713264393943493,"Converged",0.99,0.01
577,-1.54850251849716,0.605664572131139,-0.106677408976914,"Converged",0.99,0.01
578,NA,NA,NA,"B-spline error",0.99,0.01
579,NA,NA,NA,"B-spline error",0.99,0.01
580,-2.05199542751121,2.47110674718825,-0.105889407725699,"Converged",0.99,0.01
581,-1.8517646476699,1.59082225098301,-0.0811729291256922,"Converged",0.99,0.01
582,NA,NA,NA,"B-spline error",0.99,0.01
583,-1.77363668105978,1.12962120688218,-0.0893936437998536,"Converged",0.99,0.01
584,-1.65759841205012,1.653567641892,-0.192679346371521,"Converged",0.99,0.01
585,-1.45149579256597,0.73857578505039,-0.101419468923643,"Converged",0.99,0.01
586,NA,NA,NA,"B-spline error",0.99,0.01
587,-2.11961428106096,1.57784829488321,-0.0250498241531099,"Converged",0.99,0.01
588,-1.9314506055731,2.4372035286858,-0.113635064663645,"Converged",0.99,0.01
589,-1.0830785424203,0.222287290589637,-0.193187227815293,"Converged",0.99,0.01
590,NA,NA,NA,"B-spline error",0.99,0.01
591,NA,NA,NA,"B-spline error",0.99,0.01
592,-1.11869313928032,-0.259347719011581,-0.102157268220344,"Converged",0.99,0.01
593,-2.18189457203274,1.67040139547056,-0.0363686063157999,"Converged",0.99,0.01
594,-1.44939928726393,0.389664353170862,-0.119650811514932,"Converged",0.99,0.01
595,-1.97390086733356,0.981059103885088,-0.0228776227879394,"Converged",0.99,0.01
596,-1.27252816243765,1.24392472473626,-0.19740080981418,"Converged",0.99,0.01
597,-1.61138025623844,1.14901456857224,-0.153229202947192,"Converged",0.99,0.01
598,-1.78029039969513,1.16826504115948,-0.110019933526411,"Converged",0.99,0.01
599,-2.50992004009453,3.47795302588551,-0.0914494373781607,"Converged",0.99,0.01
600,-1.98543089839451,2.38244461819883,-0.117596625211562,"Converged",0.99,0.01
601,-1.73934133008728,1.92894086748508,-0.137272258485726,"Converged",0.99,0.01
602,-2.37367528604507,2.80750547915799,-0.0970542764158837,"Converged",0.99,0.01
603,-2.27885505915141,2.3741670861909,-0.0929131904891738,"Converged",0.99,0.01
604,-2.29348451596782,2.72003484130341,-0.103045615691424,"Converged",0.99,0.01
605,-1.58299119238884,-0.0567230857524925,-0.062988421719343,"Converged",0.99,0.01
606,NA,NA,NA,"B-spline error",0.99,0.01
607,-2.02600137018886,1.33997144648029,-0.0443885586447794,"Converged",0.99,0.01
608,-1.96186055861477,1.22532590105561,-0.033079112691692,"Converged",0.99,0.01
609,-2.01756408035262,2.95820843327584,-0.147897388164033,"Converged",0.99,0.01
610,-1.92540428646666,2.34037859146593,-0.108570748702696,"Converged",0.99,0.01
611,NA,NA,NA,"B-spline error",0.99,0.01
612,-2.47984372564357,2.55698416699792,-0.0464464359273738,"Converged",0.99,0.01
613,NA,NA,NA,"B-spline error",0.99,0.01
614,NA,NA,NA,"MAX_ITER reached",0.99,0.01
615,NA,NA,NA,"B-spline error",0.99,0.01
616,NA,NA,NA,"B-spline error",0.99,0.01
617,NA,NA,NA,"B-spline error",0.99,0.01
618,-1.58579554464435,1.52305613802101,-0.149704987767677,"Converged",0.99,0.01
619,NA,NA,NA,"B-spline error",0.99,0.01
620,-2.36957541587084,2.57517469912046,-0.109764728889714,"Converged",0.99,0.01
621,-1.35968438825915,1.11484984480247,-0.173429627144925,"Converged",0.99,0.01
622,-1.33125487573747,-0.291451537479168,-0.0895153509098702,"Converged",0.99,0.01
623,-1.81503889983853,1.87861492742409,-0.11900368750745,"Converged",0.99,0.01
624,-1.60169288121913,0.360152368620843,-0.0742132626408472,"Converged",0.99,0.01
625,NA,NA,NA,"B-spline error",0.99,0.01
626,-1.96728551051939,1.07557930441082,-0.0475598268509342,"Converged",0.99,0.01
627,-1.82102810432116,2.17968945835624,-0.178445170809891,"Converged",0.99,0.01
628,-1.71874268288121,1.59631146514396,-0.0997466226679401,"Converged",0.99,0.01
629,-2.12905258063222,2.51167955211614,-0.118943847631182,"Converged",0.99,0.01
630,-1.88748990907906,1.96700555885998,-0.119406718783533,"Converged",0.99,0.01
631,-2.0700463409616,0.912901063375244,0.0124412018262508,"Converged",0.99,0.01
632,-2.03812160551142,1.64625054928726,-0.0737035011442196,"Converged",0.99,0.01
633,-1.94482760959761,2.56790861032349,-0.144727704583534,"Converged",0.99,0.01
634,NA,NA,NA,"B-spline error",0.99,0.01
635,-1.80285339225536,1.46509364910289,-0.0941801519388935,"Converged",0.99,0.01
636,-2.31586245380704,2.37154815866511,-0.0449528275036378,"Converged",0.99,0.01
637,NA,NA,NA,"B-spline error",0.99,0.01
638,-2.00737334280438,2.2429718654676,-0.164229489531258,"Converged",0.99,0.01
639,-2.10332027210448,1.30317072356705,-0.0249302701282992,"Converged",0.99,0.01
640,-1.1307038767996,0.862477754364386,-0.201513383292795,"Converged",0.99,0.01
641,NA,NA,NA,"B-spline error",0.99,0.01
642,NA,NA,NA,"B-spline error",0.99,0.01
643,-1.75699772635786,1.97072610518217,-0.140459888751175,"Converged",0.99,0.01
644,-1.51701513370752,1.18260493831686,-0.154194848233925,"Converged",0.99,0.01
645,-1.69124160155185,1.18077980317243,-0.131106645092631,"Converged",0.99,0.01
646,-1.86299209921837,1.22816768922242,-0.063221544388948,"Converged",0.99,0.01
647,-1.9527206359904,1.72635707785296,-0.105152670388231,"Converged",0.99,0.01
648,-1.46713298831808,1.0349303840982,-0.148633653499342,"Converged",0.99,0.01
649,-1.45222369551347,-0.375641553404379,-0.0518189370855048,"Converged",0.99,0.01
650,-1.88193283740696,1.15017745054425,-0.0375939562606309,"Converged",0.99,0.01
651,NA,NA,NA,"B-spline error",0.99,0.01
652,NA,NA,NA,"B-spline error",0.99,0.01
653,-1.38704333684725,-0.0420091446473605,-0.095530426945426,"Converged",0.99,0.01
654,NA,NA,NA,"B-spline error",0.99,0.01
655,-1.65330706311061,1.00452617724379,-0.0824924172382379,"Converged",0.99,0.01
656,-1.32001446079886,0.604555056207861,-0.117619684056826,"Converged",0.99,0.01
657,NA,NA,NA,"B-spline error",0.99,0.01
658,-1.27906392624931,-0.155308809531119,-0.138465537866563,"Converged",0.99,0.01
659,-2.18327129947546,2.41363592192119,-0.0607995664286116,"Converged",0.99,0.01
660,-1.71920971389226,1.23690619090856,-0.0954770313710176,"Converged",0.99,0.01
661,-2.0203942577977,1.38416748397994,-0.0544362893764107,"Converged",0.99,0.01
662,-1.36994059877215,-0.0491609041844418,-0.0765862386391127,"Converged",0.99,0.01
663,-2.29597062400132,2.69426813184703,-0.0904556142592887,"Converged",0.99,0.01
664,-2.85175992650838,3.13615528552088,-0.0138669093453357,"Converged",0.99,0.01
665,NA,NA,NA,"MAX_ITER reached",0.99,0.01
666,-1.52354469762178,0.414202228349844,-0.0694204945444042,"Converged",0.99,0.01
667,-1.65266338063958,1.16289574245156,-0.103118309965578,"Converged",0.99,0.01
668,-2.22897306969157,2.62450967166856,-0.0892658624432647,"Converged",0.99,0.01
669,-2.00306669054599,2.36848426307832,-0.114432644272571,"Converged",0.99,0.01
670,NA,NA,NA,"B-spline error",0.99,0.01
671,-1.65773166468813,2.11875300879548,-0.169839003254,"Converged",0.99,0.01
672,-1.71836546535874,1.09532599185103,-0.0755186081321439,"Converged",0.99,0.01
673,NA,NA,NA,"B-spline error",0.99,0.01
674,-2.00751033888685,1.57126194071453,-0.0929376281457391,"Converged",0.99,0.01
675,-2.38785868891789,3.46277252374809,-0.144821390304048,"Converged",0.99,0.01
676,-2.07954691998585,1.77611643067074,-0.0486908357633424,"Converged",0.99,0.01
677,-1.64434694098654,0.747803822993679,-0.0733195035853874,"Converged",0.99,0.01
678,-1.90915336559406,1.16181199493148,-0.101539352579151,"Converged",0.99,0.01
679,-1.8733161490865,1.68859839941839,-0.111044244539102,"Converged",0.99,0.01
680,NA,NA,NA,"B-spline error",0.99,0.01
681,-2.08598655068469,2.02072297810574,-0.0945654856796258,"Converged",0.99,0.01
682,-1.48636664438754,0.49042544898627,-0.12055532538474,"Converged",0.99,0.01
683,-1.62548539154782,1.52900592294116,-0.130751169356774,"Converged",0.99,0.01
684,-1.47204029091416,0.493890606813933,-0.087193318103719,"Converged",0.99,0.01
685,-2.69804692546948,3.49768611302789,-0.0425202410869706,"Converged",0.99,0.01
686,NA,NA,NA,"B-spline error",0.99,0.01
687,-1.09796869894474,-0.769781499021289,-0.0973615004496083,"Converged",0.99,0.01
688,NA,NA,NA,"B-spline error",0.99,0.01
689,-2.03275225682766,2.01324540682057,-0.0973218519438015,"Converged",0.99,0.01
690,NA,NA,NA,"B-spline error",0.99,0.01
691,NA,NA,NA,"B-spline error",0.99,0.01
692,-1.80062722037284,1.03412598478897,-0.063485339535664,"Converged",0.99,0.01
693,-1.52176260107086,1.05991300439393,-0.128865944261304,"Converged",0.99,0.01
694,NA,NA,NA,"B-spline error",0.99,0.01
695,-2.54322160895229,3.32394442982515,-0.0827626558479239,"Converged",0.99,0.01
696,-1.73638784698379,1.38294643384565,-0.0855922983170261,"Converged",0.99,0.01
697,-1.49118488462805,0.652029917879839,-0.138577176359005,"Converged",0.99,0.01
698,-1.7574561970276,0.783124366423947,-0.0732738163095521,"Converged",0.99,0.01
699,-1.55745981161255,1.80602967110793,-0.151579880707677,"Converged",0.99,0.01
700,-2.35579339388523,2.43371969160939,-0.0469390717432366,"Converged",0.99,0.01
701,-1.87322512665082,1.0550430734143,-0.0552313768395576,"Converged",0.99,0.01
702,-1.86682614452028,1.33774677587824,-0.111784684222388,"Converged",0.99,0.01
703,-1.67884951095896,1.5579617772582,-0.133960007709792,"Converged",0.99,0.01
704,-1.72125341130363,1.250883807962,-0.0860283985516235,"Converged",0.99,0.01
705,-1.29278990209609,-0.253421528602148,-0.126854848913791,"Converged",0.99,0.01
706,-2.63864836163425,3.66953148473091,-0.051082388242064,"Converged",0.99,0.01
707,-1.85468208490022,1.58371438701711,-0.0802379707139765,"Converged",0.99,0.01
708,NA,NA,NA,"B-spline error",0.99,0.01
709,NA,NA,NA,"B-spline error",0.99,0.01
710,NA,NA,NA,"B-spline error",0.99,0.01
711,-1.81457007162488,1.41911395533948,-0.0818397539302029,"Converged",0.99,0.01
712,-2.1098127926923,2.28148894202938,-0.0869486257890527,"Converged",0.99,0.01
713,-1.68666020372083,0.997611926812256,-0.105842537297925,"Converged",0.99,0.01
714,-2.31141098527523,3.5819836506458,-0.154120502405248,"Converged",0.99,0.01
715,NA,NA,NA,"B-spline error",0.99,0.01
716,-1.54125594833533,1.60188264288386,-0.17100987641008,"Converged",0.99,0.01
717,-2.00557467759131,1.59782446744352,-0.0354680016120997,"Converged",0.99,0.01
718,-2.51135735697944,2.28958218151506,0.00584832725205649,"Converged",0.99,0.01
719,NA,NA,NA,"B-spline error",0.99,0.01
720,-1.65657824083338,0.801776515828135,-0.0809819025010723,"Converged",0.99,0.01
721,-1.73305977502142,1.38234703498187,-0.117995603464248,"Converged",0.99,0.01
722,-1.53634828094503,0.977448469922723,-0.1442822038147,"Converged",0.99,0.01
723,-2.31764300848449,1.62382654484763,-0.0569636304976272,"Converged",0.99,0.01
724,-1.59551548073332,1.38957826111581,-0.136982681846062,"Converged",0.99,0.01
725,NA,NA,NA,"B-spline error",0.99,0.01
726,-1.27053388790435,0.95463634243157,-0.140729070287267,"Converged",0.99,0.01
727,NA,NA,NA,"B-spline error",0.99,0.01
728,-2.16254741490153,2.10684653447192,-0.0731670938628466,"Converged",0.99,0.01
729,NA,NA,NA,"B-spline error",0.99,0.01
730,NA,NA,NA,"B-spline error",0.99,0.01
731,-1.98726068912644,1.45390666776534,-0.0464744268475292,"Converged",0.99,0.01
732,NA,NA,NA,"B-spline error",0.99,0.01
733,-1.94329678378746,1.92064215643407,-0.0879598855776046,"Converged",0.99,0.01
734,-2.53326905457438,3.43744877970526,-0.0690477646653119,"Converged",0.99,0.01
735,-1.66911362994982,0.5711944727491,-0.0737576842356227,"Converged",0.99,0.01
736,-1.49292813672478,0.782879511605591,-0.0998097561887304,"Converged",0.99,0.01
737,NA,NA,NA,"B-spline error",0.99,0.01
738,-1.3324479710876,0.821872026372422,-0.165542075556924,"Converged",0.99,0.01
739,-1.85633644265439,2.12055319422011,-0.0878739319934919,"Converged",0.99,0.01
740,NA,NA,NA,"B-spline error",0.99,0.01
741,NA,NA,NA,"B-spline error",0.99,0.01
742,-2.00455494690916,1.51499333556895,-0.0430452203822026,"Converged",0.99,0.01
743,-1.51385663533701,0.919463528519614,-0.131549647084882,"Converged",0.99,0.01
744,-2.16576920154713,1.5901950500212,-0.0368911849282355,"Converged",0.99,0.01
745,-1.3838000608225,0.470449660766476,-0.134462309164027,"Converged",0.99,0.01
746,-1.94673980484965,1.593243002497,-0.0835931069460118,"Converged",0.99,0.01
747,NA,NA,NA,"B-spline error",0.99,0.01
748,-1.61046705825658,1.66178892127969,-0.182093131020782,"Converged",0.99,0.01
749,-1.67719020181984,0.60559770149662,-0.0814173964752034,"Converged",0.99,0.01
750,-1.23778261113378,-0.0265941916425536,-0.129168197325296,"Converged",0.99,0.01
751,-2.51170933709269,2.45931491618474,-0.0137539080404,"Converged",0.99,0.01
752,-2.24499218182236,2.86820317710463,-0.121004747145312,"Converged",0.99,0.01
753,-1.66896577782582,1.78342085548041,-0.147696301903175,"Converged",0.99,0.01
754,-1.67956198865794,0.864834099507188,-0.0980405203531141,"Converged",0.99,0.01
755,-1.60380050215795,0.722983614210517,-0.0985288415634695,"Converged",0.99,0.01
756,NA,NA,NA,"B-spline error",0.99,0.01
757,NA,NA,NA,"B-spline error",0.99,0.01
758,-1.30161842360753,0.569441499060873,-0.139883356470673,"Converged",0.99,0.01
759,-1.24339535742452,0.284834469101125,-0.10343875267699,"Converged",0.99,0.01
760,-1.59667669910079,2.35097981993419,-0.202250482615157,"Converged",0.99,0.01
761,-2.44077961024273,3.49932311244767,-0.117444212657017,"Converged",0.99,0.01
762,NA,NA,NA,"B-spline error",0.99,0.01
763,-1.28238297922222,0.403230839326491,-0.156187623549628,"Converged",0.99,0.01
764,-1.40573939710886,0.570944904217446,-0.115660513143543,"Converged",0.99,0.01
765,-2.31216993307921,2.87565857156329,-0.0887915487804221,"Converged",0.99,0.01
766,-1.8370549506678,1.17099228899787,-0.0765338664606822,"Converged",0.99,0.01
767,-1.61329841151552,2.06808916051271,-0.171902766915088,"Converged",0.99,0.01
768,-1.50284669684119,1.62984373033567,-0.154541057205676,"Converged",0.99,0.01
769,NA,NA,NA,"B-spline error",0.99,0.01
770,-2.08276006508508,1.95018593828922,-0.074475184462225,"Converged",0.99,0.01
771,-2.07010750543648,1.17981166051485,-0.0201195925739802,"Converged",0.99,0.01
772,NA,NA,NA,"MAX_ITER reached",0.99,0.01
773,NA,NA,NA,"B-spline error",0.99,0.01
774,-1.89339040930714,1.60755657857852,-0.105322094895572,"Converged",0.99,0.01
775,NA,NA,NA,"B-spline error",0.99,0.01
776,NA,NA,NA,"B-spline error",0.99,0.01
777,-1.74211869668369,0.977099203242317,-0.10042241236539,"Converged",0.99,0.01
778,-2.41996302845089,3.25019641599791,-0.0675657152417532,"Converged",0.99,0.01
779,-1.69648706856411,0.311465225094442,-0.0383656037471317,"Converged",0.99,0.01
780,-1.94759443539167,1.60907140022883,-0.0765370278309316,"Converged",0.99,0.01
781,-1.79207180766086,2.19441344579283,-0.116821203594487,"Converged",0.99,0.01
782,-2.0053846234791,1.70865034236665,-0.0877427444118155,"Converged",0.99,0.01
783,-1.81868912683878,0.871287183851351,-0.0719951959172707,"Converged",0.99,0.01
784,-1.87752936894789,1.12769960383054,-0.0819159289873592,"Converged",0.99,0.01
785,-1.85198693341217,1.60220472612213,-0.0918439053087124,"Converged",0.99,0.01
786,NA,NA,NA,"B-spline error",0.99,0.01
787,-1.96376183685004,1.71717927636941,-0.112945609702521,"Converged",0.99,0.01
788,NA,NA,NA,"B-spline error",0.99,0.01
789,-2.08807026841964,2.63175346477259,-0.137789128432021,"Converged",0.99,0.01
790,NA,NA,NA,"B-spline error",0.99,0.01
791,-2.09542412122875,1.63662416463259,-0.0564351489728394,"Converged",0.99,0.01
792,-2.15856669123266,1.72940459707293,-0.0225590681403198,"Converged",0.99,0.01
793,NA,NA,NA,"MAX_ITER reached",0.99,0.01
794,-1.53885332083378,1.27671335411917,-0.127116196102378,"Converged",0.99,0.01
795,-1.65042438167285,1.39946983188968,-0.144214575487978,"Converged",0.99,0.01
796,NA,NA,NA,"B-spline error",0.99,0.01
797,NA,NA,NA,"MAX_ITER reached",0.99,0.01
798,-1.71450920379661,1.07195666933826,-0.0872963018874832,"Converged",0.99,0.01
799,-2.17932909462218,1.84224085618131,-0.0434005567776713,"Converged",0.99,0.01
800,-1.90886728015169,1.16884234978815,-0.0261655312531096,"Converged",0.99,0.01
801,-2.13374868705112,2.79446666028452,-0.133923636707442,"Converged",0.99,0.01
802,-1.52754311177617,1.03383550614369,-0.127847931071977,"Converged",0.99,0.01
803,-2.57154790886952,2.88476119463932,-0.0330273915362082,"Converged",0.99,0.01
804,-1.34176828071563,0.00117155733628171,-0.122192948869185,"Converged",0.99,0.01
805,NA,NA,NA,"B-spline error",0.99,0.01
806,-1.78796426863737,0.720452352429564,-0.0686044299179409,"Converged",0.99,0.01
807,NA,NA,NA,"B-spline error",0.99,0.01
808,-2.06058621747691,1.00159598205886,-0.0208026932836631,"Converged",0.99,0.01
809,-1.3636892866112,0.74753057103857,-0.149611789493276,"Converged",0.99,0.01
810,-2.16328369960694,3.02051032372156,-0.134651308492386,"Converged",0.99,0.01
811,-1.09132766198642,0.039020723573932,-0.160848437086662,"Converged",0.99,0.01
812,NA,NA,NA,"B-spline error",0.99,0.01
813,-2.45027327798328,1.58155031452273,0.0234518425587994,"Converged",0.99,0.01
814,-1.46798183823501,1.00050944464766,-0.193380240435488,"Converged",0.99,0.01
815,NA,NA,NA,"B-spline error",0.99,0.01
816,-2.39110342034924,2.93533212075487,-0.0797517387648773,"Converged",0.99,0.01
817,NA,NA,NA,"B-spline error",0.99,0.01
818,NA,NA,NA,"MAX_ITER reached",0.99,0.01
819,-0.831755686189465,0.1691411855227,-0.296037495923072,"Converged",0.99,0.01
820,NA,NA,NA,"B-spline error",0.99,0.01
821,-2.00426213108404,2.06347051503854,-0.0580550859084276,"Converged",0.99,0.01
822,NA,NA,NA,"B-spline error",0.99,0.01
823,NA,NA,NA,"B-spline error",0.99,0.01
824,-1.47419513199336,1.21086087281217,-0.136550412500355,"Converged",0.99,0.01
825,-1.84904647409315,1.82006712874426,-0.0925257263253818,"Converged",0.99,0.01
826,-1.93804854937797,1.67221314642261,-0.0734566258990461,"Converged",0.99,0.01
827,-1.52876352234212,0.362793486017064,-0.0986636386341342,"Converged",0.99,0.01
828,-1.51382861516192,0.764714656498366,-0.102408508086467,"Converged",0.99,0.01
829,-2.26405570309826,2.95111388401607,-0.114429986949822,"Converged",0.99,0.01
830,-1.7549604741519,1.82273238090956,-0.176670599536978,"Converged",0.99,0.01
831,NA,NA,NA,"B-spline error",0.99,0.01
832,-1.29553636202057,0.517823578693918,-0.155087402902396,"Converged",0.99,0.01
833,NA,NA,NA,"B-spline error",0.99,0.01
834,-2.19172758852572,3.56521152858617,-0.161475795804632,"Converged",0.99,0.01
835,-1.20332991677307,1.31047988275501,-0.230816663028841,"Converged",0.99,0.01
836,-2.00568697627653,1.67890243400049,-0.0606320759435022,"Converged",0.99,0.01
837,-2.1555903897346,2.3977320688456,-0.0839812862614252,"Converged",0.99,0.01
838,NA,NA,NA,"B-spline error",0.99,0.01
839,-1.69060393526158,0.965451367886311,-0.0926702669109406,"Converged",0.99,0.01
840,-1.51998434989328,1.20171234395758,-0.113261767029092,"Converged",0.99,0.01
841,-1.80214629380106,1.37156429158319,-0.0901627535368696,"Converged",0.99,0.01
842,-1.90444693143213,2.35570639043511,-0.13928892637676,"Converged",0.99,0.01
843,NA,NA,NA,"B-spline error",0.99,0.01
844,-1.79525759275959,1.06721954995226,-0.0715388098162538,"Converged",0.99,0.01
845,-1.90931235932929,1.69672942083746,-0.0646458741571886,"Converged",0.99,0.01
846,-2.41582154172564,2.7833430228171,-0.048931066627419,"Converged",0.99,0.01
847,-1.96158836722678,1.73217491440051,-0.101470877407404,"Converged",0.99,0.01
848,-1.35051479673061,0.145842203331734,-0.103705791973132,"Converged",0.99,0.01
849,NA,NA,NA,"B-spline error",0.99,0.01
850,-2.37044357322157,3.3491278081591,-0.135824780784533,"Converged",0.99,0.01
851,NA,NA,NA,"B-spline error",0.99,0.01
852,-1.82913652572086,1.4085558429423,-0.108175994216497,"Converged",0.99,0.01
853,-2.45267463199214,2.49047466853279,-0.0343782092836458,"Converged",0.99,0.01
854,-1.96440197351372,1.00157324205458,-0.0709781710594703,"Converged",0.99,0.01
855,NA,NA,NA,"B-spline error",0.99,0.01
856,-1.08555862766655,-0.151864803970834,-0.133450149541577,"Converged",0.99,0.01
857,NA,NA,NA,"B-spline error",0.99,0.01
858,-1.96308099014305,2.49825776753171,-0.145242463210331,"Converged",0.99,0.01
859,-2.20019792183984,2.61581093440047,-0.0754231158544209,"Converged",0.99,0.01
860,NA,NA,NA,"B-spline error",0.99,0.01
861,-2.05735007880397,2.58695330853539,-0.137019743811173,"Converged",0.99,0.01
862,-1.67819253339687,1.57592297860061,-0.109712897238394,"Converged",0.99,0.01
863,NA,NA,NA,"MAX_ITER reached",0.99,0.01
864,-2.55270704180885,3.44203220591783,-0.0742417786941996,"Converged",0.99,0.01
865,-1.66813420318734,1.16653459425546,-0.121435038804963,"Converged",0.99,0.01
866,-1.57562140583615,0.207920065107559,-0.0591514562560813,"Converged",0.99,0.01
867,-1.15625785159902,-0.154150511144428,-0.129082627894229,"Converged",0.99,0.01
868,-2.02611215275226,1.78508480569256,-0.0793987536911454,"Converged",0.99,0.01
869,NA,NA,NA,"B-spline error",0.99,0.01
870,-1.98787388872182,1.99410855189896,-0.094815917593888,"Converged",0.99,0.01
871,-1.86380566267631,1.41481671680763,-0.101840417352264,"Converged",0.99,0.01
872,-2.22953055776384,2.61679788705711,-0.098382451725552,"Converged",0.99,0.01
873,NA,NA,NA,"B-spline error",0.99,0.01
874,-1.56611539211573,1.86793402521687,-0.171503286357866,"Converged",0.99,0.01
875,NA,NA,NA,"B-spline error",0.99,0.01
876,NA,NA,NA,"B-spline error",0.99,0.01
877,-1.67743214670602,1.43142736899329,-0.113565183314355,"Converged",0.99,0.01
878,-1.77809950893709,1.86733706739952,-0.153519075649963,"Converged",0.99,0.01
879,NA,NA,NA,"MAX_ITER reached",0.99,0.01
880,-2.57962717921735,2.47214603450488,0.00465179502990473,"Converged",0.99,0.01
881,-1.31872821429504,0.724567437133164,-0.126264153625929,"Converged",0.99,0.01
882,NA,NA,NA,"B-spline error",0.99,0.01
883,-1.92641106901708,1.08194858318916,-0.0502908493411167,"Converged",0.99,0.01
884,-1.87297366426753,1.45306831248084,-0.0907046306854613,"Converged",0.99,0.01
885,-2.66583484734927,3.8818568363533,-0.0921842018223975,"Converged",0.99,0.01
886,-1.46026410014571,0.726791734145583,-0.113478893088273,"Converged",0.99,0.01
887,-1.83105318378152,1.12303252279375,-0.0635767374900139,"Converged",0.99,0.01
888,NA,NA,NA,"B-spline error",0.99,0.01
889,-1.65402589495972,1.32211187884248,-0.119800938926895,"Converged",0.99,0.01
890,-1.69914231774264,1.74401233093634,-0.0923519392568553,"Converged",0.99,0.01
891,-1.65203611794392,0.109810699702517,-0.0618273431868795,"Converged",0.99,0.01
892,-2.17446741941039,2.13949481775193,-0.0617279839257796,"Converged",0.99,0.01
893,NA,NA,NA,"B-spline error",0.99,0.01
894,-1.99289768377786,1.09840364109457,-0.0419986021928264,"Converged",0.99,0.01
895,-1.83149199834881,2.52926627394374,-0.173201584929081,"Converged",0.99,0.01
896,NA,NA,NA,"B-spline error",0.99,0.01
897,-2.18371657015977,1.94694147909155,-0.00952022426274584,"Converged",0.99,0.01
898,-1.97118766475498,1.23789122100794,-0.0260798935892913,"Converged",0.99,0.01
899,-1.23405464724483,0.420092184909995,-0.161178742753794,"Converged",0.99,0.01
900,-1.58490310984558,-0.0208056217511952,-0.0603051402608785,"Converged",0.99,0.01
901,-2.55240641171186,2.56115244599591,-0.0467380485333101,"Converged",0.99,0.01
902,-1.59541262123576,1.33853664622475,-0.10650222559565,"Converged",0.99,0.01
903,-1.69028896278413,2.30788960842849,-0.17553249961934,"Converged",0.99,0.01
904,-1.92650842229517,3.18576207191576,-0.165473248335688,"Converged",0.99,0.01
905,-2.58749492237567,3.20224417638377,-0.0673745005774609,"Converged",0.99,0.01
906,NA,NA,NA,"B-spline error",0.99,0.01
907,-2.71649146384903,3.67416290278402,-0.0522353438539097,"Converged",0.99,0.01
908,-1.72026650267614,1.8073478785478,-0.172133998539782,"Converged",0.99,0.01
909,-2.11746924550867,1.12083002887907,-0.0280942196174143,"Converged",0.99,0.01
910,-1.63865127314808,1.30801979161642,-0.120503456981884,"Converged",0.99,0.01
911,-1.83085913328039,1.59153196953569,-0.105520012805916,"Converged",0.99,0.01
912,-2.32394048353715,3.67823214483681,-0.1568792714856,"Converged",0.99,0.01
913,-1.95663624822419,1.64629871039058,-0.10262989779498,"Converged",0.99,0.01
914,-2.17624247934714,2.91495704064046,-0.0741959890254393,"Converged",0.99,0.01
915,-1.88587577261137,2.27768684542514,-0.12942881355521,"Converged",0.99,0.01
916,-1.56682195957223,1.67812472180821,-0.159278910286974,"Converged",0.99,0.01
917,-2.00455257124065,2.52126776242552,-0.10705475647644,"Converged",0.99,0.01
918,-1.38233505559322,0.661198196728818,-0.147425550027914,"Converged",0.99,0.01
919,NA,NA,NA,"B-spline error",0.99,0.01
920,-2.10021719791511,2.65182793521461,-0.108137665491744,"Converged",0.99,0.01
921,-2.05861395534797,1.40671563026966,-0.0360076221755121,"Converged",0.99,0.01
922,-1.10739008801963,0.033790140678181,-0.184093607463695,"Converged",0.99,0.01
923,-1.3480580014595,0.0300206162202384,-0.0619289568920612,"Converged",0.99,0.01
924,-1.83752972847457,0.584735658899777,-0.0628130276274042,"Converged",0.99,0.01
925,-1.52973959251076,1.74919790883886,-0.173982114062301,"Converged",0.99,0.01
926,NA,NA,NA,"B-spline error",0.99,0.01
927,-1.53235682573827,1.20462818678727,-0.112573284787901,"Converged",0.99,0.01
928,-2.0170612704303,1.44329660550928,-0.0331120368402066,"Converged",0.99,0.01
929,-1.58122047379931,0.64314081331469,-0.0969502909748354,"Converged",0.99,0.01
930,NA,NA,NA,"B-spline error",0.99,0.01
931,-1.91162387551158,1.12768752109271,-0.0492842225724203,"Converged",0.99,0.01
932,-2.41687664674809,2.80485959991426,-0.0836738151877656,"Converged",0.99,0.01
933,NA,NA,NA,"B-spline error",0.99,0.01
934,-2.23472310996212,2.25814023931658,-0.109539623546104,"Converged",0.99,0.01
935,-1.99822814890486,1.04339554670426,-0.0111829589430833,"Converged",0.99,0.01
936,-2.05528725819143,1.22919109533195,-0.0627657826381536,"Converged",0.99,0.01
937,-1.42364296922733,0.679843227693059,-0.083738529726365,"Converged",0.99,0.01
938,NA,NA,NA,"B-spline error",0.99,0.01
939,-1.84592312511663,1.5780938365737,-0.0569803926308825,"Converged",0.99,0.01
940,-1.34666767807372,0.475153377639462,-0.114193365391493,"Converged",0.99,0.01
941,-1.85419025793813,1.25735790421159,-0.0502637633136032,"Converged",0.99,0.01
942,-2.12600021336806,2.13909252495382,-0.0972661773014068,"Converged",0.99,0.01
943,-1.96981695341659,1.5059389531364,-0.0428816040144612,"Converged",0.99,0.01
944,-1.77019161311729,2.40536013612681,-0.190027841841333,"Converged",0.99,0.01
945,-1.71355239760504,0.432196955013657,-0.0786583523730618,"Converged",0.99,0.01
946,NA,NA,NA,"B-spline error",0.99,0.01
947,NA,NA,NA,"B-spline error",0.99,0.01
948,-1.88917141240499,2.00366555939558,-0.107925203264027,"Converged",0.99,0.01
949,NA,NA,NA,"B-spline error",0.99,0.01
950,-2.08487207581279,1.97496757962486,-0.0891499130271048,"Converged",0.99,0.01
951,-1.1857015808044,-0.269178793920713,-0.122754714328253,"Converged",0.99,0.01
952,-2.22598412878151,2.49181028117206,-0.0905245525711904,"Converged",0.99,0.01
953,-2.28290708432092,2.09254576489599,-0.0647831036078039,"Converged",0.99,0.01
954,-1.57684296513994,1.17897097927332,-0.112590401191447,"Converged",0.99,0.01
955,-1.88133095183747,1.43124582474366,-0.0802271368491757,"Converged",0.99,0.01
956,-1.8852113544879,1.78112926088575,-0.0873709418167036,"Converged",0.99,0.01
957,-1.68724712193809,1.36514489743375,-0.103600711712243,"Converged",0.99,0.01
958,NA,NA,NA,"B-spline error",0.99,0.01
959,-1.56715132414225,0.569339906986745,-0.107861153905838,"Converged",0.99,0.01
960,-1.35478777590902,1.53569992425832,-0.183176561191861,"Converged",0.99,0.01
961,NA,NA,NA,"B-spline error",0.99,0.01
962,-1.58177381422879,0.930534671298015,-0.12022772628294,"Converged",0.99,0.01
963,-1.80327877964291,0.872317584357399,-0.0597491872342649,"Converged",0.99,0.01
964,NA,NA,NA,"B-spline error",0.99,0.01
965,-2.30120588237243,2.95474605165611,-0.0802211989121603,"Converged",0.99,0.01
966,-1.97736739340134,2.11884724696509,-0.087533260756505,"Converged",0.99,0.01
967,NA,NA,NA,"B-spline error",0.99,0.01
968,-1.75453425029396,0.0208301252702165,-0.0556660912139503,"Converged",0.99,0.01
969,NA,NA,NA,"B-spline error",0.99,0.01
970,-1.4298801689197,1.91053431384399,-0.239713788629485,"Converged",0.99,0.01
971,-1.81723162699731,2.1985079990992,-0.111131547700555,"Converged",0.99,0.01
972,NA,NA,NA,"B-spline error",0.99,0.01
973,-1.19604988646121,-0.191155607865182,-0.114864542024483,"Converged",0.99,0.01
974,-2.01619794404903,2.11095573967971,-0.11581220968137,"Converged",0.99,0.01
975,-2.00932292667109,1.89163957653681,-0.130656506443521,"Converged",0.99,0.01
976,-1.85554086613056,1.25247668056611,-0.0983748771631933,"Converged",0.99,0.01
977,NA,NA,NA,"B-spline error",0.99,0.01
978,-1.87498917316728,0.357095243621472,0.00478409318740693,"Converged",0.99,0.01
979,-2.22104537309894,2.18975951612111,-0.0738720230210917,"Converged",0.99,0.01
980,-1.45193866402981,0.662357237861755,-0.129472029538607,"Converged",0.99,0.01
981,-2.05155332867088,1.54533967786791,-0.0901778953661291,"Converged",0.99,0.01
982,-1.63281898423671,1.66086061317424,-0.167829649153301,"Converged",0.99,0.01
983,-2.14635508536752,1.19036108507532,-0.0175852614653713,"Converged",0.99,0.01
984,-1.57953572214097,1.18776308589635,-0.147678103699322,"Converged",0.99,0.01
985,-1.61301097644182,0.771387691115461,-0.0803547102662406,"Converged",0.99,0.01
986,-1.69346967328142,0.763873687543314,-0.0553523543323622,"Converged",0.99,0.01
987,-1.49792038335553,1.2258779698106,-0.148517919403711,"Converged",0.99,0.01
988,-1.95156928633605,2.11692135725372,-0.122406896000003,"Converged",0.99,0.01
989,-2.10474767657202,2.44690296341359,-0.106666886571139,"Converged",0.99,0.01
990,-1.88756753264275,1.29099603028552,-0.0706790046517559,"Converged",0.99,0.01
991,-1.77492175622414,0.353067524087969,-0.0242673776375622,"Converged",0.99,0.01
992,-2.37616342904825,2.78287724155587,-0.058521082155571,"Converged",0.99,0.01
993,-1.67160905429648,1.7798297309854,-0.11866489431983,"Converged",0.99,0.01
994,-1.18327498181441,0.634881600063513,-0.147574684241312,"Converged",0.99,0.01
995,-1.7162859262769,1.01762565132952,-0.126112820248168,"Converged",0.99,0.01
996,-1.62960544990718,0.928195569412182,-0.113362692563941,"Converged",0.99,0.01
997,NA,NA,NA,"B-spline error",0.99,0.01
998,-1.96008340958899,2.38870287454418,-0.132447576467202,"Converged",0.99,0.01
999,-2.37129944205404,2.10021866939709,-0.0228565710212218,"Converged",0.99,0.01
1000,-1.82977762572458,1.86030241308519,-0.124664034943302,"Converged",0.99,0.01
