"sim","bcc_beta0","bcc_beta1","bcc_beta2","bcc_conv_msg","bcc_data_resampled","tpr","fpr"
1,-1.87620730498177,2.20161704478486,-0.128569192463188,"Converged",FALSE,0.99,0.01
2,-1.80430154178398,2.00902600727085,-0.130386795341795,"Converged",FALSE,0.99,0.01
3,-1.97286099769613,1.60990371415493,-0.051801856588361,"Converged",FALSE,0.99,0.01
4,-1.81552249861324,1.61757850904768,-0.0983072630149007,"Converged",FALSE,0.99,0.01
5,-1.9107675038868,1.7840284279569,-0.114658878936156,"Converged",FALSE,0.99,0.01
6,-2.06875800984732,2.20367277952684,-0.0870764449348285,"Converged",FALSE,0.99,0.01
7,-2.44358928596018,3.40697914534083,-0.125162974916756,"Converged",FALSE,0.99,0.01
8,-1.99006483350223,1.15936102712785,-0.0676717086354878,"Converged",TRUE,0.99,0.01
9,-1.97506723458882,2.36869272687373,-0.146641667281473,"Converged",FALSE,0.99,0.01
10,-1.77724277918949,1.94345171583443,-0.130786124643643,"Converged",FALSE,0.99,0.01
11,-1.8371575586862,0.820036214122861,-0.0871078959210711,"Converged",FALSE,0.99,0.01
12,-2.27351675346956,3.28755934431999,-0.163931634536473,"Converged",FALSE,0.99,0.01
13,-1.89749305924135,1.62650232776827,-0.0850493319992851,"Converged",FALSE,0.99,0.01
14,-2.31505679071271,2.74457990559613,-0.078267305513903,"Converged",FALSE,0.99,0.01
15,-2.48938876025769,3.27229725230776,-0.0683076826591054,"Converged",FALSE,0.99,0.01
16,-1.92981206630717,2.49374498720192,-0.134498477636274,"Converged",FALSE,0.99,0.01
17,-1.90018791085515,1.44103719904822,-0.0686696859051167,"Converged",FALSE,0.99,0.01
18,-1.13998595632786,0.16622201376225,-0.134576534554729,"Converged",FALSE,0.99,0.01
19,-2.24570637460337,2.8585169287447,-0.0880288568977793,"Converged",FALSE,0.99,0.01
20,-2.09939948891063,2.42262308966915,-0.058415497391517,"Converged",FALSE,0.99,0.01
21,-1.88687344586604,1.28261182607849,-0.0690498258216666,"Converged",FALSE,0.99,0.01
22,-1.89241730787548,2.17527794557705,-0.115944110582929,"Converged",FALSE,0.99,0.01
23,-2.24261595699355,2.99943294419195,-0.100199916677409,"Converged",FALSE,0.99,0.01
24,-2.27660905730252,2.13045691095045,-0.0387799194084677,"Converged",FALSE,0.99,0.01
25,-1.97653380645285,1.34903905855431,-0.0856541082636788,"Converged",FALSE,0.99,0.01
26,-1.85854501577527,1.52063506777934,-0.0813898985275444,"Converged",FALSE,0.99,0.01
27,-1.63662269382836,1.10276070256729,-0.132715539799573,"Converged",FALSE,0.99,0.01
28,-1.65323815806873,0.450268657804489,-0.0440688333043415,"Converged",FALSE,0.99,0.01
29,-2.24279318890432,2.36549388944454,-0.0454531615380395,"Converged",FALSE,0.99,0.01
30,-2.25133026293741,2.04225613822122,-0.0612063308793895,"Converged",FALSE,0.99,0.01
31,-2.71741446010489,3.80409648362485,-0.0771717300949274,"Converged",FALSE,0.99,0.01
32,-2.39427781065029,2.81073978220334,-0.107219620058195,"Converged",FALSE,0.99,0.01
33,-1.24359622522171,-0.720867347674622,-0.069776141788926,"Converged",FALSE,0.99,0.01
34,-1.43619739839949,0.608401005066391,-0.10915475028238,"Converged",FALSE,0.99,0.01
35,-2.06612203571416,1.90254095056948,-0.0663444338363943,"Converged",FALSE,0.99,0.01
36,-1.85519946177585,0.600758727564011,-0.0409426800629773,"Converged",FALSE,0.99,0.01
37,-2.15808563835419,2.46481637805244,-0.0718636428342526,"Converged",FALSE,0.99,0.01
38,-2.07734569410514,2.69715983452761,-0.1188785503032,"Converged",TRUE,0.99,0.01
39,-1.96555521021871,2.9377831001739,-0.199141938525468,"Converged",FALSE,0.99,0.01
40,-1.735728345074,0.711779106644366,-0.0485710967444873,"Converged",FALSE,0.99,0.01
41,-1.31555862591897,0.440358364552547,-0.160107010619404,"Converged",FALSE,0.99,0.01
42,-2.24560891228187,3.25588193710212,-0.125664937215802,"Converged",FALSE,0.99,0.01
43,-1.75225925812545,0.82462448619687,-0.0718074739852737,"Converged",FALSE,0.99,0.01
44,-2.07546778679525,2.67518105903981,-0.132965625657979,"Converged",FALSE,0.99,0.01
45,-1.60086808198515,1.68718837530545,-0.199125103971881,"Converged",FALSE,0.99,0.01
46,-1.98084350231857,1.98232227997504,-0.0773920671446165,"Converged",FALSE,0.99,0.01
47,-1.92164883557581,1.31912834267964,-0.100075088071246,"Converged",FALSE,0.99,0.01
48,-1.7665476955785,1.52609653191516,-0.10979006124277,"Converged",FALSE,0.99,0.01
49,-1.80497778984146,1.25833190277044,-0.0842815395891191,"Converged",FALSE,0.99,0.01
50,-1.97073627781729,2.42751323859119,-0.168646155495998,"Converged",FALSE,0.99,0.01
51,-1.77914444474277,2.06531228165852,-0.137411439164621,"Converged",FALSE,0.99,0.01
52,-2.15340104712778,1.25147903520462,0.00129726689711618,"Converged",FALSE,0.99,0.01
53,-1.4648185855095,0.85942217789459,-0.126208946756028,"Converged",FALSE,0.99,0.01
54,-1.58296659616197,1.58351042419585,-0.160992142095217,"Converged",FALSE,0.99,0.01
55,-1.68233807516404,2.03674257243941,-0.168191654512995,"Converged",FALSE,0.99,0.01
56,-2.49598843881564,3.29154580859374,-0.063345813685012,"Converged",TRUE,0.99,0.01
57,-2.05068859892191,2.53545373990108,-0.166087696849888,"Converged",FALSE,0.99,0.01
58,-1.85647305972589,1.00911203373344,-0.0414119138916721,"Converged",FALSE,0.99,0.01
59,-1.3468279380439,0.409378199089548,-0.13973444727139,"Converged",TRUE,0.99,0.01
60,-2.0101899713917,1.11693371991691,-0.0496329950694424,"Converged",FALSE,0.99,0.01
61,-2.38619052379453,3.2007000865414,-0.0726636658481541,"Converged",FALSE,0.99,0.01
62,-1.35963719876607,0.136486079336969,-0.0940533880448776,"Converged",FALSE,0.99,0.01
63,-2.23265956417595,2.38595977591552,-0.0790506845368374,"Converged",FALSE,0.99,0.01
64,-1.753876169454,1.32288097667412,-0.0686863615404866,"Converged",FALSE,0.99,0.01
65,-1.82276487302529,1.00398770618341,-0.0933099149828686,"Converged",FALSE,0.99,0.01
66,-2.2015867001424,2.8878442324331,-0.0937355759451901,"Converged",FALSE,0.99,0.01
67,-1.86030693176867,1.82538371523478,-0.135843921766298,"Converged",FALSE,0.99,0.01
68,-1.47325648554977,0.302123099294867,-0.102380834471995,"Converged",FALSE,0.99,0.01
69,-2.36631273129173,2.77380541913209,-0.089964994518132,"Converged",FALSE,0.99,0.01
70,-2.55510145276612,4.20822959572447,-0.139987824901532,"Converged",FALSE,0.99,0.01
71,-2.01762238789389,2.95442552831451,-0.134575737553745,"Converged",FALSE,0.99,0.01
72,-1.4058949896553,0.524261804133543,-0.117671016897357,"Converged",FALSE,0.99,0.01
73,-2.80262494916262,2.95326838754431,0.00510119252945036,"Converged",FALSE,0.99,0.01
74,-1.54611916805185,0.278459141889124,-0.0571311970035906,"Converged",FALSE,0.99,0.01
75,-2.51652319090617,2.94380103747284,-0.0559268126993469,"Converged",FALSE,0.99,0.01
76,-1.53119589207491,1.99389540667155,-0.181338618271007,"Converged",TRUE,0.99,0.01
77,-1.68640669575545,1.59613619538471,-0.115289257414764,"Converged",FALSE,0.99,0.01
78,-2.68053756378969,2.9877191338763,-0.00963900956023881,"Converged",FALSE,0.99,0.01
79,-2.45591467389491,2.52441044394123,-0.0417439162647892,"Converged",FALSE,0.99,0.01
80,-1.59461760209918,0.714832753472985,-0.0755985055018255,"Converged",FALSE,0.99,0.01
81,-2.30094735566372,2.82065751992847,-0.080110436553567,"Converged",FALSE,0.99,0.01
82,-1.83627002708503,1.97644104535023,-0.131496919664541,"Converged",FALSE,0.99,0.01
83,-1.7124885231013,1.20919755032791,-0.13361204492064,"Converged",FALSE,0.99,0.01
84,-1.75434849877406,1.50839902311751,-0.0973876816190488,"Converged",FALSE,0.99,0.01
85,-1.49205057995196,1.77409140542636,-0.201386737828485,"Converged",FALSE,0.99,0.01
86,-1.81158702123598,1.92444261177564,-0.111232660849114,"Converged",FALSE,0.99,0.01
87,-2.43327143382685,3.13728748021267,-0.0745874957834964,"Converged",FALSE,0.99,0.01
88,-1.79114678943935,1.54623590734428,-0.10125931349719,"Converged",FALSE,0.99,0.01
89,-1.51861338866824,0.740389727251397,-0.132559572783055,"Converged",FALSE,0.99,0.01
90,-2.10141634119642,2.70245763700162,-0.0929149795725687,"Converged",FALSE,0.99,0.01
91,-2.31496951103811,3.00112927745799,-0.0680717069336188,"Converged",FALSE,0.99,0.01
92,-2.14543528345228,2.54266212987255,-0.129924161617561,"Converged",FALSE,0.99,0.01
93,-2.90459188743065,4.64209321841109,-0.135755355345736,"Converged",FALSE,0.99,0.01
94,-1.44319964109913,0.691821366242323,-0.135583244534232,"Converged",FALSE,0.99,0.01
95,-1.90438688171657,1.97465106765002,-0.102365518129247,"Converged",FALSE,0.99,0.01
96,-1.95239887289627,1.74961675050861,-0.0819742628081162,"Converged",FALSE,0.99,0.01
97,-1.06279942869762,0.437770306832655,-0.170229762901891,"Converged",FALSE,0.99,0.01
98,-2.10989738070879,3.09303266960281,-0.122831850350255,"Converged",FALSE,0.99,0.01
99,-1.67675800746331,1.86708137291016,-0.152214971996691,"Converged",FALSE,0.99,0.01
100,-2.11185797445958,2.32791311076485,-0.116591581468448,"Converged",FALSE,0.99,0.01
101,-2.17929865627714,3.04564776315455,-0.111805727346579,"Converged",FALSE,0.99,0.01
102,-1.76275114585541,2.03174150526414,-0.163994648426982,"Converged",FALSE,0.99,0.01
103,-1.45607694208148,-0.383238490729152,-0.0475129056570324,"Converged",FALSE,0.99,0.01
104,-2.0198273785919,2.49750125795026,-0.102631656729992,"Converged",FALSE,0.99,0.01
105,-1.79545741022998,1.70358316998119,-0.131620928957125,"Converged",FALSE,0.99,0.01
106,-1.66412984549705,1.06240201182053,-0.092970903377185,"Converged",FALSE,0.99,0.01
107,-2.27030645118016,3.24417927928682,-0.156709951431981,"Converged",FALSE,0.99,0.01
108,-1.41756762314826,1.4920971929135,-0.192844028535672,"Converged",FALSE,0.99,0.01
109,-2.65714752799845,2.75178043045391,-0.0223720516608765,"Converged",FALSE,0.99,0.01
110,-1.5832434947977,1.25340309612942,-0.101275601404701,"Converged",FALSE,0.99,0.01
111,-1.80194449439025,1.51145294981285,-0.0957456126621313,"Converged",FALSE,0.99,0.01
112,-2.1264221971871,2.26924507082187,-0.0813047653223128,"Converged",FALSE,0.99,0.01
113,-2.2468676315197,2.25557068900005,-0.0827957161652998,"Converged",FALSE,0.99,0.01
114,-2.25512987076691,3.50768584055932,-0.15430536083189,"Converged",TRUE,0.99,0.01
115,-2.44926369090013,2.52216629221139,-0.0507568522051926,"Converged",TRUE,0.99,0.01
116,-1.72143966295189,0.54179741422318,-0.0813813474553725,"Converged",FALSE,0.99,0.01
117,-2.00727764666651,1.93770342955892,-0.114794256223751,"Converged",FALSE,0.99,0.01
118,-2.44664811033261,3.28734625295619,-0.0850364132729107,"Converged",FALSE,0.99,0.01
119,-1.7341117337496,0.906221093624451,-0.0605922255904703,"Converged",TRUE,0.99,0.01
120,-1.753001242704,2.02985920540357,-0.139551094201834,"Converged",FALSE,0.99,0.01
121,-1.49237997199268,0.213861539422659,-0.118291082234287,"Converged",FALSE,0.99,0.01
122,-1.27804928944873,0.579128089552684,-0.154275119729448,"Converged",FALSE,0.99,0.01
123,-2.49821260799155,4.17319438474948,-0.150861530392177,"Converged",FALSE,0.99,0.01
124,-1.85236495085675,2.34965546996752,-0.151904825741916,"Converged",FALSE,0.99,0.01
125,-1.99132752186321,1.95362953480922,-0.100668339842545,"Converged",TRUE,0.99,0.01
126,-1.62839291591271,1.64729592333477,-0.155542725356139,"Converged",FALSE,0.99,0.01
127,-2.65690960536123,3.36775095810223,-0.0442890310340531,"Converged",FALSE,0.99,0.01
128,-2.30016573864701,2.74961641782672,-0.0888544649504375,"Converged",FALSE,0.99,0.01
129,-2.11511337413947,1.57256320678758,-0.0313499435801724,"Converged",FALSE,0.99,0.01
130,-2.05646340673886,2.06977500293555,-0.100724688820934,"Converged",FALSE,0.99,0.01
131,-1.86293739018505,1.99550235794575,-0.120765368174857,"Converged",FALSE,0.99,0.01
132,-2.27565706763717,2.72916444339477,-0.0813269269735396,"Converged",FALSE,0.99,0.01
133,-2.12519109931958,2.55884228688142,-0.0955987017160794,"Converged",TRUE,0.99,0.01
134,-1.36798682263599,1.12551216268209,-0.142513393876011,"Converged",FALSE,0.99,0.01
135,-2.03175360932587,2.4068879066087,-0.119372199726173,"Converged",FALSE,0.99,0.01
136,-1.5246947019359,0.656984786931714,-0.111191133889593,"Converged",FALSE,0.99,0.01
137,-2.63957320366692,3.03444614258122,-0.026961156856855,"Converged",FALSE,0.99,0.01
138,-2.36467923198752,3.17884334415277,-0.079800006200982,"Converged",FALSE,0.99,0.01
139,-1.82432194245623,0.531000135065498,-0.023507206768858,"Converged",FALSE,0.99,0.01
140,-1.91762632770825,1.7019103040669,-0.106885872341524,"Converged",FALSE,0.99,0.01
141,-1.98956524941105,2.24525577172818,-0.123068160450601,"Converged",FALSE,0.99,0.01
142,-1.56934279209388,1.34722926312478,-0.160399714844882,"Converged",FALSE,0.99,0.01
143,-1.95707062576788,1.76823324841317,-0.103392126436353,"Converged",FALSE,0.99,0.01
144,-1.21686663525146,0.369381289916011,-0.153659181098105,"Converged",FALSE,0.99,0.01
145,-1.70292450442606,1.24673974175033,-0.124128967079801,"Converged",FALSE,0.99,0.01
146,-2.74810855594542,3.21760441553665,-0.0205506950111826,"Converged",FALSE,0.99,0.01
147,-2.57074601092373,2.6074087881897,0.0025383720380002,"Converged",FALSE,0.99,0.01
148,-1.61608097545207,1.34162234007222,-0.119763258763162,"Converged",FALSE,0.99,0.01
149,-2.06948962077067,2.46928518111696,-0.11557803004658,"Converged",FALSE,0.99,0.01
150,-1.82090732682192,0.635391866005125,-0.0509070838124069,"Converged",FALSE,0.99,0.01
151,-2.19283970634261,1.99385236842211,-0.0604494551381801,"Converged",FALSE,0.99,0.01
152,-2.01456384951228,2.67786795710175,-0.112605348605488,"Converged",FALSE,0.99,0.01
153,-1.97814446191558,2.37985799239789,-0.148621025002796,"Converged",FALSE,0.99,0.01
154,-1.5286513060811,0.409301915212185,-0.0781573523850598,"Converged",FALSE,0.99,0.01
155,-1.75915963286837,1.79553994266493,-0.11447201887345,"Converged",FALSE,0.99,0.01
156,-2.06641780505059,2.30800018415415,-0.138622864127305,"Converged",FALSE,0.99,0.01
157,-2.64786798618204,2.03301681974472,0.0130632650631889,"Converged",FALSE,0.99,0.01
158,-1.71390148049345,1.5204494295597,-0.132738349630353,"Converged",FALSE,0.99,0.01
159,-1.81185574151637,0.246052115519774,-0.00329863561014325,"Converged",FALSE,0.99,0.01
160,-2.11728206449186,1.84826523528269,-0.0579103736302884,"Converged",FALSE,0.99,0.01
161,-1.7795355727867,1.023593181054,-0.0644410081184946,"Converged",FALSE,0.99,0.01
162,-2.14809184345189,2.94455452830425,-0.102508055915502,"Converged",FALSE,0.99,0.01
163,-1.82823237441629,2.13039564999883,-0.136737767868909,"Converged",FALSE,0.99,0.01
164,-2.09171221854641,1.98722739888893,-0.0840660275752319,"Converged",FALSE,0.99,0.01
165,-1.87055607709276,1.02313172566353,-0.0693638916530726,"Converged",FALSE,0.99,0.01
166,-2.41394803960772,4.3102703680095,-0.188281734567238,"Converged",FALSE,0.99,0.01
167,-1.94356190437389,1.68265912361991,-0.0696211179538694,"Converged",FALSE,0.99,0.01
168,-1.442367513988,0.87355280659136,-0.121225401794715,"Converged",FALSE,0.99,0.01
169,-2.19247237882935,2.59356868711913,-0.0925086729716435,"Converged",FALSE,0.99,0.01
170,-2.89003431464666,3.93189918029625,-0.0526869927487364,"Converged",FALSE,0.99,0.01
171,-2.02687733334288,1.63934739872079,-0.0639432934277645,"Converged",FALSE,0.99,0.01
172,-2.89877453086941,5.24835360009721,-0.119188821834179,"Converged",FALSE,0.99,0.01
173,-2.73395874896801,4.18443695459573,-0.110306667817251,"Converged",FALSE,0.99,0.01
174,-1.82353518576008,2.25397452396214,-0.152340222076563,"Converged",FALSE,0.99,0.01
175,-2.73199126300844,4.39148044200408,-0.0749494355840317,"Converged",FALSE,0.99,0.01
176,-1.96503034973402,0.586905062630943,-0.00307191230814659,"Converged",FALSE,0.99,0.01
177,-1.60418717961531,0.770726567561918,-0.133881498386188,"Converged",FALSE,0.99,0.01
178,-1.61632275505825,0.913764432707176,-0.11196889251182,"Converged",FALSE,0.99,0.01
179,-1.88191580596797,2.16542859851958,-0.159431296190692,"Converged",FALSE,0.99,0.01
180,-2.09101925546804,2.50142176542969,-0.131793704896467,"Converged",FALSE,0.99,0.01
181,-1.90162371540498,1.37897766805186,-0.0709585263158873,"Converged",FALSE,0.99,0.01
182,-2.60582677771573,3.37005328262582,-0.0822416523900779,"Converged",FALSE,0.99,0.01
183,-1.44252952601604,0.639179497445821,-0.104481294930564,"Converged",FALSE,0.99,0.01
184,-1.81186634603906,1.76395767574425,-0.111770684597107,"Converged",FALSE,0.99,0.01
185,-1.25873914817384,0.763892095641408,-0.177774101809272,"Converged",FALSE,0.99,0.01
186,-2.39402257515387,3.34416994225465,-0.0961642066403358,"Converged",FALSE,0.99,0.01
187,-2.22738885756149,2.58113602242681,-0.0864388386947672,"Converged",FALSE,0.99,0.01
188,-2.10510639643898,2.43306112956265,-0.0965582734688162,"Converged",FALSE,0.99,0.01
189,-1.26576765261868,0.919701112292023,-0.170377314379886,"Converged",FALSE,0.99,0.01
190,-1.62105359853224,0.282607580561159,-0.110284673509528,"Converged",TRUE,0.99,0.01
191,-2.47312741853997,3.80579397237141,-0.102911877769017,"Converged",TRUE,0.99,0.01
192,-1.96597036767262,1.5066554709729,-0.0651277356428571,"Converged",FALSE,0.99,0.01
193,-2.17810595649495,3.73860004175649,-0.184268934325829,"Converged",FALSE,0.99,0.01
194,-2.22424229030036,1.95473320600655,-0.0322439069466607,"Converged",FALSE,0.99,0.01
195,-2.2778071342353,1.86491313615053,-0.039824990557967,"Converged",FALSE,0.99,0.01
196,-1.68262675101914,1.24789767448756,-0.0987646879663934,"Converged",FALSE,0.99,0.01
197,-1.1062172859614,-0.0444647700504708,-0.138283226964037,"Converged",FALSE,0.99,0.01
198,-1.88847871824642,3.07991542837226,-0.157821265998013,"Converged",FALSE,0.99,0.01
199,-1.08512438347762,0.00491344788416107,-0.139264935560197,"Converged",FALSE,0.99,0.01
200,-1.63934107091083,0.382227554411304,-0.0425235927411686,"Converged",FALSE,0.99,0.01
201,-1.54124404738556,0.976963977125539,-0.0796685239586527,"Converged",FALSE,0.99,0.01
202,-2.6325375822582,2.58575498658001,0.00997040195700696,"Converged",FALSE,0.99,0.01
203,-2.52947378062682,3.3482243044607,-0.079204357567135,"Converged",FALSE,0.99,0.01
204,-1.51474836531941,1.82315549517618,-0.13435318550232,"Converged",FALSE,0.99,0.01
205,-1.64455526017618,1.97683555320071,-0.160925489787447,"Converged",FALSE,0.99,0.01
206,-2.44743220040905,3.49798340517109,-0.107642639524425,"Converged",FALSE,0.99,0.01
207,-1.76059477660161,1.71109442123649,-0.135728418003475,"Converged",FALSE,0.99,0.01
208,-2.07129065678844,2.86574889943966,-0.116824507462843,"Converged",FALSE,0.99,0.01
209,-2.38860856297242,2.44027155907793,-0.0687033303724812,"Converged",FALSE,0.99,0.01
210,-1.61923688676373,1.32836928727235,-0.129367315456895,"Converged",FALSE,0.99,0.01
211,-2.40982945624849,3.00038521847975,-0.086928906571131,"Converged",FALSE,0.99,0.01
212,-2.0010965444001,2.44958808527875,-0.0941358207087589,"Converged",FALSE,0.99,0.01
213,-1.7222268783129,0.371495367530237,-0.0564950001841287,"Converged",FALSE,0.99,0.01
214,-1.48966958624337,1.27750965091392,-0.153639382022634,"Converged",FALSE,0.99,0.01
215,-1.54851113253579,1.32391447133733,-0.111635824948317,"Converged",FALSE,0.99,0.01
216,-1.92023711859341,1.24575971436911,-0.0683051739426127,"Converged",TRUE,0.99,0.01
217,-2.07041272287502,1.77036593936236,-0.0776338137081034,"Converged",FALSE,0.99,0.01
218,-1.64453443550669,1.94556183288983,-0.190714478759438,"Converged",FALSE,0.99,0.01
219,-1.99021194041271,1.55007287837291,-0.0571597975996018,"Converged",TRUE,0.99,0.01
220,-1.53746153707526,0.886839811666204,-0.104757696334809,"Converged",FALSE,0.99,0.01
221,-0.737471788685616,-0.32615891723483,-0.239316359578548,"Converged",FALSE,0.99,0.01
222,-2.46813370356741,2.18468240462155,-0.006482273433184,"Converged",FALSE,0.99,0.01
223,-2.23481328056322,2.762010709369,-0.130799509640005,"Converged",FALSE,0.99,0.01
224,-1.8211159247865,0.806764693632558,-0.0788391014263466,"Converged",FALSE,0.99,0.01
225,NA,NA,NA,"MAX_ITER reached",FALSE,0.99,0.01
226,-2.15254707992659,2.51256079068833,-0.112887421340325,"Converged",FALSE,0.99,0.01
227,-2.04864794291589,2.07971544083131,-0.110443781107338,"Converged",FALSE,0.99,0.01
228,-1.97267916118132,2.86358836891594,-0.18335439777259,"Converged",FALSE,0.99,0.01
229,-1.47003804897947,0.766674223529047,-0.107821733565339,"Converged",FALSE,0.99,0.01
230,-1.55206224278896,0.156509021215607,-0.0752369816315753,"Converged",FALSE,0.99,0.01
231,-1.55867615222403,0.831792618121193,-0.0998334424253607,"Converged",FALSE,0.99,0.01
232,-1.57918589047931,2.35952464050877,-0.179508586303717,"Converged",FALSE,0.99,0.01
233,-1.57765786751239,2.27248386974168,-0.200198877517922,"Converged",FALSE,0.99,0.01
234,-1.49049077414105,1.58813766771073,-0.183378394139454,"Converged",FALSE,0.99,0.01
235,-1.73528301384914,1.99305295149263,-0.138317788008675,"Converged",FALSE,0.99,0.01
236,-2.23139590109067,2.77215839586561,-0.0701870185526689,"Converged",FALSE,0.99,0.01
237,-1.92790947828827,0.929595949864299,-0.0341676983841537,"Converged",FALSE,0.99,0.01
238,-1.26507949799714,-0.402096625446978,-0.0819634956897728,"Converged",FALSE,0.99,0.01
239,-1.82732303986924,1.48306846205802,-0.0823250352955961,"Converged",FALSE,0.99,0.01
240,-1.53438698085914,1.59810914598904,-0.161994792895703,"Converged",FALSE,0.99,0.01
241,-1.60254679189437,2.07138299445864,-0.190069500105085,"Converged",FALSE,0.99,0.01
242,-1.66826205968194,1.71018755406434,-0.169884573512552,"Converged",FALSE,0.99,0.01
243,-1.59070455841699,1.01774932667995,-0.112265007670067,"Converged",FALSE,0.99,0.01
244,-2.53709856370084,2.81452017407925,-0.0801485443907955,"Converged",FALSE,0.99,0.01
245,-1.61040103118896,1.38695414852429,-0.117330860998011,"Converged",FALSE,0.99,0.01
246,-2.0220030513634,1.69534927562373,-0.0885771975408181,"Converged",TRUE,0.99,0.01
247,-1.99871282386815,2.32624853578594,-0.103390905633196,"Converged",FALSE,0.99,0.01
248,-1.59138740347661,1.17303771657603,-0.113132086234699,"Converged",FALSE,0.99,0.01
249,-2.49823898802898,3.01663797108627,-0.0683933047184791,"Converged",FALSE,0.99,0.01
250,-1.7890203407947,2.51542571245044,-0.174261817163666,"Converged",FALSE,0.99,0.01
251,-2.11552709123272,2.53725402621339,-0.153090370067062,"Converged",FALSE,0.99,0.01
252,-2.07429282369262,3.28985959233814,-0.205145453104003,"Converged",FALSE,0.99,0.01
253,-1.30997660703133,0.809064041940011,-0.163785956129016,"Converged",FALSE,0.99,0.01
254,-1.68878490871127,2.00241742988986,-0.162009943938278,"Converged",FALSE,0.99,0.01
255,-2.3922885098699,3.33156068036101,-0.0667707198215992,"Converged",FALSE,0.99,0.01
256,-1.46202686628031,1.30872728314616,-0.142976327319944,"Converged",FALSE,0.99,0.01
257,-1.90893454435322,1.7545251507507,-0.0554713941482562,"Converged",TRUE,0.99,0.01
258,-2.33349036794054,1.91057886138268,0.00437958438232282,"Converged",FALSE,0.99,0.01
259,-2.20083586458186,1.6908188337524,-0.0212624706801537,"Converged",FALSE,0.99,0.01
260,-1.86366484776835,2.53939562319623,-0.160373155122143,"Converged",FALSE,0.99,0.01
261,-1.98481997915435,1.61992813026185,-0.0704817471428992,"Converged",FALSE,0.99,0.01
262,-2.12842901769277,2.33984749593451,-0.0712971668955053,"Converged",FALSE,0.99,0.01
263,-1.85776659486667,1.24738516147547,-0.0293338007624461,"Converged",FALSE,0.99,0.01
264,-1.71887204347403,1.32876488527338,-0.0921596665710603,"Converged",FALSE,0.99,0.01
265,-2.12379552647098,1.75492619887678,-0.0848974176375347,"Converged",FALSE,0.99,0.01
266,-1.74388281679594,1.84609387435159,-0.106165615407611,"Converged",FALSE,0.99,0.01
267,-1.65334673974387,1.69883802837746,-0.142215519067876,"Converged",FALSE,0.99,0.01
268,-1.82788448825303,1.02752079630441,-0.0625140832652783,"Converged",FALSE,0.99,0.01
269,-2.27534316691426,1.28844745248153,0.00471839115747134,"Converged",FALSE,0.99,0.01
270,-2.36195214015107,2.15795075375726,-0.02923216343803,"Converged",FALSE,0.99,0.01
271,-1.67472720198778,1.48595694451341,-0.134172411912585,"Converged",FALSE,0.99,0.01
272,-1.48376648957304,1.37114095197964,-0.177287843037215,"Converged",FALSE,0.99,0.01
273,-1.70020964639959,1.46718471928711,-0.0825016114914527,"Converged",FALSE,0.99,0.01
274,-2.00480908974072,2.39271265249075,-0.13709078856459,"Converged",FALSE,0.99,0.01
275,-1.85680492233568,2.12584303601476,-0.114968337807473,"Converged",FALSE,0.99,0.01
276,-1.47708771152006,1.78199022348225,-0.188661304161787,"Converged",FALSE,0.99,0.01
277,-1.76765085469067,1.05760001167201,-0.0674611581960311,"Converged",FALSE,0.99,0.01
278,-2.51026460307709,2.99157977781008,-0.0651972952507957,"Converged",FALSE,0.99,0.01
279,-1.91627207430957,2.77232594226712,-0.135841674326179,"Converged",FALSE,0.99,0.01
280,-1.74011874067225,1.24305080256389,-0.10375295234264,"Converged",FALSE,0.99,0.01
281,-2.18735084229147,2.64133596933989,-0.101894520359826,"Converged",FALSE,0.99,0.01
282,-2.17641213860984,3.5847669261481,-0.142597479263656,"Converged",FALSE,0.99,0.01
283,-1.99451960921107,3.31845859865289,-0.187886867914546,"Converged",FALSE,0.99,0.01
284,-1.69009474675624,1.64588825656468,-0.101590199116458,"Converged",FALSE,0.99,0.01
285,-1.74026994482903,1.09752779983211,-0.0740252659407202,"Converged",FALSE,0.99,0.01
286,-1.93677444986339,1.98887740140765,-0.0900249857532676,"Converged",FALSE,0.99,0.01
287,-1.44155377177049,0.18291981744868,-0.0827239432183066,"Converged",TRUE,0.99,0.01
288,-2.12736257274345,1.95915939043732,-0.081082678031899,"Converged",FALSE,0.99,0.01
289,-1.7936430242103,1.78248135679531,-0.122011354678061,"Converged",FALSE,0.99,0.01
290,-1.61719306961583,0.549158980134631,-0.0746958464256839,"Converged",FALSE,0.99,0.01
291,-2.15841097641289,3.32868833897173,-0.157432050741096,"Converged",FALSE,0.99,0.01
292,-1.4969981899913,1.19475209155581,-0.153604241324407,"Converged",FALSE,0.99,0.01
293,-1.81339433540825,2.45870704713131,-0.156996716977546,"Converged",FALSE,0.99,0.01
294,-2.01852022578024,2.70779255948899,-0.157698849053559,"Converged",FALSE,0.99,0.01
295,-1.61744039471917,2.14448017460298,-0.166157872255114,"Converged",FALSE,0.99,0.01
296,-1.34020075735719,0.361746193438597,-0.122075669144045,"Converged",FALSE,0.99,0.01
297,-1.70402694104632,0.170399795521417,-0.0361556204126385,"Converged",FALSE,0.99,0.01
298,-2.15262611381813,2.41770592452003,-0.0813532037883968,"Converged",FALSE,0.99,0.01
299,-2.31308431738921,2.90714662335445,-0.0636956511873693,"Converged",FALSE,0.99,0.01
300,-2.49812608307112,2.19601034988431,-0.00163346959523798,"Converged",FALSE,0.99,0.01
301,-1.84321063022007,1.57143412232096,-0.0937515479538324,"Converged",FALSE,0.99,0.01
302,-2.31459218342236,2.14665748346738,-0.0303090748240206,"Converged",FALSE,0.99,0.01
303,-1.81478689163586,1.76416526484406,-0.13343544940604,"Converged",FALSE,0.99,0.01
304,-1.93033665515192,2.44520167154036,-0.198092494932861,"Converged",FALSE,0.99,0.01
305,-1.63793466962263,1.27913965529496,-0.149951262657965,"Converged",FALSE,0.99,0.01
306,-1.32606568431291,0.050842307365717,-0.11150106904825,"Converged",FALSE,0.99,0.01
307,-1.74458822521442,1.34935353384264,-0.109358776764987,"Converged",FALSE,0.99,0.01
308,-1.69747343243417,2.04318014580001,-0.150103817511583,"Converged",FALSE,0.99,0.01
309,-1.3346943398373,1.08479857587529,-0.180289256395683,"Converged",FALSE,0.99,0.01
310,-1.74850557108603,1.65264148258401,-0.127795420808023,"Converged",FALSE,0.99,0.01
311,-2.20854320842384,2.29047222490853,-0.132193765202498,"Converged",FALSE,0.99,0.01
312,-2.32886800035021,3.63671977195274,-0.106699959478145,"Converged",FALSE,0.99,0.01
313,-2.15557526200438,2.16527282065938,-0.0781049132306144,"Converged",FALSE,0.99,0.01
314,-1.69416188423172,1.21734035746384,-0.0976288356846681,"Converged",FALSE,0.99,0.01
315,-2.76142955968372,4.02659958685526,-0.11998560860721,"Converged",FALSE,0.99,0.01
316,-1.83593699997276,1.44561967101068,-0.0800315539826841,"Converged",FALSE,0.99,0.01
317,-1.26490747639023,0.458778655103805,-0.125562881383366,"Converged",FALSE,0.99,0.01
318,-1.53778918373975,1.62278202887616,-0.160781920866666,"Converged",FALSE,0.99,0.01
319,-2.00536833064213,2.26788840127948,-0.101551825210487,"Converged",TRUE,0.99,0.01
320,-2.00688651619865,1.55987476087018,-0.0779368874058494,"Converged",FALSE,0.99,0.01
321,-1.92261927777651,2.09537902380197,-0.121464011513765,"Converged",FALSE,0.99,0.01
322,-1.64481950654381,0.330616009235262,-0.0541236704975744,"Converged",FALSE,0.99,0.01
323,-0.76141872725661,-0.533514290891618,-0.13080210632824,"Converged",FALSE,0.99,0.01
324,-1.82524148614597,2.18556537795603,-0.130812506505096,"Converged",FALSE,0.99,0.01
325,-1.66036463230374,0.567539853392784,-0.0841272245972435,"Converged",FALSE,0.99,0.01
326,-2.06945698603694,2.46929971422071,-0.0989758528107213,"Converged",FALSE,0.99,0.01
327,-1.80165695477627,1.53386486512174,-0.118587202023878,"Converged",FALSE,0.99,0.01
328,-1.78746741741488,1.92645609114729,-0.102462800844642,"Converged",FALSE,0.99,0.01
329,-2.39565466704808,3.1317730409777,-0.104304314317451,"Converged",FALSE,0.99,0.01
330,-1.3565229535121,1.80394341124489,-0.207491085635749,"Converged",FALSE,0.99,0.01
331,-2.33256071328067,3.68392822415422,-0.132049570831591,"Converged",FALSE,0.99,0.01
332,-1.65598386098122,1.29144936303459,-0.153770822449332,"Converged",FALSE,0.99,0.01
333,-2.35532827137575,3.36424885769594,-0.125223633838934,"Converged",FALSE,0.99,0.01
334,-2.23928992628486,2.25351426985433,-0.0470108347384151,"Converged",FALSE,0.99,0.01
335,-2.05502653059312,2.81237077338131,-0.123995781635258,"Converged",FALSE,0.99,0.01
336,-2.38115783218049,2.14682125209552,-0.0620264543681613,"Converged",FALSE,0.99,0.01
337,-1.58962263669456,1.00678130752878,-0.122168004244527,"Converged",FALSE,0.99,0.01
338,-2.2591717994495,2.97436476834471,-0.0940519283359425,"Converged",FALSE,0.99,0.01
339,-1.68369609893384,1.51117410523615,-0.155321043029363,"Converged",FALSE,0.99,0.01
340,-2.27734054555338,2.68415986830982,-0.0727175579811545,"Converged",TRUE,0.99,0.01
341,-2.03296227276878,1.5407541725883,-0.0689626130473644,"Converged",FALSE,0.99,0.01
342,-1.73601652484004,1.77853603811486,-0.0973480169540715,"Converged",TRUE,0.99,0.01
343,-1.54729103952374,1.65438108979467,-0.153354628738477,"Converged",TRUE,0.99,0.01
344,-2.00663996734777,1.72363494442076,-0.0774788465109716,"Converged",FALSE,0.99,0.01
345,-2.07225954328074,3.09956483663032,-0.133811610352305,"Converged",FALSE,0.99,0.01
346,-2.00241313567173,2.24092645353667,-0.104912360052545,"Converged",FALSE,0.99,0.01
347,-1.62838822488431,1.3265446335304,-0.150624091385334,"Converged",FALSE,0.99,0.01
348,-1.98177103104237,2.09411293002899,-0.0943717128275864,"Converged",FALSE,0.99,0.01
349,-1.92971142850627,2.53262033576542,-0.148932992582039,"Converged",FALSE,0.99,0.01
350,-2.17639228764408,3.60119521526858,-0.145323597098157,"Converged",FALSE,0.99,0.01
351,-1.52867052835369,1.17531149559358,-0.158569330210648,"Converged",FALSE,0.99,0.01
352,-2.08175331820199,3.2253703014979,-0.142827149753005,"Converged",FALSE,0.99,0.01
353,-2.31354287407929,3.13176072581048,-0.0927557221923504,"Converged",FALSE,0.99,0.01
354,-2.59664790649211,3.84153589217699,-0.0674088871016443,"Converged",FALSE,0.99,0.01
355,-2.67019646992681,3.32946636778329,-0.02908696682166,"Converged",FALSE,0.99,0.01
356,-1.91325735459749,1.87758136320187,-0.103188538366435,"Converged",FALSE,0.99,0.01
357,-1.49444494515683,1.23221020843377,-0.154538992501287,"Converged",FALSE,0.99,0.01
358,-1.98772324811871,1.80224419934138,-0.117455132314632,"Converged",FALSE,0.99,0.01
359,-2.1861744827176,2.68960707535858,-0.0933064768209293,"Converged",FALSE,0.99,0.01
360,-1.60070920468197,0.905675422377423,-0.112562532598963,"Converged",FALSE,0.99,0.01
361,-2.23644638567455,2.81442488229072,-0.0895776077627104,"Converged",FALSE,0.99,0.01
362,-2.19105006652181,3.44851823064764,-0.193751367502823,"Converged",FALSE,0.99,0.01
363,-1.50299502849007,1.85892629532962,-0.220925480374118,"Converged",FALSE,0.99,0.01
364,-1.34137671952829,1.12853852825381,-0.174960467061751,"Converged",FALSE,0.99,0.01
365,-1.96072291443851,2.14276826055278,-0.136517382404807,"Converged",FALSE,0.99,0.01
366,-2.17955926980667,2.28598527243562,-0.0606034945914897,"Converged",FALSE,0.99,0.01
367,-2.29120813767306,3.24870895313133,-0.132979175554979,"Converged",FALSE,0.99,0.01
368,-1.60808993282763,1.13934206918184,-0.13941806657832,"Converged",FALSE,0.99,0.01
369,-2.27317644937353,3.05609760204651,-0.113478165799077,"Converged",FALSE,0.99,0.01
370,-1.35040376054668,-0.465123144622687,-0.0695263818917035,"Converged",FALSE,0.99,0.01
371,-1.83817498860855,1.24557314091066,-0.0948418941199058,"Converged",FALSE,0.99,0.01
372,-1.06965212116941,-0.629450820404,-0.120844125592485,"Converged",FALSE,0.99,0.01
373,-2.26473994850253,3.84411428389993,-0.191967753123855,"Converged",FALSE,0.99,0.01
374,-1.33198779044248,0.265521200346541,-0.102838248240147,"Converged",TRUE,0.99,0.01
375,-2.08266325096165,1.87535441744559,-0.0662182456737077,"Converged",FALSE,0.99,0.01
376,-1.5930873062798,1.23718115762965,-0.107263415823078,"Converged",FALSE,0.99,0.01
377,-2.36970683822414,3.00739537423854,-0.0695519264789581,"Converged",FALSE,0.99,0.01
378,-2.90172785027728,3.62222946081725,-0.0278266854053143,"Converged",FALSE,0.99,0.01
379,-2.28763912818673,2.1878955299837,-0.0403062076928982,"Converged",FALSE,0.99,0.01
380,-0.866371142387108,0.104339360628244,-0.195767883139267,"Converged",FALSE,0.99,0.01
381,-2.11064102151779,2.43341425615267,-0.121687513977337,"Converged",FALSE,0.99,0.01
382,-2.48397883728957,3.30860927933661,-0.0748371898528571,"Converged",FALSE,0.99,0.01
383,-1.76343451798576,1.36578377585128,-0.154371685117728,"Converged",FALSE,0.99,0.01
384,-2.38091068941111,2.49410915797992,-0.0556467540977714,"Converged",FALSE,0.99,0.01
385,-2.19748804313537,2.67641593550884,-0.0783120206079643,"Converged",FALSE,0.99,0.01
386,-1.57315063487009,1.92434094896921,-0.208880268782096,"Converged",FALSE,0.99,0.01
387,-2.80003787709285,4.34194698071569,-0.104026673217089,"Converged",FALSE,0.99,0.01
388,-1.41502752505114,1.84164351548195,-0.236010946707283,"Converged",FALSE,0.99,0.01
389,-1.48852307676039,0.83461738210732,-0.104989164063983,"Converged",FALSE,0.99,0.01
390,-1.86430842771262,0.960879740533715,-0.0522702182448098,"Converged",FALSE,0.99,0.01
391,-1.79676411180359,1.36317171408815,-0.101120525341288,"Converged",FALSE,0.99,0.01
392,-1.42203740431337,0.406824618306133,-0.0937797437778528,"Converged",FALSE,0.99,0.01
393,-1.41154462179753,0.988786755453737,-0.127433735121858,"Converged",FALSE,0.99,0.01
394,-1.76964412033317,2.03299304924034,-0.144766311474563,"Converged",FALSE,0.99,0.01
395,-1.85155666087675,2.45270158788566,-0.147559051155038,"Converged",FALSE,0.99,0.01
396,-1.61943570838508,0.553546100551314,-0.069694663361164,"Converged",FALSE,0.99,0.01
397,-2.24160742623852,2.74696322420635,-0.131014456098211,"Converged",FALSE,0.99,0.01
398,-1.94841749216174,1.86753121746624,-0.0944867483069109,"Converged",FALSE,0.99,0.01
399,-1.69945507569854,0.958089997224895,-0.0912144074273008,"Converged",FALSE,0.99,0.01
400,-2.3584395454144,3.54970184010686,-0.129298330245485,"Converged",FALSE,0.99,0.01
401,-1.26110767869622,0.287640148263012,-0.145542225320085,"Converged",FALSE,0.99,0.01
402,-2.62980077854399,3.77463523951981,-0.0866170904570745,"Converged",FALSE,0.99,0.01
403,-2.00066771353837,1.9195688050313,-0.119061158339991,"Converged",FALSE,0.99,0.01
404,-1.61933239588923,0.848191235163824,-0.0976959051722026,"Converged",FALSE,0.99,0.01
405,-1.86172849047297,1.71659846920395,-0.118660678649352,"Converged",FALSE,0.99,0.01
406,-1.88794942934336,1.94577555701598,-0.137185656714305,"Converged",FALSE,0.99,0.01
407,-2.57530556060837,4.05249681598478,-0.112066810051584,"Converged",FALSE,0.99,0.01
408,-2.18837624935079,2.21229775892182,-0.0826064391307968,"Converged",FALSE,0.99,0.01
409,-2.51045582894441,3.68819055265642,-0.136640034429783,"Converged",FALSE,0.99,0.01
410,-1.36574958888348,0.802365195107511,-0.150569071175022,"Converged",FALSE,0.99,0.01
411,-1.98112835590214,1.17332435401828,-0.0129470308915068,"Converged",FALSE,0.99,0.01
412,-2.16476238459383,2.72174179676016,-0.129476475675231,"Converged",FALSE,0.99,0.01
413,-1.99439086400766,1.91891380406937,-0.0723808020780988,"Converged",FALSE,0.99,0.01
414,-2.3934199411866,3.65494819967632,-0.131374517301031,"Converged",FALSE,0.99,0.01
415,-1.71007767379076,0.890072710767778,-0.105688233661853,"Converged",FALSE,0.99,0.01
416,-1.67130016408653,1.61684259667546,-0.145863341164771,"Converged",FALSE,0.99,0.01
417,-1.58356460647992,1.49389069295331,-0.160602504732223,"Converged",FALSE,0.99,0.01
418,-2.09719963609301,1.79303626935048,-0.0396675249829884,"Converged",FALSE,0.99,0.01
419,-2.62775081721966,2.88532932433901,-0.0308444592770942,"Converged",FALSE,0.99,0.01
420,-1.67851842194329,1.34613274569418,-0.0908994947478588,"Converged",FALSE,0.99,0.01
421,-2.20129648026396,3.07339948013097,-0.120711156495675,"Converged",FALSE,0.99,0.01
422,-1.25176957581599,-0.798614901509042,-0.0666192241743158,"Converged",FALSE,0.99,0.01
423,-1.93592098783306,2.37473385275132,-0.114278314665685,"Converged",FALSE,0.99,0.01
424,-1.60729793272615,1.51312934921125,-0.131598051064927,"Converged",FALSE,0.99,0.01
425,-2.15866962315329,3.40528455987686,-0.161765853942221,"Converged",FALSE,0.99,0.01
426,-1.82514756071758,2.18225234209234,-0.20927141803319,"Converged",FALSE,0.99,0.01
427,-2.33331726780454,3.4332243406369,-0.140841032395612,"Converged",FALSE,0.99,0.01
428,-1.7759269168276,1.7226552371155,-0.105327113910003,"Converged",FALSE,0.99,0.01
429,-2.16757048502955,2.40608868792908,-0.0760429383380754,"Converged",FALSE,0.99,0.01
430,-2.10008611419998,2.59787319764404,-0.107865330107654,"Converged",FALSE,0.99,0.01
431,-2.22654129341109,2.16782738413774,-0.0771773862972626,"Converged",FALSE,0.99,0.01
432,-2.50492066788256,2.80119851780696,-0.0297835596420572,"Converged",FALSE,0.99,0.01
433,-2.57735517835828,3.17580215136993,-0.083927978544138,"Converged",FALSE,0.99,0.01
434,-1.91246269376684,3.07466015796061,-0.188017409138328,"Converged",FALSE,0.99,0.01
435,-1.72846104835981,1.15348648342379,-0.102174883857562,"Converged",FALSE,0.99,0.01
436,-1.29649645906629,0.225876692949521,-0.14222983463876,"Converged",TRUE,0.99,0.01
437,-2.42872548521178,2.22964149422382,-0.0289202908247015,"Converged",FALSE,0.99,0.01
438,-1.99541090616999,1.41386171986899,-0.0619947198474077,"Converged",FALSE,0.99,0.01
439,-1.78177123726342,0.787867916444322,-0.0654321962854511,"Converged",FALSE,0.99,0.01
440,-1.86127484110028,1.36163176144529,-0.063414551650405,"Converged",FALSE,0.99,0.01
441,-2.01796174584441,3.12011496615157,-0.160816738756015,"Converged",FALSE,0.99,0.01
442,-1.71780333440321,2.12004338838219,-0.142235010026873,"Converged",FALSE,0.99,0.01
443,-1.69449561138332,0.3904368779801,-0.0500870033980195,"Converged",FALSE,0.99,0.01
444,-1.32268521019108,0.993864398786632,-0.192031504764893,"Converged",FALSE,0.99,0.01
445,-1.7743500738621,1.4599284577472,-0.0851529913946291,"Converged",FALSE,0.99,0.01
446,-1.73828430418672,2.00081988376435,-0.135779757262651,"Converged",FALSE,0.99,0.01
447,-2.03359799705872,1.53598318040985,-0.0794027374211265,"Converged",FALSE,0.99,0.01
448,-2.83464138356019,4.30642026233631,-0.113742335477848,"Converged",FALSE,0.99,0.01
449,-1.83290864049849,1.53456374785724,-0.0954919286790882,"Converged",FALSE,0.99,0.01
450,-1.68970985530226,1.2727093332769,-0.140021897707064,"Converged",FALSE,0.99,0.01
451,-1.24856841343251,0.156695820863655,-0.134862560015185,"Converged",FALSE,0.99,0.01
452,-1.7292815367743,0.554483334918347,-0.0289619062483734,"Converged",FALSE,0.99,0.01
453,-2.00585419538608,2.01040046132478,-0.0963341548609683,"Converged",FALSE,0.99,0.01
454,-2.17957376038838,3.51696521744058,-0.156672928553105,"Converged",FALSE,0.99,0.01
455,-1.9198083026734,1.09612602578858,-0.0510356568377319,"Converged",FALSE,0.99,0.01
456,-2.2129834895966,3.30119507642961,-0.11178075108309,"Converged",FALSE,0.99,0.01
457,-2.32661202614918,3.75136246899977,-0.145674589380483,"Converged",FALSE,0.99,0.01
458,-1.93044118774856,0.625348247926125,-0.0129274129904783,"Converged",FALSE,0.99,0.01
459,-1.77169061897391,2.37203576067042,-0.16351163767366,"Converged",FALSE,0.99,0.01
460,-1.45963917532436,1.58338800437947,-0.197560171862745,"Converged",FALSE,0.99,0.01
461,-2.06756652463294,2.6537705047854,-0.0896497453579687,"Converged",FALSE,0.99,0.01
462,-2.14311146960841,2.27752394219464,-0.107715642009103,"Converged",FALSE,0.99,0.01
463,-1.67906760787047,2.07413816188923,-0.182217629070755,"Converged",FALSE,0.99,0.01
464,-1.9268370562907,1.94982226169546,-0.0732518010658417,"Converged",FALSE,0.99,0.01
465,-1.87954778517467,1.3432866772595,-0.0890189961874887,"Converged",FALSE,0.99,0.01
466,-2.32395235113767,3.13051254877196,-0.116348144299914,"Converged",FALSE,0.99,0.01
467,-2.29056038100469,3.40299133089143,-0.087385093419059,"Converged",FALSE,0.99,0.01
468,-1.3851533530877,0.00699975542619143,-0.123863496717207,"Converged",FALSE,0.99,0.01
469,-1.95586952184312,2.00404867463629,-0.116424627323147,"Converged",FALSE,0.99,0.01
470,-2.00314152626633,2.20489608199356,-0.0757565661184345,"Converged",FALSE,0.99,0.01
471,-2.13800494803428,2.79206736919341,-0.121659053304196,"Converged",FALSE,0.99,0.01
472,-2.16438631783918,1.67492186879332,-0.0457367666507426,"Converged",FALSE,0.99,0.01
473,-1.04254355856238,-1.22716048743287,-0.0829381718405324,"Converged",FALSE,0.99,0.01
474,-1.79335320637284,2.34746984082604,-0.153860317375514,"Converged",FALSE,0.99,0.01
475,-2.03298714035002,2.14070906278691,-0.0945058690070631,"Converged",FALSE,0.99,0.01
476,-1.78963355976164,2.48265118972032,-0.172487410398316,"Converged",FALSE,0.99,0.01
477,-2.26023070089385,2.66816141150692,-0.117463360415511,"Converged",FALSE,0.99,0.01
478,-2.12111097158235,2.54048228365837,-0.0721555280760965,"Converged",FALSE,0.99,0.01
479,-1.56954020644794,1.2632530751164,-0.15726702374487,"Converged",FALSE,0.99,0.01
480,-2.12082871160168,2.74344748215472,-0.141648464893384,"Converged",FALSE,0.99,0.01
481,-3.38996860908621,5.63492769097235,-0.077121411555617,"Converged",FALSE,0.99,0.01
482,-2.16250900759929,2.32760227331979,-0.0727929714376534,"Converged",FALSE,0.99,0.01
483,-2.09254710743062,2.85497742259897,-0.104783200944069,"Converged",FALSE,0.99,0.01
484,-2.50682286334487,4.27042950683012,-0.156772449085709,"Converged",FALSE,0.99,0.01
485,-2.47385650794835,3.32932492640982,-0.0966885963079869,"Converged",FALSE,0.99,0.01
486,-2.11435481043113,2.30357702723199,-0.0953363794385639,"Converged",FALSE,0.99,0.01
487,-2.09702606778178,2.62897164566057,-0.0726385846097715,"Converged",FALSE,0.99,0.01
488,-2.43540636172716,2.60135690391091,-0.0665577422600107,"Converged",FALSE,0.99,0.01
489,-1.52662389468004,2.18237909068474,-0.19039231150016,"Converged",FALSE,0.99,0.01
490,-0.983557400209579,0.106940309974717,-0.220931201847635,"Converged",FALSE,0.99,0.01
491,-2.14867877225339,2.88328640145171,-0.128956401771825,"Converged",FALSE,0.99,0.01
492,-1.86534320507244,1.92856410490444,-0.137499654125502,"Converged",FALSE,0.99,0.01
493,-2.19778374579795,2.9252623865876,-0.0955019008541328,"Converged",FALSE,0.99,0.01
494,-1.85618330487521,1.68188532580188,-0.123841025200742,"Converged",FALSE,0.99,0.01
495,-1.90484291379812,1.48700876575583,-0.115976927163399,"Converged",FALSE,0.99,0.01
496,-1.57709371313409,1.1089062583242,-0.116603751591383,"Converged",FALSE,0.99,0.01
497,-2.12717209912004,2.02831916818281,-0.0756643072451395,"Converged",FALSE,0.99,0.01
498,-1.91129725605877,2.27521050024464,-0.144856571964109,"Converged",FALSE,0.99,0.01
499,-2.24543404094267,2.42689277988433,-0.0975149267181343,"Converged",FALSE,0.99,0.01
500,-1.83155716118798,1.73272844849882,-0.104775919440726,"Converged",FALSE,0.99,0.01
501,-2.42551630394739,3.37014119503903,-0.13361299117169,"Converged",FALSE,0.99,0.01
502,-2.27070349934395,2.770012110902,-0.114966263328854,"Converged",FALSE,0.99,0.01
503,-2.00168589419529,2.83053246198558,-0.151648189272682,"Converged",FALSE,0.99,0.01
504,-2.15243952043672,3.14996274676919,-0.140791893753326,"Converged",FALSE,0.99,0.01
505,-1.38338388778817,0.514619006597768,-0.114641876315676,"Converged",FALSE,0.99,0.01
506,-2.093426843085,1.17147017250973,-0.0500876147506217,"Converged",FALSE,0.99,0.01
507,-2.24287287162374,1.90156902434216,-0.0446359609171909,"Converged",FALSE,0.99,0.01
508,-1.3138325723645,-0.0398417297118037,-0.102697824469741,"Converged",FALSE,0.99,0.01
509,-1.92206689509507,0.76138680975085,-0.0107015127555333,"Converged",FALSE,0.99,0.01
510,-2.23035121612525,3.47564300759546,-0.144420743294269,"Converged",FALSE,0.99,0.01
511,-1.87222447048752,2.1549079587744,-0.112720945170572,"Converged",FALSE,0.99,0.01
512,-2.37564156749724,1.75704241733908,-0.0118141226132663,"Converged",FALSE,0.99,0.01
513,-2.74428085656446,3.71486826105329,-0.0820196499398434,"Converged",FALSE,0.99,0.01
514,-1.59078262071614,1.67637169825551,-0.121396596731743,"Converged",FALSE,0.99,0.01
515,-1.55002039514768,0.569028863897714,-0.0644648922298934,"Converged",FALSE,0.99,0.01
516,-2.34699413764522,3.10378130720014,-0.118722344427742,"Converged",FALSE,0.99,0.01
517,-2.47138407663705,2.67782977414038,-0.0108796310225338,"Converged",FALSE,0.99,0.01
518,-2.7064409935283,4.51477921212556,-0.103358433641266,"Converged",FALSE,0.99,0.01
519,-3.08836727372456,3.87899821638017,-0.033359989005236,"Converged",TRUE,0.99,0.01
520,-1.63081367755824,2.31099240517224,-0.180093665947217,"Converged",FALSE,0.99,0.01
521,-2.17342214151078,2.31109101366066,-0.0531291785926332,"Converged",FALSE,0.99,0.01
522,-1.81889944447938,1.98375854008221,-0.095172406319703,"Converged",FALSE,0.99,0.01
523,-1.77693027110113,2.47497988998989,-0.175002617145164,"Converged",FALSE,0.99,0.01
524,-2.24825431515855,1.94872418248556,-0.0355114390371131,"Converged",FALSE,0.99,0.01
525,-2.3764342606174,2.14437117907167,-0.0323441881664163,"Converged",FALSE,0.99,0.01
526,-1.92806907222485,2.21204323679773,-0.138954552063942,"Converged",FALSE,0.99,0.01
527,-1.39265445166892,1.43128101447911,-0.197586128908599,"Converged",TRUE,0.99,0.01
528,-2.14825791175155,2.59431472066051,-0.0798896704511141,"Converged",FALSE,0.99,0.01
529,-1.40828511381186,-0.152414079054192,-0.108128106837648,"Converged",FALSE,0.99,0.01
530,-2.08425009660617,1.75577094457942,-0.0242068773685769,"Converged",FALSE,0.99,0.01
531,-2.40160645089172,2.83941084178708,-0.0651220959860778,"Converged",FALSE,0.99,0.01
532,-2.23544484625741,2.53492735246007,-0.0999866064413045,"Converged",FALSE,0.99,0.01
533,-2.53894052507243,2.80923028231395,-0.04156488612447,"Converged",FALSE,0.99,0.01
534,-1.97891385860952,1.08725754245768,-0.0641881020979242,"Converged",FALSE,0.99,0.01
535,-1.64234999703898,0.664708384840099,-0.0804408904128272,"Converged",FALSE,0.99,0.01
536,-2.41721734330321,2.76139414149027,-0.0683364254191709,"Converged",FALSE,0.99,0.01
537,-1.91069059524911,1.5525200185348,-0.0706803760386869,"Converged",FALSE,0.99,0.01
538,-1.66307109008054,2.10803211784085,-0.155919657989079,"Converged",FALSE,0.99,0.01
539,-2.31231254884168,2.82816002003483,-0.0918029219762972,"Converged",FALSE,0.99,0.01
540,-1.90320085557874,1.73067412552612,-0.104360084001693,"Converged",FALSE,0.99,0.01
541,-2.14723283090735,1.80574804637122,-0.0756921858094884,"Converged",FALSE,0.99,0.01
542,-2.49122884788646,3.12253167206468,-0.0720252254623603,"Converged",FALSE,0.99,0.01
543,-1.72657707287107,0.985407970744715,-0.0691687454357768,"Converged",FALSE,0.99,0.01
544,-1.6581392831347,1.4451473078309,-0.123687513102856,"Converged",FALSE,0.99,0.01
545,-1.89099532258516,1.57717197077775,-0.0605133785221177,"Converged",FALSE,0.99,0.01
546,-1.86564281320267,2.37607937109767,-0.166117509158977,"Converged",FALSE,0.99,0.01
547,-1.75859961834932,1.50494663673514,-0.105917395737517,"Converged",TRUE,0.99,0.01
548,-2.56374070855018,2.61765714694244,-0.0126032982774833,"Converged",FALSE,0.99,0.01
549,-2.01084715623068,2.02100461431237,-0.0972501931837263,"Converged",FALSE,0.99,0.01
550,-1.81655947188882,2.40019565388373,-0.163848297275269,"Converged",FALSE,0.99,0.01
551,-1.88095556719988,2.36880663448475,-0.153358461574135,"Converged",FALSE,0.99,0.01
552,-1.93531531367781,1.84353163025658,-0.112088714634214,"Converged",FALSE,0.99,0.01
553,-1.38912194510788,1.52256035924231,-0.16956582853426,"Converged",FALSE,0.99,0.01
554,-2.48800243463958,3.03041066510585,-0.0988920550431722,"Converged",FALSE,0.99,0.01
555,-2.24719089902156,2.51466100139905,-0.0672549504233043,"Converged",FALSE,0.99,0.01
556,-2.43721057232591,3.14296750722056,-0.0666497995242174,"Converged",FALSE,0.99,0.01
557,-2.05618213976898,2.07179529095676,-0.0911240237338156,"Converged",TRUE,0.99,0.01
558,-1.98950168387479,2.7123275411389,-0.150633423383892,"Converged",FALSE,0.99,0.01
559,-2.00146806147496,1.58336022875192,-0.0814401169897872,"Converged",FALSE,0.99,0.01
560,-2.72847907926672,3.12132212703742,-0.0168102499092276,"Converged",FALSE,0.99,0.01
561,-1.75715447942579,1.0787321878654,-0.127723670848751,"Converged",FALSE,0.99,0.01
562,-2.61552088990098,3.15778722484751,-0.0454899666972761,"Converged",FALSE,0.99,0.01
563,-1.80070000177869,2.05099510065598,-0.14606153497106,"Converged",FALSE,0.99,0.01
564,-2.28741186994787,3.42913408108232,-0.0867320838200618,"Converged",FALSE,0.99,0.01
565,-2.01607825960676,2.05537687072252,-0.0795962063310824,"Converged",FALSE,0.99,0.01
566,-2.28671509761936,2.3902549175383,-0.0426201979048653,"Converged",FALSE,0.99,0.01
567,-1.6194873834139,1.33990848365368,-0.137013393644609,"Converged",FALSE,0.99,0.01
568,-1.81143797660565,1.63157240175869,-0.129520060546275,"Converged",FALSE,0.99,0.01
569,-1.76786804461113,1.38854084946365,-0.0972194428119591,"Converged",FALSE,0.99,0.01
570,-2.74350003541313,2.49496905449945,0.0261967508227212,"Converged",TRUE,0.99,0.01
571,-2.04814686804234,2.39481587913273,-0.150929391452057,"Converged",FALSE,0.99,0.01
572,-2.54820053846362,3.4351260222218,-0.0509265858828613,"Converged",FALSE,0.99,0.01
573,-2.20425397441389,1.96624452847219,-0.0823235615278464,"Converged",FALSE,0.99,0.01
574,-1.27823817911004,0.897007507641605,-0.175113872993117,"Converged",FALSE,0.99,0.01
575,-1.92258216924661,2.85394183828449,-0.149916143472992,"Converged",FALSE,0.99,0.01
576,-2.11965571212576,2.66729423165748,-0.0932489182297643,"Converged",FALSE,0.99,0.01
577,-1.80888826337277,1.18732671377398,-0.0930541271784206,"Converged",FALSE,0.99,0.01
578,-1.92983038999817,1.67142929419533,-0.0951354316350203,"Converged",FALSE,0.99,0.01
579,-2.16643556237053,1.39090485625588,-0.012696054282427,"Converged",FALSE,0.99,0.01
580,-0.948372397020163,0.409138001544572,-0.174356095766406,"Converged",FALSE,0.99,0.01
581,-1.51559014321529,0.498962657906979,-0.0978307956504722,"Converged",FALSE,0.99,0.01
582,-1.73322165013118,0.521283521436563,-0.0553776906419699,"Converged",FALSE,0.99,0.01
583,-1.58525520111697,0.906930953259203,-0.145413379647303,"Converged",FALSE,0.99,0.01
584,-1.159881408705,0.630192686132817,-0.160456458412384,"Converged",FALSE,0.99,0.01
585,-2.69338196388535,4.75675582545515,-0.131505244080578,"Converged",FALSE,0.99,0.01
586,-2.81486194192291,3.98137893744294,-0.056197549072333,"Converged",FALSE,0.99,0.01
587,-2.75056088014212,4.31843752472358,-0.0985445772731749,"Converged",FALSE,0.99,0.01
588,-2.24290069659583,1.90930548497782,-0.0620040384609421,"Converged",FALSE,0.99,0.01
589,-2.09599414857004,2.75898039483704,-0.116477636605012,"Converged",FALSE,0.99,0.01
590,-1.95688080581585,1.53795461786017,-0.0820220578003719,"Converged",FALSE,0.99,0.01
591,-2.50385634874446,2.50748359558585,-0.0155475666028599,"Converged",FALSE,0.99,0.01
592,-1.44908276574793,1.48414465156539,-0.18827586899951,"Converged",FALSE,0.99,0.01
593,-1.83956306200986,1.75354246400598,-0.118001547131919,"Converged",FALSE,0.99,0.01
594,-2.16704370739244,1.32223696000541,-0.0112350848747282,"Converged",FALSE,0.99,0.01
595,-3.14402672770907,3.78272495736889,0.00670837915523524,"Converged",FALSE,0.99,0.01
596,-2.37793298014056,2.90533975330741,-0.0621557451918806,"Converged",FALSE,0.99,0.01
597,-2.40472763008761,3.66081390812521,-0.129948034014666,"Converged",FALSE,0.99,0.01
598,-2.01377592893493,2.40002247249087,-0.141709841115115,"Converged",FALSE,0.99,0.01
599,-2.08526371119026,1.91826877719478,-0.0793713935849893,"Converged",FALSE,0.99,0.01
600,-2.42733976481801,2.85336952179983,-0.0497275397020186,"Converged",FALSE,0.99,0.01
601,-1.32754474425947,1.44672892387604,-0.192793569520936,"Converged",FALSE,0.99,0.01
602,-2.09229626144814,1.78141093846767,-0.0680796105421647,"Converged",FALSE,0.99,0.01
603,-2.68844114639759,2.89342011665245,-0.0140391357098783,"Converged",FALSE,0.99,0.01
604,-1.80535258404221,1.78905985763013,-0.159594029841798,"Converged",FALSE,0.99,0.01
605,-2.84549909160521,3.03840895478439,-0.0102688529919676,"Converged",FALSE,0.99,0.01
606,-2.39337355526639,3.74867918064909,-0.140345732510683,"Converged",FALSE,0.99,0.01
607,-2.40636045084876,1.81245797126854,0.00345337953220686,"Converged",FALSE,0.99,0.01
608,-2.15571150506315,2.1345612559633,-0.121797743773563,"Converged",FALSE,0.99,0.01
609,-2.47104726879972,3.03404146493784,-0.0839290604532092,"Converged",FALSE,0.99,0.01
610,-2.38172379170424,3.07699598105038,-0.115073708353556,"Converged",FALSE,0.99,0.01
611,-1.99767148126727,3.0499929018748,-0.168152164510733,"Converged",FALSE,0.99,0.01
612,-2.03468823015059,0.774855680161938,-0.00648690554275076,"Converged",FALSE,0.99,0.01
613,-1.46830940557888,1.29156740167682,-0.170552331950646,"Converged",FALSE,0.99,0.01
614,-1.94611915344473,2.13164410510093,-0.135863517761396,"Converged",FALSE,0.99,0.01
615,-1.84771754810286,1.7981963394831,-0.11092070690393,"Converged",FALSE,0.99,0.01
616,-1.85152822439106,1.78674667006116,-0.105886224569239,"Converged",FALSE,0.99,0.01
617,-2.15801872595758,2.78093305701962,-0.0866191542510917,"Converged",FALSE,0.99,0.01
618,-1.56783479386476,1.09816295779754,-0.121632151178778,"Converged",FALSE,0.99,0.01
619,-2.23184671224453,3.03125807973515,-0.136950768328537,"Converged",FALSE,0.99,0.01
620,-2.26131348142925,1.96554434928138,-0.0180290550936083,"Converged",FALSE,0.99,0.01
621,-1.93351027095299,1.80116637488733,-0.0903819923799096,"Converged",FALSE,0.99,0.01
622,NA,NA,NA,"MAX_ITER reached",FALSE,0.99,0.01
623,-1.92801015466281,1.66719997636126,-0.0674788848667409,"Converged",FALSE,0.99,0.01
624,-1.64887166224816,-0.0190975459853466,-0.0476333851823226,"Converged",FALSE,0.99,0.01
625,-2.3017734290836,3.41220439450551,-0.124672977764351,"Converged",FALSE,0.99,0.01
626,-1.44312056776166,1.84630552534992,-0.187476017193913,"Converged",FALSE,0.99,0.01
627,-2.52683804052668,3.22349777528928,-0.0540450081870705,"Converged",FALSE,0.99,0.01
628,-0.786753940526145,-0.332741969790041,-0.167379078192879,"Converged",FALSE,0.99,0.01
629,-1.87631081600151,1.35862235554805,-0.0672961396699501,"Converged",FALSE,0.99,0.01
630,-2.2743688181316,2.28078093006367,-0.0945309841799888,"Converged",FALSE,0.99,0.01
631,-2.08682075517248,2.32837308915217,-0.107180247968857,"Converged",FALSE,0.99,0.01
632,-2.30026875105273,2.57538781632002,-0.0771067443575949,"Converged",FALSE,0.99,0.01
633,-2.57314684977748,2.93204894316691,-0.0345009122015629,"Converged",FALSE,0.99,0.01
634,-1.61696904427293,1.96211899262331,-0.191480936231026,"Converged",FALSE,0.99,0.01
635,-1.85026875394702,1.93196061430206,-0.136607967037596,"Converged",FALSE,0.99,0.01
636,-1.8056734559993,1.61774447859729,-0.0965485754377679,"Converged",FALSE,0.99,0.01
637,-1.95722887946269,2.51740600103717,-0.130280403920776,"Converged",FALSE,0.99,0.01
638,-1.81313009553434,1.94896213016995,-0.107820487748604,"Converged",FALSE,0.99,0.01
639,-1.66770576733695,2.54347470893025,-0.213431059290415,"Converged",FALSE,0.99,0.01
640,-1.34425128994465,0.876124415698316,-0.179257994759674,"Converged",FALSE,0.99,0.01
641,-1.96415549156499,1.24166957817343,-0.0472481465692502,"Converged",FALSE,0.99,0.01
642,-1.98493599730426,1.88168030684504,-0.0996407417891497,"Converged",FALSE,0.99,0.01
643,-2.19852575303985,2.8511982118389,-0.120061275097768,"Converged",FALSE,0.99,0.01
644,-1.85546187084851,2.37698243068181,-0.125055121876529,"Converged",FALSE,0.99,0.01
645,-1.41799002429996,0.540222955726626,-0.146659683332859,"Converged",FALSE,0.99,0.01
646,-2.10967140320392,2.72272452964987,-0.146545010153842,"Converged",FALSE,0.99,0.01
647,-1.22550589113428,1.31359220717677,-0.198023668882301,"Converged",FALSE,0.99,0.01
648,-1.529843218443,0.525309571093873,-0.0721299814456409,"Converged",FALSE,0.99,0.01
649,-1.59942016699459,0.246519353722031,-0.0514254210509141,"Converged",FALSE,0.99,0.01
650,-2.58613008312841,3.12336029576334,-0.0368481477633174,"Converged",FALSE,0.99,0.01
651,-1.90972146301113,1.72868816200514,-0.0820073101377217,"Converged",FALSE,0.99,0.01
652,-1.23094916329011,0.640651980425602,-0.199423912968806,"Converged",FALSE,0.99,0.01
653,-1.14238084691498,0.630781198290396,-0.150693823944536,"Converged",FALSE,0.99,0.01
654,-2.12986555379944,2.0491219047028,-0.0738276424437715,"Converged",FALSE,0.99,0.01
655,-2.46557614563358,3.60810172882663,-0.117152645586859,"Converged",FALSE,0.99,0.01
656,-1.59821668052035,1.03907152494581,-0.0674041157544505,"Converged",FALSE,0.99,0.01
657,-1.9760286922121,2.30251283962385,-0.147953233794256,"Converged",FALSE,0.99,0.01
658,-1.41448536362436,0.677368349843802,-0.100111978564757,"Converged",FALSE,0.99,0.01
659,-2.21665063717789,2.054579715346,-0.064973265827384,"Converged",FALSE,0.99,0.01
660,-2.12510319010315,2.66905389404095,-0.0825816957050382,"Converged",FALSE,0.99,0.01
661,-1.58384248657098,0.878890915115211,-0.129595831585173,"Converged",FALSE,0.99,0.01
662,-1.77540244642001,1.96672250732878,-0.0918366214322924,"Converged",FALSE,0.99,0.01
663,-2.4629807832414,3.50218194978619,-0.0960023018416342,"Converged",FALSE,0.99,0.01
664,-1.50352172662732,1.4670817522984,-0.132863084079135,"Converged",FALSE,0.99,0.01
665,-2.13856759713832,1.9659304578814,-0.0714664355304098,"Converged",FALSE,0.99,0.01
666,-1.92745452983185,2.63976273588538,-0.134130135330268,"Converged",FALSE,0.99,0.01
667,-2.35313510923364,2.98624767739016,-0.105129367257009,"Converged",FALSE,0.99,0.01
668,-1.24618237693947,0.366730049805364,-0.130335906557827,"Converged",FALSE,0.99,0.01
669,-1.6645635768719,1.58006226054902,-0.128031121161289,"Converged",FALSE,0.99,0.01
670,-2.15600452050251,1.49116371187398,-0.0367266738139192,"Converged",FALSE,0.99,0.01
671,-1.71220545097306,0.861768100694381,-0.0760659054431114,"Converged",FALSE,0.99,0.01
672,-2.21847943594848,1.66900049695773,-0.0343759872897447,"Converged",FALSE,0.99,0.01
673,-1.60042334145763,0.859549248903553,-0.117687235150769,"Converged",FALSE,0.99,0.01
674,-1.94460361151241,2.04405371961673,-0.0935983492906643,"Converged",FALSE,0.99,0.01
675,-1.82460309421331,1.10311660064989,-0.072731629328,"Converged",TRUE,0.99,0.01
676,-2.53054527787388,1.63014377330445,0.0508586577729596,"Converged",FALSE,0.99,0.01
677,-2.08142956806286,1.74931659617168,-0.0703943338610401,"Converged",FALSE,0.99,0.01
678,-2.26020656081234,3.03138052546778,-0.132576972630144,"Converged",FALSE,0.99,0.01
679,-2.02852131152656,1.58022268440512,-0.0690333007714604,"Converged",FALSE,0.99,0.01
680,-1.41474442505395,0.685445889954026,-0.171983687048405,"Converged",FALSE,0.99,0.01
681,-2.57652132051534,2.16881836449549,0.0131737779594632,"Converged",FALSE,0.99,0.01
682,-1.99225756019452,2.40452122070854,-0.122557832868303,"Converged",FALSE,0.99,0.01
683,-1.86882081535975,1.63642694777085,-0.110749841679351,"Converged",FALSE,0.99,0.01
684,-1.94110575375671,1.6658185808019,-0.0973999443227602,"Converged",FALSE,0.99,0.01
685,-1.35194736948891,0.579876237483097,-0.142748653622997,"Converged",FALSE,0.99,0.01
686,-2.24592241860172,2.20132186646058,-0.0532217642257338,"Converged",FALSE,0.99,0.01
687,-2.16478731535839,2.99723238642254,-0.134791994270684,"Converged",FALSE,0.99,0.01
688,-1.72162125616901,2.22448579116731,-0.154487764613673,"Converged",FALSE,0.99,0.01
689,-2.74300594680699,4.10167765242026,-0.0829178977865935,"Converged",FALSE,0.99,0.01
690,-1.47529638543055,1.89420773516212,-0.182491699434258,"Converged",FALSE,0.99,0.01
691,-1.76417880750507,1.6511320529146,-0.119254388768335,"Converged",FALSE,0.99,0.01
692,-1.94966964779357,1.99984337987753,-0.108609361524686,"Converged",FALSE,0.99,0.01
693,-1.71175014193554,1.06139323335381,-0.0650012681430454,"Converged",FALSE,0.99,0.01
694,-1.27866254397948,-0.0586377858813358,-0.0851913470173476,"Converged",FALSE,0.99,0.01
695,-1.46984454000233,0.488150328181476,-0.0865129031481131,"Converged",FALSE,0.99,0.01
696,-2.23442170488189,1.97310481971675,-0.0689746950994894,"Converged",FALSE,0.99,0.01
697,-1.53934024632204,-0.186268052748019,-0.0210865152377831,"Converged",FALSE,0.99,0.01
698,-2.2726656837922,2.00391160632419,-0.053929431839805,"Converged",FALSE,0.99,0.01
699,-2.40903653599414,2.36737430485492,-0.0492007711008509,"Converged",FALSE,0.99,0.01
700,-1.73944539685291,1.84524435746759,-0.150827093226167,"Converged",FALSE,0.99,0.01
701,-1.13271384893857,0.0478963453619515,-0.159246380998991,"Converged",FALSE,0.99,0.01
702,-1.8564716915313,0.890763244263554,-0.0741362863585064,"Converged",FALSE,0.99,0.01
703,-1.32341012394527,1.39541116946915,-0.230055655182152,"Converged",FALSE,0.99,0.01
704,-2.15557971557399,2.04262854020546,-0.0725256824466492,"Converged",FALSE,0.99,0.01
705,-1.51252828005869,0.303659397040847,-0.0524868975856152,"Converged",FALSE,0.99,0.01
706,-1.76372420295902,1.99395143288857,-0.128072528409258,"Converged",FALSE,0.99,0.01
707,-2.02991825011242,2.30009242178651,-0.129108347860294,"Converged",FALSE,0.99,0.01
708,-2.36144777870987,3.20465552296883,-0.13054525828539,"Converged",FALSE,0.99,0.01
709,-1.45687597764036,1.0120081141262,-0.170334150054276,"Converged",FALSE,0.99,0.01
710,-2.0095131569995,2.29881870819904,-0.0935289025168907,"Converged",FALSE,0.99,0.01
711,-1.67180632950704,0.550104137658303,-0.104803020176727,"Converged",FALSE,0.99,0.01
712,-2.43173393903399,2.72431615853799,-0.0721759463899389,"Converged",FALSE,0.99,0.01
713,-1.94413606575901,1.64634248762767,-0.0896713407267446,"Converged",FALSE,0.99,0.01
714,-1.45241580331588,1.32733932498377,-0.162551509020517,"Converged",FALSE,0.99,0.01
715,-2.0421710981663,1.41713460392583,-0.0291505850349328,"Converged",FALSE,0.99,0.01
716,-2.16701693554833,2.24040436851694,-0.0623863001398159,"Converged",FALSE,0.99,0.01
717,-2.12634429298165,2.61058167048993,-0.110745264304552,"Converged",FALSE,0.99,0.01
718,-2.7498162609437,2.40735246449605,-0.0336563738019049,"Converged",FALSE,0.99,0.01
719,-2.02052866572789,1.88571716938376,-0.0772743636462823,"Converged",FALSE,0.99,0.01
720,-1.42180771931489,0.440507905969291,-0.143358808847937,"Converged",FALSE,0.99,0.01
721,-1.99150128265631,2.68187510825412,-0.165405011596512,"Converged",TRUE,0.99,0.01
722,-2.09503036727438,2.17924521208362,-0.0991647115919679,"Converged",FALSE,0.99,0.01
723,-2.07998951507592,2.10963104677184,-0.0743311331065945,"Converged",FALSE,0.99,0.01
724,-1.88747387616276,1.50864250384667,-0.086792654568439,"Converged",FALSE,0.99,0.01
725,-2.14016913364556,3.3580442840633,-0.145623830085385,"Converged",FALSE,0.99,0.01
726,-1.76663778955655,1.81829901475139,-0.130963823773252,"Converged",FALSE,0.99,0.01
727,-1.90845214589558,1.62785126516441,-0.0916540692500007,"Converged",FALSE,0.99,0.01
728,-2.38828320026349,3.53508895152879,-0.0901256097694131,"Converged",FALSE,0.99,0.01
729,-1.92331748056674,1.71197760246691,-0.0844343729131514,"Converged",FALSE,0.99,0.01
730,-2.42913419468903,3.11836022046704,-0.110115645377123,"Converged",FALSE,0.99,0.01
731,-1.0061921593844,-0.923193094893744,-0.144021590317972,"Converged",FALSE,0.99,0.01
732,-1.91853559556812,0.982869908412027,-0.0681050352626539,"Converged",FALSE,0.99,0.01
733,-1.91440227631121,2.21883278414404,-0.129501234026191,"Converged",FALSE,0.99,0.01
734,-1.6647766085738,1.33801831472413,-0.110456340899393,"Converged",FALSE,0.99,0.01
735,-1.99415995915651,2.26801514841831,-0.143055872798289,"Converged",FALSE,0.99,0.01
736,-1.86260112967004,1.75965336316482,-0.114303842296473,"Converged",FALSE,0.99,0.01
737,-1.92491284577431,1.94928080395933,-0.114759507373382,"Converged",FALSE,0.99,0.01
738,-2.41055461108314,3.33732163672448,-0.0843238421528649,"Converged",FALSE,0.99,0.01
739,-2.11909166449596,2.27302773941041,-0.0747839615972374,"Converged",FALSE,0.99,0.01
740,-1.88887451954883,1.69102160109159,-0.0570438564470093,"Converged",FALSE,0.99,0.01
741,-2.34044680766658,3.28788994485853,-0.12206299882932,"Converged",FALSE,0.99,0.01
742,-2.0828066290501,2.53693804163719,-0.105418256965325,"Converged",FALSE,0.99,0.01
743,-1.56880942881082,1.57270952530987,-0.162368928470622,"Converged",FALSE,0.99,0.01
744,-1.20537107828432,-0.52875891676071,-0.0803183805097532,"Converged",FALSE,0.99,0.01
745,-2.31766749874835,2.74642355104315,-0.0791185490213383,"Converged",FALSE,0.99,0.01
746,-2.42375973316297,2.81799902130912,-0.0681441146037205,"Converged",FALSE,0.99,0.01
747,-1.38300275525021,1.28222841115102,-0.133625634875008,"Converged",TRUE,0.99,0.01
748,-1.64727239303007,1.92281276997456,-0.157573741043531,"Converged",FALSE,0.99,0.01
749,-1.96891477560478,2.39962739950386,-0.134535136541868,"Converged",TRUE,0.99,0.01
750,-2.11021751949538,2.86605653565484,-0.119047499031177,"Converged",FALSE,0.99,0.01
751,-1.67478548672446,1.12752868469903,-0.114509829801171,"Converged",FALSE,0.99,0.01
752,-1.9208584464096,0.752123801070593,-0.0582903929917692,"Converged",FALSE,0.99,0.01
753,-2.63309743202332,4.41554859288112,-0.143938025494204,"Converged",FALSE,0.99,0.01
754,-1.88088517952482,1.34557964170376,-0.0698450317522107,"Converged",FALSE,0.99,0.01
755,-2.09623284592494,2.45612456679338,-0.0978990477677971,"Converged",FALSE,0.99,0.01
756,-2.00494922024583,2.14782655495123,-0.115321120992839,"Converged",FALSE,0.99,0.01
757,-2.34484518620099,2.91784780304396,-0.104470918263261,"Converged",FALSE,0.99,0.01
758,-2.22209017343754,1.88740687177248,-0.0747765814649834,"Converged",TRUE,0.99,0.01
759,-1.81913266560766,1.98896181961846,-0.131067513660387,"Converged",FALSE,0.99,0.01
760,-1.56903608528641,1.24567014062556,-0.127684776419275,"Converged",TRUE,0.99,0.01
761,-2.3107479739979,2.68722250571045,-0.0538146536309296,"Converged",FALSE,0.99,0.01
762,-2.63602916693032,3.74994448187053,-0.0883824750577993,"Converged",FALSE,0.99,0.01
763,-1.59770724693935,0.455151182180866,-0.0638393812861086,"Converged",FALSE,0.99,0.01
764,-2.18326376698387,2.41225282833424,-0.108663760847695,"Converged",FALSE,0.99,0.01
765,-1.69048424826857,1.41893611879426,-0.117954235650932,"Converged",FALSE,0.99,0.01
766,-1.7977325499849,1.74123844359515,-0.11434107348659,"Converged",FALSE,0.99,0.01
767,-2.09113489201409,1.73664159618854,-0.0425156718101564,"Converged",FALSE,0.99,0.01
768,-1.62064654165189,0.529954989404663,-0.0735383537110645,"Converged",FALSE,0.99,0.01
769,-1.65427730014374,0.858276578587018,-0.0973620220518299,"Converged",FALSE,0.99,0.01
770,-1.67369271381778,0.79125707669763,-0.090894027043873,"Converged",FALSE,0.99,0.01
771,-2.4959515011477,2.21891526409082,-0.0245796204222483,"Converged",FALSE,0.99,0.01
772,-1.65037127155603,1.44114658665238,-0.110412477501434,"Converged",FALSE,0.99,0.01
773,-2.24896485243458,2.05514507823147,-0.0610007705799546,"Converged",FALSE,0.99,0.01
774,-1.14492523831238,-0.212044215387023,-0.133493613935385,"Converged",FALSE,0.99,0.01
775,-1.47683817679557,0.0904474642171514,-0.0849342906846079,"Converged",TRUE,0.99,0.01
776,-1.28441874889059,0.321650122964805,-0.090950359546097,"Converged",FALSE,0.99,0.01
777,-1.33497118696154,1.13712042879853,-0.172204418811171,"Converged",FALSE,0.99,0.01
778,-2.37860255717823,2.46772629760769,-0.0453565302966375,"Converged",FALSE,0.99,0.01
779,-1.63864869228108,1.31001491801994,-0.125738385380771,"Converged",FALSE,0.99,0.01
780,-2.00610646044499,2.00712448337122,-0.0837850135109419,"Converged",FALSE,0.99,0.01
781,-1.59790561569877,1.12321195934661,-0.085962597913401,"Converged",FALSE,0.99,0.01
782,-2.0867558887057,1.77149017399828,-0.0642666555937273,"Converged",FALSE,0.99,0.01
783,-1.10275773939751,1.11544318664444,-0.242289983593423,"Converged",FALSE,0.99,0.01
784,-1.72034735873902,1.61554399020909,-0.138361919381637,"Converged",FALSE,0.99,0.01
785,-1.71274725925268,1.59886985420667,-0.101899109608819,"Converged",FALSE,0.99,0.01
786,-1.38420513247355,0.681039384190976,-0.14666968162489,"Converged",FALSE,0.99,0.01
787,-1.74367653176355,2.53534180031826,-0.193987289169691,"Converged",FALSE,0.99,0.01
788,-2.17724499177829,2.38624263823467,-0.0552056174569728,"Converged",FALSE,0.99,0.01
789,-2.70719628325453,4.24368329595726,-0.128079386785002,"Converged",FALSE,0.99,0.01
790,-1.60018367754316,1.30586412048511,-0.0840736331943329,"Converged",FALSE,0.99,0.01
791,-1.21310773358525,-0.50215644955792,-0.122930516206788,"Converged",FALSE,0.99,0.01
792,-2.25219762196876,2.71966989063263,-0.0536043298613702,"Converged",FALSE,0.99,0.01
793,-1.87923858876555,1.74711492481804,-0.084665795166467,"Converged",FALSE,0.99,0.01
794,-2.37877080755433,3.02148580769227,-0.107083029350742,"Converged",FALSE,0.99,0.01
795,-1.57868715557116,0.930911099026832,-0.104918977562684,"Converged",FALSE,0.99,0.01
796,-1.33691208993216,0.587070592055496,-0.155623958284015,"Converged",FALSE,0.99,0.01
797,-2.2928979710171,3.22452012713564,-0.0834620818047638,"Converged",FALSE,0.99,0.01
798,-1.9209741868072,0.859895413913537,-0.0509703302064545,"Converged",FALSE,0.99,0.01
799,-1.61627803446763,0.751647522877752,-0.0619691266584145,"Converged",TRUE,0.99,0.01
800,-1.7878540687043,2.37872598621705,-0.137719123890299,"Converged",FALSE,0.99,0.01
801,-1.43979688864166,0.749478414851209,-0.109565678870717,"Converged",FALSE,0.99,0.01
802,-1.49598180781054,2.09771868899346,-0.190886076016534,"Converged",FALSE,0.99,0.01
803,-1.48828449523621,0.237503607679494,-0.0691519770573086,"Converged",FALSE,0.99,0.01
804,-1.64537852425138,0.185160425966251,-0.0443152521390966,"Converged",FALSE,0.99,0.01
805,-1.7398930207606,1.35557524168331,-0.12503680631707,"Converged",FALSE,0.99,0.01
806,-1.77363369524409,1.53492639709695,-0.106835266159265,"Converged",FALSE,0.99,0.01
807,-2.43834579257019,3.51566890882118,-0.108220144593293,"Converged",FALSE,0.99,0.01
808,-2.2306019784641,3.37339196666955,-0.150703202427983,"Converged",FALSE,0.99,0.01
809,-1.67092057798399,1.78755272442642,-0.150507031534366,"Converged",FALSE,0.99,0.01
810,-2.00394566164742,2.57699921779321,-0.120367201024254,"Converged",FALSE,0.99,0.01
811,-2.34297898793237,1.96863528601943,-0.0225054029064583,"Converged",FALSE,0.99,0.01
812,-2.230669999516,2.8370429136604,-0.086563473494174,"Converged",FALSE,0.99,0.01
813,-2.27468122205769,2.88712303654571,-0.111790680018557,"Converged",FALSE,0.99,0.01
814,-2.10007247837557,2.58680263665608,-0.118861187444525,"Converged",FALSE,0.99,0.01
815,-1.73242057953402,1.64431992400343,-0.123890973903568,"Converged",FALSE,0.99,0.01
816,-2.52433022223981,3.55454357844501,-0.109236144583563,"Converged",FALSE,0.99,0.01
817,-2.3361082192481,2.19150794687804,-0.0313912349201945,"Converged",FALSE,0.99,0.01
818,-2.29998899657467,2.87100453408897,-0.0844618976987025,"Converged",FALSE,0.99,0.01
819,-1.96667424111282,3.16965165126286,-0.215135950046866,"Converged",FALSE,0.99,0.01
820,-1.88946221653062,2.01068800463714,-0.121052602681752,"Converged",FALSE,0.99,0.01
821,-2.61100102377035,3.72465666436083,-0.101152804952973,"Converged",FALSE,0.99,0.01
822,-1.53778226838566,0.796281962953947,-0.11067502804264,"Converged",FALSE,0.99,0.01
823,-1.75083110203179,1.59163844369785,-0.0989451243221708,"Converged",TRUE,0.99,0.01
824,-2.05666214126991,1.78039979320791,-0.0466009677214838,"Converged",FALSE,0.99,0.01
825,-1.80430759446722,1.4050653636265,-0.102352681098205,"Converged",FALSE,0.99,0.01
826,-1.42230438244092,0.441978563219825,-0.100288646475459,"Converged",FALSE,0.99,0.01
827,-1.53333935609612,0.880550853329393,-0.112880055377121,"Converged",FALSE,0.99,0.01
828,-2.35985463287771,3.04661012570783,-0.0710262648818156,"Converged",FALSE,0.99,0.01
829,-1.5657472186148,0.369566231873745,-0.0736485520181428,"Converged",FALSE,0.99,0.01
830,-1.64651625253769,1.18187329637566,-0.115986603262673,"Converged",FALSE,0.99,0.01
831,-1.08292578173958,0.267673552099083,-0.14598656734525,"Converged",FALSE,0.99,0.01
832,-1.34314771930711,0.118311749273343,-0.0868696598569946,"Converged",FALSE,0.99,0.01
833,-1.20773809334414,0.931365466918885,-0.185770079957926,"Converged",FALSE,0.99,0.01
834,-2.21071104652504,2.54190016764988,-0.0930635328023833,"Converged",FALSE,0.99,0.01
835,-2.70906225147125,3.93008129159636,-0.0632385009128345,"Converged",FALSE,0.99,0.01
836,-2.04258942049947,1.53816143736848,-0.0498796856391643,"Converged",TRUE,0.99,0.01
837,-1.40401681181682,0.917568825309849,-0.15083580127599,"Converged",FALSE,0.99,0.01
838,-2.26745054672589,2.42951233045988,-0.0663863294681991,"Converged",FALSE,0.99,0.01
839,-2.0222994510709,3.05986600598435,-0.146984247262347,"Converged",TRUE,0.99,0.01
840,-1.69725768484313,0.226391916330514,-0.0190335241020655,"Converged",FALSE,0.99,0.01
841,-2.04229505559697,3.09545129801633,-0.16222964423574,"Converged",FALSE,0.99,0.01
842,-2.19659319775514,2.40128039047172,-0.0600239124861906,"Converged",FALSE,0.99,0.01
843,-1.82257755171766,2.12852543740487,-0.114916781832879,"Converged",FALSE,0.99,0.01
844,-2.65136588053601,3.97871565469788,-0.109252130893507,"Converged",FALSE,0.99,0.01
845,-1.93103603580491,1.46827373541275,-0.09379964281658,"Converged",FALSE,0.99,0.01
846,-2.79160581693304,3.13294063110581,-0.0103543940512911,"Converged",FALSE,0.99,0.01
847,-2.88507375957937,3.39715051481418,0.000248454982715724,"Converged",FALSE,0.99,0.01
848,-2.54837896238322,1.97605600033393,0.000343819992171124,"Converged",FALSE,0.99,0.01
849,-1.53270040348842,1.26054022759521,-0.149696976860054,"Converged",FALSE,0.99,0.01
850,-2.25344425944063,2.57003481995512,-0.0494852685022455,"Converged",FALSE,0.99,0.01
851,-1.99791714718488,2.07760035755803,-0.114638330169571,"Converged",FALSE,0.99,0.01
852,-1.75011865243222,1.51695099199133,-0.13515483046018,"Converged",FALSE,0.99,0.01
853,-2.08556326266491,1.88826854596212,-0.0424355916644826,"Converged",FALSE,0.99,0.01
854,-1.48081378453046,0.332635193376368,-0.0736869950244115,"Converged",FALSE,0.99,0.01
855,-2.00738427259544,1.65908906293202,-0.096658365236269,"Converged",FALSE,0.99,0.01
856,-1.87893349892211,1.63124144974262,-0.143408940419634,"Converged",FALSE,0.99,0.01
857,-1.55117841772683,1.1951117270669,-0.139735546075607,"Converged",FALSE,0.99,0.01
858,-1.76264642578666,1.22742440654159,-0.0883839788831996,"Converged",TRUE,0.99,0.01
859,-1.29744149524066,-0.215405521895426,-0.0974317119672089,"Converged",FALSE,0.99,0.01
860,-1.97402413496255,2.31770705673818,-0.112371265494097,"Converged",FALSE,0.99,0.01
861,-2.43570566899448,2.50940222087985,-0.0667035832642531,"Converged",FALSE,0.99,0.01
862,-2.21736013611711,2.88161522268474,-0.123682083771293,"Converged",FALSE,0.99,0.01
863,-2.33860888800093,3.26205500209356,-0.0836759920499262,"Converged",FALSE,0.99,0.01
864,-2.33488939609809,1.55611079444231,-0.0163589848863164,"Converged",FALSE,0.99,0.01
865,-1.73151106673297,0.976830387772975,-0.0641678727899821,"Converged",FALSE,0.99,0.01
866,-2.11306215265769,2.91394005252634,-0.167286534604157,"Converged",FALSE,0.99,0.01
867,-3.11239628767679,3.99567569114942,-0.0338212613593942,"Converged",FALSE,0.99,0.01
868,-2.63658127917326,2.26707615257678,-0.0088618720085374,"Converged",FALSE,0.99,0.01
869,-1.89679745877713,2.07260806650605,-0.132769131028797,"Converged",FALSE,0.99,0.01
870,-1.21571744965727,0.366702810534205,-0.105691990655797,"Converged",FALSE,0.99,0.01
871,-1.6102402498029,1.39249326921143,-0.121117724480557,"Converged",FALSE,0.99,0.01
872,-2.10961773631626,3.21731298694302,-0.141397421934033,"Converged",FALSE,0.99,0.01
873,-2.71678022279611,4.17513959094297,-0.0703783256328555,"Converged",FALSE,0.99,0.01
874,-1.71094475918793,1.80689003571013,-0.163513559900366,"Converged",FALSE,0.99,0.01
875,-2.55830374864862,3.52272536688484,-0.0941417588871715,"Converged",FALSE,0.99,0.01
876,-1.6409208555204,1.64431175649461,-0.174544303739349,"Converged",FALSE,0.99,0.01
877,-2.13494941221152,1.69903888598779,-0.0489745419830709,"Converged",FALSE,0.99,0.01
878,-2.28940401557726,1.92714229270783,0.00198400441160876,"Converged",FALSE,0.99,0.01
879,-1.42554048501791,0.652371835699429,-0.14480986119597,"Converged",FALSE,0.99,0.01
880,-2.05745386839425,2.91670534201776,-0.127294785644609,"Converged",FALSE,0.99,0.01
881,-1.6273371050577,0.80760841769587,-0.115493473193516,"Converged",FALSE,0.99,0.01
882,-1.48553998880524,0.516242076576047,-0.124326657692536,"Converged",FALSE,0.99,0.01
883,-1.51152167267651,1.56907527672755,-0.166231794593879,"Converged",FALSE,0.99,0.01
884,-2.18886273545879,2.95409205220533,-0.144838777583693,"Converged",FALSE,0.99,0.01
885,-2.05498859652511,2.5809655158233,-0.129904164322216,"Converged",FALSE,0.99,0.01
886,-1.38219724006919,1.09464383494046,-0.163621501159537,"Converged",FALSE,0.99,0.01
887,-2.32257821271653,2.32243660151202,-0.0534270926342134,"Converged",FALSE,0.99,0.01
888,-1.82433518219743,1.71228400731293,-0.122008681202175,"Converged",FALSE,0.99,0.01
889,-2.21986377110803,2.29152870505785,-0.0919757056435774,"Converged",FALSE,0.99,0.01
890,-2.39560950136221,3.33217647556893,-0.0835600076306649,"Converged",FALSE,0.99,0.01
891,-1.38437973225454,0.574900351418042,-0.152055482368704,"Converged",FALSE,0.99,0.01
892,-2.11137460378223,2.26018568444847,-0.0845994219546742,"Converged",FALSE,0.99,0.01
893,-2.01831956285361,1.88848295137717,-0.0647806855982164,"Converged",FALSE,0.99,0.01
894,-1.67064105261848,0.944047612479131,-0.0883560036429205,"Converged",FALSE,0.99,0.01
895,-1.53542081551043,0.120286310934868,-0.0917428017653663,"Converged",FALSE,0.99,0.01
896,-1.83495653016573,1.93096169800853,-0.110892844556138,"Converged",FALSE,0.99,0.01
897,-1.62753292070584,1.94094003732557,-0.183896203954036,"Converged",FALSE,0.99,0.01
898,-2.08738264338444,2.34767785257232,-0.0634206556249641,"Converged",FALSE,0.99,0.01
899,-2.3899662654947,2.7675083710428,-0.0456726618192035,"Converged",FALSE,0.99,0.01
900,-1.95375718782579,1.86836074133528,-0.137219911157889,"Converged",FALSE,0.99,0.01
901,-2.37785550127635,3.2211295607614,-0.10105105517491,"Converged",FALSE,0.99,0.01
902,-2.51244344003472,2.92966252543478,-0.0783113706572803,"Converged",FALSE,0.99,0.01
903,-2.5632035478013,3.87088265044615,-0.114569819018929,"Converged",FALSE,0.99,0.01
904,-1.80630342946586,1.96563531001719,-0.0937846119849268,"Converged",FALSE,0.99,0.01
905,-2.05501630324002,2.4139058250827,-0.126773307580134,"Converged",FALSE,0.99,0.01
906,-1.82131702930134,1.57827069848589,-0.0906399839719811,"Converged",FALSE,0.99,0.01
907,NA,NA,NA,"MAX_ITER reached",FALSE,0.99,0.01
908,-1.9162016763874,1.40329266451784,-0.1129707477348,"Converged",FALSE,0.99,0.01
909,-1.29367742998912,0.28819220891035,-0.0889669646661578,"Converged",FALSE,0.99,0.01
910,-1.60997307617889,1.78517399427333,-0.156314260959001,"Converged",FALSE,0.99,0.01
911,-1.63338689521979,1.56703123733631,-0.116797052910381,"Converged",FALSE,0.99,0.01
912,-2.33210118536931,2.59245781789569,-0.053130521775374,"Converged",FALSE,0.99,0.01
913,-2.68902737462027,3.37315259089777,-0.0913911934504733,"Converged",FALSE,0.99,0.01
914,-1.80872877654608,1.59156523406441,-0.115217087294631,"Converged",FALSE,0.99,0.01
915,-2.04573855095874,2.24767778037176,-0.0943867568004751,"Converged",FALSE,0.99,0.01
916,-3.04901455148509,5.71726624264572,-0.114324822430359,"Converged",FALSE,0.99,0.01
917,-1.81371688623834,1.07444978057479,-0.113923590338264,"Converged",FALSE,0.99,0.01
918,-1.78179645927662,1.21391891977051,-0.0765929215056712,"Converged",FALSE,0.99,0.01
919,-1.94970075783376,1.6517266382361,-0.0908080528316249,"Converged",FALSE,0.99,0.01
920,-1.79567130508849,1.0205706320066,-0.07921327920602,"Converged",FALSE,0.99,0.01
921,-2.01298929729965,2.1660444175383,-0.0977772029281088,"Converged",FALSE,0.99,0.01
922,-2.69848776735199,4.81993017345254,-0.150319916630039,"Converged",FALSE,0.99,0.01
923,-1.76886560165102,1.96316021116456,-0.135260023892649,"Converged",FALSE,0.99,0.01
924,-2.90380136212,3.65530210972082,-0.0112218932268988,"Converged",FALSE,0.99,0.01
925,-2.04743431908126,2.20479215471324,-0.0916898744931894,"Converged",FALSE,0.99,0.01
926,-1.95817296205372,2.31348699805342,-0.123665924670089,"Converged",FALSE,0.99,0.01
927,-1.80135580637026,1.96067876447614,-0.111170639958232,"Converged",FALSE,0.99,0.01
928,-1.5646244283293,0.13854294269685,-0.0857049452281028,"Converged",FALSE,0.99,0.01
929,-1.57175677421713,1.49867723825316,-0.139963695721281,"Converged",FALSE,0.99,0.01
930,-2.03037970649849,2.65691809352652,-0.125645212435815,"Converged",FALSE,0.99,0.01
931,-2.59288592614056,3.71226975186207,-0.0767322191228685,"Converged",FALSE,0.99,0.01
932,-1.75354151816681,2.28967469231763,-0.147063951544659,"Converged",TRUE,0.99,0.01
933,-1.82745084911957,1.09754619613592,-0.0727360444227343,"Converged",FALSE,0.99,0.01
934,-1.46105352905446,0.886196103684983,-0.158579287999609,"Converged",FALSE,0.99,0.01
935,-1.88718158981466,2.07816446787038,-0.154946355512892,"Converged",FALSE,0.99,0.01
936,-2.05944996793259,2.20357389318476,-0.0946810148730502,"Converged",FALSE,0.99,0.01
937,-2.18342663889471,2.24047364630725,-0.0823831768341845,"Converged",FALSE,0.99,0.01
938,-1.32429733873688,-0.0284608332939919,-0.12428640519329,"Converged",FALSE,0.99,0.01
939,-1.53428859294005,1.17100123747387,-0.167293371991829,"Converged",FALSE,0.99,0.01
940,-1.39837837208648,0.93563704230608,-0.117766452698688,"Converged",FALSE,0.99,0.01
941,-2.45252118414709,2.47608912886507,-0.0780150280233652,"Converged",FALSE,0.99,0.01
942,-2.13336312212314,2.13290657197533,-0.0775198192488026,"Converged",FALSE,0.99,0.01
943,-2.15659719226801,2.38662249315705,-0.110987196820624,"Converged",FALSE,0.99,0.01
944,-1.97832405945987,1.59937450199974,-0.0940668646057704,"Converged",FALSE,0.99,0.01
945,-1.51533588209908,1.66779117578495,-0.183311404372852,"Converged",FALSE,0.99,0.01
946,-1.78198296241794,2.28090481645467,-0.178742263426713,"Converged",FALSE,0.99,0.01
947,-1.57834287554179,0.907817251038604,-0.0956163270975074,"Converged",FALSE,0.99,0.01
948,-1.68499453070248,0.540769819270949,-0.0685735442338329,"Converged",FALSE,0.99,0.01
949,-2.18510860954525,1.86867372567338,-0.0544515718423667,"Converged",FALSE,0.99,0.01
950,-1.74493845901082,1.55576714572141,-0.122085578924867,"Converged",FALSE,0.99,0.01
951,-2.00269496160075,0.830658875267133,-0.05981479921017,"Converged",FALSE,0.99,0.01
952,-1.55807137661907,0.854660543912723,-0.0826436505971777,"Converged",FALSE,0.99,0.01
953,-1.53808038656765,0.642197624950799,-0.0834690126087858,"Converged",FALSE,0.99,0.01
954,-1.30174084756778,-0.0195843759963322,-0.138494971902322,"Converged",FALSE,0.99,0.01
955,-1.92408538106976,1.82658203440152,-0.0896838568464304,"Converged",FALSE,0.99,0.01
956,-1.79437976342181,1.96880949880445,-0.0975878668740789,"Converged",FALSE,0.99,0.01
957,-1.97474854892025,1.44346904103715,-0.0496172245905984,"Converged",FALSE,0.99,0.01
958,-1.5324695979212,1.01553961467084,-0.137774084029937,"Converged",FALSE,0.99,0.01
959,-0.887580263281715,-0.401837582997692,-0.17512412478374,"Converged",FALSE,0.99,0.01
960,-2.94936513122015,3.86649317470396,-0.0306289288158154,"Converged",FALSE,0.99,0.01
961,-2.14542160168578,3.62087029805589,-0.153308429783312,"Converged",FALSE,0.99,0.01
962,-3.06935389742148,5.29983522007145,-0.157145146359611,"Converged",FALSE,0.99,0.01
963,-2.21791912213263,3.76657554643585,-0.140559938179202,"Converged",FALSE,0.99,0.01
964,-1.21355961503979,-0.21571760217118,-0.113501787947838,"Converged",FALSE,0.99,0.01
965,-2.12973392352487,1.76357153142912,-0.0581453171696617,"Converged",FALSE,0.99,0.01
966,-2.52068446139448,3.66814409497482,-0.111567125039813,"Converged",FALSE,0.99,0.01
967,-2.44494989658681,3.44384350520598,-0.0968686103183739,"Converged",FALSE,0.99,0.01
968,-2.18217351838736,2.2361886752415,-0.0366503472427163,"Converged",FALSE,0.99,0.01
969,-2.44989932996673,2.63118028425652,-0.0652531155953149,"Converged",FALSE,0.99,0.01
970,-1.74240255434686,0.771243768096996,-0.0752602921335012,"Converged",FALSE,0.99,0.01
971,-1.98210157031864,1.15903594147696,-0.0357691373657064,"Converged",FALSE,0.99,0.01
972,-2.16298414786047,2.7187000472826,-0.110775402742836,"Converged",FALSE,0.99,0.01
973,-1.87209505878978,1.4836757711203,-0.124426900610669,"Converged",FALSE,0.99,0.01
974,-1.6395050399437,1.46003150666176,-0.136983554827681,"Converged",FALSE,0.99,0.01
975,-0.918773265667372,-0.140766406568811,-0.167154448552794,"Converged",FALSE,0.99,0.01
976,-3.01957052235888,4.40785719193129,-0.0700676893261938,"Converged",FALSE,0.99,0.01
977,-2.00081061925437,1.86153594588411,-0.0771930830642661,"Converged",TRUE,0.99,0.01
978,-1.95582149594455,1.23814443371435,-0.0612216858040014,"Converged",FALSE,0.99,0.01
979,-1.55583053636991,1.19082161506213,-0.12461746032016,"Converged",FALSE,0.99,0.01
980,-2.12256173646851,2.98010045752252,-0.13936057927693,"Converged",FALSE,0.99,0.01
981,-1.96178539744118,1.88944702468985,-0.0970834739868481,"Converged",FALSE,0.99,0.01
982,-1.81333798797129,1.35209617077131,-0.110739544587761,"Converged",FALSE,0.99,0.01
983,-2.26954548176164,1.54451086903945,-0.00253611433783268,"Converged",FALSE,0.99,0.01
984,-1.42221339194549,0.601875032401591,-0.102439431522043,"Converged",FALSE,0.99,0.01
985,-2.43163004211913,2.66551286914046,-0.0269251615330539,"Converged",FALSE,0.99,0.01
986,-2.21488701857057,3.29306461180695,-0.144637779836545,"Converged",FALSE,0.99,0.01
987,-2.95962656170809,4.24334433063074,-0.054056110956355,"Converged",FALSE,0.99,0.01
988,-1.41368749475742,1.09563858836538,-0.192502489565684,"Converged",FALSE,0.99,0.01
989,-1.64883196104649,1.62165773116688,-0.187346319457912,"Converged",FALSE,0.99,0.01
990,-1.94448459270051,2.64758486537502,-0.178616567451935,"Converged",FALSE,0.99,0.01
991,-2.04499659272358,1.36208734839993,-0.0218541534942386,"Converged",FALSE,0.99,0.01
992,-2.58806221068111,4.18261730066462,-0.0968115604378756,"Converged",FALSE,0.99,0.01
993,-2.33400505644294,2.31799009290103,-0.0629684037913291,"Converged",TRUE,0.99,0.01
994,-1.26456072268234,-0.111066619413492,-0.0801870011181444,"Converged",FALSE,0.99,0.01
995,-1.67515455247029,1.9206989725829,-0.170243792760395,"Converged",FALSE,0.99,0.01
996,-1.77758566338475,0.503679103198611,-0.0400978254079283,"Converged",FALSE,0.99,0.01
997,-1.34314784263157,0.480025016979202,-0.143692136877441,"Converged",FALSE,0.99,0.01
998,-1.71805676330652,-0.239318258389448,-0.0360413051332046,"Converged",FALSE,0.99,0.01
999,-2.35956795023913,2.69206688124521,-0.0826398907804027,"Converged",FALSE,0.99,0.01
1000,-1.89838106601534,2.37178344379174,-0.119672570305114,"Converged",FALSE,0.99,0.01
