"sim","optMLE2_beta0","optMLE2_beta1","optMLE2_beta2","optMLE2_conv_msg","optMLE_wave1_est","optMLE_data_resampled","optMLE_sing_inf","tpr","fpr"
1,-1.8662485776391,2.19846665258111,-0.127036463668047,"Converged","CC",FALSE,FALSE,0.8,0.2
2,-1.99838471758614,2.18124118539257,-0.114663805474549,"Converged","MLE",FALSE,FALSE,0.8,0.2
3,-2.17590747065799,2.41552019316579,-0.0724599647809681,"Converged","CC",FALSE,FALSE,0.8,0.2
4,-2.39591356045802,3.15380425189688,-0.0684644471044482,"Converged","MLE",FALSE,FALSE,0.8,0.2
5,-2.08913207594983,2.95741128721445,-0.160166441331524,"Converged","CC",FALSE,FALSE,0.8,0.2
6,NA,NA,NA,NA,"MLE",FALSE,TRUE,0.8,0.2
7,-2.05344732281674,1.7706681810438,-0.088308056619397,"Converged","MLE",FALSE,FALSE,0.8,0.2
8,-1.85925493962055,1.14823232071018,-0.0685602700478263,"Converged","MLE",FALSE,FALSE,0.8,0.2
9,-2.95999527888648,3.61659102610577,-0.048260616215167,"Converged","MLE",FALSE,FALSE,0.8,0.2
10,-3.12830421963731,5.88559565797843,-0.168354497570493,"Converged","MLE",FALSE,FALSE,0.8,0.2
11,-1.26014831693195,0.163559604822654,-0.142164225385437,"Converged","CC",FALSE,FALSE,0.8,0.2
12,-2.85416049399779,3.72141807848429,-0.0517559009889308,"Converged","CC",FALSE,FALSE,0.8,0.2
13,-2.16140143235215,2.49360605645596,-0.146462568484514,"Converged","CC",FALSE,FALSE,0.8,0.2
14,-2.07308407796441,1.73452915029086,-0.0685390344726559,"Converged","MLE",FALSE,FALSE,0.8,0.2
15,-1.08347906659818,-0.531047856981082,-0.123474961346657,"Converged","CC",FALSE,FALSE,0.8,0.2
16,-1.8945266782455,2.01356062026267,-0.135092679569735,"Converged","CC",TRUE,FALSE,0.8,0.2
17,-2.33731324957601,2.08304257759029,-0.045154665385147,"Converged","MLE",FALSE,FALSE,0.8,0.2
18,-1.44049955673103,1.31132401676431,-0.139734912628749,"Converged","MLE",FALSE,FALSE,0.8,0.2
19,-2.59265285639722,4.37500297563333,-0.15121304343799,"Converged","MLE",FALSE,FALSE,0.8,0.2
20,-1.08041477003038,-0.265475777522928,-0.101952893807381,"Converged","MLE",FALSE,FALSE,0.8,0.2
21,-3.38701833673951,5.32122397439959,-0.0402263513987696,"Converged","CC",FALSE,FALSE,0.8,0.2
22,-2.57701863532318,2.89337128498912,-0.0334914737469646,"Converged","MLE",FALSE,FALSE,0.8,0.2
23,-1.66826982150843,1.90630448917554,-0.174695689535928,"Converged","MLE",FALSE,FALSE,0.8,0.2
24,-1.93971754973546,1.8347721824566,-0.0798284578343899,"Converged","CC",FALSE,FALSE,0.8,0.2
25,-2.27041518220287,1.77291227125194,-0.0369966668300715,"Converged","CC",FALSE,FALSE,0.8,0.2
26,-2.16460288670656,1.33976742129097,0.00675642421529203,"Converged","MLE",FALSE,FALSE,0.8,0.2
27,-2.25197234342197,2.41812191025403,-0.121735410076705,"Converged","MLE",FALSE,FALSE,0.8,0.2
28,-2.24763690532901,2.1766781569061,-0.0684916823655919,"Converged","MLE",FALSE,FALSE,0.8,0.2
29,-1.29953944025243,0.748118242482187,-0.143984336038833,"Converged","MLE",FALSE,FALSE,0.8,0.2
30,-1.66884840562991,1.08080636949939,-0.0890478579684427,"Converged","CC",TRUE,FALSE,0.8,0.2
31,-0.908862581569869,-1.24971647738178,-0.120844964314015,"Converged","CC",TRUE,FALSE,0.8,0.2
32,-1.45342323341649,1.72908671833402,-0.17022536788369,"Converged","MLE",FALSE,FALSE,0.8,0.2
33,-2.28612389148164,2.2610376243721,-0.0362209944874776,"Converged","CC",FALSE,FALSE,0.8,0.2
34,NA,NA,NA,NA,"MLE",FALSE,TRUE,0.8,0.2
35,-2.44048991328024,2.90154053034791,-0.0874164821303504,"Converged","MLE",FALSE,FALSE,0.8,0.2
36,-2.6475850523158,4.04450275514653,-0.0974923510811583,"Converged","CC",FALSE,FALSE,0.8,0.2
37,-2.60206134424733,4.20816121424905,-0.121692407540953,"Converged","MLE",FALSE,FALSE,0.8,0.2
38,-2.1301066208449,3.13843171259307,-0.194666832698511,"Converged","MLE",FALSE,FALSE,0.8,0.2
39,-1.68520563047485,1.10711000552863,-0.121765252467266,"Converged","CC",FALSE,FALSE,0.8,0.2
40,-2.8962775615227,4.39249011105626,-0.134510373390773,"Converged","CC",FALSE,FALSE,0.8,0.2
41,-2.01218918412017,3.11738839545069,-0.174742639439447,"Converged","CC",FALSE,FALSE,0.8,0.2
42,-2.20650486049056,1.62874254891698,-0.0301535771424797,"Converged","MLE",FALSE,FALSE,0.8,0.2
43,-1.19102429612206,0.0737547230612912,-0.122917181593629,"Converged","MLE",FALSE,FALSE,0.8,0.2
44,-1.6456418797949,1.16846640313406,-0.133045593831427,"Converged","CC",TRUE,FALSE,0.8,0.2
45,-2.97170090946248,4.75141971157859,-0.088176112519673,"Converged","CC",FALSE,FALSE,0.8,0.2
46,-2.30216836576404,2.30696732264211,-0.0483396777589516,"Converged","MLE",FALSE,FALSE,0.8,0.2
47,-1.24755799308354,-0.284249480802872,-0.116156674953342,"Converged","MLE",FALSE,FALSE,0.8,0.2
48,-1.77886499768569,1.79166931213628,-0.128271048140209,"Converged","CC",FALSE,FALSE,0.8,0.2
49,-2.56529642149194,4.13826878431074,-0.0995220623765819,"Converged","MLE",FALSE,FALSE,0.8,0.2
50,-1.27126643001547,-0.105524503706984,-0.148905714686814,"Converged","CC",FALSE,FALSE,0.8,0.2
51,-2.2893314302211,1.58412931359665,-0.0102988055599976,"Converged","CC",FALSE,FALSE,0.8,0.2
52,-1.37496729190419,-0.15979493987827,-0.0520888638603772,"Converged","CC",FALSE,FALSE,0.8,0.2
53,-2.51743088897318,4.85211028358918,-0.144979100251774,"Converged","MLE",FALSE,FALSE,0.8,0.2
54,-2.41683489219105,2.84167258516498,-0.0673272227017264,"Converged","MLE",FALSE,FALSE,0.8,0.2
55,-2.16905527961366,2.02426040902005,-0.0655512743868961,"Converged","MLE",FALSE,FALSE,0.8,0.2
56,-1.84937798014076,2.96001389678914,-0.235196949947632,"Converged","MLE",FALSE,FALSE,0.8,0.2
57,-1.4215687842302,0.844789066058937,-0.104967022560429,"Converged","MLE",FALSE,FALSE,0.8,0.2
58,-2.27518973439971,3.09754746803181,-0.104427546327578,"Converged","MLE",FALSE,FALSE,0.8,0.2
59,-1.33041140589195,1.19104992888508,-0.162778357025191,"Converged","CC",FALSE,FALSE,0.8,0.2
60,-0.916854838628215,-0.550580708018797,-0.114614566101139,"Converged","MLE",FALSE,FALSE,0.8,0.2
61,-2.0882015490517,1.62699305904871,-0.025557438652958,"Converged","CC",FALSE,FALSE,0.8,0.2
62,NA,NA,NA,"MAX_ITER reached","MLE",FALSE,FALSE,0.8,0.2
63,-1.22333830629193,-0.496308012773604,-0.0956161637699747,"Converged","CC",FALSE,FALSE,0.8,0.2
64,-2.53917928626463,3.13141790371036,-0.0777895108308302,"Converged","MLE",FALSE,FALSE,0.8,0.2
65,-1.55809111726206,1.50868533970755,-0.150790535920178,"Converged","MLE",FALSE,FALSE,0.8,0.2
66,-1.79750938357766,1.51575753782142,-0.141541016795479,"Converged","MLE",FALSE,FALSE,0.8,0.2
67,-1.18561759376579,-0.913372858849097,-0.0553109170281435,"Converged","CC",FALSE,FALSE,0.8,0.2
68,-2.73815776466993,2.87929575824376,-0.0186238589022365,"Converged","MLE",FALSE,FALSE,0.8,0.2
69,-1.53395445476302,0.864019113820106,-0.122803065407077,"Converged","MLE",FALSE,FALSE,0.8,0.2
70,-1.75078306717241,1.4992641199679,-0.152239284557411,"Converged","CC",FALSE,FALSE,0.8,0.2
71,-2.0100423406007,2.75277224796739,-0.145864827807311,"Converged","CC",FALSE,FALSE,0.8,0.2
72,-1.72946490958075,1.84054509304069,-0.157463470023918,"Converged","MLE",FALSE,FALSE,0.8,0.2
73,-1.56110786042955,1.24278594640714,-0.135208001429581,"Converged","MLE",FALSE,FALSE,0.8,0.2
74,-2.7199064742563,4.43101168928645,-0.110738232167284,"Converged","CC",FALSE,FALSE,0.8,0.2
75,-1.73804462604892,0.997066282017499,-0.117138251215029,"Converged","MLE",FALSE,FALSE,0.8,0.2
76,-2.38237133961847,3.6197237738767,-0.122925911527702,"Converged","MLE",TRUE,FALSE,0.8,0.2
77,-2.1423833671027,2.358628073248,-0.0789691058553993,"Converged","MLE",FALSE,FALSE,0.8,0.2
78,-1.66910359885996,0.875241265567855,-0.0748743823708411,"Converged","CC",FALSE,FALSE,0.8,0.2
79,-0.755007026151111,-1.48485930371737,-0.173389749475559,"Converged","CC",FALSE,FALSE,0.8,0.2
80,-2.52822350994518,2.9424807092085,-0.0523058220277758,"Converged","MLE",FALSE,FALSE,0.8,0.2
81,-1.88907037057939,2.23377565928843,-0.114656996795386,"Converged","MLE",FALSE,FALSE,0.8,0.2
82,-3.21657100094034,4.43936912466965,0.0254859107071864,"Converged","MLE",FALSE,FALSE,0.8,0.2
83,-2.4251605655733,1.86176741312456,0.0278552144976402,"Converged","CC",FALSE,FALSE,0.8,0.2
84,-1.98583361683521,2.7237412890355,-0.124325946981928,"Converged","CC",FALSE,FALSE,0.8,0.2
85,-1.34740271836255,0.130420039826538,-0.0931846473868776,"Converged","CC",FALSE,FALSE,0.8,0.2
86,-2.38685287704168,3.29762039372015,-0.0798860859786236,"Converged","MLE",FALSE,FALSE,0.8,0.2
87,-1.7498951960174,1.64183654504126,-0.142798230705444,"Converged","CC",FALSE,FALSE,0.8,0.2
88,-2.2176313425892,2.83003060869691,-0.125159893650283,"Converged","MLE",FALSE,FALSE,0.8,0.2
89,-2.2275471219272,2.75734147905438,-0.111417787767173,"Converged","CC",FALSE,FALSE,0.8,0.2
90,-2.03880836376931,2.48728262596455,-0.129160349469811,"Converged","MLE",FALSE,FALSE,0.8,0.2
91,-2.57347775541242,3.62513893806141,-0.130169751208591,"Converged","MLE",FALSE,FALSE,0.8,0.2
92,-1.04215390386164,-0.0670174178141613,-0.164786066387937,"Converged","MLE",FALSE,FALSE,0.8,0.2
93,-2.18100253453017,2.00180389083383,-0.0617231527796382,"Converged","MLE",FALSE,FALSE,0.8,0.2
94,-1.60913365295808,1.97091264259249,-0.150864719016951,"Converged","CC",FALSE,FALSE,0.8,0.2
95,-2.53094176262032,3.76316703985331,-0.132707704344354,"Converged","MLE",FALSE,FALSE,0.8,0.2
96,-1.90790788684009,1.87339440842125,-0.114207866886465,"Converged","CC",FALSE,FALSE,0.8,0.2
97,-2.39214533328955,4.40440124931581,-0.160529259993108,"Converged","MLE",FALSE,FALSE,0.8,0.2
98,-2.34665592202731,3.58165352856507,-0.111373509825068,"Converged","CC",FALSE,FALSE,0.8,0.2
99,-2.54038954395818,3.75648133566456,-0.0904695327435121,"Converged","MLE",FALSE,FALSE,0.8,0.2
100,-1.88524272050609,1.27342311492532,-0.0669026483428067,"Converged","MLE",FALSE,FALSE,0.8,0.2
101,-1.82643778398295,1.54126728367334,-0.113651879791311,"Converged","MLE",FALSE,FALSE,0.8,0.2
102,-3.1635112424655,5.36719713237853,-0.128246451024767,"Converged","MLE",FALSE,FALSE,0.8,0.2
103,-1.81341736609739,2.05767699920763,-0.122034513212817,"Converged","CC",FALSE,FALSE,0.8,0.2
104,-1.9420863846284,2.2953853177605,-0.108306005771409,"Converged","MLE",FALSE,FALSE,0.8,0.2
105,-2.69140723023264,3.70806984880615,-0.0866854422211432,"Converged","MLE",FALSE,FALSE,0.8,0.2
106,-0.892397895508655,-0.393336027193531,-0.154976335192689,"Converged","MLE",TRUE,FALSE,0.8,0.2
107,-1.80585560421488,2.00137859699497,-0.15734045593155,"Converged","MLE",FALSE,FALSE,0.8,0.2
108,-1.33344693319147,0.4833137189041,-0.121619120746633,"Converged","CC",FALSE,FALSE,0.8,0.2
109,-1.30929584037476,1.00043595355128,-0.192338998220318,"Converged","MLE",FALSE,FALSE,0.8,0.2
110,-1.65812425987055,2.12438831318456,-0.152617451623458,"Converged","MLE",FALSE,FALSE,0.8,0.2
111,-2.65320058502809,3.66357759642702,-0.0463867245785423,"Converged","MLE",FALSE,FALSE,0.8,0.2
112,-2.15070147026055,2.79296251429557,-0.134264636625394,"Converged","CC",FALSE,FALSE,0.8,0.2
113,-1.80308053485075,1.14960162802945,-0.0499541762801109,"Converged","MLE",FALSE,FALSE,0.8,0.2
114,-1.69374915131986,1.15930405619572,-0.0960273786113209,"Converged","MLE",FALSE,FALSE,0.8,0.2
115,-2.2005014491807,1.80722861664367,-0.0634914401395663,"Converged","MLE",FALSE,FALSE,0.8,0.2
116,-0.89197095321883,-1.00953441212033,-0.0948011838987223,"Converged","CC",FALSE,FALSE,0.8,0.2
117,-2.49163452299009,4.35190040485969,-0.139320757038671,"Converged","MLE",FALSE,FALSE,0.8,0.2
118,-1.80302729596271,0.592137722487505,-0.0574433310437145,"Converged","CC",FALSE,FALSE,0.8,0.2
119,-2.12538953303688,2.65422691260095,-0.156008600683415,"Converged","MLE",FALSE,FALSE,0.8,0.2
120,-1.93401380279561,2.71686651478019,-0.142712482344539,"Converged","MLE",FALSE,FALSE,0.8,0.2
121,-0.963110770427436,-0.858540874541811,-0.120880217919777,"Converged","CC",FALSE,FALSE,0.8,0.2
122,-2.03008146035525,1.65094855361856,-0.0444892484640985,"Converged","MLE",FALSE,FALSE,0.8,0.2
123,-1.46112600953985,0.690593917773207,-0.141467292721818,"Converged","MLE",FALSE,FALSE,0.8,0.2
124,-1.96306527940938,2.55226273972172,-0.15298420075623,"Converged","MLE",FALSE,FALSE,0.8,0.2
125,-1.82176896538478,1.47775900635917,-0.0752256081532169,"Converged","MLE",FALSE,FALSE,0.8,0.2
126,-2.9081911178891,4.68046768227264,-0.0772020946566969,"Converged","CC",FALSE,FALSE,0.8,0.2
127,-2.18726764502796,3.04125324515359,-0.0991325909959157,"Converged","CC",FALSE,FALSE,0.8,0.2
128,-2.06483797325462,2.21601658451601,-0.107143228285226,"Converged","CC",FALSE,FALSE,0.8,0.2
129,-3.38252643886717,5.1834991682892,-0.0321597921065286,"Converged","MLE",FALSE,FALSE,0.8,0.2
130,-2.36790579528245,2.41848430218211,-0.0435180532050221,"Converged","MLE",FALSE,FALSE,0.8,0.2
131,-3.58264698974787,6.69474064178679,-0.0760002953966924,"Converged","MLE",TRUE,FALSE,0.8,0.2
132,-2.59120557614707,4.28220655994228,-0.109655311786467,"Converged","MLE",FALSE,FALSE,0.8,0.2
133,-1.90447344946604,0.629476248251387,-0.0636313608049884,"Converged","MLE",FALSE,FALSE,0.8,0.2
134,-2.57766874168796,3.75984842872638,-0.131619691439925,"Converged","MLE",FALSE,FALSE,0.8,0.2
135,-1.72902044618357,1.34358783869748,-0.0875057572487613,"Converged","MLE",FALSE,FALSE,0.8,0.2
136,-1.47904412381158,0.156307147773753,-0.0871657207415312,"Converged","CC",FALSE,FALSE,0.8,0.2
137,-2.05511349645607,1.66451160059968,-0.0624362926553872,"Converged","MLE",FALSE,FALSE,0.8,0.2
138,-2.84764664755561,4.18957088581024,-0.0745266660733372,"Converged","CC",FALSE,FALSE,0.8,0.2
139,-2.67835338816812,3.73615187193135,-0.0781268873417387,"Converged","MLE",FALSE,FALSE,0.8,0.2
140,-1.90385944260623,2.10444654965356,-0.109501594153688,"Converged","CC",FALSE,FALSE,0.8,0.2
141,-2.38869471471494,2.98541201660867,-0.0802159991770064,"Converged","MLE",FALSE,FALSE,0.8,0.2
142,-1.80965947080299,1.59862589948231,-0.0788865183488943,"Converged","CC",FALSE,FALSE,0.8,0.2
143,-1.86986409996497,2.1769378351197,-0.114055009986227,"Converged","MLE",FALSE,FALSE,0.8,0.2
144,-2.88075131685931,3.70138952480487,-0.0359014308305107,"Converged","MLE",FALSE,FALSE,0.8,0.2
145,-2.01340208098701,2.91356886739119,-0.174552798988365,"Converged","MLE",FALSE,FALSE,0.8,0.2
146,-1.07210862926852,0.342036086302966,-0.187725423488068,"Converged","MLE",FALSE,FALSE,0.8,0.2
147,-2.219727983059,1.79591151863659,-0.047117423727803,"Converged","CC",FALSE,FALSE,0.8,0.2
148,-2.17938919739767,2.45867722486258,-0.099612715122869,"Converged","CC",FALSE,FALSE,0.8,0.2
149,NA,NA,NA,NA,"MLE",FALSE,TRUE,0.8,0.2
150,-1.34035959374,0.395056808418627,-0.13864802235591,"Converged","CC",FALSE,FALSE,0.8,0.2
151,-2.51548991823185,3.53990528924472,-0.0829873987071832,"Converged","MLE",FALSE,FALSE,0.8,0.2
152,-2.19604654905881,1.99994113756632,-0.0699503666911029,"Converged","MLE",FALSE,FALSE,0.8,0.2
153,-1.93450279487353,2.35803361006665,-0.144789839050321,"Converged","CC",TRUE,TRUE,0.8,0.2
154,NA,NA,NA,"MAX_ITER reached","MLE",FALSE,FALSE,0.8,0.2
155,-1.66874855255051,2.917257660299,-0.213419071880872,"Converged","MLE",FALSE,FALSE,0.8,0.2
156,-2.00576777472635,2.8272697498198,-0.139368794028698,"Converged","CC",TRUE,FALSE,0.8,0.2
157,-1.74049622357585,1.35642267969445,-0.0722717657300978,"Converged","CC",FALSE,FALSE,0.8,0.2
158,-1.44586126191437,0.762118964641182,-0.110093291322339,"Converged","CC",FALSE,FALSE,0.8,0.2
159,-1.0593354780116,0.618197791888751,-0.198687349018037,"Converged","MLE",FALSE,FALSE,0.8,0.2
160,-2.17164177159425,1.98995171874976,-0.0689018068733705,"Converged","MLE",FALSE,FALSE,0.8,0.2
161,-1.85627974938984,2.09029125297048,-0.110532689202652,"Converged","CC",FALSE,FALSE,0.8,0.2
162,-1.77839991101087,0.551851495807421,-0.0713064557180816,"Converged","MLE",FALSE,FALSE,0.8,0.2
163,-2.16064193245677,2.91075924338167,-0.117531387005924,"Converged","CC",FALSE,FALSE,0.8,0.2
164,-1.7643354033507,0.710397225025363,-0.0630000752757012,"Converged","MLE",FALSE,FALSE,0.8,0.2
165,-1.8579312853681,1.75216290518666,-0.109373759479203,"Converged","MLE",FALSE,FALSE,0.8,0.2
166,-1.22675771361866,-0.606610089595027,-0.0805007501335045,"Converged","CC",FALSE,FALSE,0.8,0.2
167,-2.17046159384174,2.57572267615144,-0.0714757519134434,"Converged","CC",FALSE,FALSE,0.8,0.2
168,-2.72215329216216,3.36381617847744,-0.0371603558097608,"Converged","MLE",FALSE,FALSE,0.8,0.2
169,-1.61167604672676,0.927333858576341,-0.0864750365481372,"Converged","CC",FALSE,FALSE,0.8,0.2
170,-2.46982831345377,2.78612863738294,-0.0556583808833187,"Converged","MLE",FALSE,FALSE,0.8,0.2
171,-2.91469248417167,4.55605483404374,-0.0896211222043169,"Converged","MLE",FALSE,FALSE,0.8,0.2
172,-1.25830196773805,-0.661832425892656,-0.0872513682941898,"Converged","MLE",TRUE,FALSE,0.8,0.2
173,-2.95383002837402,4.69060498957672,-0.113902221104747,"Converged","CC",FALSE,FALSE,0.8,0.2
174,-1.61972394614704,0.490968190023219,-0.0526934535902412,"Converged","CC",FALSE,FALSE,0.8,0.2
175,-2.91782822538618,4.46242432372794,-0.0927238018502077,"Converged","CC",FALSE,FALSE,0.8,0.2
176,-1.44669956174665,0.333881184741219,-0.114581088735092,"Converged","CC",FALSE,FALSE,0.8,0.2
177,-1.51857929102241,1.65175080202467,-0.17147700587705,"Converged","CC",FALSE,FALSE,0.8,0.2
178,-1.29305301965578,0.110538345953317,-0.1267429765594,"Converged","MLE",FALSE,FALSE,0.8,0.2
179,-1.79993508006656,1.79878987732682,-0.133971262751689,"Converged","MLE",FALSE,FALSE,0.8,0.2
180,-1.98591563350923,2.13096407536156,-0.103741656747211,"Converged","MLE",FALSE,FALSE,0.8,0.2
181,-0.791455387910597,-0.828253433459681,-0.134825605488114,"Converged","MLE",FALSE,FALSE,0.8,0.2
182,-2.37509471501228,3.47171374330325,-0.16342983315352,"Converged","MLE",FALSE,FALSE,0.8,0.2
183,-1.90874130386063,3.01354108932422,-0.163014502117524,"Converged","MLE",TRUE,FALSE,0.8,0.2
184,-2.61980042611173,3.1518721807871,-0.0642500685373084,"Converged","MLE",FALSE,FALSE,0.8,0.2
185,NA,NA,NA,NA,"MLE",FALSE,TRUE,0.8,0.2
186,-1.17634247285704,0.0935079787403583,-0.122454136121328,"Converged","CC",FALSE,FALSE,0.8,0.2
187,-2.00200201504113,2.08141997332194,-0.110503761836695,"Converged","MLE",FALSE,FALSE,0.8,0.2
188,-1.69241956529098,1.54180202414966,-0.138230632590923,"Converged","MLE",FALSE,FALSE,0.8,0.2
189,-2.28479161930631,2.2149242071743,-0.037493143386392,"Converged","CC",FALSE,FALSE,0.8,0.2
190,-1.63008202819328,1.96028687682885,-0.136974927978525,"Converged","CC",FALSE,FALSE,0.8,0.2
191,-2.46805749252564,3.16622327804765,-0.115827255029802,"Converged","CC",FALSE,FALSE,0.8,0.2
192,-1.69806591604326,1.15856987447859,-0.0794230724451231,"Converged","MLE",FALSE,FALSE,0.8,0.2
193,-2.53346730692222,3.26720690196447,-0.0798489879772696,"Converged","MLE",FALSE,FALSE,0.8,0.2
194,-1.59732971594994,1.6731171696301,-0.145450222557532,"Converged","CC",FALSE,FALSE,0.8,0.2
195,-0.919916794433177,-0.995899353278845,-0.103462152729757,"Converged","MLE",FALSE,FALSE,0.8,0.2
196,-1.86769193251739,0.968275451482702,-0.0643130021147376,"Converged","CC",FALSE,FALSE,0.8,0.2
197,-3.39099194888214,6.02821937644864,-0.0636987190512259,"Converged","MLE",FALSE,FALSE,0.8,0.2
198,NA,NA,NA,NA,"MLE",FALSE,TRUE,0.8,0.2
199,-2.04446290455262,1.8725173327161,-0.130618112303755,"Converged","MLE",FALSE,FALSE,0.8,0.2
200,-1.75272388536264,0.719930477586865,-0.0444094537463161,"Converged","CC",FALSE,FALSE,0.8,0.2
201,-1.40442283658622,0.801590250589011,-0.134476057305562,"Converged","MLE",FALSE,FALSE,0.8,0.2
202,-2.85076370612512,5.1294171645842,-0.149675932980943,"Converged","CC",FALSE,FALSE,0.8,0.2
203,-2.16765235337727,3.28273788180074,-0.151558802620231,"Converged","MLE",FALSE,FALSE,0.8,0.2
204,-2.19321220215491,1.84683638348567,-0.0353651811368104,"Converged","MLE",FALSE,FALSE,0.8,0.2
205,-1.73276083878026,2.29821310353486,-0.178356329611895,"Converged","CC",FALSE,FALSE,0.8,0.2
206,-1.34489438517537,-0.115858120239932,-0.0590245232012324,"Converged","CC",FALSE,FALSE,0.8,0.2
207,-2.2303333725478,2.46264258712802,-0.0667666995802079,"Converged","MLE",FALSE,FALSE,0.8,0.2
208,-1.26572617235307,0.50141801574615,-0.148557945243034,"Converged","CC",FALSE,FALSE,0.8,0.2
209,-4.34827351061133,8.67402215920186,-0.102043597241763,"Converged","CC",FALSE,FALSE,0.8,0.2
210,-1.41496334358076,1.38614806497277,-0.167767365181234,"Converged","CC",FALSE,FALSE,0.8,0.2
211,-1.84195245731581,1.83843562704019,-0.0710283316612566,"Converged","MLE",FALSE,FALSE,0.8,0.2
212,-1.44976660296448,0.791418861379426,-0.100488328128604,"Converged","CC",FALSE,FALSE,0.8,0.2
213,-1.95934566969844,1.53741390125281,-0.0820040489348615,"Converged","MLE",FALSE,FALSE,0.8,0.2
214,-2.65244398738235,3.42655446961418,-0.0598319749476872,"Converged","CC",FALSE,FALSE,0.8,0.2
215,-1.26974800366422,-0.541794170101903,-0.112298901354926,"Converged","MLE",FALSE,FALSE,0.8,0.2
216,-2.81473317876081,3.84679218765041,-0.0837409893961011,"Converged","CC",FALSE,FALSE,0.8,0.2
217,-1.14080963888698,0.0890309035047059,-0.105476341522711,"Converged","CC",FALSE,FALSE,0.8,0.2
218,-2.13785065732684,2.08206435161395,-0.0893563228997044,"Converged","MLE",FALSE,FALSE,0.8,0.2
219,-2.21500749209994,2.49322338918131,-0.1042741629949,"Converged","CC",FALSE,FALSE,0.8,0.2
220,NA,NA,NA,NA,"MLE",FALSE,TRUE,0.8,0.2
221,NA,NA,NA,"MAX_ITER reached","MLE",FALSE,FALSE,0.8,0.2
222,-1.53625592962012,0.29366025944997,-0.095863150693302,"Converged","MLE",FALSE,FALSE,0.8,0.2
223,-0.75360274428796,-1.78370267980601,-0.0663835613402908,"Converged","MLE",FALSE,FALSE,0.8,0.2
224,-2.49017611530646,4.25439374497081,-0.135857034863789,"Converged","CC",FALSE,FALSE,0.8,0.2
225,-2.33629191704793,3.22400542284817,-0.0841967004702394,"Converged","CC",FALSE,FALSE,0.8,0.2
226,-2.11174741398725,0.729482855726187,0.0255244479670695,"Converged","MLE",FALSE,FALSE,0.8,0.2
227,-1.63082807733361,1.14453457112174,-0.108365151109416,"Converged","MLE",FALSE,FALSE,0.8,0.2
228,-2.1047152370372,2.60663051090763,-0.123130946251435,"Converged","MLE",FALSE,FALSE,0.8,0.2
229,-2.29342807532004,2.59867984480822,-0.0814290730218568,"Converged","CC",FALSE,FALSE,0.8,0.2
230,-1.36428245525206,0.928039761268815,-0.138804917778133,"Converged","CC",FALSE,FALSE,0.8,0.2
231,-1.92738635592881,1.04896327970562,-0.0534720632297283,"Converged","MLE",FALSE,FALSE,0.8,0.2
232,-2.46037705131647,3.55880147943276,-0.134762929228404,"Converged","MLE",FALSE,FALSE,0.8,0.2
233,-1.26242301173875,-0.2410631169798,-0.0614065157185903,"Converged","MLE",FALSE,FALSE,0.8,0.2
234,-2.37413308943369,2.09387582376715,-0.000795813180686205,"Converged","MLE",FALSE,FALSE,0.8,0.2
235,-0.999417450098102,-0.979621857890679,-0.0848770042794827,"Converged","MLE",FALSE,FALSE,0.8,0.2
236,-2.52975015660963,3.06413324331612,-0.0417020145150999,"Converged","MLE",FALSE,FALSE,0.8,0.2
237,-3.02373405816537,3.28038449562192,0.0229931508833423,"Converged","MLE",FALSE,FALSE,0.8,0.2
238,-2.17507639946817,2.15375827161188,-0.0441633249938164,"Converged","CC",TRUE,FALSE,0.8,0.2
239,-2.24025865393142,3.56440294359244,-0.154879644064343,"Converged","CC",FALSE,FALSE,0.8,0.2
240,NA,NA,NA,NA,"MLE",FALSE,TRUE,0.8,0.2
241,-1.78579291033144,1.48259697348395,-0.144525332661039,"Converged","MLE",FALSE,FALSE,0.8,0.2
242,-1.91629930033969,2.12678535336467,-0.115986935860812,"Converged","CC",FALSE,FALSE,0.8,0.2
243,-2.13209857660666,3.15797091412105,-0.14512478435236,"Converged","MLE",FALSE,FALSE,0.8,0.2
244,-2.48890106314413,3.64101883014067,-0.0898768320168848,"Converged","MLE",FALSE,FALSE,0.8,0.2
245,-1.65128759643819,1.36147269998952,-0.116301512674469,"Converged","CC",FALSE,FALSE,0.8,0.2
246,-3.46296192049447,6.27071050441633,-0.089688560131167,"Converged","CC",FALSE,FALSE,0.8,0.2
247,-1.98522292459659,1.4464627427499,-0.0953487504098081,"Converged","CC",FALSE,FALSE,0.8,0.2
248,-2.24030620997309,2.72476867112489,-0.0708820176841964,"Converged","MLE",FALSE,FALSE,0.8,0.2
249,-1.70275022678412,2.41586382874981,-0.162653268331704,"Converged","CC",FALSE,FALSE,0.8,0.2
250,-1.86427201893567,1.76503902704029,-0.111193186354095,"Converged","MLE",FALSE,FALSE,0.8,0.2
251,-2.06004108784853,2.25415745787797,-0.0730416654930888,"Converged","MLE",FALSE,FALSE,0.8,0.2
252,-3.3555767918439,6.214378303718,-0.085885237876055,"Converged","CC",TRUE,TRUE,0.8,0.2
253,-2.49023234435685,1.78421020606568,0.0124063862773053,"Converged","MLE",FALSE,FALSE,0.8,0.2
254,-1.56067972597006,0.642632227764767,-0.0859696358625318,"Converged","MLE",FALSE,FALSE,0.8,0.2
255,-2.23055510299732,2.47319659754651,-0.0909092079116961,"Converged","CC",FALSE,FALSE,0.8,0.2
256,-1.62767357560621,0.642240950049382,-0.10737138189525,"Converged","MLE",FALSE,FALSE,0.8,0.2
257,-2.98278636591639,4.7634826200705,-0.0823500545445405,"Converged","MLE",FALSE,FALSE,0.8,0.2
258,-0.674574645549577,-1.26386722882883,-0.155584495961342,"Converged","CC",FALSE,FALSE,0.8,0.2
259,-2.04926321452397,3.39365639640023,-0.159657311753238,"Converged","MLE",FALSE,FALSE,0.8,0.2
260,-1.06955902471948,0.0775860313717708,-0.161611013861565,"Converged","CC",FALSE,FALSE,0.8,0.2
261,-2.26208521470299,3.53776037042973,-0.156712890475698,"Converged","MLE",FALSE,FALSE,0.8,0.2
262,-2.80809203578924,4.43251102415947,-0.133565668076789,"Converged","CC",FALSE,FALSE,0.8,0.2
263,-1.95180148563021,2.68083087815111,-0.154703347635002,"Converged","CC",FALSE,FALSE,0.8,0.2
264,-1.49146841191966,0.655077630343675,-0.107040694514721,"Converged","MLE",FALSE,FALSE,0.8,0.2
265,-2.74160459402876,3.30233829619614,-0.0843354682254106,"Converged","MLE",FALSE,FALSE,0.8,0.2
266,-3.10993569540814,4.11334807165418,-0.0231956742733981,"Converged","MLE",FALSE,FALSE,0.8,0.2
267,-2.36778224985336,3.90508327437177,-0.138080732189234,"Converged","MLE",FALSE,FALSE,0.8,0.2
268,-2.02903224253076,2.35950417018498,-0.117313923361945,"Converged","CC",FALSE,FALSE,0.8,0.2
269,-2.5756199768762,3.70149581653072,-0.0820785022354595,"Converged","CC",FALSE,FALSE,0.8,0.2
270,-2.15242053117794,2.49898895630039,-0.0765236503015127,"Converged","MLE",FALSE,FALSE,0.8,0.2
271,-1.27169011593564,-0.0803994780394193,-0.0887804798113873,"Converged","MLE",FALSE,FALSE,0.8,0.2
272,-0.784657501172627,-1.89282734576382,-0.0806515923783649,"Converged","MLE",FALSE,FALSE,0.8,0.2
273,-1.84038937870735,1.64678915197775,-0.0989786834643713,"Converged","CC",FALSE,FALSE,0.8,0.2
274,NA,NA,NA,NA,"MLE",FALSE,TRUE,0.8,0.2
275,-1.42490160531115,-0.326695968332615,-0.0811211822216015,"Converged","MLE",FALSE,FALSE,0.8,0.2
276,-2.73737885069121,3.62160641751105,-0.082283812327453,"Converged","MLE",FALSE,FALSE,0.8,0.2
277,-2.50799392579132,2.78595269752469,-0.0607927712881571,"Converged","MLE",FALSE,FALSE,0.8,0.2
278,-1.15734620114864,0.802044377155579,-0.160945624608904,"Converged","MLE",FALSE,FALSE,0.8,0.2
279,-1.38581843697288,-0.49486791362006,-0.0865226186479199,"Converged","MLE",FALSE,FALSE,0.8,0.2
280,-1.79061447939092,0.934862150118617,-0.0537458916522365,"Converged","CC",FALSE,FALSE,0.8,0.2
281,NA,NA,NA,NA,"MLE",FALSE,TRUE,0.8,0.2
282,-3.04006380094911,5.12929524606805,-0.059856606550235,"Converged","MLE",FALSE,FALSE,0.8,0.2
283,-1.85289911486491,1.06458450238055,-0.0704708060857108,"Converged","MLE",FALSE,FALSE,0.8,0.2
284,-2.01156044881719,2.08014874416744,-0.104906623052013,"Converged","CC",FALSE,FALSE,0.8,0.2
285,-1.45425281576638,0.288578785978886,-0.113282327624539,"Converged","CC",FALSE,FALSE,0.8,0.2
286,-1.87256179215733,2.19901479099301,-0.150283161826215,"Converged","CC",FALSE,FALSE,0.8,0.2
287,-2.00347293230944,1.74856055873756,-0.0792763134240463,"Converged","CC",FALSE,FALSE,0.8,0.2
288,-2.26221737753275,3.14978044666588,-0.136387458466681,"Converged","MLE",FALSE,FALSE,0.8,0.2
289,-2.33703985802961,2.58776039634353,-0.0524837585076472,"Converged","CC",TRUE,FALSE,0.8,0.2
290,-2.4956215829239,2.70667413032807,-0.0358864202887906,"Converged","CC",FALSE,FALSE,0.8,0.2
291,-2.78126201833171,4.19163176249009,-0.0742344820750886,"Converged","CC",FALSE,FALSE,0.8,0.2
292,-2.20222773125544,2.37173793386537,-0.0403528276236835,"Converged","CC",FALSE,FALSE,0.8,0.2
293,-1.40470195206214,0.59421930326625,-0.125092412325224,"Converged","CC",FALSE,FALSE,0.8,0.2
294,-2.4765434093626,2.82932296538064,-0.0674996590243183,"Converged","CC",TRUE,FALSE,0.8,0.2
295,-1.94395939620058,2.99012772220735,-0.151901313241954,"Converged","CC",FALSE,FALSE,0.8,0.2
296,-2.05556927356548,3.23458872013515,-0.187363783987635,"Converged","CC",FALSE,FALSE,0.8,0.2
297,-2.32355536889296,3.01744988771279,-0.0995297765461048,"Converged","MLE",FALSE,FALSE,0.8,0.2
298,-3.60079008744643,4.21503295626478,0.0453341671758272,"Converged","CC",FALSE,FALSE,0.8,0.2
299,-2.37366670495234,3.27003628191102,-0.117276383221539,"Converged","CC",FALSE,FALSE,0.8,0.2
300,-2.61367709455021,3.51877275755031,-0.0524511959329925,"Converged","CC",FALSE,FALSE,0.8,0.2
301,-1.97436297531683,1.44200766616108,-0.0972099510662983,"Converged","MLE",TRUE,FALSE,0.8,0.2
302,-1.82339318436786,1.64822924739344,-0.110477780607203,"Converged","MLE",FALSE,FALSE,0.8,0.2
303,-1.91971175107079,2.24484908951692,-0.141749102941332,"Converged","MLE",FALSE,FALSE,0.8,0.2
304,-2.53058682270059,3.17826988743335,-0.0834606750643082,"Converged","MLE",FALSE,FALSE,0.8,0.2
305,-2.41274625258473,2.74786002750409,-0.0411255047391971,"Converged","CC",FALSE,FALSE,0.8,0.2
306,-1.91524499168175,1.05116294020641,-0.0643849700809359,"Converged","CC",FALSE,FALSE,0.8,0.2
307,-1.92070695187063,2.29590511857457,-0.0993274056375666,"Converged","MLE",FALSE,FALSE,0.8,0.2
308,-1.95405974989154,2.41438858846668,-0.12201989262729,"Converged","CC",FALSE,FALSE,0.8,0.2
309,-2.01410447667637,1.23082839852365,-0.0591848798166242,"Converged","CC",FALSE,FALSE,0.8,0.2
310,-2.18395054519741,2.90171498969047,-0.0959970419958687,"Converged","CC",FALSE,FALSE,0.8,0.2
311,-2.36268879888123,3.40057441770712,-0.107657649541318,"Converged","MLE",FALSE,FALSE,0.8,0.2
312,-1.83046818542459,1.11080537958962,-0.0855364881057771,"Converged","MLE",FALSE,FALSE,0.8,0.2
313,-1.3065916497856,-0.137144622044499,-0.145461788867,"Converged","MLE",FALSE,FALSE,0.8,0.2
314,-1.66092092269382,1.89366201181872,-0.159428836767766,"Converged","CC",FALSE,FALSE,0.8,0.2
315,-1.12137932791904,0.16181904917616,-0.153685552817812,"Converged","CC",FALSE,FALSE,0.8,0.2
316,-0.847453134961761,-1.517752511242,-0.0836376844215281,"Converged","MLE",FALSE,FALSE,0.8,0.2
317,-2.07401162737478,2.97544091804284,-0.141849843193394,"Converged","MLE",FALSE,FALSE,0.8,0.2
318,-2.28575017376837,2.65245632929595,-0.0877509700607274,"Converged","CC",FALSE,FALSE,0.8,0.2
319,-2.35320933192401,3.06290492294457,-0.0804819655468522,"Converged","CC",FALSE,FALSE,0.8,0.2
320,NA,NA,NA,NA,"MLE",FALSE,TRUE,0.8,0.2
321,-1.2366465250491,0.429884865970055,-0.132501019046492,"Converged","MLE",FALSE,FALSE,0.8,0.2
322,-1.97082924214028,1.99161359275659,-0.0937701424968246,"Converged","MLE",FALSE,FALSE,0.8,0.2
323,-1.73691512093033,1.89833930657891,-0.120178287280614,"Converged","CC",FALSE,FALSE,0.8,0.2
324,-2.71410442091941,5.26152790286381,-0.166834522945055,"Converged","CC",FALSE,FALSE,0.8,0.2
325,-2.50852855350319,2.37740738516317,-0.000400532227092958,"Converged","CC",FALSE,FALSE,0.8,0.2
326,-2.19375668360595,2.15370522331966,-0.0421697106838438,"Converged","MLE",FALSE,FALSE,0.8,0.2
327,NA,NA,NA,NA,"MLE",FALSE,TRUE,0.8,0.2
328,-2.73529964400831,3.08725861902256,-0.0569058554340644,"Converged","MLE",FALSE,FALSE,0.8,0.2
329,-2.27729485882294,2.36626800602102,-0.0731121238239694,"Converged","CC",TRUE,TRUE,0.8,0.2
330,-1.97831710714773,1.74757594810744,-0.105290458763003,"Converged","MLE",FALSE,FALSE,0.8,0.2
331,-2.25212775025976,3.37506021536905,-0.102231186756242,"Converged","MLE",FALSE,FALSE,0.8,0.2
332,-2.83288102984206,4.50458457032063,-0.0957670471039106,"Converged","MLE",FALSE,FALSE,0.8,0.2
333,-2.39686827949749,2.53880880382857,-0.0298083723713494,"Converged","MLE",FALSE,FALSE,0.8,0.2
334,-2.42965859441605,4.02250254165634,-0.165021727778381,"Converged","CC",TRUE,FALSE,0.8,0.2
335,-1.85378995278752,1.33495870633022,-0.106734447047178,"Converged","MLE",FALSE,FALSE,0.8,0.2
336,-1.81269300247184,1.83232654493643,-0.166810761008167,"Converged","MLE",FALSE,FALSE,0.8,0.2
337,-2.39736819860103,3.82418580723616,-0.12218827023316,"Converged","MLE",FALSE,FALSE,0.8,0.2
338,-2.14679401299999,2.32051211877257,-0.0638522231996975,"Converged","MLE",FALSE,FALSE,0.8,0.2
339,-1.56351344618974,-0.00763571278313034,-0.0719291809526053,"Converged","MLE",FALSE,FALSE,0.8,0.2
340,-2.2802183914214,3.57728457069052,-0.135972232041853,"Converged","CC",FALSE,FALSE,0.8,0.2
341,-1.92454599606904,1.90499367415013,-0.102772961956415,"Converged","MLE",FALSE,FALSE,0.8,0.2
342,-1.75539096039218,1.78097970640578,-0.106952928624375,"Converged","MLE",FALSE,FALSE,0.8,0.2
343,-1.34865500713393,0.342086837809157,-0.117921343538428,"Converged","MLE",FALSE,FALSE,0.8,0.2
344,-2.1698229499419,2.97411146287523,-0.120401391017888,"Converged","CC",FALSE,FALSE,0.8,0.2
345,-2.50362934749557,3.60050024682341,-0.0982189815516485,"Converged","MLE",FALSE,FALSE,0.8,0.2
346,-1.50545386876886,1.7206394784463,-0.184722073839252,"Converged","MLE",FALSE,FALSE,0.8,0.2
347,-1.31862463971936,-0.10246976088343,-0.113994592576212,"Converged","CC",FALSE,FALSE,0.8,0.2
348,-2.6696966123096,4.44636922359498,-0.130293936375378,"Converged","MLE",TRUE,FALSE,0.8,0.2
349,-1.44995432508844,0.732318489488747,-0.136189094834014,"Converged","MLE",FALSE,FALSE,0.8,0.2
350,-2.23361119698241,3.22400074835082,-0.137780096300746,"Converged","MLE",FALSE,FALSE,0.8,0.2
351,-1.68314034400948,1.78991736149165,-0.113534435510766,"Converged","MLE",FALSE,FALSE,0.8,0.2
352,NA,NA,NA,"MAX_ITER reached","MLE",FALSE,FALSE,0.8,0.2
353,-1.35578533741927,-0.654788195579368,-0.0235500643024151,"Converged","CC",TRUE,FALSE,0.8,0.2
354,-1.97152547819663,2.54271149658461,-0.136859364246582,"Converged","CC",FALSE,FALSE,0.8,0.2
355,-2.19030432764983,2.92933871130792,-0.164798409183741,"Converged","MLE",FALSE,FALSE,0.8,0.2
356,-1.42930454015306,-0.151268366059977,-0.0805693166914099,"Converged","CC",FALSE,FALSE,0.8,0.2
357,-2.85137518667379,5.79630993051481,-0.163926382927603,"Converged","CC",FALSE,FALSE,0.8,0.2
358,-2.06228566143052,2.94512958593854,-0.162548024373836,"Converged","CC",FALSE,FALSE,0.8,0.2
359,-2.1199281500685,2.26905154538925,-0.105713854526972,"Converged","MLE",FALSE,FALSE,0.8,0.2
360,-1.59728846665067,1.48130435100309,-0.147435581156598,"Converged","CC",FALSE,FALSE,0.8,0.2
361,-2.49033213881633,3.79330554080558,-0.0817681166996791,"Converged","MLE",FALSE,FALSE,0.8,0.2
362,-3.65112182007517,7.23268196554602,-0.0552186506163435,"Converged","CC",FALSE,FALSE,0.8,0.2
363,-1.1631554297182,-1.03069045858205,-0.0663976565235727,"Converged","MLE",TRUE,FALSE,0.8,0.2
364,-1.90545192177237,1.27923906876438,-0.0610747978340294,"Converged","MLE",FALSE,FALSE,0.8,0.2
365,NA,NA,NA,NA,"MLE",FALSE,TRUE,0.8,0.2
366,-1.92303107712752,1.85182162024291,-0.118300945315902,"Converged","CC",FALSE,FALSE,0.8,0.2
367,-1.02973584860313,-0.825769704026184,-0.102631649809698,"Converged","CC",FALSE,FALSE,0.8,0.2
368,-1.70442083062099,1.89709244903316,-0.146077921000761,"Converged","CC",FALSE,FALSE,0.8,0.2
369,-1.95737272378852,2.0506339949543,-0.113251659555415,"Converged","MLE",FALSE,FALSE,0.8,0.2
370,-1.75828825614404,0.88029126350041,-0.0810792159194253,"Converged","MLE",FALSE,FALSE,0.8,0.2
371,-1.04502567000931,-0.712020687988316,-0.158839401106204,"Converged","CC",FALSE,FALSE,0.8,0.2
372,-1.29072016623127,0.838181310820092,-0.151871944238695,"Converged","MLE",FALSE,FALSE,0.8,0.2
373,-1.91169712303632,2.55108003816036,-0.122227002816513,"Converged","CC",FALSE,FALSE,0.8,0.2
374,-1.35925812297698,-0.471022245736776,-0.0456738792297626,"Converged","MLE",FALSE,FALSE,0.8,0.2
375,-1.691758073057,0.848267799841503,-0.0849926338614484,"Converged","CC",FALSE,FALSE,0.8,0.2
376,-1.91032325851928,2.13359778273987,-0.127434804123262,"Converged","MLE",FALSE,FALSE,0.8,0.2
377,-1.08368001762327,-1.66614033284307,-0.0616466769287622,"Converged","CC",FALSE,FALSE,0.8,0.2
378,-2.15220624786102,3.28388050908134,-0.141848536680449,"Converged","MLE",FALSE,FALSE,0.8,0.2
379,-1.94925907530536,1.85290592435812,-0.106029368092582,"Converged","MLE",FALSE,FALSE,0.8,0.2
380,-1.94161362294961,1.85753351589893,-0.0998053520343879,"Converged","CC",FALSE,FALSE,0.8,0.2
381,-2.15703212147187,3.24308484069385,-0.114308558152045,"Converged","MLE",FALSE,FALSE,0.8,0.2
382,-2.24477787932452,3.32772302740116,-0.13294742260163,"Converged","CC",FALSE,FALSE,0.8,0.2
383,-1.85107739490339,2.21490751171825,-0.144309319372262,"Converged","CC",FALSE,FALSE,0.8,0.2
384,-2.05483251539817,1.85989914938208,-0.107638519258065,"Converged","MLE",FALSE,FALSE,0.8,0.2
385,-1.79626189416879,1.21627926141896,-0.0837923661572915,"Converged","MLE",FALSE,FALSE,0.8,0.2
386,-1.63683453256291,1.92296349744957,-0.169897763746984,"Converged","MLE",FALSE,FALSE,0.8,0.2
387,-2.97857605032979,3.49170929071914,0.0213565267618443,"Converged","CC",FALSE,FALSE,0.8,0.2
388,-2.26146092778305,2.30682074353249,-0.0494503612802824,"Converged","MLE",FALSE,FALSE,0.8,0.2
389,-1.58230100187406,0.715157026995131,-0.08112520614302,"Converged","MLE",FALSE,FALSE,0.8,0.2
390,-1.72272550985224,1.20754806085011,-0.0541227425506262,"Converged","CC",FALSE,FALSE,0.8,0.2
391,-2.23143043548961,2.4352199603071,-0.0934777964155492,"Converged","MLE",FALSE,FALSE,0.8,0.2
392,-2.69243177013998,3.99267027628728,-0.106076098804599,"Converged","MLE",FALSE,FALSE,0.8,0.2
393,-2.53903532681958,3.35657056561069,-0.0894038395060319,"Converged","MLE",FALSE,FALSE,0.8,0.2
394,-1.55351711474684,1.68278094467544,-0.160599238081369,"Converged","MLE",FALSE,FALSE,0.8,0.2
395,-1.15983272551157,0.175031095052599,-0.136092419261853,"Converged","CC",FALSE,FALSE,0.8,0.2
396,-1.7213384843444,0.913807981819483,-0.0937540134729816,"Converged","CC",FALSE,FALSE,0.8,0.2
397,-1.58554033039877,1.0533256827892,-0.108949844469283,"Converged","CC",FALSE,FALSE,0.8,0.2
398,NA,NA,NA,"MAX_ITER reached","CC",FALSE,FALSE,0.8,0.2
399,-2.22623412284094,3.55303357441948,-0.100504635982656,"Converged","MLE",FALSE,FALSE,0.8,0.2
400,-1.98661200419876,2.7789842929709,-0.139770262054392,"Converged","CC",FALSE,FALSE,0.8,0.2
401,-2.19960342984234,2.51533813839279,-0.102633294768951,"Converged","CC",FALSE,FALSE,0.8,0.2
402,-0.956325497566546,-0.0884788170728217,-0.151267514638924,"Converged","CC",FALSE,FALSE,0.8,0.2
403,-1.51176116807363,0.963410857012016,-0.0957904405484286,"Converged","MLE",FALSE,FALSE,0.8,0.2
404,-1.89366085672648,1.40112609567156,-0.0473390804834365,"Converged","CC",FALSE,FALSE,0.8,0.2
405,-2.34145957612107,2.56593311509547,-0.0505694266356983,"Converged","MLE",FALSE,FALSE,0.8,0.2
406,-1.90607569087939,1.45134391352334,-0.0956744191274032,"Converged","CC",FALSE,FALSE,0.8,0.2
407,-1.65252341785973,1.05336925312364,-0.112580634766558,"Converged","MLE",FALSE,FALSE,0.8,0.2
408,-1.56170652802521,0.619648101968208,-0.0784953249184089,"Converged","MLE",FALSE,FALSE,0.8,0.2
409,-1.64825333704733,1.18894588703222,-0.102579632765294,"Converged","MLE",FALSE,FALSE,0.8,0.2
410,-1.31500605052063,1.7539699521561,-0.213409006692743,"Converged","MLE",FALSE,FALSE,0.8,0.2
411,-1.59625194835159,0.740566951692058,-0.116329633121462,"Converged","MLE",FALSE,FALSE,0.8,0.2
412,-2.01854873151795,2.49113177522654,-0.140800127933839,"Converged","CC",FALSE,FALSE,0.8,0.2
413,-1.4715008526813,1.03228565109225,-0.106894239621605,"Converged","CC",FALSE,FALSE,0.8,0.2
414,-2.01091057351562,3.027327192462,-0.161207927155348,"Converged","CC",TRUE,FALSE,0.8,0.2
415,-1.01294216992785,-0.656258045433941,-0.133213337716275,"Converged","CC",FALSE,FALSE,0.8,0.2
416,-2.23362057260504,3.34258705997692,-0.099802032830889,"Converged","CC",FALSE,FALSE,0.8,0.2
417,-1.9854629200639,2.23852238075288,-0.107938728987309,"Converged","CC",TRUE,FALSE,0.8,0.2
418,-1.4094858439901,0.7188365802947,-0.137486026730138,"Converged","MLE",FALSE,FALSE,0.8,0.2
419,-1.42950317849016,0.652339114778423,-0.124153189123319,"Converged","CC",FALSE,FALSE,0.8,0.2
420,-1.763734526381,0.760767885299237,-0.0638942622050523,"Converged","CC",FALSE,FALSE,0.8,0.2
421,-1.60407806527012,1.03661854371738,-0.149822070517844,"Converged","MLE",FALSE,FALSE,0.8,0.2
422,-2.28789350067081,2.23750434761272,-0.0710499290037547,"Converged","CC",FALSE,FALSE,0.8,0.2
423,-2.36821140787248,3.37663431290602,-0.117777291315058,"Converged","CC",FALSE,FALSE,0.8,0.2
424,-2.08169018598882,3.42325713097027,-0.170704629032915,"Converged","CC",FALSE,FALSE,0.8,0.2
425,-1.63828324513911,2.27889651453688,-0.178096876270887,"Converged","CC",FALSE,FALSE,0.8,0.2
426,-1.66597472513924,1.35679821754264,-0.136658258859585,"Converged","MLE",FALSE,FALSE,0.8,0.2
427,-1.77408136801691,1.30237494262126,-0.083031856324614,"Converged","MLE",FALSE,FALSE,0.8,0.2
428,-1.83321580893676,1.57100343176672,-0.0726835364869832,"Converged","CC",FALSE,FALSE,0.8,0.2
429,-2.24043208532515,3.49936272753424,-0.1361385279514,"Converged","MLE",FALSE,FALSE,0.8,0.2
430,-1.56289625575402,0.790994024206372,-0.136927542433765,"Converged","CC",TRUE,FALSE,0.8,0.2
431,-1.95582481165906,1.65838937139126,-0.0570604645963246,"Converged","CC",FALSE,FALSE,0.8,0.2
432,-1.77605602827141,1.80101912870052,-0.102860129552651,"Converged","CC",FALSE,FALSE,0.8,0.2
433,-2.09834203488543,2.46764934602789,-0.132835663476637,"Converged","MLE",FALSE,FALSE,0.8,0.2
434,-2.0051109490458,1.13724679965751,-0.0529661990746616,"Converged","MLE",FALSE,FALSE,0.8,0.2
435,-1.86242249226759,1.26573439469395,-0.0517673901444003,"Converged","MLE",FALSE,FALSE,0.8,0.2
436,-1.6564536171556,1.41130790026976,-0.134847421747556,"Converged","CC",FALSE,FALSE,0.8,0.2
437,-2.15757280037677,1.88489725759672,-0.0356831268742738,"Converged","CC",FALSE,FALSE,0.8,0.2
438,-1.9878247674807,2.02952648091371,-0.111796038412232,"Converged","CC",TRUE,FALSE,0.8,0.2
439,-1.69008261959317,1.48853260392881,-0.118584177561494,"Converged","MLE",FALSE,FALSE,0.8,0.2
440,-2.11429288961172,2.70229519773083,-0.134621443282982,"Converged","MLE",FALSE,FALSE,0.8,0.2
441,-2.29671049888786,2.26146947081976,-0.0620146919875757,"Converged","MLE",FALSE,FALSE,0.8,0.2
442,-2.42671947608275,2.51047710833055,-0.0283097382251795,"Converged","MLE",FALSE,FALSE,0.8,0.2
443,-1.7768190713618,0.927191657889838,-0.110331567058159,"Converged","CC",FALSE,FALSE,0.8,0.2
444,-1.38533288832688,0.616118117972689,-0.120957762531127,"Converged","MLE",FALSE,FALSE,0.8,0.2
445,-1.26783240272012,0.529542573461817,-0.121844026453677,"Converged","MLE",FALSE,FALSE,0.8,0.2
446,-2.12084110137509,2.93336110682335,-0.148927734023305,"Converged","MLE",FALSE,FALSE,0.8,0.2
447,-1.84646150404339,1.40345485130896,-0.0648627165898056,"Converged","CC",FALSE,FALSE,0.8,0.2
448,-1.59477223603928,0.256990076221817,-0.0733734669374122,"Converged","MLE",FALSE,FALSE,0.8,0.2
449,-2.23101841531115,2.5790442835035,-0.0580552995032917,"Converged","CC",FALSE,FALSE,0.8,0.2
450,-1.35923938273797,0.437983359717491,-0.110763950202205,"Converged","CC",FALSE,FALSE,0.8,0.2
451,-1.77633901424741,1.28586944858825,-0.0683153929377514,"Converged","CC",FALSE,FALSE,0.8,0.2
452,-2.10950748115998,3.13127810951404,-0.167045003914289,"Converged","CC",FALSE,FALSE,0.8,0.2
453,-2.48979880629443,3.44942899362788,-0.091253956090155,"Converged","CC",FALSE,FALSE,0.8,0.2
454,-1.54494437953871,1.06561730428216,-0.100552875551388,"Converged","MLE",FALSE,FALSE,0.8,0.2
455,-2.19648788631622,2.4218375797969,-0.045430584258895,"Converged","MLE",FALSE,FALSE,0.8,0.2
456,-1.89894312866513,1.07900799387461,-0.0569382218723545,"Converged","CC",FALSE,FALSE,0.8,0.2
457,-1.28031213029611,1.06757790539455,-0.201789897651933,"Converged","MLE",FALSE,FALSE,0.8,0.2
458,-1.69580996428057,0.859636087406592,-0.0722790668904131,"Converged","CC",TRUE,FALSE,0.8,0.2
459,-1.92083002896609,2.65128176476151,-0.183087537248667,"Converged","MLE",FALSE,FALSE,0.8,0.2
460,-1.79337946652607,0.920656583545497,-0.104701270408376,"Converged","CC",FALSE,FALSE,0.8,0.2
461,-3.10432432255193,4.69115906305179,-0.0627596413988787,"Converged","MLE",TRUE,FALSE,0.8,0.2
462,-2.01183341935709,3.32924321122893,-0.162632203108279,"Converged","CC",FALSE,FALSE,0.8,0.2
463,-2.42235195899072,2.52907865996339,-0.0461688638745196,"Converged","MLE",FALSE,FALSE,0.8,0.2
464,-3.20303590969016,4.27781293033695,-0.0192446003587262,"Converged","MLE",FALSE,FALSE,0.8,0.2
465,-2.08814216487054,1.73891408825615,-0.071265838234513,"Converged","CC",FALSE,FALSE,0.8,0.2
466,-3.00827572181499,4.80758113008129,-0.0502533605757733,"Converged","MLE",FALSE,FALSE,0.8,0.2
467,-1.73653741048504,1.3549688604362,-0.138184140263597,"Converged","CC",FALSE,FALSE,0.8,0.2
468,-2.38772250884787,3.08307534641725,-0.0963693742388597,"Converged","CC",FALSE,FALSE,0.8,0.2
469,-1.63898069527797,1.00460978592762,-0.0959962491090147,"Converged","MLE",FALSE,FALSE,0.8,0.2
470,-1.78560212291062,0.911059841925343,-0.0429014759104898,"Converged","CC",FALSE,FALSE,0.8,0.2
471,-1.59319250647456,0.829395083353846,-0.0812601436886727,"Converged","MLE",FALSE,FALSE,0.8,0.2
472,-2.05481996710711,1.56092247837657,-0.062582033448587,"Converged","MLE",FALSE,FALSE,0.8,0.2
473,-2.91432153361501,5.6896261791242,-0.132023706432724,"Converged","CC",FALSE,FALSE,0.8,0.2
474,-1.55030521146289,1.10482378432552,-0.115920786733412,"Converged","CC",FALSE,FALSE,0.8,0.2
475,-0.729684124379159,-0.209425047119702,-0.177551358710097,"Converged","CC",FALSE,FALSE,0.8,0.2
476,-0.998924434151127,-0.16730564099952,-0.141841706944181,"Converged","MLE",FALSE,FALSE,0.8,0.2
477,-2.07772026300623,2.57546594463267,-0.139268418012961,"Converged","CC",FALSE,FALSE,0.8,0.2
478,-1.96607944239173,0.202221170507519,0.0209457807244151,"Converged","CC",FALSE,FALSE,0.8,0.2
479,NA,NA,NA,NA,"MLE",FALSE,TRUE,0.8,0.2
480,-1.81605164485926,1.15747858231136,-0.0952363088680809,"Converged","MLE",FALSE,FALSE,0.8,0.2
481,-1.75837997254499,1.06273308576714,-0.0670028931193324,"Converged","MLE",FALSE,FALSE,0.8,0.2
482,-1.79765932385694,1.87782678147933,-0.148000082602007,"Converged","MLE",FALSE,FALSE,0.8,0.2
483,-0.655136386966961,-1.49001873120328,-0.141899565602092,"Converged","MLE",FALSE,FALSE,0.8,0.2
484,NA,NA,NA,NA,"MLE",FALSE,TRUE,0.8,0.2
485,-2.13112809297673,2.66345736144053,-0.120664779534629,"Converged","MLE",FALSE,FALSE,0.8,0.2
486,-1.40604695342542,0.691140947105678,-0.12488065746701,"Converged","CC",FALSE,FALSE,0.8,0.2
487,-1.18456755003145,0.503683131333194,-0.154328793253706,"Converged","MLE",FALSE,FALSE,0.8,0.2
488,-2.13580652369924,2.20660657475838,-0.100205206415912,"Converged","CC",FALSE,FALSE,0.8,0.2
489,-2.12375090312653,1.74541551878287,-0.075780499888951,"Converged","CC",FALSE,FALSE,0.8,0.2
490,-1.30315686545708,0.0921635895182278,-0.131717445849398,"Converged","MLE",FALSE,FALSE,0.8,0.2
491,-2.23167835647847,3.53365829090693,-0.132488736057713,"Converged","MLE",FALSE,FALSE,0.8,0.2
492,-2.01522803666285,2.66783354505791,-0.123982065083493,"Converged","MLE",FALSE,FALSE,0.8,0.2
493,-1.93222180775764,2.40011982724562,-0.108103004260938,"Converged","MLE",FALSE,FALSE,0.8,0.2
494,-1.52400981089159,1.40320450827742,-0.153137083958232,"Converged","MLE",FALSE,FALSE,0.8,0.2
495,-1.9680579222507,1.48661624758014,-0.0550051360763797,"Converged","MLE",FALSE,FALSE,0.8,0.2
496,-2.4016833175458,4.00786911369323,-0.133848464540142,"Converged","MLE",FALSE,FALSE,0.8,0.2
497,-1.88544840825602,0.292247226518276,-0.0120528465920682,"Converged","MLE",TRUE,FALSE,0.8,0.2
498,-2.21009834654243,3.15085012313037,-0.113408577676232,"Converged","MLE",FALSE,FALSE,0.8,0.2
499,-1.37424693794062,0.0892313531771917,-0.0945251229495947,"Converged","CC",FALSE,FALSE,0.8,0.2
500,-2.5470142690815,3.8064885342071,-0.0891067453896586,"Converged","CC",FALSE,FALSE,0.8,0.2
501,-1.9858863689112,1.57512322856544,-0.0578312543194626,"Converged","MLE",FALSE,FALSE,0.8,0.2
502,-3.01813747580495,3.75629628367689,-0.0373014188437556,"Converged","MLE",FALSE,FALSE,0.8,0.2
503,-1.99693534880956,1.52795443455819,-0.0584003732152359,"Converged","CC",FALSE,FALSE,0.8,0.2
504,NA,NA,NA,"MAX_ITER reached","MLE",FALSE,FALSE,0.8,0.2
505,NA,NA,NA,"MAX_ITER reached","MLE",FALSE,FALSE,0.8,0.2
506,-1.54567778573223,1.09522470204922,-0.120305904000961,"Converged","MLE",FALSE,FALSE,0.8,0.2
507,-2.34313910248598,3.44531494593899,-0.09906199695029,"Converged","MLE",FALSE,FALSE,0.8,0.2
508,-1.70306026988537,1.85289816898045,-0.152359003707521,"Converged","MLE",FALSE,FALSE,0.8,0.2
509,-2.25309227052871,2.89207252064357,-0.0981350283940963,"Converged","MLE",FALSE,FALSE,0.8,0.2
510,-1.71261182486564,1.07870701631469,-0.0996154782228083,"Converged","CC",FALSE,FALSE,0.8,0.2
511,-2.38198374988771,1.78073437759773,-0.0118634089572312,"Converged","MLE",FALSE,FALSE,0.8,0.2
512,-1.66025696680299,1.90259456044076,-0.136705542394824,"Converged","CC",FALSE,FALSE,0.8,0.2
513,-1.26696000335373,-0.371653340237351,-0.106123742541972,"Converged","CC",FALSE,FALSE,0.8,0.2
514,-2.84654000742722,4.57678217863988,-0.10375735062536,"Converged","CC",FALSE,FALSE,0.8,0.2
515,-2.30317654456132,3.50607471525129,-0.102697373928797,"Converged","CC",FALSE,FALSE,0.8,0.2
516,-2.33992462146209,2.7348015838709,-0.0893951161144527,"Converged","MLE",FALSE,FALSE,0.8,0.2
517,-1.38211956266052,0.293230304334459,-0.129473459857024,"Converged","CC",FALSE,FALSE,0.8,0.2
518,-2.73089513347966,4.1531868085707,-0.0511838188903342,"Converged","MLE",FALSE,FALSE,0.8,0.2
519,-2.04721808366474,2.15445362945563,-0.0888657852802039,"Converged","MLE",FALSE,FALSE,0.8,0.2
520,-1.87214196029131,1.48563263977613,-0.0917331931652519,"Converged","CC",FALSE,FALSE,0.8,0.2
521,-2.02947237040236,2.40385103920274,-0.110861752130199,"Converged","MLE",FALSE,FALSE,0.8,0.2
522,-2.22416297732205,2.68300774319115,-0.099894236352532,"Converged","MLE",FALSE,FALSE,0.8,0.2
523,-1.89458442280684,2.55935362696398,-0.109489816341265,"Converged","CC",FALSE,FALSE,0.8,0.2
524,-1.56481700582441,1.54481963990598,-0.173484238848471,"Converged","MLE",FALSE,FALSE,0.8,0.2
525,-2.13570116581671,2.60081481653591,-0.105528121504686,"Converged","CC",FALSE,FALSE,0.8,0.2
526,-1.95399966087638,1.47858364966348,-0.0932570256138331,"Converged","CC",FALSE,FALSE,0.8,0.2
527,-1.59735325433571,0.488576617916591,-0.0370095236125386,"Converged","CC",FALSE,FALSE,0.8,0.2
528,-1.94275904629473,2.49997635243937,-0.154556068053868,"Converged","CC",FALSE,FALSE,0.8,0.2
529,-1.63315938229157,-0.100413829029765,-0.075989158151489,"Converged","MLE",FALSE,FALSE,0.8,0.2
530,-2.6468525614829,3.49089004415403,-0.0487845169972448,"Converged","CC",FALSE,FALSE,0.8,0.2
531,-1.69570758983432,0.907301739628062,-0.0820337941116881,"Converged","MLE",FALSE,FALSE,0.8,0.2
532,-2.51062223946957,2.25130462808412,-0.0209201922355773,"Converged","MLE",FALSE,FALSE,0.8,0.2
533,-2.47371358370185,3.71675686422385,-0.128588620596946,"Converged","CC",FALSE,FALSE,0.8,0.2
534,-2.23001294323066,2.99066051335737,-0.111279296901266,"Converged","MLE",FALSE,FALSE,0.8,0.2
535,-2.30227049023951,3.83605587455299,-0.153837581491863,"Converged","MLE",FALSE,FALSE,0.8,0.2
536,-2.68333664072777,3.57375824647851,-0.0560555194362606,"Converged","MLE",FALSE,FALSE,0.8,0.2
537,-1.18541514834789,-0.236982607765683,-0.0840875584422096,"Converged","CC",FALSE,FALSE,0.8,0.2
538,-2.03300231459745,2.24819801745987,-0.0867780094629667,"Converged","MLE",FALSE,FALSE,0.8,0.2
539,-2.37468915871547,2.74346849217028,-0.0725782510289782,"Converged","MLE",FALSE,FALSE,0.8,0.2
540,-2.51217236859041,2.91141686064458,-0.0547237786830705,"Converged","MLE",FALSE,FALSE,0.8,0.2
541,-1.48654097043499,-0.053732715605941,-0.075739412830883,"Converged","MLE",FALSE,FALSE,0.8,0.2
542,-2.65028617240749,4.78794919944949,-0.149912714645919,"Converged","MLE",FALSE,FALSE,0.8,0.2
543,-2.12755887156595,1.7103480314984,-0.00825151769960952,"Converged","MLE",FALSE,FALSE,0.8,0.2
544,-3.39475472948801,7.28986064903356,-0.156416423460772,"Converged","MLE",FALSE,FALSE,0.8,0.2
545,-1.61748465832684,0.219411867302625,-0.0725291344625028,"Converged","CC",FALSE,FALSE,0.8,0.2
546,-2.58032695119597,3.47005191280986,-0.0869390171612383,"Converged","MLE",FALSE,FALSE,0.8,0.2
547,-2.02805395057909,1.70934697462096,-0.096610015850083,"Converged","CC",FALSE,FALSE,0.8,0.2
548,-2.24363251314026,2.25829680543634,-0.0549659938595428,"Converged","CC",FALSE,FALSE,0.8,0.2
549,-1.17284091600951,-0.15741047992021,-0.146899078988589,"Converged","MLE",FALSE,FALSE,0.8,0.2
550,-1.2548440352236,-0.0960815998882536,-0.131003130213091,"Converged","CC",FALSE,FALSE,0.8,0.2
551,-1.80519245379656,2.20425455941544,-0.136675503397171,"Converged","MLE",FALSE,FALSE,0.8,0.2
552,-2.03976149503478,1.25368866212632,-0.0254667069527133,"Converged","CC",FALSE,FALSE,0.8,0.2
553,-2.09003863702056,2.4358410791209,-0.133085078757259,"Converged","CC",FALSE,FALSE,0.8,0.2
554,-2.27416567069659,2.09849605794157,-0.0228033152410731,"Converged","MLE",FALSE,FALSE,0.8,0.2
555,-1.98851262201773,2.11150084403751,-0.132854395980264,"Converged","CC",FALSE,FALSE,0.8,0.2
556,-1.54336701836708,0.814307862392298,-0.115941161022909,"Converged","MLE",FALSE,FALSE,0.8,0.2
557,-1.55376537508713,0.181514957122507,-0.0727402027926727,"Converged","CC",FALSE,FALSE,0.8,0.2
558,-0.809046437201165,-2.17159358502681,-0.0669653849407613,"Converged","MLE",FALSE,FALSE,0.8,0.2
559,-2.04148508117416,2.02671067121408,-0.0799369213134725,"Converged","MLE",FALSE,FALSE,0.8,0.2
560,-1.85274950846805,2.06773999560568,-0.0964564567785827,"Converged","MLE",FALSE,FALSE,0.8,0.2
561,-2.08966432155024,1.99854965060393,-0.051949365410572,"Converged","CC",FALSE,FALSE,0.8,0.2
562,-2.20021909559444,2.5466845138222,-0.110622781613024,"Converged","MLE",FALSE,FALSE,0.8,0.2
563,-1.2217691143909,-1.18058276086478,-0.0544194800847199,"Converged","CC",FALSE,FALSE,0.8,0.2
564,-2.12680178408839,2.51264360500726,-0.121914229037475,"Converged","MLE",FALSE,FALSE,0.8,0.2
565,-2.4352540425218,3.67173314690783,-0.107407715819392,"Converged","MLE",FALSE,FALSE,0.8,0.2
566,-1.59357578823229,1.05383974575614,-0.105903284236584,"Converged","MLE",FALSE,FALSE,0.8,0.2
567,-2.64122486866676,3.81875417656648,-0.0831425319862365,"Converged","MLE",FALSE,FALSE,0.8,0.2
568,-1.64698384261782,2.07263988042877,-0.144801438191601,"Converged","MLE",FALSE,FALSE,0.8,0.2
569,-2.66038573256981,4.94785103559036,-0.202104559714186,"Converged","CC",FALSE,FALSE,0.8,0.2
570,-2.34891939894434,2.44616144487696,-0.0377518707593605,"Converged","MLE",FALSE,FALSE,0.8,0.2
571,-2.3531687038152,2.64279933174669,-0.103370827954054,"Converged","CC",FALSE,FALSE,0.8,0.2
572,-1.62403361649371,0.232462806492205,-0.0322935786008849,"Converged","CC",FALSE,FALSE,0.8,0.2
573,-2.16730981786782,2.53864209146369,-0.0737684691060973,"Converged","CC",FALSE,FALSE,0.8,0.2
574,-1.86393905078173,1.63897054600613,-0.0618599675026433,"Converged","CC",FALSE,FALSE,0.8,0.2
575,-2.12182059003689,1.68636610336746,-0.0406246143477913,"Converged","MLE",FALSE,FALSE,0.8,0.2
576,-1.54159104967534,0.616703573231721,-0.101886142405719,"Converged","CC",FALSE,FALSE,0.8,0.2
577,-2.24054972436913,2.94028121690827,-0.117527599634127,"Converged","CC",FALSE,FALSE,0.8,0.2
578,-3.02709702644075,5.32121578927258,-0.0619643742274503,"Converged","CC",FALSE,FALSE,0.8,0.2
579,-1.5846940333562,1.10852615020406,-0.11686589583682,"Converged","MLE",FALSE,FALSE,0.8,0.2
580,-2.40370832565968,2.68952261022435,-0.0620849052320216,"Converged","MLE",FALSE,FALSE,0.8,0.2
581,-1.36732372137833,0.313339686782951,-0.102757521425133,"Converged","CC",FALSE,FALSE,0.8,0.2
582,-2.56197139859007,3.7206704026076,-0.109618547920648,"Converged","MLE",FALSE,FALSE,0.8,0.2
583,-2.34033675579651,4.62174696137719,-0.256116997379187,"Converged","MLE",FALSE,FALSE,0.8,0.2
584,-1.52531515432658,1.22984480992945,-0.145479917449058,"Converged","CC",FALSE,FALSE,0.8,0.2
585,-2.63693295657077,4.01459200723224,-0.122882135495604,"Converged","CC",FALSE,FALSE,0.8,0.2
586,-1.48295368235536,1.04441883851898,-0.170636177679851,"Converged","MLE",FALSE,FALSE,0.8,0.2
587,NA,NA,NA,NA,"MLE",FALSE,TRUE,0.8,0.2
588,-2.24319621740176,2.6458058152026,-0.107300439156523,"Converged","MLE",FALSE,FALSE,0.8,0.2
589,-2.09045432899594,2.08095311299133,-0.0402283546941219,"Converged","MLE",FALSE,FALSE,0.8,0.2
590,-2.42938569662865,1.96338734124286,-0.0440325288662753,"Converged","CC",FALSE,FALSE,0.8,0.2
591,-2.20125730376508,2.03447147435385,-0.0589299319797534,"Converged","MLE",FALSE,FALSE,0.8,0.2
592,NA,NA,NA,NA,"MLE",FALSE,TRUE,0.8,0.2
593,-2.40737875522158,3.87061705361939,-0.104390003805652,"Converged","CC",TRUE,FALSE,0.8,0.2
594,-1.80157303239317,2.34099294999774,-0.187248359854861,"Converged","MLE",TRUE,FALSE,0.8,0.2
595,-2.05990830795535,2.31757791572007,-0.103794041526198,"Converged","MLE",FALSE,FALSE,0.8,0.2
596,-1.43176176926446,1.52902599716542,-0.173985167666748,"Converged","CC",FALSE,FALSE,0.8,0.2
597,-2.3214508684839,2.73783631334141,-0.10807557005716,"Converged","CC",FALSE,FALSE,0.8,0.2
598,-1.22763547262764,-0.594496929801138,-0.0960270774894287,"Converged","MLE",FALSE,FALSE,0.8,0.2
599,-1.23907369981142,1.2740578259549,-0.177490857796716,"Converged","CC",FALSE,FALSE,0.8,0.2
600,-1.52056694731457,1.44305856527388,-0.147287198180323,"Converged","MLE",FALSE,FALSE,0.8,0.2
601,-2.80555960967872,5.58628173930637,-0.163305986541775,"Converged","MLE",FALSE,FALSE,0.8,0.2
602,-1.47679758565285,0.425877747845314,-0.0709217172901392,"Converged","CC",FALSE,FALSE,0.8,0.2
603,-1.32388289452746,1.06092097486772,-0.174006248734452,"Converged","CC",FALSE,FALSE,0.8,0.2
604,-2.00137057053662,2.06117383501628,-0.126928946265557,"Converged","MLE",FALSE,FALSE,0.8,0.2
605,-1.90905188732205,2.50612352176594,-0.16830645587878,"Converged","MLE",FALSE,FALSE,0.8,0.2
606,-1.30785270107258,0.736250656756473,-0.149358832880039,"Converged","MLE",FALSE,FALSE,0.8,0.2
607,-1.4331599732292,-0.804450624571786,-0.00604541939630416,"Converged","CC",FALSE,FALSE,0.8,0.2
608,-1.38417460833288,0.337475036785573,-0.126487303135904,"Converged","CC",FALSE,FALSE,0.8,0.2
609,-1.77810577274541,0.939599297781406,-0.0590538785716771,"Converged","CC",FALSE,FALSE,0.8,0.2
610,-1.95364966333078,2.15727444663729,-0.0891127532157094,"Converged","MLE",FALSE,FALSE,0.8,0.2
611,-1.94885471730503,1.40383880742716,-0.0664947977419518,"Converged","MLE",FALSE,FALSE,0.8,0.2
612,-2.11203308300388,2.32580547104116,-0.11796092803654,"Converged","MLE",FALSE,FALSE,0.8,0.2
613,-1.64990755298253,2.05716313993487,-0.156521442550107,"Converged","MLE",FALSE,FALSE,0.8,0.2
614,-1.64936474914729,0.430007410580861,-0.0804451160256078,"Converged","CC",FALSE,FALSE,0.8,0.2
615,-1.81020172136919,1.62698743771348,-0.116019154775062,"Converged","CC",FALSE,FALSE,0.8,0.2
616,-1.25413941920426,0.739734676297545,-0.138252544491608,"Converged","MLE",FALSE,FALSE,0.8,0.2
617,-1.78684542083897,2.95958212161164,-0.205705730590974,"Converged","CC",FALSE,FALSE,0.8,0.2
618,-1.59033528565565,1.40998967624941,-0.118011351885742,"Converged","CC",FALSE,FALSE,0.8,0.2
619,-2.42849362220764,1.77895698317495,0.0380719999596483,"Converged","CC",FALSE,FALSE,0.8,0.2
620,-2.88109688905984,4.24055572078264,-0.0529259059381351,"Converged","MLE",FALSE,FALSE,0.8,0.2
621,-1.13536110802196,-0.14640137896736,-0.131111597864394,"Converged","CC",FALSE,FALSE,0.8,0.2
622,-1.47581378690206,-0.140378115714822,-0.0669204615709304,"Converged","CC",FALSE,FALSE,0.8,0.2
623,-0.947477640611166,-0.537403456093284,-0.128564727730727,"Converged","MLE",FALSE,FALSE,0.8,0.2
624,-2.48476776146664,3.05050758504644,-0.0690212471907949,"Converged","MLE",FALSE,FALSE,0.8,0.2
625,-2.34086729186375,3.06663097127563,-0.07387559521226,"Converged","CC",FALSE,FALSE,0.8,0.2
626,-1.019761143887,-0.898921080627249,-0.0951139556640353,"Converged","CC",FALSE,FALSE,0.8,0.2
627,-2.05295469769234,3.14295147221881,-0.160678408323741,"Converged","MLE",FALSE,FALSE,0.8,0.2
628,-2.10153217181339,2.43752868238479,-0.10388814337486,"Converged","MLE",FALSE,FALSE,0.8,0.2
629,-3.60457395619225,6.79140509174123,-0.116424465059501,"Converged","CC",FALSE,FALSE,0.8,0.2
630,-2.34812590212084,3.06484324565278,-0.0657686508266036,"Converged","MLE",FALSE,FALSE,0.8,0.2
631,-1.60450663537316,1.97270059288884,-0.17004326860637,"Converged","CC",FALSE,FALSE,0.8,0.2
632,-1.65393449581649,0.930301179883188,-0.0987781254278164,"Converged","MLE",FALSE,FALSE,0.8,0.2
633,-1.80400237812259,0.863769802811288,-0.0443573523455719,"Converged","MLE",FALSE,FALSE,0.8,0.2
634,-1.95026507231669,1.3996898698356,-0.0200359534693016,"Converged","CC",FALSE,FALSE,0.8,0.2
635,-1.80873689209139,2.01703190669925,-0.121242526477425,"Converged","MLE",FALSE,FALSE,0.8,0.2
636,-2.04170540910213,2.06609703321499,-0.0836296188676868,"Converged","MLE",FALSE,FALSE,0.8,0.2
637,-1.5907295058921,1.87580011377704,-0.174820541336112,"Converged","CC",FALSE,FALSE,0.8,0.2
638,-1.58884324437405,0.849859028538082,-0.0901049889958233,"Converged","MLE",FALSE,FALSE,0.8,0.2
639,-2.82335277803939,4.67226294901176,-0.0970195928975567,"Converged","MLE",TRUE,FALSE,0.8,0.2
640,-2.28773241831527,2.47134707768847,-0.0475736026227281,"Converged","MLE",FALSE,FALSE,0.8,0.2
641,-1.69421039061941,1.88322615537564,-0.13682496887306,"Converged","MLE",FALSE,FALSE,0.8,0.2
642,-2.18078860504336,2.72531688865363,-0.111086679949814,"Converged","MLE",FALSE,FALSE,0.8,0.2
643,-2.42437441492863,3.30835188519107,-0.0914111892907806,"Converged","MLE",FALSE,FALSE,0.8,0.2
644,-1.84622865862001,2.49122858157789,-0.181703220346285,"Converged","CC",FALSE,FALSE,0.8,0.2
645,-1.80062317996222,0.941583072074477,-0.0522957445886594,"Converged","CC",FALSE,FALSE,0.8,0.2
646,-2.22014825648929,2.06961788736006,-0.0359538522737805,"Converged","CC",FALSE,FALSE,0.8,0.2
647,-1.25513080738369,-0.063890917405095,-0.111865512136069,"Converged","CC",FALSE,FALSE,0.8,0.2
648,-2.70191349148537,3.47574410364091,-0.0272423990856435,"Converged","CC",FALSE,FALSE,0.8,0.2
649,-1.64771710689164,0.391458638541786,-0.0583211558803943,"Converged","CC",FALSE,FALSE,0.8,0.2
650,-1.4651995848546,1.52616716670619,-0.146171543938632,"Converged","MLE",FALSE,FALSE,0.8,0.2
651,-2.02272321107063,3.02616955281549,-0.167014001997856,"Converged","CC",FALSE,FALSE,0.8,0.2
652,-0.977456776591055,-0.239715560339272,-0.173765523963678,"Converged","CC",FALSE,FALSE,0.8,0.2
653,-2.49909236108547,3.73172614703387,-0.136675700096125,"Converged","CC",FALSE,FALSE,0.8,0.2
654,-2.68070127418372,3.83301274755527,-0.0550641233641663,"Converged","MLE",FALSE,FALSE,0.8,0.2
655,-1.01411299352844,-0.921945688474882,-0.0886459471087615,"Converged","CC",FALSE,FALSE,0.8,0.2
656,-1.60757084207944,0.77142305317894,-0.0838604161018905,"Converged","MLE",FALSE,FALSE,0.8,0.2
657,-1.72284509471252,0.977894362125385,-0.0949355673049617,"Converged","CC",FALSE,FALSE,0.8,0.2
658,-2.07425041489592,2.57833715610896,-0.147334440154502,"Converged","MLE",TRUE,FALSE,0.8,0.2
659,-2.262722641861,2.17771053375127,-0.0801726367623921,"Converged","MLE",FALSE,FALSE,0.8,0.2
660,-2.12500627155181,2.28820586099395,-0.0913908391101952,"Converged","CC",FALSE,FALSE,0.8,0.2
661,-2.81542431563444,4.38933413176209,-0.0437214731083037,"Converged","MLE",FALSE,FALSE,0.8,0.2
662,-1.57501329630857,0.908531863743322,-0.132169695631771,"Converged","MLE",FALSE,FALSE,0.8,0.2
663,-1.32593837518847,-0.445216176806727,-0.09471163930835,"Converged","CC",FALSE,FALSE,0.8,0.2
664,-1.19982999129021,0.230111078869313,-0.18210661558998,"Converged","MLE",FALSE,FALSE,0.8,0.2
665,-1.24255756606743,-0.895013605601001,-0.0562035622121561,"Converged","CC",FALSE,FALSE,0.8,0.2
666,-3.46698828610421,4.77397144953076,0.00885937941198479,"Converged","MLE",FALSE,FALSE,0.8,0.2
667,-2.94074533019802,3.93538600594929,-0.0419642369483363,"Converged","MLE",FALSE,FALSE,0.8,0.2
668,-1.71640656371677,2.03040311613749,-0.182721706579908,"Converged","MLE",FALSE,FALSE,0.8,0.2
669,-2.98842390303052,4.25145664669324,-0.0258789013703996,"Converged","MLE",TRUE,FALSE,0.8,0.2
670,-2.98933513102377,3.80114740257341,-0.0108804342750307,"Converged","CC",FALSE,FALSE,0.8,0.2
671,-1.34317113453045,-0.395940267332394,-0.0819775339554187,"Converged","MLE",FALSE,FALSE,0.8,0.2
672,-2.28513273013189,1.83583422875746,-0.0657238372645331,"Converged","MLE",FALSE,FALSE,0.8,0.2
673,-1.71925641939341,1.68294399390171,-0.124926299774233,"Converged","CC",FALSE,FALSE,0.8,0.2
674,-1.49798589605654,0.806114823588919,-0.115734009349891,"Converged","MLE",FALSE,FALSE,0.8,0.2
675,-1.6984908141549,1.52403453699625,-0.135211733993779,"Converged","MLE",FALSE,FALSE,0.8,0.2
676,-1.94620808291896,1.23299555973631,-0.0623265463016683,"Converged","MLE",FALSE,FALSE,0.8,0.2
677,-1.45807658836635,0.999430390450183,-0.132458032137451,"Converged","MLE",FALSE,FALSE,0.8,0.2
678,-0.860180925437677,-0.693840211449187,-0.145358835434153,"Converged","MLE",FALSE,FALSE,0.8,0.2
679,-2.88082633308771,4.06674682112496,-0.0763018878942427,"Converged","CC",FALSE,FALSE,0.8,0.2
680,-1.9189854824778,2.37106653681966,-0.152402150221441,"Converged","MLE",FALSE,FALSE,0.8,0.2
681,-1.38312297828663,0.725933762125684,-0.148901096637297,"Converged","MLE",FALSE,FALSE,0.8,0.2
682,-1.93512050893298,2.86891295472713,-0.161865246000117,"Converged","MLE",FALSE,FALSE,0.8,0.2
683,-1.88356058907313,1.5744294784903,-0.0842756009663314,"Converged","MLE",FALSE,FALSE,0.8,0.2
684,NA,NA,NA,"MAX_ITER reached","MLE",FALSE,FALSE,0.8,0.2
685,-1.5093917375455,0.248308227782422,-0.0607495239598772,"Converged","MLE",FALSE,FALSE,0.8,0.2
686,-2.41849958976491,3.84377312969515,-0.13936146576047,"Converged","MLE",FALSE,FALSE,0.8,0.2
687,-2.02745192616404,2.24195976535986,-0.0592121810772043,"Converged","MLE",FALSE,FALSE,0.8,0.2
688,-1.11596456777078,-0.342275331828266,-0.122039057397223,"Converged","MLE",FALSE,FALSE,0.8,0.2
689,-2.400005479952,2.42787287873114,-0.0209892527125744,"Converged","MLE",FALSE,FALSE,0.8,0.2
690,-2.21628412493166,1.97027606846446,-0.0517229208408454,"Converged","MLE",FALSE,FALSE,0.8,0.2
691,-2.4303175944372,2.85435009362128,-0.0545074394872145,"Converged","MLE",FALSE,FALSE,0.8,0.2
692,-1.71021024112605,0.951104494097556,-0.10652269863208,"Converged","MLE",FALSE,FALSE,0.8,0.2
693,-1.76924501946361,0.62901995076292,-0.0574831880852798,"Converged","MLE",FALSE,FALSE,0.8,0.2
694,-1.73322509725092,0.93476220120471,-0.0809469298808694,"Converged","MLE",FALSE,FALSE,0.8,0.2
695,-1.25238266482482,1.12566327233332,-0.163782030850016,"Converged","CC",FALSE,FALSE,0.8,0.2
696,-1.54739151937595,1.52023533093725,-0.136675661735758,"Converged","CC",FALSE,FALSE,0.8,0.2
697,-1.47886418733408,0.3414036559405,-0.0685727860756799,"Converged","MLE",FALSE,FALSE,0.8,0.2
698,-1.7045667220534,1.4196766075757,-0.0749870269714892,"Converged","MLE",TRUE,TRUE,0.8,0.2
699,-1.69947750077308,0.073443344076129,-0.0903147933778131,"Converged","CC",FALSE,FALSE,0.8,0.2
700,-2.49714370208286,3.19988649687407,-0.06852425424853,"Converged","CC",FALSE,FALSE,0.8,0.2
701,-2.86040099247955,4.58029471874568,-0.0921584131720912,"Converged","CC",FALSE,FALSE,0.8,0.2
702,-2.18751124081457,1.38034280361627,0.000461583505617065,"Converged","CC",FALSE,FALSE,0.8,0.2
703,-2.676543421206,4.05067268740418,-0.0506691898881277,"Converged","CC",FALSE,FALSE,0.8,0.2
704,-2.1690920641201,1.97629245617185,-0.0672197198366299,"Converged","MLE",FALSE,FALSE,0.8,0.2
705,-2.53824948205122,3.13288978581887,-0.0479657870098172,"Converged","MLE",FALSE,FALSE,0.8,0.2
706,-2.53717123894979,3.12816495189386,-0.0538463141086707,"Converged","MLE",FALSE,FALSE,0.8,0.2
707,-2.15201403197093,2.75789703699998,-0.121508835038399,"Converged","MLE",FALSE,FALSE,0.8,0.2
708,-1.71223668844867,0.540559545541104,-0.0437706507073558,"Converged","CC",FALSE,FALSE,0.8,0.2
709,-2.92295549440329,4.92600764869968,-0.0904066710582609,"Converged","CC",FALSE,FALSE,0.8,0.2
710,-1.91500861846707,2.00341427846722,-0.127693795458868,"Converged","MLE",FALSE,FALSE,0.8,0.2
711,NA,NA,NA,NA,"MLE",FALSE,TRUE,0.8,0.2
712,-2.26901855475759,2.76158684417385,-0.0851063203871476,"Converged","MLE",FALSE,FALSE,0.8,0.2
713,-1.2284666638749,0.715974779039644,-0.182944237489583,"Converged","CC",FALSE,FALSE,0.8,0.2
714,-2.94631197370766,3.81215239459283,-0.0424772576712931,"Converged","MLE",FALSE,FALSE,0.8,0.2
715,-2.53209819321179,2.17606082310825,-0.0113372114798505,"Converged","MLE",FALSE,FALSE,0.8,0.2
716,-2.33501409720474,3.09392098826756,-0.0914014718096809,"Converged","CC",FALSE,FALSE,0.8,0.2
717,-1.91358988260315,1.13572470717478,-0.0671504664654686,"Converged","MLE",FALSE,FALSE,0.8,0.2
718,-2.02066615118629,3.0841891270683,-0.17721350029537,"Converged","CC",FALSE,FALSE,0.8,0.2
719,-1.15397178826902,0.0597842738925989,-0.131152467472282,"Converged","CC",FALSE,FALSE,0.8,0.2
720,NA,NA,NA,"MAX_ITER reached","MLE",FALSE,FALSE,0.8,0.2
721,-1.66925598934556,-0.159229001082716,-0.0345657614910139,"Converged","MLE",FALSE,FALSE,0.8,0.2
722,-1.42630139255896,0.497981499572765,-0.11176778805219,"Converged","CC",FALSE,FALSE,0.8,0.2
723,-1.37544849003428,0.891516273503973,-0.139869600484483,"Converged","MLE",FALSE,FALSE,0.8,0.2
724,-2.27594187363528,3.36369823462584,-0.113729572938251,"Converged","MLE",FALSE,FALSE,0.8,0.2
725,NA,NA,NA,NA,"MLE",FALSE,TRUE,0.8,0.2
726,-2.45067330285447,2.41595159120526,-0.0677813238164319,"Converged","CC",FALSE,FALSE,0.8,0.2
727,-1.56352688205936,1.3512698697601,-0.144700932975858,"Converged","MLE",FALSE,FALSE,0.8,0.2
728,-2.54111053015243,3.26941562066471,-0.0616232895476395,"Converged","MLE",FALSE,FALSE,0.8,0.2
729,-1.87924076513694,1.4079217650356,-0.0973945544518262,"Converged","CC",FALSE,FALSE,0.8,0.2
730,-2.16400399459827,2.1445301633536,-0.0521006660680197,"Converged","MLE",FALSE,FALSE,0.8,0.2
731,-2.31804183499109,1.91365180587435,-0.0687754451466499,"Converged","MLE",FALSE,FALSE,0.8,0.2
732,-0.982423926597547,-1.52667851658465,-0.072093798413485,"Converged","CC",FALSE,FALSE,0.8,0.2
733,NA,NA,NA,"MAX_ITER reached","CC",FALSE,FALSE,0.8,0.2
734,-2.08552734681517,1.7472276131965,-0.0515962668136899,"Converged","MLE",FALSE,FALSE,0.8,0.2
735,-1.82855263322148,1.46719438730454,-0.0935316733494811,"Converged","MLE",FALSE,FALSE,0.8,0.2
736,-2.33278910655272,2.82429065572793,-0.0575913253143715,"Converged","MLE",FALSE,FALSE,0.8,0.2
737,-2.19648616331491,3.3583730310279,-0.175749762708315,"Converged","MLE",FALSE,FALSE,0.8,0.2
738,-1.95970087953814,3.03559811842907,-0.161991072403494,"Converged","MLE",TRUE,FALSE,0.8,0.2
739,-2.55019225885058,3.35323579855236,-0.105101569086522,"Converged","CC",FALSE,FALSE,0.8,0.2
740,-2.13489254188356,2.14810748410024,-0.0923913283824421,"Converged","CC",FALSE,FALSE,0.8,0.2
741,NA,NA,NA,NA,"MLE",FALSE,TRUE,0.8,0.2
742,-1.5425867441259,1.62071670786913,-0.158687879463219,"Converged","MLE",FALSE,FALSE,0.8,0.2
743,-1.16538346522477,-0.181487008869331,-0.122101561015508,"Converged","CC",FALSE,FALSE,0.8,0.2
744,-2.33065572227732,2.33047727558705,-0.0731877529371566,"Converged","CC",FALSE,FALSE,0.8,0.2
745,-1.97297807777255,1.48583166671477,-0.111169952461847,"Converged","MLE",FALSE,FALSE,0.8,0.2
746,-2.10161306149261,1.73419461474017,-0.0805855052048805,"Converged","MLE",FALSE,FALSE,0.8,0.2
747,-2.39538023949548,2.79841815129002,-0.0627402399377847,"Converged","MLE",FALSE,FALSE,0.8,0.2
748,-1.87603278955088,2.18849861314989,-0.144590570248957,"Converged","CC",FALSE,FALSE,0.8,0.2
749,-0.893197066694588,-1.19491938869223,-0.131680872137748,"Converged","MLE",FALSE,FALSE,0.8,0.2
750,-2.10127026485466,2.76000787875699,-0.117136452335381,"Converged","CC",FALSE,FALSE,0.8,0.2
751,-1.62587609536263,0.646395281548354,-0.0670990761616544,"Converged","CC",FALSE,FALSE,0.8,0.2
752,-1.87352816728317,2.8287001422852,-0.207399311075483,"Converged","MLE",FALSE,FALSE,0.8,0.2
753,-0.902416866990782,-0.643505566057144,-0.125272310366931,"Converged","MLE",FALSE,FALSE,0.8,0.2
754,-2.05866698479483,2.19557956180727,-0.119765616017437,"Converged","CC",FALSE,FALSE,0.8,0.2
755,-1.65038240178681,1.89745864775144,-0.14537443575422,"Converged","CC",FALSE,FALSE,0.8,0.2
756,-1.5871683291376,0.315612113563334,-0.0671023299047597,"Converged","CC",FALSE,FALSE,0.8,0.2
757,-1.91236196142553,1.91986854282616,-0.0961436304547634,"Converged","MLE",FALSE,FALSE,0.8,0.2
758,-2.13597235812317,2.4639691878287,-0.0896139269586603,"Converged","CC",FALSE,FALSE,0.8,0.2
759,NA,NA,NA,NA,"MLE",FALSE,TRUE,0.8,0.2
760,-2.71056305805126,3.87245029020015,-0.0705803667261781,"Converged","CC",FALSE,FALSE,0.8,0.2
761,-2.37528843296547,3.25218189618354,-0.128003206106025,"Converged","MLE",FALSE,FALSE,0.8,0.2
762,-2.94891741748403,4.70505071221497,-0.0902650538190314,"Converged","MLE",FALSE,FALSE,0.8,0.2
763,NA,NA,NA,NA,"MLE",FALSE,TRUE,0.8,0.2
764,-1.9481809810371,1.94480197912245,-0.11787725411056,"Converged","MLE",FALSE,FALSE,0.8,0.2
765,NA,NA,NA,"MAX_ITER reached","MLE",FALSE,FALSE,0.8,0.2
766,-2.14606719820472,2.09481227897538,-0.0591799414809352,"Converged","CC",FALSE,FALSE,0.8,0.2
767,-2.17889193458904,3.92205887016606,-0.164079346977171,"Converged","MLE",TRUE,FALSE,0.8,0.2
768,-3.43456400496173,4.72042243070755,-0.000355575305365743,"Converged","CC",FALSE,FALSE,0.8,0.2
769,-2.46139149575587,4.17585093525791,-0.148597183049038,"Converged","MLE",FALSE,FALSE,0.8,0.2
770,-2.41957602359444,3.02876032592418,-0.108545370450152,"Converged","MLE",FALSE,FALSE,0.8,0.2
771,-1.8635582095737,2.27840942708774,-0.116510977987692,"Converged","MLE",FALSE,FALSE,0.8,0.2
772,-1.9863244349484,1.98318754251049,-0.0977722699667254,"Converged","MLE",FALSE,FALSE,0.8,0.2
773,-2.41373835392701,4.14308926046829,-0.143904040305416,"Converged","MLE",FALSE,FALSE,0.8,0.2
774,-2.25574202851978,1.51213445200431,-0.0064155947072376,"Converged","CC",FALSE,FALSE,0.8,0.2
775,-1.65648758266595,0.55276073048941,-0.0766558366519031,"Converged","CC",FALSE,FALSE,0.8,0.2
776,-2.22824890858794,2.69036787793644,-0.072316022959701,"Converged","MLE",FALSE,FALSE,0.8,0.2
777,-2.05030634768551,1.77928062732641,-0.0861504359950844,"Converged","CC",FALSE,FALSE,0.8,0.2
778,-2.16208021955288,2.78494375041471,-0.112963178903687,"Converged","CC",FALSE,FALSE,0.8,0.2
779,-1.85217963395292,1.38564994555161,-0.0582780436089015,"Converged","MLE",FALSE,FALSE,0.8,0.2
780,-2.24857770543759,2.69891917332801,-0.098832479127655,"Converged","MLE",FALSE,FALSE,0.8,0.2
781,-3.22921846663793,5.15275529330502,-0.0837613922915824,"Converged","CC",FALSE,FALSE,0.8,0.2
782,-1.40767567711671,1.15859786202838,-0.177724916839173,"Converged","CC",FALSE,FALSE,0.8,0.2
783,-0.777020822193374,-2.10852639286356,-0.106280423853326,"Converged","MLE",FALSE,FALSE,0.8,0.2
784,-2.01710321218742,1.30427410725054,-0.0405859061298116,"Converged","CC",FALSE,FALSE,0.8,0.2
785,-3.30291037695449,5.40100035642173,-0.0683560852867396,"Converged","MLE",FALSE,FALSE,0.8,0.2
786,-2.47031445193212,2.82588928453998,-0.0499032737093204,"Converged","CC",FALSE,FALSE,0.8,0.2
787,-2.37117296451505,3.48134785644606,-0.121571575732721,"Converged","MLE",FALSE,FALSE,0.8,0.2
788,-2.57153079627161,3.38052586520895,-0.0842420978288849,"Converged","MLE",FALSE,FALSE,0.8,0.2
789,-2.01369091958711,0.441736071397216,0.00607492097632432,"Converged","MLE",FALSE,FALSE,0.8,0.2
790,-2.01041232323607,2.37844110741555,-0.125426850933647,"Converged","MLE",FALSE,FALSE,0.8,0.2
791,-2.01158785519079,2.17466526421998,-0.121284740508268,"Converged","CC",FALSE,FALSE,0.8,0.2
792,-2.59882384788578,4.1961502205372,-0.11696043170474,"Converged","MLE",FALSE,FALSE,0.8,0.2
793,-2.12359553236935,1.35614032853743,-0.0193232270418668,"Converged","MLE",FALSE,FALSE,0.8,0.2
794,-1.4210953412065,0.766553777265317,-0.150101585418518,"Converged","MLE",FALSE,FALSE,0.8,0.2
795,-1.906661715633,1.57989016831966,-0.11951292797893,"Converged","MLE",TRUE,FALSE,0.8,0.2
796,-1.67456742521089,2.54236419108872,-0.218757210285704,"Converged","MLE",FALSE,FALSE,0.8,0.2
797,-1.37923055519249,0.322857902694114,-0.0975611701801035,"Converged","CC",FALSE,FALSE,0.8,0.2
798,-2.30485920252341,3.45139585399094,-0.133275012234054,"Converged","MLE",FALSE,FALSE,0.8,0.2
799,-1.40274097709948,0.441652602236882,-0.125079543595715,"Converged","CC",TRUE,FALSE,0.8,0.2
800,-2.39732819664098,2.82815582732849,-0.0772307901556747,"Converged","MLE",FALSE,FALSE,0.8,0.2
801,-1.65280543024658,2.11140365877498,-0.15813760978163,"Converged","CC",FALSE,FALSE,0.8,0.2
802,-2.93812347022956,4.5109803177637,-0.0543814088014693,"Converged","MLE",FALSE,FALSE,0.8,0.2
803,-2.19411615840789,2.99389275318882,-0.123898229918796,"Converged","MLE",FALSE,FALSE,0.8,0.2
804,-1.94708870243547,1.29627633588503,-0.0702737594807166,"Converged","MLE",FALSE,FALSE,0.8,0.2
805,-2.29673610293174,3.03371115808932,-0.0896321342006582,"Converged","CC",TRUE,FALSE,0.8,0.2
806,-1.85626574077812,1.24606930033237,-0.112928332586946,"Converged","MLE",FALSE,FALSE,0.8,0.2
807,-1.44961447784072,1.22630631370484,-0.162399510507419,"Converged","CC",FALSE,FALSE,0.8,0.2
808,-2.01003457137944,2.08852514397236,-0.111117228627434,"Converged","CC",FALSE,FALSE,0.8,0.2
809,-2.65723853619715,4.15820366996057,-0.08643644801067,"Converged","CC",FALSE,FALSE,0.8,0.2
810,-1.8204437466491,1.45353913844642,-0.0512077648082003,"Converged","MLE",FALSE,FALSE,0.8,0.2
811,-1.86681462193667,1.13289983898194,-0.093647805337501,"Converged","CC",FALSE,FALSE,0.8,0.2
812,-2.52841114276303,3.54103510682232,-0.0706684482518649,"Converged","CC",FALSE,FALSE,0.8,0.2
813,-1.98046627100017,1.71907548676294,-0.0804951710257489,"Converged","CC",FALSE,FALSE,0.8,0.2
814,-2.04028789428696,0.145570758331687,0.0198560141104315,"Converged","CC",TRUE,FALSE,0.8,0.2
815,-3.51950821784978,5.06311137450665,-0.0308239605618114,"Converged","MLE",FALSE,FALSE,0.8,0.2
816,-2.01176701883252,1.91126987338854,-0.121180464738504,"Converged","MLE",FALSE,FALSE,0.8,0.2
817,-1.86428751231943,2.44653126613562,-0.16190776147045,"Converged","MLE",FALSE,FALSE,0.8,0.2
818,-2.7769217142398,2.99753346819211,0.00140767095452604,"Converged","MLE",FALSE,FALSE,0.8,0.2
819,-1.69068443845807,1.48384363788806,-0.0872283423317706,"Converged","CC",TRUE,FALSE,0.8,0.2
820,-2.07623818509108,2.00088032853281,-0.0868907863029213,"Converged","MLE",FALSE,FALSE,0.8,0.2
821,-1.36832580114073,0.377245011022336,-0.113601492172907,"Converged","MLE",FALSE,FALSE,0.8,0.2
822,-1.36707939113864,1.38394557190026,-0.19451298517864,"Converged","CC",FALSE,FALSE,0.8,0.2
823,-1.46221937711787,0.81040684020557,-0.123792813410574,"Converged","MLE",FALSE,FALSE,0.8,0.2
824,-1.81749645780479,1.54636909336927,-0.091504545294232,"Converged","MLE",FALSE,FALSE,0.8,0.2
825,-1.5097087288765,0.522511062906955,-0.0871628302142735,"Converged","MLE",FALSE,FALSE,0.8,0.2
826,-1.94685134676945,1.45950462358401,-0.0953278405527633,"Converged","MLE",FALSE,FALSE,0.8,0.2
827,-2.1116959034218,2.45423726096607,-0.121092757155764,"Converged","MLE",FALSE,FALSE,0.8,0.2
828,-1.72525557769094,1.2527736757384,-0.0849131845432026,"Converged","MLE",FALSE,FALSE,0.8,0.2
829,-2.26601784572142,2.60890452480215,-0.103540745721693,"Converged","CC",FALSE,FALSE,0.8,0.2
830,-0.876575367842369,-1.25996068705552,-0.078143777277794,"Converged","MLE",FALSE,FALSE,0.8,0.2
831,-1.983341598468,2.66676795331108,-0.166163286155147,"Converged","MLE",FALSE,FALSE,0.8,0.2
832,-2.23247700058012,2.61535269479905,-0.0884016757804901,"Converged","MLE",FALSE,FALSE,0.8,0.2
833,-1.96248495450454,1.63271731723736,-0.0765642254228779,"Converged","MLE",FALSE,FALSE,0.8,0.2
834,-2.13340292951117,2.04638425028402,-0.0746319789025681,"Converged","MLE",FALSE,FALSE,0.8,0.2
835,-2.11573751965766,2.08312308702185,-0.0547266202812699,"Converged","CC",TRUE,FALSE,0.8,0.2
836,-1.18171503639563,-0.699931522257591,-0.100898432098717,"Converged","CC",FALSE,FALSE,0.8,0.2
837,NA,NA,NA,NA,"MLE",FALSE,TRUE,0.8,0.2
838,-2.05767232049005,3.14279967447529,-0.123990619270346,"Converged","MLE",FALSE,FALSE,0.8,0.2
839,-2.1811772762568,1.56816335416277,-0.0499914399212579,"Converged","CC",FALSE,FALSE,0.8,0.2
840,-2.51364312739479,4.02695549409269,-0.11213600654648,"Converged","MLE",FALSE,FALSE,0.8,0.2
841,-2.09106235627938,1.5490762040024,-0.0362167752446318,"Converged","MLE",FALSE,FALSE,0.8,0.2
842,-2.0912737875603,0.76524973198323,0.00727830550635822,"Converged","MLE",FALSE,FALSE,0.8,0.2
843,-2.82666299502587,4.40504779309111,-0.080733253559743,"Converged","CC",FALSE,FALSE,0.8,0.2
844,-1.1807664495301,0.280393548632616,-0.179421260251787,"Converged","MLE",FALSE,FALSE,0.8,0.2
845,-1.75752862260886,1.19762608848485,-0.0600292840111788,"Converged","MLE",FALSE,FALSE,0.8,0.2
846,-2.0464751084919,2.55108969941423,-0.11613743189949,"Converged","CC",TRUE,FALSE,0.8,0.2
847,-1.91293848186616,1.41566457932563,-0.0759962398150948,"Converged","MLE",FALSE,FALSE,0.8,0.2
848,-1.33888222936299,0.412563222704894,-0.106241628975856,"Converged","MLE",TRUE,FALSE,0.8,0.2
849,-1.76189004998596,1.93589283482914,-0.102612477716238,"Converged","MLE",FALSE,FALSE,0.8,0.2
850,-2.78217313022148,5.24987711305652,-0.169595886662892,"Converged","MLE",FALSE,FALSE,0.8,0.2
851,-1.94486469164291,1.52030510679019,-0.0888240789831824,"Converged","MLE",FALSE,FALSE,0.8,0.2
852,-0.896072192012723,-0.810666098161638,-0.103571514078498,"Converged","CC",TRUE,FALSE,0.8,0.2
853,-1.75090376495233,1.31287416223164,-0.0852437168203009,"Converged","MLE",FALSE,FALSE,0.8,0.2
854,-1.66376278413252,2.07103018673707,-0.153713965829724,"Converged","MLE",FALSE,FALSE,0.8,0.2
855,-2.42538134612616,3.45939094102074,-0.0718602316681184,"Converged","CC",FALSE,FALSE,0.8,0.2
856,NA,NA,NA,NA,"MLE",FALSE,TRUE,0.8,0.2
857,-1.78395708631726,2.17173055644088,-0.13755264969219,"Converged","CC",FALSE,FALSE,0.8,0.2
858,-1.40395981196625,1.35349767140054,-0.168858398256545,"Converged","MLE",FALSE,FALSE,0.8,0.2
859,-2.7049218245854,3.67721380959075,-0.0618030837676888,"Converged","MLE",FALSE,FALSE,0.8,0.2
860,-1.85057369228118,1.84625237799828,-0.130057899668798,"Converged","MLE",FALSE,FALSE,0.8,0.2
861,-2.39636854598436,3.87028440002375,-0.17046858621195,"Converged","MLE",FALSE,FALSE,0.8,0.2
862,-2.84213034997494,4.84078145215092,-0.0716238119924612,"Converged","MLE",FALSE,FALSE,0.8,0.2
863,-1.30116046425479,-0.436334464493679,-0.0744105018026174,"Converged","CC",FALSE,FALSE,0.8,0.2
864,-1.93331266327438,0.962369769119219,-0.0567664393478619,"Converged","CC",FALSE,FALSE,0.8,0.2
865,-2.24321254288495,2.39093430684093,-0.0707760926875889,"Converged","MLE",FALSE,FALSE,0.8,0.2
866,-2.08999058535135,1.88909476568699,-0.0942245794958414,"Converged","CC",FALSE,FALSE,0.8,0.2
867,-2.62104743089384,3.58221431668126,-0.0570270734984965,"Converged","CC",TRUE,FALSE,0.8,0.2
868,-2.10173283771001,1.07559752050401,-0.013031986266967,"Converged","CC",FALSE,FALSE,0.8,0.2
869,-2.72837683265888,3.92460948429219,-0.0573261600003284,"Converged","MLE",FALSE,FALSE,0.8,0.2
870,-1.40429049034718,0.0946782188578542,-0.0796493834180245,"Converged","CC",FALSE,FALSE,0.8,0.2
871,-2.44199447686088,4.09337013440681,-0.161232438058178,"Converged","CC",FALSE,FALSE,0.8,0.2
872,-1.43345064868465,0.316406474110603,-0.0776977184717696,"Converged","CC",FALSE,FALSE,0.8,0.2
873,-2.07725810461584,1.56043247709697,-0.019381683151064,"Converged","MLE",FALSE,FALSE,0.8,0.2
874,-2.38354196019814,3.30628524462866,-0.0999066948818954,"Converged","CC",FALSE,FALSE,0.8,0.2
875,-1.2107862731841,-0.0297306275304399,-0.108941774167752,"Converged","MLE",FALSE,FALSE,0.8,0.2
876,-2.30785441849131,1.66316330631645,-0.0283074907361363,"Converged","MLE",FALSE,FALSE,0.8,0.2
877,-3.37741110191543,5.72700390784475,-0.0836347655428618,"Converged","CC",FALSE,FALSE,0.8,0.2
878,-2.16795409526883,2.88095569544777,-0.140552033368435,"Converged","MLE",FALSE,FALSE,0.8,0.2
879,-1.89534730888395,1.61221963497316,-0.10142024696857,"Converged","CC",FALSE,FALSE,0.8,0.2
880,-1.78025488427176,2.06821184535331,-0.135327590161803,"Converged","CC",FALSE,FALSE,0.8,0.2
881,-1.16432753116839,-0.187460698395316,-0.0912453598806364,"Converged","MLE",FALSE,FALSE,0.8,0.2
882,-1.84667073628338,1.89471010441681,-0.113082353235705,"Converged","MLE",FALSE,FALSE,0.8,0.2
883,-3.76000681483357,6.46082073846936,-0.0812994421822336,"Converged","CC",FALSE,FALSE,0.8,0.2
884,-1.71535895279001,0.312292077309034,-0.0732423717263884,"Converged","CC",FALSE,FALSE,0.8,0.2
885,-2.41997586635437,2.65136341904724,-0.0785979249292909,"Converged","CC",FALSE,FALSE,0.8,0.2
886,-1.79005024310348,1.23889384773101,-0.0894981462574338,"Converged","MLE",FALSE,FALSE,0.8,0.2
887,-2.69159586777343,3.43871800347569,-0.0561147833200447,"Converged","CC",FALSE,FALSE,0.8,0.2
888,-0.943202790165175,-0.848820268377389,-0.115791789675098,"Converged","MLE",FALSE,FALSE,0.8,0.2
889,-1.4854984848108,1.37289128805602,-0.1214941530067,"Converged","MLE",FALSE,FALSE,0.8,0.2
890,-2.06782416607094,2.91868562814264,-0.174208668512492,"Converged","MLE",FALSE,FALSE,0.8,0.2
891,-1.56548172095105,0.561230161531656,-0.099715784960022,"Converged","CC",FALSE,FALSE,0.8,0.2
892,-2.41122895749909,3.29418625514536,-0.110986900370946,"Converged","CC",FALSE,FALSE,0.8,0.2
893,NA,NA,NA,NA,"MLE",FALSE,TRUE,0.8,0.2
894,-2.86280099960111,4.52362326706125,-0.075617364742727,"Converged","MLE",FALSE,FALSE,0.8,0.2
895,-0.675568819533966,-2.01304367710337,-0.0979051933114951,"Converged","CC",FALSE,FALSE,0.8,0.2
896,-2.12958968603844,2.53616316907909,-0.110643663158095,"Converged","MLE",FALSE,FALSE,0.8,0.2
897,-1.97033158769673,1.85914917443355,-0.0874400080261346,"Converged","MLE",FALSE,FALSE,0.8,0.2
898,-1.66746467803249,1.63142347609123,-0.103002779791164,"Converged","CC",TRUE,FALSE,0.8,0.2
899,-2.2662348493016,3.17034731667785,-0.113827619521795,"Converged","MLE",FALSE,FALSE,0.8,0.2
900,-1.55487959827332,1.40762639777144,-0.153624289821225,"Converged","MLE",FALSE,FALSE,0.8,0.2
901,-2.36601964504662,3.53187884163123,-0.12719941515322,"Converged","CC",FALSE,FALSE,0.8,0.2
902,-1.23137016218273,-0.262534421609087,-0.14539439951577,"Converged","MLE",FALSE,FALSE,0.8,0.2
903,-1.73352255382263,0.785990356918969,-0.0679574366401384,"Converged","MLE",FALSE,FALSE,0.8,0.2
904,-1.93461127000418,2.28958543982722,-0.115365421425269,"Converged","CC",FALSE,FALSE,0.8,0.2
905,-3.27707769830642,4.87982491708889,-0.0564203033957009,"Converged","CC",FALSE,FALSE,0.8,0.2
906,-2.12994338115571,3.64148253728866,-0.186280404858133,"Converged","CC",FALSE,FALSE,0.8,0.2
907,-1.08812484929581,-0.0395507189107909,-0.144181171757297,"Converged","MLE",FALSE,FALSE,0.8,0.2
908,-2.5679754525644,3.25434021778529,-0.0557364175808723,"Converged","MLE",FALSE,FALSE,0.8,0.2
909,-1.4649301453803,-0.741799168383917,-0.062863672455583,"Converged","CC",FALSE,FALSE,0.8,0.2
910,-2.43636942841392,2.82202881911749,-0.093485358210137,"Converged","CC",FALSE,FALSE,0.8,0.2
911,-1.08907464077178,-0.854737833651845,-0.0779786409457419,"Converged","MLE",FALSE,FALSE,0.8,0.2
912,-1.85173056978383,1.63003985201984,-0.111600458383287,"Converged","CC",FALSE,FALSE,0.8,0.2
913,-1.12010871838978,-0.479387130238239,-0.133838888885729,"Converged","CC",FALSE,FALSE,0.8,0.2
914,-2.60478769801928,3.75993663258431,-0.105040784722615,"Converged","MLE",FALSE,FALSE,0.8,0.2
915,-1.65512817155418,1.57824850721858,-0.129802542057505,"Converged","CC",FALSE,FALSE,0.8,0.2
916,-1.74413857353004,1.13933306786847,-0.152634870520934,"Converged","CC",FALSE,FALSE,0.8,0.2
917,-2.03965882121313,1.10149053290315,-0.0246208180554828,"Converged","MLE",FALSE,FALSE,0.8,0.2
918,-2.51063794366997,2.65201436890636,-0.0296615914069573,"Converged","CC",FALSE,FALSE,0.8,0.2
919,-1.81937707485679,0.869714964277004,-0.0712573161779386,"Converged","MLE",FALSE,FALSE,0.8,0.2
920,-2.18163885805435,2.9469227212332,-0.125067116983796,"Converged","MLE",FALSE,FALSE,0.8,0.2
921,-1.86330835990178,2.12644267035941,-0.135548751857249,"Converged","CC",FALSE,FALSE,0.8,0.2
922,-1.44480894588298,0.537726389070944,-0.11335358514762,"Converged","CC",FALSE,FALSE,0.8,0.2
923,-1.77117992708291,1.38082530667993,-0.129560149902592,"Converged","CC",FALSE,FALSE,0.8,0.2
924,-2.01911608087507,2.12685329015143,-0.117460678507727,"Converged","MLE",FALSE,FALSE,0.8,0.2
925,-2.93223588158133,5.26124324486673,-0.125871035893833,"Converged","MLE",FALSE,FALSE,0.8,0.2
926,-1.73604947910139,1.08171941269976,-0.11968475587641,"Converged","MLE",FALSE,FALSE,0.8,0.2
927,-1.6264400485135,1.30028814116216,-0.0907546841132576,"Converged","CC",FALSE,FALSE,0.8,0.2
928,-1.82524050124252,1.35863468621189,-0.0576823645225541,"Converged","MLE",FALSE,FALSE,0.8,0.2
929,-1.70488831541556,1.22674247087151,-0.101200532676543,"Converged","MLE",FALSE,FALSE,0.8,0.2
930,NA,NA,NA,NA,"MLE",FALSE,TRUE,0.8,0.2
931,-2.51435411955172,2.2842172682811,0.0190512523102024,"Converged","CC",FALSE,FALSE,0.8,0.2
932,-2.38864998580226,3.51555455379183,-0.115882850806612,"Converged","MLE",FALSE,FALSE,0.8,0.2
933,-2.35064913340771,4.2955802617472,-0.186296065127163,"Converged","CC",FALSE,FALSE,0.8,0.2
934,-1.49119762485914,0.106547346885052,-0.0784057682600824,"Converged","CC",TRUE,FALSE,0.8,0.2
935,-1.04891631235628,0.437923685521592,-0.16043321448689,"Converged","MLE",FALSE,FALSE,0.8,0.2
936,-2.00353649982379,1.66484571211697,-0.0732290033737088,"Converged","MLE",FALSE,FALSE,0.8,0.2
937,-2.27169495967358,2.6382864868999,-0.0488590757588504,"Converged","MLE",FALSE,FALSE,0.8,0.2
938,-1.37675733010539,0.281340443657112,-0.084224149656649,"Converged","CC",FALSE,FALSE,0.8,0.2
939,-2.39047329905402,2.74523493513211,-0.0637810740230791,"Converged","MLE",TRUE,FALSE,0.8,0.2
940,-2.2417353469579,3.10135465219344,-0.124164293854607,"Converged","MLE",FALSE,FALSE,0.8,0.2
941,-2.31443870798082,1.24214773763893,0.0243310502276188,"Converged","MLE",FALSE,FALSE,0.8,0.2
942,-1.48605705129987,1.0461102724147,-0.15366884189538,"Converged","MLE",FALSE,FALSE,0.8,0.2
943,-2.0561242813643,1.8770023977013,-0.0616310938326979,"Converged","CC",FALSE,FALSE,0.8,0.2
944,-2.40252032986662,3.5815707584447,-0.0924872627961617,"Converged","CC",FALSE,FALSE,0.8,0.2
945,-2.11122677213051,2.6573128563615,-0.0756573991266855,"Converged","CC",FALSE,FALSE,0.8,0.2
946,NA,NA,NA,NA,"MLE",FALSE,TRUE,0.8,0.2
947,-1.92291316348732,0.535884043769402,-0.0181003305238734,"Converged","MLE",FALSE,FALSE,0.8,0.2
948,-2.49341598654246,3.36492079826544,-0.0950876447283988,"Converged","MLE",FALSE,FALSE,0.8,0.2
949,-2.99441849477504,4.86920630330379,-0.101598883115291,"Converged","CC",FALSE,FALSE,0.8,0.2
950,-2.53708579456981,2.71150487018876,-0.0332091547372356,"Converged","MLE",FALSE,FALSE,0.8,0.2
951,-2.49046354675343,3.38933586443291,-0.109827000997028,"Converged","MLE",FALSE,FALSE,0.8,0.2
952,-1.94563802392922,1.91845548385921,-0.106745071213957,"Converged","CC",FALSE,FALSE,0.8,0.2
953,-1.94314483169446,2.08028164230918,-0.109643216867526,"Converged","CC",FALSE,FALSE,0.8,0.2
954,-1.89492352515895,1.33349093224088,-0.0514955231619177,"Converged","MLE",FALSE,FALSE,0.8,0.2
955,-2.83941510612768,4.13879103781214,-0.0650667265352192,"Converged","MLE",FALSE,FALSE,0.8,0.2
956,-2.74961925539596,3.85226502115189,-0.0389210056779561,"Converged","MLE",FALSE,FALSE,0.8,0.2
957,-1.25884120414815,-1.05372190366165,-0.0271496602810857,"Converged","CC",FALSE,FALSE,0.8,0.2
958,-2.95540938986092,4.56191165712882,-0.0853602379579022,"Converged","CC",FALSE,FALSE,0.8,0.2
959,-1.15840778700074,-0.0042592680672387,-0.149452870449277,"Converged","MLE",FALSE,FALSE,0.8,0.2
960,-0.731912907088182,-1.99044846358579,-0.084340216114458,"Converged","CC",FALSE,FALSE,0.8,0.2
961,-1.90441517440985,2.00142464717432,-0.11355218299934,"Converged","MLE",FALSE,FALSE,0.8,0.2
962,-1.83151130917259,1.47139746275109,-0.103921149555653,"Converged","CC",FALSE,FALSE,0.8,0.2
963,-1.60601350280403,1.44780229924944,-0.142384140979628,"Converged","CC",FALSE,FALSE,0.8,0.2
964,-1.53089967503676,1.74416613393262,-0.203859086689703,"Converged","MLE",TRUE,FALSE,0.8,0.2
965,-2.23843584605323,1.9605649806228,-0.0696584830262484,"Converged","CC",FALSE,FALSE,0.8,0.2
966,-1.97285201106813,2.51059753291122,-0.154102593674475,"Converged","MLE",FALSE,FALSE,0.8,0.2
967,-1.7998373447504,2.55653240291227,-0.213731578157625,"Converged","MLE",FALSE,FALSE,0.8,0.2
968,NA,NA,NA,"MAX_ITER reached","CC",FALSE,FALSE,0.8,0.2
969,-1.64090693354114,0.586531276222477,-0.0267339760075072,"Converged","CC",FALSE,FALSE,0.8,0.2
970,-2.62607597380248,2.98937152167494,-0.058458949619819,"Converged","CC",FALSE,FALSE,0.8,0.2
971,-1.73965283154086,1.36354878558354,-0.0923984076444699,"Converged","CC",FALSE,FALSE,0.8,0.2
972,-2.5733285913851,3.76051858537422,-0.109466165399732,"Converged","MLE",FALSE,FALSE,0.8,0.2
973,-3.2112203688019,5.21259288556175,-0.046535101957091,"Converged","MLE",FALSE,FALSE,0.8,0.2
974,-1.64379139748665,1.53754902592301,-0.111516572896838,"Converged","CC",FALSE,FALSE,0.8,0.2
975,-1.15616503759197,-0.573211363135443,-0.109869966269386,"Converged","MLE",FALSE,FALSE,0.8,0.2
976,-1.82150615718199,1.43648235032097,-0.111311443371674,"Converged","CC",FALSE,FALSE,0.8,0.2
977,-1.67831649612388,0.595110940377853,-0.0505817058489448,"Converged","MLE",FALSE,FALSE,0.8,0.2
978,-2.16691896761181,2.20527557161414,-0.0768467365280682,"Converged","CC",FALSE,FALSE,0.8,0.2
979,-2.37912851922951,1.99862768788146,-0.00257059570492088,"Converged","MLE",FALSE,FALSE,0.8,0.2
980,-1.27715435198922,0.352558893803798,-0.126820064746508,"Converged","MLE",FALSE,FALSE,0.8,0.2
981,-2.39200130121532,1.8389156648881,-0.0290348674974613,"Converged","MLE",FALSE,FALSE,0.8,0.2
982,-2.57527097650516,2.50766296771123,-0.0344517089648503,"Converged","MLE",FALSE,FALSE,0.8,0.2
983,-1.86003882715656,1.44815764505809,-0.0827710288197877,"Converged","MLE",FALSE,FALSE,0.8,0.2
984,-1.27051202071737,-0.659082433017903,-0.0656306200449358,"Converged","MLE",FALSE,FALSE,0.8,0.2
985,-2.08154514660175,1.55488571725164,-0.0727075013612282,"Converged","CC",FALSE,FALSE,0.8,0.2
986,-1.79368703854821,1.12200134153404,-0.119405770163071,"Converged","CC",FALSE,FALSE,0.8,0.2
987,-1.57757505555794,0.670030198417482,-0.104592346911761,"Converged","CC",FALSE,FALSE,0.8,0.2
988,-1.19694865137906,0.0712488872410278,-0.132948474060302,"Converged","CC",FALSE,FALSE,0.8,0.2
989,-2.30188016806877,3.53170360705429,-0.152516046878779,"Converged","CC",FALSE,FALSE,0.8,0.2
990,-2.08443226587297,1.83600348717532,-0.100055185589046,"Converged","MLE",FALSE,FALSE,0.8,0.2
991,-1.84489723660327,2.72373352866089,-0.143484122170016,"Converged","CC",FALSE,FALSE,0.8,0.2
992,-1.38133892175899,1.34725526114392,-0.187060268841554,"Converged","MLE",FALSE,FALSE,0.8,0.2
993,-1.67581196802821,1.41900095172129,-0.115305664698023,"Converged","MLE",FALSE,FALSE,0.8,0.2
994,-1.30322815857903,-0.0428400633037783,-0.085967851219289,"Converged","MLE",FALSE,FALSE,0.8,0.2
995,-1.38254075109996,0.331071051076884,-0.106822432441285,"Converged","CC",FALSE,FALSE,0.8,0.2
996,-1.79527495645621,1.39366706319449,-0.0855822477345738,"Converged","CC",FALSE,FALSE,0.8,0.2
997,-2.02401269673645,2.10793973376786,-0.0832355176898842,"Converged","CC",FALSE,FALSE,0.8,0.2
998,-1.68482181662487,0.706686272583,-0.099467383091138,"Converged","MLE",FALSE,FALSE,0.8,0.2
999,-1.67030032296133,1.65335921314306,-0.141154582682704,"Converged","MLE",FALSE,FALSE,0.8,0.2
1000,-1.84708007612312,2.33526959317528,-0.147299582279548,"Converged","MLE",FALSE,FALSE,0.8,0.2
