"sim","score_beta0","score_beta1","score_beta2","score_conv_msg","score_data_resampled","tpr","fpr"
1,-1.59344315962996,1.24845669908336,-0.143607559875921,"Converged",TRUE,0.95,0.05
2,-2.13914067917095,1.96848846974112,-0.0462734787105125,"Converged",FALSE,0.95,0.05
3,-1.75378160419416,1.35091616682237,-0.0796991927343848,"Converged",FALSE,0.95,0.05
4,-2.01149382531633,1.68916467050143,-0.0696887459724072,"Converged",FALSE,0.95,0.05
5,-2.31681882000805,2.43243348751047,-0.122148700849302,"Converged",TRUE,0.95,0.05
6,-1.5767345514073,1.38582605658047,-0.134886962265489,"Converged",FALSE,0.95,0.05
7,-2.12333443870104,1.5695672997682,-0.0699318214827252,"Converged",FALSE,0.95,0.05
8,-1.45290015552057,1.07718495182844,-0.144141506251665,"Converged",FALSE,0.95,0.05
9,-1.78773054101624,1.69131707124744,-0.0986396850875404,"Converged",FALSE,0.95,0.05
10,-1.97988186570376,1.36607173648897,-0.0693879353048048,"Converged",FALSE,0.95,0.05
11,-1.98574406887445,2.31315559557671,-0.109827129267907,"Converged",FALSE,0.95,0.05
12,-2.20119429205389,2.78683823093906,-0.0831851376062722,"Converged",FALSE,0.95,0.05
13,-2.2118937558874,1.99621567082673,-0.049897754481995,"Converged",FALSE,0.95,0.05
14,-1.3882242190802,-0.0917444395846547,-0.0720858843433783,"Converged",FALSE,0.95,0.05
15,-2.70572107438485,3.0087154609538,-0.0164165575751509,"Converged",TRUE,0.95,0.05
16,-1.69848017604361,1.47242816737712,-0.142044738667945,"Converged",FALSE,0.95,0.05
17,-1.742414250119,2.19237428588003,-0.147240762672702,"Converged",FALSE,0.95,0.05
18,-1.96489615716621,1.67313468447987,-0.0830370259917182,"Converged",FALSE,0.95,0.05
19,-1.51295650647147,0.569276714846893,-0.111424991513362,"Converged",FALSE,0.95,0.05
20,-2.16281719133247,1.64443498467057,-0.0485300686948806,"Converged",FALSE,0.95,0.05
21,-1.77117912924169,0.990344938306529,-0.100480335946776,"Converged",TRUE,0.95,0.05
22,-1.52947232944445,0.828154386277461,-0.109355287586758,"Converged",FALSE,0.95,0.05
23,-1.73086304500986,1.40139395672498,-0.0765009835075729,"Converged",FALSE,0.95,0.05
24,-1.97210280946671,1.66191490992217,-0.0892598985459692,"Converged",FALSE,0.95,0.05
25,-1.91798082837065,2.35222479210377,-0.112114614884545,"Converged",FALSE,0.95,0.05
26,-2.36156135165891,2.29521846877762,-0.0468688038809786,"Converged",FALSE,0.95,0.05
27,-1.5384566553274,1.20299870113956,-0.13436250387288,"Converged",TRUE,0.95,0.05
28,-1.60939801172766,1.67732098972817,-0.155350536500828,"Converged",FALSE,0.95,0.05
29,-1.72891091256208,1.91197336737895,-0.129659138311217,"Converged",FALSE,0.95,0.05
30,-1.94885787515415,1.30391251569753,-0.042828339567623,"Converged",FALSE,0.95,0.05
31,-1.54933241224191,1.84209522102265,-0.149755143504681,"Converged",FALSE,0.95,0.05
32,-2.12647299391992,2.01363421262377,-0.0638367478464151,"Converged",FALSE,0.95,0.05
33,-2.401688151927,1.70962485954471,-0.00715539809076906,"Converged",FALSE,0.95,0.05
34,-1.59812262044996,1.11131949339134,-0.119240476940231,"Converged",TRUE,0.95,0.05
35,-1.80728134964173,0.951018002533024,-0.0923103617220623,"Converged",FALSE,0.95,0.05
36,-2.34666838956184,2.56693194465084,-0.0828396911977384,"Converged",FALSE,0.95,0.05
37,-2.18695977055415,3.03367566041748,-0.128882522992402,"Converged",FALSE,0.95,0.05
38,-1.29804093303347,0.99180498015658,-0.20552645591329,"Converged",FALSE,0.95,0.05
39,-1.70791054596724,0.765636270136097,-0.0884229335004229,"Converged",FALSE,0.95,0.05
40,-1.66612992928641,1.41834434224369,-0.163553738434565,"Converged",FALSE,0.95,0.05
41,-1.53948578751369,1.5091345128217,-0.125518271224948,"Converged",FALSE,0.95,0.05
42,-1.8393598865912,2.51908447021321,-0.156436416466154,"Converged",FALSE,0.95,0.05
43,-2.31371947461702,2.70983207731538,-0.0685882311940246,"Converged",FALSE,0.95,0.05
44,-1.94854512094365,2.00499914983629,-0.0972505669076954,"Converged",FALSE,0.95,0.05
45,-1.56775990451674,0.990363456677291,-0.0916730637865594,"Converged",FALSE,0.95,0.05
46,-2.06672029146223,1.75454419467075,-0.0514577718126803,"Converged",FALSE,0.95,0.05
47,-1.79751955544993,1.56591107911989,-0.157235743886765,"Converged",FALSE,0.95,0.05
48,-1.53391802107378,1.03146559139198,-0.153990602930404,"Converged",FALSE,0.95,0.05
49,-1.61011764530228,0.200593850055383,-0.0556563041024646,"Converged",TRUE,0.95,0.05
50,-1.59169590161689,0.872360315817162,-0.114730506060118,"Converged",TRUE,0.95,0.05
51,-1.94777475668684,1.23749434410487,-0.0828336750079528,"Converged",FALSE,0.95,0.05
52,-2.65620193122605,3.75205356501764,-0.103487137064522,"Converged",TRUE,0.95,0.05
53,-2.01593861732816,2.44393070146151,-0.0995628500904866,"Converged",FALSE,0.95,0.05
54,-1.98046407249883,1.52428089404163,-0.0326000260649605,"Converged",TRUE,0.95,0.05
55,-2.11590272493098,1.24575927191438,-0.0212202048221793,"Converged",FALSE,0.95,0.05
56,-2.12255539125452,2.91895028670258,-0.104414746156289,"Converged",FALSE,0.95,0.05
57,-2.35124844853213,1.84130556311669,-0.0220485689177177,"Converged",FALSE,0.95,0.05
58,-1.79486377383094,0.483478227766041,-0.0348484081444637,"Converged",FALSE,0.95,0.05
59,-2.24795429500023,2.43672474576433,-0.0920296321204545,"Converged",FALSE,0.95,0.05
60,-1.60950994928714,1.08539570142834,-0.107987104545534,"Converged",TRUE,0.95,0.05
61,-1.59620809580872,1.2329707001555,-0.0959786928754731,"Converged",FALSE,0.95,0.05
62,-1.97164237714274,1.64895949785436,-0.0663406432076288,"Converged",FALSE,0.95,0.05
63,-2.16809274495626,1.86557498220769,-0.049791180209549,"Converged",FALSE,0.95,0.05
64,-1.87949813704884,2.11845199783697,-0.112028554532322,"Converged",FALSE,0.95,0.05
65,-1.78637207130725,2.24331795650893,-0.152510872469941,"Converged",FALSE,0.95,0.05
66,-1.70169259854954,2.26612131067841,-0.160965335207663,"Converged",FALSE,0.95,0.05
67,-1.94186844927561,2.14672311633664,-0.0928676689107858,"Converged",FALSE,0.95,0.05
68,-1.60098737689393,1.44181058456356,-0.14504422585565,"Converged",TRUE,0.95,0.05
69,-1.82953058542628,1.68373852445439,-0.100117040931025,"Converged",TRUE,0.95,0.05
70,-0.890943543469081,-0.65605869885629,-0.147496105514019,"Converged",FALSE,0.95,0.05
71,-1.64885644679186,1.97917783383986,-0.193397190339127,"Converged",TRUE,0.95,0.05
72,-1.72530846890852,1.52642294391742,-0.0859622460768881,"Converged",FALSE,0.95,0.05
73,-2.03409207521385,2.38212251146675,-0.158587785734967,"Converged",FALSE,0.95,0.05
74,-1.64038270449035,1.21982979133229,-0.116342683471795,"Converged",FALSE,0.95,0.05
75,-1.43900032289913,0.428571371831472,-0.0852849869335887,"Converged",FALSE,0.95,0.05
76,-1.27611859283804,-0.0627064164384867,-0.108242127175272,"Converged",FALSE,0.95,0.05
77,-2.69556560215028,4.02732566820618,-0.0764144357209067,"Converged",FALSE,0.95,0.05
78,-2.17897104869113,1.27172078264275,-0.0434434815298932,"Converged",FALSE,0.95,0.05
79,-1.84836927671158,0.770905907425953,-0.0823966188032327,"Converged",FALSE,0.95,0.05
80,-1.12458427471031,-0.684669434904458,-0.098411563813891,"Converged",FALSE,0.95,0.05
81,-1.72693996000528,2.16387261793454,-0.15932091825923,"Converged",FALSE,0.95,0.05
82,-2.16095040494469,1.90944809638156,-0.102652556084811,"Converged",FALSE,0.95,0.05
83,-2.18970057441656,2.81027842469447,-0.0959984879995518,"Converged",FALSE,0.95,0.05
84,-1.86172749161102,2.2991389270971,-0.13089012334066,"Converged",FALSE,0.95,0.05
85,-1.70405484960881,2.29896354799571,-0.190412911575861,"Converged",FALSE,0.95,0.05
86,-2.08427054282356,1.00615068402678,-0.011253599945899,"Converged",FALSE,0.95,0.05
87,-2.74126800098749,2.74541863070582,-0.0195952831837735,"Converged",FALSE,0.95,0.05
88,-1.40862868215677,0.233318510918339,-0.114933642327185,"Converged",FALSE,0.95,0.05
89,-2.51986220749817,4.13116685810259,-0.144496367991161,"Converged",FALSE,0.95,0.05
90,-2.24968005350606,3.09947902159969,-0.101873012886226,"Converged",FALSE,0.95,0.05
91,-1.67898722575808,0.79227525101641,-0.0901772062064518,"Converged",FALSE,0.95,0.05
92,-1.2388124131353,-0.435050765036413,-0.0964369980157188,"Converged",FALSE,0.95,0.05
93,-1.94707848385308,1.94321476501428,-0.0866124193514171,"Converged",FALSE,0.95,0.05
94,-2.03941901967791,1.87806537222695,-0.105718746872405,"Converged",FALSE,0.95,0.05
95,-1.67313229558385,1.23051686244792,-0.102373490575507,"Converged",TRUE,0.95,0.05
96,-1.90633552721046,1.43088169530016,-0.088068294883388,"Converged",TRUE,0.95,0.05
97,-1.58659092785331,1.75553479840079,-0.135029430964746,"Converged",TRUE,0.95,0.05
98,-1.80617985378949,2.20449952969461,-0.132064126585947,"Converged",TRUE,0.95,0.05
99,-1.65082535336283,0.265857889382021,-0.0397151928995629,"Converged",FALSE,0.95,0.05
100,-1.43354066339858,0.588715642866048,-0.13646268220028,"Converged",TRUE,0.95,0.05
101,-1.71762939246544,0.852123541308042,-0.0782118774873356,"Converged",FALSE,0.95,0.05
102,-2.04737798168692,3.00569302477449,-0.18382346529111,"Converged",FALSE,0.95,0.05
103,-1.50532330506707,0.939212966369387,-0.109237955800802,"Converged",FALSE,0.95,0.05
104,-1.71698677272207,1.39050246739774,-0.106188787554062,"Converged",FALSE,0.95,0.05
105,-1.66255226880673,1.66088222397692,-0.144047172895342,"Converged",TRUE,0.95,0.05
106,-2.35312001312908,2.28830270729405,-0.0477272534611571,"Converged",TRUE,0.95,0.05
107,-1.91527068978918,1.9763285852955,-0.10762206641576,"Converged",TRUE,0.95,0.05
108,-2.35214849304253,2.30510435595108,-0.0610197396132596,"Converged",TRUE,0.95,0.05
109,-1.18345278969644,0.884113640859032,-0.197193162313842,"Converged",FALSE,0.95,0.05
110,-1.86063508429301,2.68891326456057,-0.166975264683449,"Converged",FALSE,0.95,0.05
111,-1.66966054182452,0.287953918646211,-0.07243992374921,"Converged",FALSE,0.95,0.05
112,-2.07061718202273,2.13138080509968,-0.0962976368153016,"Converged",FALSE,0.95,0.05
113,-2.00426295589003,1.94102290724403,-0.0931065888879153,"Converged",FALSE,0.95,0.05
114,-1.82117921488267,1.23773972171595,-0.0953349613130974,"Converged",FALSE,0.95,0.05
115,-1.87773976661921,1.00087001529444,-0.0378338796304186,"Converged",FALSE,0.95,0.05
116,-1.23473236802228,-0.563116506790367,-0.0862738993070761,"Converged",FALSE,0.95,0.05
117,-1.76969241123546,1.71228962727116,-0.147337420202067,"Converged",TRUE,0.95,0.05
118,-1.65718689923726,1.58266552066464,-0.140318869146846,"Converged",FALSE,0.95,0.05
119,-2.02881838286507,2.33042987981821,-0.100503648186979,"Converged",TRUE,0.95,0.05
120,-1.66803684325632,1.63011150237927,-0.112781731216109,"Converged",FALSE,0.95,0.05
121,-1.17983512762744,0.144893214625309,-0.164039682565816,"Converged",FALSE,0.95,0.05
122,-2.46072088530607,3.1993017220749,-0.107620748678237,"Converged",FALSE,0.95,0.05
123,-1.91553106661182,1.17442005462524,-0.0743434827246896,"Converged",FALSE,0.95,0.05
124,-1.86925524349251,1.53132974452678,-0.102648122891921,"Converged",TRUE,0.95,0.05
125,-1.49681409311029,1.63650565132159,-0.150944305437959,"Converged",FALSE,0.95,0.05
126,-2.23457238694108,1.97105003532592,-0.0594196386134682,"Converged",FALSE,0.95,0.05
127,-2.62902072128823,3.7084196365979,-0.125678123436181,"Converged",TRUE,0.95,0.05
128,-1.69490391800897,0.716997900642788,-0.0934198419606013,"Converged",TRUE,0.95,0.05
129,-2.48786040798314,2.71276922294028,-0.069569677888789,"Converged",FALSE,0.95,0.05
130,-1.46391488223273,1.06756979368249,-0.138648676108451,"Converged",FALSE,0.95,0.05
131,-2.29380765731617,1.36868262261863,0.010381037552538,"Converged",FALSE,0.95,0.05
132,-1.84173065774918,1.78989813969639,-0.0823802846670103,"Converged",FALSE,0.95,0.05
133,-1.87775528496137,1.54287211890943,-0.0899031307226725,"Converged",TRUE,0.95,0.05
134,-2.02931775363387,2.65715374059107,-0.117306712131462,"Converged",FALSE,0.95,0.05
135,-1.81746267085375,1.28277511149572,-0.0730756765303975,"Converged",FALSE,0.95,0.05
136,-2.00934183264872,2.58083723028619,-0.0833513395654199,"Converged",FALSE,0.95,0.05
137,-1.98860946078535,0.967954095046311,-0.0484393259996163,"Converged",FALSE,0.95,0.05
138,-2.03941724461777,2.3681663850777,-0.0907234015679608,"Converged",FALSE,0.95,0.05
139,-2.06284462654004,1.72076097525089,-0.0725000913576266,"Converged",FALSE,0.95,0.05
140,-2.72603652630958,3.19883403490897,-0.0567265610302746,"Converged",FALSE,0.95,0.05
141,-1.98481484380992,2.14892937222912,-0.123531496496779,"Converged",FALSE,0.95,0.05
142,-1.42910281541595,0.23490706733623,-0.0970684819772891,"Converged",FALSE,0.95,0.05
143,-2.65488794579626,3.62678602348072,-0.0879905413045476,"Converged",FALSE,0.95,0.05
144,-1.46893679022022,0.681388511208294,-0.109019255438511,"Converged",TRUE,0.95,0.05
145,-2.26820306854497,2.34127144307971,-0.0610194817973032,"Converged",TRUE,0.95,0.05
146,-1.95923950543541,3.27980304001784,-0.172950899365625,"Converged",TRUE,0.95,0.05
147,-1.64229673906969,1.06969210624602,-0.100292318487751,"Converged",FALSE,0.95,0.05
148,-1.44867169779753,1.28106126616591,-0.139145541406769,"Converged",FALSE,0.95,0.05
149,-1.46089247923694,1.30697435313853,-0.169120381511567,"Converged",FALSE,0.95,0.05
150,-1.62999033433739,1.86540184915479,-0.182564133914732,"Converged",FALSE,0.95,0.05
151,-1.94643054703113,1.82723925381669,-0.123264662221766,"Converged",FALSE,0.95,0.05
152,-1.60914522099893,0.881321385895392,-0.0682615410111397,"Converged",FALSE,0.95,0.05
153,-1.41846956727452,-0.276192580626305,-0.0481847499321967,"Converged",TRUE,0.95,0.05
154,-1.65296015242342,1.6724527271465,-0.136478131009167,"Converged",FALSE,0.95,0.05
155,-1.9028741436733,1.71379837965701,-0.0943050465453694,"Converged",FALSE,0.95,0.05
156,-2.02159240547545,2.15052202189249,-0.112930014550857,"Converged",FALSE,0.95,0.05
157,-2.30822365856381,2.70903781809368,-0.094335637081293,"Converged",FALSE,0.95,0.05
158,-1.24447417688374,0.699614814644007,-0.154561132572002,"Converged",FALSE,0.95,0.05
159,-2.46979784121212,2.16041302707413,-0.0482318539738445,"Converged",FALSE,0.95,0.05
160,-1.8498924258025,1.92905857553229,-0.139726490466654,"Converged",FALSE,0.95,0.05
161,-1.34842408946425,0.00401471564311549,-0.0851575587820498,"Converged",FALSE,0.95,0.05
162,-2.63492212767409,4.09476043786469,-0.0969323816062335,"Converged",FALSE,0.95,0.05
163,-2.0237439984146,1.75292190723326,-0.0578832097020306,"Converged",TRUE,0.95,0.05
164,-1.49633242276368,-0.507619781596406,-0.021101753548184,"Converged",TRUE,0.95,0.05
165,-2.13409747377486,1.6192855917548,-0.0375254389375535,"Converged",FALSE,0.95,0.05
166,-2.85161084426317,4.3854614113965,-0.080172548674733,"Converged",FALSE,0.95,0.05
167,-1.41428274250844,0.513311444071703,-0.113892401385376,"Converged",FALSE,0.95,0.05
168,-1.3506454738548,0.0652412173514317,-0.111733184711548,"Converged",FALSE,0.95,0.05
169,-1.73911627943781,0.740963011869351,-0.0533963746530864,"Converged",FALSE,0.95,0.05
170,-1.6903072682261,1.20696944900584,-0.14647011992713,"Converged",FALSE,0.95,0.05
171,-1.47004659155344,0.939575730894843,-0.127979846341154,"Converged",TRUE,0.95,0.05
172,-2.08958822310432,2.58381605052712,-0.124760988301755,"Converged",FALSE,0.95,0.05
173,-2.81229063928839,3.97278713256335,-0.0633218429430722,"Converged",FALSE,0.95,0.05
174,-1.85304905891867,1.27472400337119,-0.0791805740227363,"Converged",FALSE,0.95,0.05
175,-2.67830606445645,3.00162330493645,-0.00713935206741055,"Converged",FALSE,0.95,0.05
176,-1.78831159570531,1.59586855971872,-0.0795529095374056,"Converged",FALSE,0.95,0.05
177,-1.59990538463727,0.74271318240942,-0.110749430323851,"Converged",FALSE,0.95,0.05
178,-2.14064471909589,2.45266691915595,-0.07285620370482,"Converged",FALSE,0.95,0.05
179,-2.15314740944469,2.52374872178814,-0.0849274751324617,"Converged",FALSE,0.95,0.05
180,-2.16313231698697,2.80358182323808,-0.141377240315831,"Converged",FALSE,0.95,0.05
181,-1.86714406584294,1.49032939225668,-0.121488157066171,"Converged",TRUE,0.95,0.05
182,-2.45029696508998,2.04894376336513,-0.0243718950419846,"Converged",FALSE,0.95,0.05
183,-2.11458968330228,2.17348815734519,-0.0934375145225646,"Converged",FALSE,0.95,0.05
184,-1.33487790157251,0.487419024719212,-0.123737425038855,"Converged",FALSE,0.95,0.05
185,-2.60601065805231,4.00264043057311,-0.109323027045857,"Converged",FALSE,0.95,0.05
186,-1.30909777165676,1.2661525756188,-0.162893353893427,"Converged",FALSE,0.95,0.05
187,-1.82644641140464,1.78569935144146,-0.131100165204311,"Converged",FALSE,0.95,0.05
188,-1.77993954331025,1.84747297695206,-0.10579136006828,"Converged",FALSE,0.95,0.05
189,-1.75579047203392,1.39085960844115,-0.150165236154124,"Converged",FALSE,0.95,0.05
190,-1.60402669842616,0.169379056289046,-0.0596334738857093,"Converged",TRUE,0.95,0.05
191,-1.92933236848182,1.36298803330327,-0.0496800198424894,"Converged",FALSE,0.95,0.05
192,-1.75444326093661,1.93362079784867,-0.140485273953974,"Converged",FALSE,0.95,0.05
193,-1.6164781257814,0.92848538167652,-0.104333852983562,"Converged",FALSE,0.95,0.05
194,-1.79451264241112,1.42387024490833,-0.0774737389759133,"Converged",FALSE,0.95,0.05
195,-1.39065929121972,0.301990533781273,-0.104018183704601,"Converged",FALSE,0.95,0.05
196,-2.58309745612057,3.88584194547429,-0.114175241760131,"Converged",FALSE,0.95,0.05
197,-2.48585351711374,2.7979657152322,-0.0581942732073022,"Converged",FALSE,0.95,0.05
198,-1.68787930500705,1.89681883872085,-0.13961731546017,"Converged",FALSE,0.95,0.05
199,-1.95147892219304,0.0318838713191329,0.0146508341227489,"Converged",TRUE,0.95,0.05
200,-1.79255339153851,0.708792803245836,-0.0552211300206694,"Converged",FALSE,0.95,0.05
201,-1.79077358374317,2.04483469094238,-0.140938259187777,"Converged",FALSE,0.95,0.05
202,-1.81147630935456,1.59458239586032,-0.103889508623134,"Converged",FALSE,0.95,0.05
203,-1.96031879306235,1.24204874803005,-0.070356893832175,"Converged",FALSE,0.95,0.05
204,-1.74698084255671,1.83863382186041,-0.155338487832068,"Converged",FALSE,0.95,0.05
205,-1.36849899631662,1.06805377131544,-0.164520316856605,"Converged",TRUE,0.95,0.05
206,-1.97552633740289,1.36490452188528,-0.0521074138057005,"Converged",FALSE,0.95,0.05
207,-2.33810849391191,2.15894151620051,-0.0520920817947332,"Converged",FALSE,0.95,0.05
208,-2.16499769608786,2.54979891958286,-0.121917818543911,"Converged",FALSE,0.95,0.05
209,-2.33084390441384,2.22425388106165,-0.0634349756348928,"Converged",TRUE,0.95,0.05
210,-1.65493860630108,0.435554978214749,-0.0798889437683898,"Converged",FALSE,0.95,0.05
211,-1.32884064699467,-0.150492249129804,-0.102972173227743,"Converged",FALSE,0.95,0.05
212,-1.94075101018728,2.88141571969238,-0.193748784627326,"Converged",FALSE,0.95,0.05
213,-2.21127805675716,2.40125035593769,-0.0583614929643347,"Converged",FALSE,0.95,0.05
214,-1.6033688770163,0.948374101084847,-0.0886992499775281,"Converged",FALSE,0.95,0.05
215,-2.71736627693964,3.63703017658637,-0.0369213379567499,"Converged",FALSE,0.95,0.05
216,-1.94627649652322,2.72191058113028,-0.160099538263369,"Converged",TRUE,0.95,0.05
217,-1.53171643024769,0.774619151661277,-0.0985579652361282,"Converged",FALSE,0.95,0.05
218,-1.9851575848477,2.94697991879711,-0.195215476806331,"Converged",TRUE,0.95,0.05
219,-2.20628807700316,1.84190075308925,-0.0674305938452907,"Converged",TRUE,0.95,0.05
220,-2.14619690595926,2.64078091586782,-0.102712504288682,"Converged",TRUE,0.95,0.05
221,-1.97017653535514,1.79673151785761,-0.047786748655276,"Converged",TRUE,0.95,0.05
222,-2.5576232943633,3.72689044366817,-0.0791924396268815,"Converged",TRUE,0.95,0.05
223,-1.36760483738004,1.31838233019491,-0.162154930717894,"Converged",TRUE,0.95,0.05
224,-2.29425276182183,2.12841620305121,-0.0670315556044619,"Converged",FALSE,0.95,0.05
225,-2.16928441986294,2.49417290374309,-0.0526568489472719,"Converged",FALSE,0.95,0.05
226,-1.48605856717406,-0.451819385969099,-0.0870113561641643,"Converged",FALSE,0.95,0.05
227,-1.74807691550026,1.62326834655085,-0.121225236214479,"Converged",FALSE,0.95,0.05
228,-1.86877856926368,1.20969280691925,-0.0540627886897674,"Converged",TRUE,0.95,0.05
229,-2.04949420557836,1.86816151703004,-0.0744928423752338,"Converged",FALSE,0.95,0.05
230,-1.78505435158995,1.40464246416441,-0.093215338222921,"Converged",FALSE,0.95,0.05
231,-2.02606493076771,2.00321235788162,-0.0798144261984584,"Converged",TRUE,0.95,0.05
232,-1.3870044446531,0.853684333181539,-0.166238819681896,"Converged",FALSE,0.95,0.05
233,-2.19986995491782,3.1181498023411,-0.112537497254213,"Converged",FALSE,0.95,0.05
234,-1.40187735227304,-0.613032230863475,-0.0513110258834666,"Converged",FALSE,0.95,0.05
235,-1.55979563571157,1.65009064445366,-0.161838224461605,"Converged",FALSE,0.95,0.05
236,-1.8165056169782,1.51846367493732,-0.0896290671467844,"Converged",FALSE,0.95,0.05
237,-1.91606759577984,1.73535168130126,-0.0797327887800202,"Converged",FALSE,0.95,0.05
238,-1.65786991044369,1.12412914720335,-0.0828023132161119,"Converged",TRUE,0.95,0.05
239,-1.69467858751246,1.89651527762137,-0.126294175194991,"Converged",FALSE,0.95,0.05
240,-1.28587155359334,1.21234619540465,-0.186720392063457,"Converged",TRUE,0.95,0.05
241,-2.05492121163466,3.05591643635367,-0.158761065982708,"Converged",FALSE,0.95,0.05
242,-2.00239119263038,2.60216011722322,-0.112740015591876,"Converged",FALSE,0.95,0.05
243,-1.92964337426615,1.88312542247612,-0.0804900006521668,"Converged",FALSE,0.95,0.05
244,-1.7559064652663,0.837278115308454,-0.0724258680214793,"Converged",TRUE,0.95,0.05
245,-1.83219082674799,2.5528839774434,-0.190461135646106,"Converged",FALSE,0.95,0.05
246,-1.92398395047138,1.84863982479743,-0.108294747291635,"Converged",FALSE,0.95,0.05
247,-1.36566913493498,-0.276652228317006,-0.0681280303025769,"Converged",TRUE,0.95,0.05
248,-1.39333188185714,0.737920070337649,-0.122833455928254,"Converged",TRUE,0.95,0.05
249,-1.77144890015495,0.662259322607507,-0.0289199572682302,"Converged",FALSE,0.95,0.05
250,-1.4448943455614,1.92409722676033,-0.207356234074772,"Converged",FALSE,0.95,0.05
251,-1.2341283905336,-0.208548025480828,-0.110539083383554,"Converged",FALSE,0.95,0.05
252,-1.61509423687627,0.557079607436018,-0.0583393132588644,"Converged",FALSE,0.95,0.05
253,-1.9807815901831,0.800110292807175,-0.0176645273786124,"Converged",FALSE,0.95,0.05
254,-1.67862415700975,0.800321065372572,-0.0773857839202661,"Converged",FALSE,0.95,0.05
255,-2.0645167984418,1.49272843111561,-0.0799309192668873,"Converged",TRUE,0.95,0.05
256,-1.43212008753987,1.19942393145748,-0.142328822101929,"Converged",FALSE,0.95,0.05
257,-1.62290725691032,1.04316082450837,-0.105297718279897,"Converged",FALSE,0.95,0.05
258,-1.31869045254492,0.655598611335715,-0.150219820296204,"Converged",FALSE,0.95,0.05
259,-1.68876458850341,2.47923778849745,-0.178498586596388,"Converged",FALSE,0.95,0.05
260,-1.81966443308993,1.31544287797841,-0.110032867221388,"Converged",TRUE,0.95,0.05
261,-1.66512715173881,0.418984709183907,-0.0652268206844036,"Converged",FALSE,0.95,0.05
262,-2.06412035995813,2.04845069101533,-0.115805496992565,"Converged",FALSE,0.95,0.05
263,-1.45104462975694,0.00157476260319172,-0.112291512225255,"Converged",FALSE,0.95,0.05
264,-0.958224475024101,0.219071241563966,-0.21407356287323,"Converged",TRUE,0.95,0.05
265,-2.2083760847856,2.44463513371186,-0.0761044647772904,"Converged",FALSE,0.95,0.05
266,-1.96459916826888,1.12061194091154,-0.0876831877458455,"Converged",FALSE,0.95,0.05
267,-1.29994847343258,0.169085834651992,-0.15446359674504,"Converged",FALSE,0.95,0.05
268,-1.42002107271828,0.571470409583303,-0.12282961088312,"Converged",FALSE,0.95,0.05
269,-1.70611749674597,1.01894089639173,-0.085549084107231,"Converged",FALSE,0.95,0.05
270,-1.91936260943593,1.82371760764153,-0.0932922573525487,"Converged",FALSE,0.95,0.05
271,-1.13494604623698,-0.650569309719896,-0.0920503447928071,"Converged",FALSE,0.95,0.05
272,-1.8577290666178,0.827217385012265,-0.0564510688935357,"Converged",FALSE,0.95,0.05
273,-0.920004619785798,-0.111774575993407,-0.174175538292377,"Converged",TRUE,0.95,0.05
274,-1.2810403740456,0.314840523919931,-0.11551420875723,"Converged",FALSE,0.95,0.05
275,-1.93008856155854,1.99041007222765,-0.0881092839653737,"Converged",FALSE,0.95,0.05
276,-1.25624071093635,0.846370494842356,-0.190533716235623,"Converged",FALSE,0.95,0.05
277,-2.05383911565807,2.20795758036872,-0.0743172517283575,"Converged",FALSE,0.95,0.05
278,-1.96187596084634,1.97678023655688,-0.100198154420298,"Converged",FALSE,0.95,0.05
279,-2.17184997008739,2.72802679407704,-0.110363960792688,"Converged",FALSE,0.95,0.05
280,-1.54638274887555,0.934353930844228,-0.126898832358821,"Converged",FALSE,0.95,0.05
281,-1.95909374261831,1.99276262170464,-0.0765001038490617,"Converged",FALSE,0.95,0.05
282,-1.85656581860943,1.69249248544491,-0.120676879350417,"Converged",FALSE,0.95,0.05
283,-2.25710582398822,2.65538731409671,-0.0737897262383941,"Converged",TRUE,0.95,0.05
284,-1.61649142926499,0.758800087134929,-0.0767683641912597,"Converged",FALSE,0.95,0.05
285,-1.95364976979077,1.49184588497461,-0.0757665938697992,"Converged",FALSE,0.95,0.05
286,-1.60338780441114,0.758955306191231,-0.105172444879003,"Converged",TRUE,0.95,0.05
287,-1.52966114997771,0.127031402913456,-0.0846797286541853,"Converged",FALSE,0.95,0.05
288,-1.52760961397742,0.257659845143174,-0.0925264423447792,"Converged",FALSE,0.95,0.05
289,-2.13836176348782,1.99728088240843,-0.056203181949459,"Converged",FALSE,0.95,0.05
290,-1.7118497050212,1.24361707647096,-0.0764162433472543,"Converged",TRUE,0.95,0.05
291,-1.67447724766378,0.551275217709666,-0.0920009460280863,"Converged",FALSE,0.95,0.05
292,-1.49164685042086,0.823983702389039,-0.130363760861811,"Converged",FALSE,0.95,0.05
293,-1.94832589881795,1.82247494709604,-0.103639735332698,"Converged",FALSE,0.95,0.05
294,-1.78975190190745,2.1206461000869,-0.175905467994061,"Converged",FALSE,0.95,0.05
295,-1.3955725467469,0.945374819071679,-0.117976628445414,"Converged",TRUE,0.95,0.05
296,-1.4796614373933,0.236109845003336,-0.101871909268131,"Converged",FALSE,0.95,0.05
297,-1.60159585404353,1.21511918416422,-0.131140076762413,"Converged",FALSE,0.95,0.05
298,-1.97606301731766,1.91349722502747,-0.111420775579746,"Converged",FALSE,0.95,0.05
299,-1.62343147270314,0.700344452704533,-0.0701855681754208,"Converged",TRUE,0.95,0.05
300,-2.17758326016879,2.38208935083564,-0.0840867793363273,"Converged",FALSE,0.95,0.05
301,-1.53626495219149,0.772770567989146,-0.0857118862532387,"Converged",FALSE,0.95,0.05
302,-1.65025107608936,1.7739121637731,-0.141987287929039,"Converged",TRUE,0.95,0.05
303,-2.85718984104312,4.56168474649331,-0.0761756687888211,"Converged",TRUE,0.95,0.05
304,-1.35966102256432,0.497592079277189,-0.139804913059443,"Converged",FALSE,0.95,0.05
305,-1.85954875452136,0.918542227986084,-0.0701066953394068,"Converged",FALSE,0.95,0.05
306,-1.36759653345936,0.0230751855304319,-0.0967469038164537,"Converged",FALSE,0.95,0.05
307,-1.17952186109987,-0.659938730832587,-0.113006918688037,"Converged",FALSE,0.95,0.05
308,-2.02812400260851,1.79473034665832,-0.0537068049725673,"Converged",FALSE,0.95,0.05
309,-1.27099325384619,0.496317751976415,-0.113920770170918,"Converged",TRUE,0.95,0.05
310,-1.36571626296077,0.652040702146916,-0.15196546745927,"Converged",FALSE,0.95,0.05
311,-2.00695854838786,2.80598598169342,-0.164830019157021,"Converged",TRUE,0.95,0.05
312,-1.66394665866149,0.929006939701291,-0.0779690756645022,"Converged",FALSE,0.95,0.05
313,-2.55033012903674,3.10674792724986,-0.0642201395451194,"Converged",TRUE,0.95,0.05
314,-1.73389043051205,0.948805507668758,-0.0848732683660385,"Converged",TRUE,0.95,0.05
315,-2.55103760534214,4.45518816097717,-0.138114156373262,"Converged",TRUE,0.95,0.05
316,-1.68767426503781,1.85526000241413,-0.175360961003207,"Converged",TRUE,0.95,0.05
317,-1.58911439247474,1.14714864899952,-0.120420701864784,"Converged",FALSE,0.95,0.05
318,-2.27879882432973,2.99543122978274,-0.145987801463089,"Converged",FALSE,0.95,0.05
319,-2.31817889098767,1.8362038391787,-0.00427083319341111,"Converged",FALSE,0.95,0.05
320,-2.24118416753409,3.12589337187482,-0.123782481941961,"Converged",FALSE,0.95,0.05
321,-1.37801521689602,1.38676597312003,-0.147475591151067,"Converged",FALSE,0.95,0.05
322,-1.56716728285585,1.93855518204232,-0.174588398708214,"Converged",FALSE,0.95,0.05
323,-1.66885565846308,0.76192263955203,-0.123233503488283,"Converged",FALSE,0.95,0.05
324,-1.8978839251745,2.8771109740136,-0.170249298798298,"Converged",FALSE,0.95,0.05
325,-2.51659984649412,3.52288415500527,-0.0517193407025846,"Converged",FALSE,0.95,0.05
326,-1.76502908209614,0.852320390562603,-0.0645469201517293,"Converged",FALSE,0.95,0.05
327,-1.89465875786362,0.992282729077581,-0.107088031910067,"Converged",FALSE,0.95,0.05
328,-1.75479647693746,1.47277087737773,-0.145066045233912,"Converged",TRUE,0.95,0.05
329,-1.61476820993002,1.87767279488741,-0.147775901236006,"Converged",FALSE,0.95,0.05
330,-1.75767718542476,1.64015879440118,-0.0839452503214483,"Converged",FALSE,0.95,0.05
331,-2.35486402945654,2.51160066823164,-0.0378000911620105,"Converged",TRUE,0.95,0.05
332,-2.73137342286157,3.86648547814166,-0.0886791742237976,"Converged",TRUE,0.95,0.05
333,-2.25887564448155,2.70599346445667,-0.0695503462313546,"Converged",FALSE,0.95,0.05
334,-2.23529222443209,2.87185840590489,-0.0988006570005621,"Converged",FALSE,0.95,0.05
335,-1.40387856181956,2.21497174218049,-0.21529456065325,"Converged",FALSE,0.95,0.05
336,-1.00838718364101,-0.861558891448302,-0.098412801895104,"Converged",FALSE,0.95,0.05
337,-1.3424599208137,0.325596002552235,-0.147958308691796,"Converged",FALSE,0.95,0.05
338,-2.15433638410844,2.03787271624245,-0.118838433258161,"Converged",TRUE,0.95,0.05
339,-2.38081968189246,2.64883437305498,-0.10572496940807,"Converged",FALSE,0.95,0.05
340,-2.14729403029458,3.57654829968599,-0.154217138129781,"Converged",TRUE,0.95,0.05
341,-1.79036443781925,1.14505134247481,-0.0968760685017241,"Converged",FALSE,0.95,0.05
342,-1.94035329437375,0.850279588467864,-0.0404769484790914,"Converged",FALSE,0.95,0.05
343,-1.65167160412073,1.01280340562394,-0.0782413207746581,"Converged",FALSE,0.95,0.05
344,-1.88265345318118,1.22449666411108,-0.0933197119825902,"Converged",TRUE,0.95,0.05
345,-1.53105966045743,1.05874313306825,-0.122280909162758,"Converged",TRUE,0.95,0.05
346,-1.91401187600681,0.310573475868098,-0.00548753839863981,"Converged",FALSE,0.95,0.05
347,-2.62271046774404,3.11440642444508,-0.0345866209723447,"Converged",FALSE,0.95,0.05
348,-2.22952009700606,1.28997069494427,-0.0187676549994432,"Converged",FALSE,0.95,0.05
349,-1.61393100588898,1.06181710451191,-0.131932485248537,"Converged",TRUE,0.95,0.05
350,-2.09899813452542,2.62989811456006,-0.129282796429277,"Converged",FALSE,0.95,0.05
351,-1.85492228617776,1.594783147148,-0.11951382673177,"Converged",FALSE,0.95,0.05
352,-1.6901596608178,1.35237012553571,-0.11201712124223,"Converged",FALSE,0.95,0.05
353,-2.32335985729267,2.91074171893694,-0.112855350229435,"Converged",TRUE,0.95,0.05
354,-1.63580879588312,0.926720597478479,-0.109850874493231,"Converged",TRUE,0.95,0.05
355,-1.67099287908088,1.37182374253895,-0.129080615548487,"Converged",FALSE,0.95,0.05
356,-1.64607755360141,0.947083449142059,-0.0996334901352449,"Converged",FALSE,0.95,0.05
357,-1.64602039140045,1.9549467873276,-0.142286825701263,"Converged",TRUE,0.95,0.05
358,-2.14252822262273,2.45589844362743,-0.0845590975578829,"Converged",FALSE,0.95,0.05
359,-0.765674357778133,0.153127401956897,-0.236474296285107,"Converged",FALSE,0.95,0.05
360,-2.95999647365061,3.62416679893561,-0.0165336527494786,"Converged",FALSE,0.95,0.05
361,-2.3122017919224,1.87326057021351,-0.0596870689078727,"Converged",FALSE,0.95,0.05
362,-1.69064573623452,0.597617132992252,-0.098414277164801,"Converged",FALSE,0.95,0.05
363,-2.12180636010067,1.88142266300899,-0.0303376670386939,"Converged",FALSE,0.95,0.05
364,-2.68984931595745,4.21775785529161,-0.13627514026899,"Converged",TRUE,0.95,0.05
365,-2.23264881297058,1.72410300343603,-0.0292758739745767,"Converged",FALSE,0.95,0.05
366,-1.51968549190345,0.793682901013794,-0.128456438910857,"Converged",FALSE,0.95,0.05
367,-1.88120331026692,2.78363206856124,-0.147385717099639,"Converged",FALSE,0.95,0.05
368,-1.97620393730775,2.51285472578136,-0.157196165504006,"Converged",FALSE,0.95,0.05
369,-2.13246186652695,2.61879343559161,-0.101643641570552,"Converged",TRUE,0.95,0.05
370,-1.78521968917986,1.24473979831208,-0.0795690559775389,"Converged",FALSE,0.95,0.05
371,-2.68488920559555,3.97542304913096,-0.0724036146197319,"Converged",TRUE,0.95,0.05
372,-2.2207696943084,1.99833247928982,-0.0304378826740939,"Converged",TRUE,0.95,0.05
373,-1.74010785608254,1.9541849588972,-0.177561140782513,"Converged",FALSE,0.95,0.05
374,-1.71697660353087,2.23061791988484,-0.184454381642213,"Converged",FALSE,0.95,0.05
375,-2.22056102391104,1.95798681591968,-0.0493534110830271,"Converged",FALSE,0.95,0.05
376,-1.66104560325306,1.02249393664783,-0.078634406295986,"Converged",TRUE,0.95,0.05
377,-1.62599883181019,2.07606933428554,-0.216754005149935,"Converged",FALSE,0.95,0.05
378,-2.08817871168637,1.49294786170874,-0.0590064612031909,"Converged",FALSE,0.95,0.05
379,-1.4332864385169,0.676350365259101,-0.121660329605318,"Converged",FALSE,0.95,0.05
380,-2.24751073215744,1.69332253917522,-0.0575245013828081,"Converged",FALSE,0.95,0.05
381,-1.98928872391516,2.19674423003988,-0.123231431993895,"Converged",FALSE,0.95,0.05
382,-2.12021674919391,2.69320413395582,-0.12284466447054,"Converged",FALSE,0.95,0.05
383,-1.81633130325448,2.29907348703762,-0.177807591172401,"Converged",FALSE,0.95,0.05
384,-2.57227447329709,2.50313611578105,-0.0082672799500034,"Converged",FALSE,0.95,0.05
385,-1.06844861068749,-0.741681014526056,-0.128956278731243,"Converged",FALSE,0.95,0.05
386,-1.52647578412692,0.856634106029294,-0.0853856002459239,"Converged",FALSE,0.95,0.05
387,-2.28612378789896,2.87762888653924,-0.124084539974313,"Converged",TRUE,0.95,0.05
388,-1.39558360064692,0.528545985846342,-0.140460896783662,"Converged",FALSE,0.95,0.05
389,-1.29668964382883,0.109250604972238,-0.104238564788225,"Converged",FALSE,0.95,0.05
390,-1.70525239710824,1.13274611139494,-0.11628374794979,"Converged",FALSE,0.95,0.05
391,-2.68298336067602,4.27437001939568,-0.0935507067780351,"Converged",FALSE,0.95,0.05
392,-1.37144456776793,0.171569992914346,-0.125558416649947,"Converged",FALSE,0.95,0.05
393,-1.53695703947181,0.981005495462414,-0.110844825993686,"Converged",FALSE,0.95,0.05
394,-1.83473635765668,2.50893881554657,-0.155850739125086,"Converged",TRUE,0.95,0.05
395,-1.75195528505731,1.55818703650932,-0.136893214337869,"Converged",FALSE,0.95,0.05
396,-2.60527718309509,3.69218279749606,-0.0832601407726779,"Converged",TRUE,0.95,0.05
397,-1.5887549107305,0.990733245969276,-0.154418773432705,"Converged",TRUE,0.95,0.05
398,-1.85528363224918,1.45758251763179,-0.0868585737927786,"Converged",FALSE,0.95,0.05
399,-1.49618110125479,0.400237905640775,-0.101767182635013,"Converged",FALSE,0.95,0.05
400,-2.16527906740528,2.99277056346908,-0.104838667166021,"Converged",FALSE,0.95,0.05
401,-2.20200321499034,2.10324419578303,-0.123988533497834,"Converged",TRUE,0.95,0.05
402,-2.12471098151155,2.05301383938442,-0.0793189975644944,"Converged",TRUE,0.95,0.05
403,-2.32549611711612,2.66599876575035,-0.100295525320212,"Converged",FALSE,0.95,0.05
404,-1.05295144922579,0.386201688354442,-0.215822689742542,"Converged",FALSE,0.95,0.05
405,-1.40566013845133,0.585521710155918,-0.0896850337647323,"Converged",TRUE,0.95,0.05
406,-1.96989026235316,2.93962151632366,-0.145775279450884,"Converged",TRUE,0.95,0.05
407,-1.50957636681749,0.732930678243076,-0.099248978070091,"Converged",FALSE,0.95,0.05
408,-1.98114376752162,2.30947546364978,-0.111859513302506,"Converged",FALSE,0.95,0.05
409,-2.75105527301948,3.1256413803841,-0.0485702822970322,"Converged",TRUE,0.95,0.05
410,-1.53122231083297,1.2498395602208,-0.14976257740375,"Converged",TRUE,0.95,0.05
411,-1.90404509705847,0.891953663976399,-0.0732287469508293,"Converged",FALSE,0.95,0.05
412,-1.68416230435071,1.10411361483117,-0.0839910975363047,"Converged",FALSE,0.95,0.05
413,-1.6899613241625,0.407069606310955,-0.0749617084058527,"Converged",TRUE,0.95,0.05
414,-1.88899144537832,1.76785820984689,-0.102274708673095,"Converged",FALSE,0.95,0.05
415,-1.55738741128672,0.319321743098668,-0.0869427125603028,"Converged",FALSE,0.95,0.05
416,-2.46376268995547,3.85665544542544,-0.101526621192329,"Converged",FALSE,0.95,0.05
417,-1.56369141433828,1.25345006541897,-0.138490681356752,"Converged",FALSE,0.95,0.05
418,-2.4246915422228,3.71009384963279,-0.0890478727170363,"Converged",FALSE,0.95,0.05
419,-1.52685831407925,-0.454714914095961,-0.0325071296605922,"Converged",FALSE,0.95,0.05
420,-1.8088154095252,1.23870603595246,-0.0434937153617126,"Converged",FALSE,0.95,0.05
421,-1.33362100604508,0.0452707321639,-0.119409048063811,"Converged",FALSE,0.95,0.05
422,-1.79944434143713,1.73587421419279,-0.0994015596126165,"Converged",FALSE,0.95,0.05
423,-2.1833113455972,2.71061466962868,-0.0905322057906646,"Converged",FALSE,0.95,0.05
424,-2.40264483260597,2.38971484649473,-0.0787649261719306,"Converged",FALSE,0.95,0.05
425,-2.65596746369512,3.52377391881434,-0.0694725636341635,"Converged",FALSE,0.95,0.05
426,-2.1599066147713,1.66143866258048,-0.0536086982232679,"Converged",FALSE,0.95,0.05
427,-2.44015622485202,3.20919134852004,-0.0651218606912046,"Converged",FALSE,0.95,0.05
428,-1.88198445102292,1.6203725286657,-0.0574804964786607,"Converged",FALSE,0.95,0.05
429,-1.93175699953223,1.22552514972259,-0.0533510620452545,"Converged",FALSE,0.95,0.05
430,-2.39695688487864,4.13338509770001,-0.199046562201961,"Converged",FALSE,0.95,0.05
431,-1.76757899538473,1.33144693895957,-0.0648625805513054,"Converged",FALSE,0.95,0.05
432,-1.90791047370358,1.07133711657561,-0.0439960893613692,"Converged",FALSE,0.95,0.05
433,-2.3424142514817,2.89306421538688,-0.0769848130850913,"Converged",TRUE,0.95,0.05
434,-1.82908916516022,1.39740431441224,-0.0822191783373126,"Converged",TRUE,0.95,0.05
435,-2.1629572663607,1.69590593223267,-0.0290390246815455,"Converged",FALSE,0.95,0.05
436,-1.62824390163691,1.45386945949331,-0.136028990457625,"Converged",FALSE,0.95,0.05
437,-1.58257816442,1.20177647132175,-0.140556573115741,"Converged",TRUE,0.95,0.05
438,-1.72025097190127,1.33283964405299,-0.0987609733914357,"Converged",TRUE,0.95,0.05
439,-2.23031092640223,2.16080831067097,-0.03797114926172,"Converged",TRUE,0.95,0.05
440,-1.497979165618,0.682698538439204,-0.120609314351493,"Converged",FALSE,0.95,0.05
441,-2.11795146734772,1.61761423612644,-0.0279537614080579,"Converged",FALSE,0.95,0.05
442,-1.77155129190244,1.55884707219708,-0.134858082635524,"Converged",FALSE,0.95,0.05
443,-1.6793592175279,0.444108780480686,-0.0915695133407916,"Converged",TRUE,0.95,0.05
444,-1.87811220777874,1.5914892190195,-0.107331951589098,"Converged",FALSE,0.95,0.05
445,-1.83198166699739,1.25196324339244,-0.0515630595982052,"Converged",FALSE,0.95,0.05
446,-1.86771337093356,2.14242343990543,-0.160652113812138,"Converged",FALSE,0.95,0.05
447,-1.85418233045913,1.78965039701301,-0.10909842087708,"Converged",FALSE,0.95,0.05
448,-1.819712275384,1.5907318003305,-0.116672999050615,"Converged",FALSE,0.95,0.05
449,-1.98579777840496,1.84831720547808,-0.102718056122538,"Converged",FALSE,0.95,0.05
450,-1.99984888853074,0.866471905691107,-0.0356309677990092,"Converged",TRUE,0.95,0.05
451,-2.17297880015383,2.57346497876278,-0.10733812692291,"Converged",FALSE,0.95,0.05
452,-1.63163353349449,0.804240568127206,-0.0701123819731309,"Converged",FALSE,0.95,0.05
453,-2.14821367297645,1.93482850585486,-0.042743458011652,"Converged",FALSE,0.95,0.05
454,-1.59369621874054,0.771700102026452,-0.0880200084099935,"Converged",FALSE,0.95,0.05
455,-1.76361745497549,0.573057660315727,-0.0575487481669418,"Converged",FALSE,0.95,0.05
456,-1.71986699351901,0.291085283039014,-0.0439622186430329,"Converged",FALSE,0.95,0.05
457,-2.1358372511117,1.47516073181272,-0.0731259789489541,"Converged",FALSE,0.95,0.05
458,-1.85628350057352,1.79507669903329,-0.0962199188222304,"Converged",FALSE,0.95,0.05
459,-1.74673067381182,0.417671265654221,-0.0523475295448336,"Converged",FALSE,0.95,0.05
460,-2.4644639077097,3.11790692899328,-0.0700941297371804,"Converged",FALSE,0.95,0.05
461,-1.76841275381692,1.91257871928534,-0.144127763393212,"Converged",FALSE,0.95,0.05
462,-1.83843411231186,1.83880580803847,-0.122303304523699,"Converged",FALSE,0.95,0.05
463,-2.30654598848957,2.0791104000967,-0.0139180624396653,"Converged",TRUE,0.95,0.05
464,-1.58775025561079,2.33716274683565,-0.213744965341072,"Converged",FALSE,0.95,0.05
465,-2.27190808391897,2.3442664002517,-0.0664935677625521,"Converged",FALSE,0.95,0.05
466,-1.87447988041467,0.440821796991566,-0.0491732751057837,"Converged",FALSE,0.95,0.05
467,-1.54914949464166,0.608819198296028,-0.120894624450197,"Converged",FALSE,0.95,0.05
468,-1.73507127268261,0.96983575765447,-0.0611224928930558,"Converged",TRUE,0.95,0.05
469,-1.6069598528979,0.673289832282539,-0.125972483621715,"Converged",TRUE,0.95,0.05
470,-2.23726654162583,1.96055309960668,-0.0538454213538869,"Converged",TRUE,0.95,0.05
471,-1.86535597036549,2.11313064020868,-0.116524708363297,"Converged",FALSE,0.95,0.05
472,-2.13373024000092,2.27329287550089,-0.0840061709279271,"Converged",FALSE,0.95,0.05
473,-2.26488592768768,2.24042115819775,-0.0575186985252287,"Converged",FALSE,0.95,0.05
474,-1.9992833614657,2.01559571181935,-0.085674735823074,"Converged",FALSE,0.95,0.05
475,-1.65392159311675,1.81303035470536,-0.155430895862619,"Converged",TRUE,0.95,0.05
476,-2.45729826221097,2.75905470845043,-0.0604425014846419,"Converged",TRUE,0.95,0.05
477,-1.82748048541573,2.12265214559483,-0.147540701455382,"Converged",FALSE,0.95,0.05
478,-1.68165156349026,1.39111253236731,-0.0936602626209137,"Converged",FALSE,0.95,0.05
479,-2.52726733690651,3.32668275222084,-0.113028575344994,"Converged",FALSE,0.95,0.05
480,-1.68017521357879,2.09954538398741,-0.177490700651367,"Converged",FALSE,0.95,0.05
481,-0.998889099396009,-0.63534809477333,-0.138600453882076,"Converged",TRUE,0.95,0.05
482,-1.74477948695873,0.395030673435245,-0.0447161088387899,"Converged",FALSE,0.95,0.05
483,-2.26376448913375,3.19203523303493,-0.136768083429952,"Converged",FALSE,0.95,0.05
484,-1.4946704232925,-0.232452301880778,-0.0739771895503821,"Converged",FALSE,0.95,0.05
485,-1.2673822571819,0.147728422272002,-0.100801035745917,"Converged",TRUE,0.95,0.05
486,-1.51139613895813,-0.229597922107931,-0.048074371213233,"Converged",FALSE,0.95,0.05
487,-1.45874045723882,0.906688044241043,-0.131743931862703,"Converged",FALSE,0.95,0.05
488,-2.71467910481541,3.01559334355895,-0.0117442610247669,"Converged",FALSE,0.95,0.05
489,-1.75721630583276,0.986558003091902,-0.0902791310515255,"Converged",FALSE,0.95,0.05
490,-1.63363168304813,2.33335276421473,-0.193383963734519,"Converged",FALSE,0.95,0.05
491,-1.70650999075092,1.43802567709182,-0.0870997019827073,"Converged",TRUE,0.95,0.05
492,-1.85216149697633,1.55162454974204,-0.0782814271244072,"Converged",TRUE,0.95,0.05
493,-1.66574433894939,1.48358467197039,-0.100774971609669,"Converged",TRUE,0.95,0.05
494,-1.93408751304273,3.03102364146401,-0.183269951848283,"Converged",TRUE,0.95,0.05
495,-2.08631747573142,2.29680055333359,-0.0944434843935217,"Converged",FALSE,0.95,0.05
496,-1.51705639189397,1.32356557836308,-0.139300710763615,"Converged",FALSE,0.95,0.05
497,-2.03090674952886,2.15962626036913,-0.106102004144854,"Converged",FALSE,0.95,0.05
498,-2.0333465378649,2.33464396333013,-0.112219702367125,"Converged",FALSE,0.95,0.05
499,-2.41900098508407,2.00259827010711,-0.0319345826752886,"Converged",FALSE,0.95,0.05
500,-2.10464726436501,1.46906705500605,-0.065605593355505,"Converged",FALSE,0.95,0.05
501,-1.68496058432782,1.07367284836842,-0.102654009307369,"Converged",FALSE,0.95,0.05
502,-2.00732300493055,1.71792175846784,-0.0668797258974198,"Converged",FALSE,0.95,0.05
503,-1.98257924925791,2.0733302334742,-0.138360769647122,"Converged",FALSE,0.95,0.05
504,-1.22859025792665,-0.0496918101667726,-0.114467464275829,"Converged",TRUE,0.95,0.05
505,-2.51776655956325,2.92230803370779,-0.0416791001684396,"Converged",FALSE,0.95,0.05
506,-1.21539199162454,0.34906433122907,-0.162929533257838,"Converged",FALSE,0.95,0.05
507,-1.77820433394895,1.38366877261832,-0.0870847199248497,"Converged",FALSE,0.95,0.05
508,-1.76106254244671,1.23385655953814,-0.0886499148627383,"Converged",FALSE,0.95,0.05
509,-1.82124290913169,1.20835346243879,-0.10507371080343,"Converged",FALSE,0.95,0.05
510,-2.38649662934764,2.88171095374773,-0.0570964526135783,"Converged",FALSE,0.95,0.05
511,-2.40056714225,2.97589838484967,-0.069357393194018,"Converged",FALSE,0.95,0.05
512,-2.58484691038135,3.18132343373221,-0.0554555188076647,"Converged",TRUE,0.95,0.05
513,-1.119243622505,0.230023485321551,-0.125630706969508,"Converged",FALSE,0.95,0.05
514,-1.51214459300725,0.302919743194501,-0.112722848883618,"Converged",FALSE,0.95,0.05
515,-2.21214705627862,1.89819837574533,-0.0616841601509569,"Converged",FALSE,0.95,0.05
516,-2.33119594907269,3.61599928275968,-0.146989627189118,"Converged",FALSE,0.95,0.05
517,-1.46742358632909,0.340809226540413,-0.100018310313174,"Converged",FALSE,0.95,0.05
518,-2.68433550309556,3.77752493406695,-0.0819810613030141,"Converged",FALSE,0.95,0.05
519,-1.46392426314001,0.488813376747025,-0.125632926453769,"Converged",FALSE,0.95,0.05
520,-1.78530356963604,0.97725841397458,-0.085294057701595,"Converged",TRUE,0.95,0.05
521,-2.16737975829812,2.25746395816349,-0.0710751873077129,"Converged",FALSE,0.95,0.05
522,-2.29602670199566,2.8152831312208,-0.104358313793171,"Converged",FALSE,0.95,0.05
523,-1.58373759007663,1.46499125554933,-0.142481239198038,"Converged",TRUE,0.95,0.05
524,-1.32588169970606,0.800738509490719,-0.174443632046641,"Converged",FALSE,0.95,0.05
525,-2.01193823239555,1.95468609223317,-0.0641182704805307,"Converged",FALSE,0.95,0.05
526,-2.16490516213349,2.27226379065284,-0.0741284794637594,"Converged",FALSE,0.95,0.05
527,-2.02601939823055,1.90915906187432,-0.11886905133793,"Converged",FALSE,0.95,0.05
528,-1.8572135234646,1.19580607538652,-0.070498139502212,"Converged",FALSE,0.95,0.05
529,-1.06206438404603,0.0248045907676391,-0.134877368532905,"Converged",FALSE,0.95,0.05
530,-1.93661640878681,2.27049217667333,-0.143232017044118,"Converged",FALSE,0.95,0.05
531,-2.70725772205198,2.71810806126768,-0.0276508341978681,"Converged",FALSE,0.95,0.05
532,-1.55329986939812,1.20843421296545,-0.129398543974838,"Converged",FALSE,0.95,0.05
533,-1.5433069965635,0.273070940235659,-0.0732737878683453,"Converged",FALSE,0.95,0.05
534,-1.4317729201537,0.152735109262436,-0.090294617229052,"Converged",FALSE,0.95,0.05
535,-1.38041050973619,0.64312707575095,-0.141748654001665,"Converged",FALSE,0.95,0.05
536,-1.66088035553335,0.744419592985706,-0.106627828861993,"Converged",FALSE,0.95,0.05
537,-1.87099384618045,2.36917545057868,-0.143855494448349,"Converged",FALSE,0.95,0.05
538,-1.18431762557232,0.71458018641401,-0.159639200952252,"Converged",FALSE,0.95,0.05
539,-1.76145424194173,0.570694132685606,-0.0710789196266354,"Converged",TRUE,0.95,0.05
540,-1.65626326422476,1.76046607086422,-0.137240275923244,"Converged",FALSE,0.95,0.05
541,-1.80795132486382,2.20012868883306,-0.147912375308527,"Converged",FALSE,0.95,0.05
542,-1.7366417328192,0.645325264409116,-0.0808704815934802,"Converged",FALSE,0.95,0.05
543,-2.26883569196561,2.62455847236494,-0.0472625600155563,"Converged",FALSE,0.95,0.05
544,-2.24378142008007,1.95831560819714,-0.051889813223797,"Converged",FALSE,0.95,0.05
545,-2.72810653616984,3.00874904747544,-0.00622382976788286,"Converged",FALSE,0.95,0.05
546,-1.23709138262489,-0.553250953175839,-0.104085211440257,"Converged",FALSE,0.95,0.05
547,-1.87581818800474,1.81145564154049,-0.125948299198134,"Converged",TRUE,0.95,0.05
548,-1.97896452404887,1.85537126731635,-0.106175302383104,"Converged",FALSE,0.95,0.05
549,-2.30528499363014,2.67894118723971,-0.0508885890950009,"Converged",FALSE,0.95,0.05
550,-1.73515561472093,0.958540689417869,-0.0850703540529528,"Converged",TRUE,0.95,0.05
551,-1.28170521245463,-0.99474076935755,-0.0344205444960269,"Converged",FALSE,0.95,0.05
552,-1.95417873615493,2.30620953665977,-0.0983218424026149,"Converged",FALSE,0.95,0.05
553,NA,NA,NA,"MAX_ITER reached",TRUE,0.95,0.05
554,-1.63346255763913,1.01697620632558,-0.157247306461802,"Converged",FALSE,0.95,0.05
555,-1.72899151096562,0.0653214377099736,-0.0204143765758888,"Converged",TRUE,0.95,0.05
556,-2.2264799691318,2.21474806234373,-0.0573511654660098,"Converged",TRUE,0.95,0.05
557,-1.77733254400197,0.706734679207437,-0.0445488680230128,"Converged",TRUE,0.95,0.05
558,-1.48706352077329,0.606546032766707,-0.108961921144102,"Converged",TRUE,0.95,0.05
559,-1.64359207913286,-0.111704254192098,-0.0534343068623316,"Converged",FALSE,0.95,0.05
560,-0.781812025836353,-1.02928428280726,-0.148741896662527,"Converged",FALSE,0.95,0.05
561,-1.73021745112975,1.83288604063464,-0.115324775370918,"Converged",TRUE,0.95,0.05
562,-2.35290722875368,2.32709392556269,-0.0677268959743498,"Converged",FALSE,0.95,0.05
563,-3.2908389684785,4.02401035371284,0.0207408070818254,"Converged",FALSE,0.95,0.05
564,-2.25775717842204,2.7216504586381,-0.0620523496955944,"Converged",FALSE,0.95,0.05
565,-1.74610534660455,1.22997891734351,-0.0900097546202872,"Converged",TRUE,0.95,0.05
566,-1.76963145510211,1.08521305771258,-0.0626729284348347,"Converged",FALSE,0.95,0.05
567,-1.64296071705644,0.914020728504703,-0.0874326579766233,"Converged",TRUE,0.95,0.05
568,-1.88442548245034,0.85165215933296,-0.0626782713320206,"Converged",FALSE,0.95,0.05
569,-1.38676047971447,0.997290010173433,-0.143038682623002,"Converged",TRUE,0.95,0.05
570,-2.24683568660251,2.29067829455033,-0.0731524912063399,"Converged",FALSE,0.95,0.05
571,-2.21567462931792,2.62265602024357,-0.104763580064069,"Converged",FALSE,0.95,0.05
572,-2.19283521204066,2.05618831668036,-0.0491861120191882,"Converged",FALSE,0.95,0.05
573,-1.48574938410218,1.09387376545608,-0.132241884429685,"Converged",FALSE,0.95,0.05
574,-1.51227756871735,1.39071460675829,-0.178948821958305,"Converged",TRUE,0.95,0.05
575,-1.73265435632655,2.45627797848802,-0.170931578054697,"Converged",FALSE,0.95,0.05
576,-1.22876898551148,1.00199967244128,-0.172310644666188,"Converged",FALSE,0.95,0.05
577,-1.65979090042918,2.4468356416978,-0.210088298086191,"Converged",FALSE,0.95,0.05
578,-1.13326446909031,0.0314547766088141,-0.163285892036143,"Converged",FALSE,0.95,0.05
579,-1.83589646163684,1.6719507322489,-0.0978012399249,"Converged",FALSE,0.95,0.05
580,-2.10890926097599,2.32707227594345,-0.069982202685873,"Converged",TRUE,0.95,0.05
581,-1.65689601829923,2.26694581701068,-0.200973952555623,"Converged",FALSE,0.95,0.05
582,-1.37130943481049,-0.411642506422657,-0.0586869660811861,"Converged",FALSE,0.95,0.05
583,-1.4523319894215,1.66616024316919,-0.180631480291342,"Converged",FALSE,0.95,0.05
584,-1.99404074329977,1.81698946183817,-0.0852171429913582,"Converged",FALSE,0.95,0.05
585,-2.05781556431121,2.41664310125575,-0.102491400830927,"Converged",FALSE,0.95,0.05
586,-1.44654903610959,1.4438926315453,-0.177804948234919,"Converged",FALSE,0.95,0.05
587,-1.65993426300682,0.738376069918152,-0.0657117527590708,"Converged",FALSE,0.95,0.05
588,-1.66170597693465,1.37240676905424,-0.0963735421039545,"Converged",FALSE,0.95,0.05
589,-2.22068775103948,2.37493021573964,-0.063464802866708,"Converged",FALSE,0.95,0.05
590,-2.37301939187391,2.67727094580956,-0.105007834986717,"Converged",FALSE,0.95,0.05
591,-2.35279279362804,3.56468233790356,-0.128629877961157,"Converged",FALSE,0.95,0.05
592,-1.95463373995724,3.08211328894229,-0.160975856109822,"Converged",TRUE,0.95,0.05
593,-2.12461955391018,2.27450745634288,-0.0831606218985803,"Converged",FALSE,0.95,0.05
594,-1.16687987402434,0.126738068273968,-0.142477786340632,"Converged",FALSE,0.95,0.05
595,-2.44108172864073,2.8535467527715,-0.0739194102598627,"Converged",FALSE,0.95,0.05
596,-1.87921612849642,1.99161860382728,-0.102568560845686,"Converged",FALSE,0.95,0.05
597,-1.87815108626227,1.76154473556129,-0.0934631456449376,"Converged",FALSE,0.95,0.05
598,-1.71673955115241,0.950415919080912,-0.101483269211676,"Converged",FALSE,0.95,0.05
599,-1.35141031811203,1.11869046732559,-0.192250067277927,"Converged",TRUE,0.95,0.05
600,-1.36160332766148,0.676077798857953,-0.11059855604828,"Converged",FALSE,0.95,0.05
601,-1.56292511201883,0.0779815145593182,-0.0651535734457835,"Converged",FALSE,0.95,0.05
602,-1.17159535296479,0.432462576746576,-0.146289107461013,"Converged",FALSE,0.95,0.05
603,-1.86753972155512,1.94764847848594,-0.115329405628305,"Converged",FALSE,0.95,0.05
604,-1.91251787349687,1.99302032972734,-0.099458271467029,"Converged",FALSE,0.95,0.05
605,-1.35014361380394,-0.911951974678837,-0.0443008132754608,"Converged",FALSE,0.95,0.05
606,-2.60531543412401,2.14609247803578,-0.0204878637235619,"Converged",TRUE,0.95,0.05
607,-1.60978240677652,2.02303694557705,-0.155507227421538,"Converged",FALSE,0.95,0.05
608,-1.99332486187038,1.59324936543836,-0.0647924928462428,"Converged",TRUE,0.95,0.05
609,-1.65841820853653,0.169579566803579,-0.0737680513828441,"Converged",FALSE,0.95,0.05
610,-1.83169101922035,1.12900113565614,-0.0734891348916529,"Converged",FALSE,0.95,0.05
611,-2.01987889655843,2.78708391308165,-0.123773180392736,"Converged",FALSE,0.95,0.05
612,-1.64687683933475,0.962596552229557,-0.0944740511712217,"Converged",FALSE,0.95,0.05
613,-2.24124304767405,3.79963784676518,-0.162649908914173,"Converged",FALSE,0.95,0.05
614,-2.71970099047201,3.37611741628235,-0.0479556808037166,"Converged",TRUE,0.95,0.05
615,-1.81809446074875,1.07512290360306,-0.050202202317455,"Converged",FALSE,0.95,0.05
616,-1.54301312407175,-0.0114935336813524,-0.0439455832009491,"Converged",FALSE,0.95,0.05
617,-1.62685547272458,1.37171324820241,-0.121994126890161,"Converged",FALSE,0.95,0.05
618,-1.41370248870287,-0.105181384668552,-0.0695212343717512,"Converged",FALSE,0.95,0.05
619,-1.21074350653954,0.709462635826544,-0.172363739783896,"Converged",FALSE,0.95,0.05
620,-1.84882952586912,1.88010113548218,-0.0999535885288171,"Converged",FALSE,0.95,0.05
621,-1.75505327873824,1.67621796212738,-0.0614952978182627,"Converged",TRUE,0.95,0.05
622,-1.07289722977404,-0.121941874482259,-0.12515658652021,"Converged",FALSE,0.95,0.05
623,-1.80082609507797,2.05068614177347,-0.102926393195122,"Converged",FALSE,0.95,0.05
624,-2.2853190650646,2.11908609907562,-0.0314412591969114,"Converged",FALSE,0.95,0.05
625,-2.06109630113147,2.35959507577796,-0.109732801904333,"Converged",FALSE,0.95,0.05
626,-1.75326872456853,1.33517820131335,-0.0706520407114393,"Converged",FALSE,0.95,0.05
627,-1.97170492640383,1.65965870029512,-0.108932849429674,"Converged",FALSE,0.95,0.05
628,-1.50141653275887,1.4296743392273,-0.152638836949715,"Converged",FALSE,0.95,0.05
629,-1.33109794644068,0.164003228425985,-0.153155638650798,"Converged",FALSE,0.95,0.05
630,-2.04898109717717,2.51011635228666,-0.102454164184459,"Converged",TRUE,0.95,0.05
631,-2.09129805486471,2.27695479232041,-0.0750041432013037,"Converged",FALSE,0.95,0.05
632,-1.80764737392846,1.55116351865739,-0.0940746060036081,"Converged",FALSE,0.95,0.05
633,-2.05715669687514,2.11179705240102,-0.110528146415734,"Converged",FALSE,0.95,0.05
634,-1.34124355352363,0.598380676533834,-0.14352677416036,"Converged",TRUE,0.95,0.05
635,-1.80883019872863,1.60866558349633,-0.14049308729492,"Converged",FALSE,0.95,0.05
636,-1.80463473654262,2.23795388416406,-0.171030996619084,"Converged",FALSE,0.95,0.05
637,-1.84242651616334,1.14913690141025,-0.0684339245759431,"Converged",FALSE,0.95,0.05
638,-2.0934177038665,2.25366011879446,-0.100246038969064,"Converged",TRUE,0.95,0.05
639,-1.9899184120523,2.03805184122509,-0.111892236886043,"Converged",FALSE,0.95,0.05
640,-1.53627040844945,1.91309668607645,-0.179148015486545,"Converged",FALSE,0.95,0.05
641,-1.45428470775101,0.450018442670393,-0.0895747412278217,"Converged",FALSE,0.95,0.05
642,-1.60914820274299,0.0766035656862994,-0.0491755707109305,"Converged",FALSE,0.95,0.05
643,-2.22303182872517,2.6479573923388,-0.107109751841046,"Converged",TRUE,0.95,0.05
644,-1.44891003741527,0.46758997101235,-0.119979464672478,"Converged",TRUE,0.95,0.05
645,-2.14053604199225,2.3523829780922,-0.108290973356896,"Converged",TRUE,0.95,0.05
646,-1.48218160211169,0.378278963373274,-0.082384926216536,"Converged",FALSE,0.95,0.05
647,-1.76830429053891,1.67954670772468,-0.135016064739734,"Converged",FALSE,0.95,0.05
648,-1.10862195816524,1.18479802463879,-0.231623432910735,"Converged",FALSE,0.95,0.05
649,-2.09827565301073,1.52802494980035,-0.0480097699055222,"Converged",FALSE,0.95,0.05
650,-1.62692741722617,1.46720346873455,-0.102272933288695,"Converged",TRUE,0.95,0.05
651,-1.56751317398755,2.44214850841976,-0.193837807140415,"Converged",FALSE,0.95,0.05
652,-1.63615052387895,1.1155508139807,-0.112299366631522,"Converged",FALSE,0.95,0.05
653,-1.72294332156868,0.729582763735312,-0.0865225817448673,"Converged",FALSE,0.95,0.05
654,-1.51738055406741,0.464870451807662,-0.0859125502939976,"Converged",FALSE,0.95,0.05
655,-1.49634933619111,1.63719289066378,-0.177936575768387,"Converged",TRUE,0.95,0.05
656,-1.91185780881047,0.806783216368833,-0.0247040988100008,"Converged",TRUE,0.95,0.05
657,-2.12493735118009,1.97461288062284,-0.0558616519656252,"Converged",TRUE,0.95,0.05
658,-2.29244456238733,3.33536226676631,-0.130439367282183,"Converged",FALSE,0.95,0.05
659,-1.59962959186213,1.34267019419876,-0.127602450339926,"Converged",TRUE,0.95,0.05
660,-2.40053776832535,2.52247974990543,-0.0678580065998892,"Converged",FALSE,0.95,0.05
661,-1.54522919785465,0.766910027286753,-0.12218367617677,"Converged",FALSE,0.95,0.05
662,-1.93041260283643,2.17821162707103,-0.13935582310529,"Converged",TRUE,0.95,0.05
663,-1.79123542624363,2.06983324420491,-0.16750471577143,"Converged",FALSE,0.95,0.05
664,-1.9529499977713,2.88415723197069,-0.172572704002815,"Converged",FALSE,0.95,0.05
665,-1.37697101609207,1.13491930836366,-0.122553375090155,"Converged",FALSE,0.95,0.05
666,-1.82870089901911,1.85485779208612,-0.112049799391001,"Converged",FALSE,0.95,0.05
667,-1.93416484214892,1.33102137155346,-0.0547378727228693,"Converged",FALSE,0.95,0.05
668,-1.88221503947147,2.20992027765646,-0.114472648416268,"Converged",FALSE,0.95,0.05
669,-1.64715835060646,1.08646373410052,-0.149511845790911,"Converged",FALSE,0.95,0.05
670,-2.77106335806268,2.35906342809647,0.0235449860107945,"Converged",FALSE,0.95,0.05
671,-2.65611539444832,2.35520380335768,-0.00994051934347289,"Converged",FALSE,0.95,0.05
672,-1.80272024261354,1.35545102642509,-0.116726398402029,"Converged",FALSE,0.95,0.05
673,-1.28111018450948,0.846076134127459,-0.17848014288058,"Converged",FALSE,0.95,0.05
674,-2.33677818660795,2.33477216284929,-0.0590472081608041,"Converged",FALSE,0.95,0.05
675,-2.63268143316646,4.22863815551313,-0.105885128986452,"Converged",TRUE,0.95,0.05
676,-1.83562484494577,1.89719024530087,-0.0877327046292065,"Converged",FALSE,0.95,0.05
677,-1.9388939293874,1.20058841419421,-0.0587493354984522,"Converged",FALSE,0.95,0.05
678,-1.42022336231718,0.659220986178286,-0.137549835482899,"Converged",TRUE,0.95,0.05
679,-1.96596523062553,2.89877830896572,-0.167331537993978,"Converged",FALSE,0.95,0.05
680,-1.71827402069944,0.613816675781149,-0.0692554345021404,"Converged",FALSE,0.95,0.05
681,-2.09484529607086,3.13490539797545,-0.160920336183706,"Converged",FALSE,0.95,0.05
682,-2.01542862765303,1.45136184541482,-0.0465106871142676,"Converged",TRUE,0.95,0.05
683,-2.31126041929027,1.92242821148297,-0.0368368839741385,"Converged",FALSE,0.95,0.05
684,-2.14720731513888,2.78383143459311,-0.120701534491346,"Converged",FALSE,0.95,0.05
685,-1.71336496755385,0.968745087155029,-0.105146659151956,"Converged",FALSE,0.95,0.05
686,-2.21848013126472,1.94335613792344,-0.0346861051512251,"Converged",FALSE,0.95,0.05
687,-2.0948752011435,2.6961660063941,-0.106600187366809,"Converged",FALSE,0.95,0.05
688,-1.92359920105514,1.82309897668803,-0.123383286572633,"Converged",FALSE,0.95,0.05
689,-1.76617713396608,1.68927883282164,-0.121175620795772,"Converged",FALSE,0.95,0.05
690,-0.973464751187089,-0.460508895681453,-0.135754255039191,"Converged",TRUE,0.95,0.05
691,-1.49658309056597,0.61859562328435,-0.124959322396463,"Converged",FALSE,0.95,0.05
692,-1.700175198706,1.17906382904867,-0.0821736078839632,"Converged",FALSE,0.95,0.05
693,-1.81082301634041,1.46928185211223,-0.11231316388599,"Converged",FALSE,0.95,0.05
694,-1.45454202128512,1.27453910751118,-0.181052296451105,"Converged",FALSE,0.95,0.05
695,-1.96814957736605,0.735560888979687,-0.0318771652889408,"Converged",FALSE,0.95,0.05
696,-2.07920733604383,1.77496529933435,-0.119195065554229,"Converged",FALSE,0.95,0.05
697,-1.02746382308584,0.635756413789451,-0.17035352451027,"Converged",FALSE,0.95,0.05
698,-1.62430574330087,1.51209928493065,-0.142302368209496,"Converged",TRUE,0.95,0.05
699,-2.18744409213438,1.76880289283421,-0.0325078377073538,"Converged",FALSE,0.95,0.05
700,-1.82447287594104,0.991910136770234,-0.0816414271712041,"Converged",FALSE,0.95,0.05
701,-1.85377855748173,1.77111630053033,-0.125881342572048,"Converged",FALSE,0.95,0.05
702,-1.68502825078144,1.13757052830201,-0.108980503234422,"Converged",FALSE,0.95,0.05
703,-1.42272593484931,0.34956483195751,-0.0938581068736671,"Converged",TRUE,0.95,0.05
704,-1.55017431901177,1.02770668039081,-0.109921345600908,"Converged",TRUE,0.95,0.05
705,-1.65119790586574,0.847371840546007,-0.0998779983542709,"Converged",FALSE,0.95,0.05
706,-2.16647162176857,2.55050379288507,-0.114223286255653,"Converged",TRUE,0.95,0.05
707,-1.34446448755458,0.383381346244707,-0.116084874071811,"Converged",FALSE,0.95,0.05
708,-1.68034593964627,1.13324543220799,-0.0847042428099685,"Converged",FALSE,0.95,0.05
709,-2.13347383217011,2.4070618260426,-0.11439293788801,"Converged",FALSE,0.95,0.05
710,-1.55103408390074,1.96342693474337,-0.1918653931117,"Converged",FALSE,0.95,0.05
711,-1.48149071397785,0.854855233318421,-0.137273471763405,"Converged",TRUE,0.95,0.05
712,-2.31677164221923,1.17870469012575,0.0236196495672271,"Converged",TRUE,0.95,0.05
713,-1.98715242524085,1.51375355149587,-0.0752954412763891,"Converged",TRUE,0.95,0.05
714,-2.30302876015986,3.14269865777225,-0.0679992930897053,"Converged",FALSE,0.95,0.05
715,-1.3093060181954,-0.597638567903487,-0.0678410895935498,"Converged",FALSE,0.95,0.05
716,-1.10592139072843,-0.118491282720551,-0.155782935969564,"Converged",FALSE,0.95,0.05
717,-1.78799026126584,1.51088069125472,-0.106292294535574,"Converged",FALSE,0.95,0.05
718,-1.75081752865929,2.09165808624323,-0.135721625265259,"Converged",FALSE,0.95,0.05
719,-2.0482211244821,1.81570209495068,-0.0372207942794578,"Converged",FALSE,0.95,0.05
720,-1.07730031517358,-0.447797045421415,-0.154787997550334,"Converged",FALSE,0.95,0.05
721,-2.67090797917185,2.83892634447069,0.00614431119103907,"Converged",TRUE,0.95,0.05
722,-1.31469287045721,0.612305529367598,-0.125832542208821,"Converged",FALSE,0.95,0.05
723,-2.40340940564736,2.33232289686844,-0.050513643333263,"Converged",FALSE,0.95,0.05
724,-2.38783603729402,2.78192851188015,-0.0796365722355214,"Converged",FALSE,0.95,0.05
725,-1.79812474629731,1.0655331200628,-0.12203846584606,"Converged",TRUE,0.95,0.05
726,-2.17780574932346,2.60463938597285,-0.103802320544914,"Converged",FALSE,0.95,0.05
727,-1.58355961320161,1.30213207623451,-0.152645462071063,"Converged",TRUE,0.95,0.05
728,-1.78229237156884,1.54062767543963,-0.112213944559025,"Converged",FALSE,0.95,0.05
729,-1.82019130881494,1.234885952069,-0.0732811354741092,"Converged",FALSE,0.95,0.05
730,-2.19437080881347,3.0834489171468,-0.121261988269227,"Converged",FALSE,0.95,0.05
731,-1.38270700606371,0.516233810368105,-0.144460647097401,"Converged",FALSE,0.95,0.05
732,-1.65836353825272,0.677698719398923,-0.0903730401486288,"Converged",FALSE,0.95,0.05
733,-1.75716545264562,1.03063812277942,-0.0920170119563807,"Converged",FALSE,0.95,0.05
734,-2.13708210641447,2.20065854936375,-0.0896744941890949,"Converged",FALSE,0.95,0.05
735,-1.59152080084553,1.41315470468285,-0.11966621422018,"Converged",FALSE,0.95,0.05
736,-2.35161728448821,3.30522117314929,-0.137061201074527,"Converged",FALSE,0.95,0.05
737,-1.17183169594467,-0.0708528437227193,-0.125470864744508,"Converged",FALSE,0.95,0.05
738,-1.5593267165396,1.28985490326109,-0.175035217097811,"Converged",FALSE,0.95,0.05
739,-2.30779863068671,1.61549488120568,-0.0512675569949855,"Converged",FALSE,0.95,0.05
740,NA,NA,NA,"MAX_ITER reached",FALSE,0.95,0.05
741,-2.08730048512047,0.92614323254437,0.00675026590492889,"Converged",FALSE,0.95,0.05
742,-1.80161011849184,1.81180869627164,-0.0931434407106745,"Converged",FALSE,0.95,0.05
743,-1.48587388102581,0.407752471468507,-0.119441644482199,"Converged",FALSE,0.95,0.05
744,-1.89201063709541,2.42629306841323,-0.163264226193899,"Converged",FALSE,0.95,0.05
745,-1.93942652957236,2.51180965202824,-0.152578363477514,"Converged",FALSE,0.95,0.05
746,-2.06441594456944,2.0230454120662,-0.102815953998175,"Converged",TRUE,0.95,0.05
747,-1.78074318358179,2.32540165348523,-0.164515875102168,"Converged",TRUE,0.95,0.05
748,-1.21938724929143,-0.0241012405378055,-0.118281477040345,"Converged",FALSE,0.95,0.05
749,-2.39202196726803,3.26346453086087,-0.103836826846861,"Converged",FALSE,0.95,0.05
750,-1.24426203401987,0.0286024593381666,-0.146295467063644,"Converged",FALSE,0.95,0.05
751,-2.06691900219289,2.04545698193698,-0.0785376802392276,"Converged",FALSE,0.95,0.05
752,-2.31318293123692,2.46819336860895,-0.0753111792949901,"Converged",FALSE,0.95,0.05
753,-2.12860584575455,2.55366087594758,-0.113675181773208,"Converged",TRUE,0.95,0.05
754,-1.86828357192095,1.75595246132427,-0.10330917787224,"Converged",FALSE,0.95,0.05
755,-0.984877499850134,-0.820000858616886,-0.120592332761732,"Converged",FALSE,0.95,0.05
756,-2.05526286322195,1.78203316015906,-0.0663484739867589,"Converged",FALSE,0.95,0.05
757,-1.72123534988611,1.56493159659941,-0.109222392700003,"Converged",FALSE,0.95,0.05
758,-1.64477396812958,1.83954299245468,-0.107629053402664,"Converged",FALSE,0.95,0.05
759,-1.46753353126706,0.114819244134373,-0.0603162988612877,"Converged",TRUE,0.95,0.05
760,-1.80793376151356,1.06790294599448,-0.0540910159859281,"Converged",FALSE,0.95,0.05
761,NA,NA,NA,"MAX_ITER reached",FALSE,0.95,0.05
762,-1.97783856157414,2.32586784717088,-0.137613194558177,"Converged",FALSE,0.95,0.05
763,-1.4666886352898,0.834759994662708,-0.0821837675373059,"Converged",FALSE,0.95,0.05
764,-2.13982402378772,1.96937313380773,-0.0525766383974098,"Converged",FALSE,0.95,0.05
765,-2.39865905794196,2.53644148832547,-0.0364710453753068,"Converged",FALSE,0.95,0.05
766,-1.95938765325244,1.35332516829879,-0.0340346398278211,"Converged",FALSE,0.95,0.05
767,-2.27120071165821,1.60714038789017,-0.0338477395989061,"Converged",FALSE,0.95,0.05
768,-1.95284672938285,1.89154315781528,-0.0761494404394827,"Converged",FALSE,0.95,0.05
769,-1.61082131968434,1.52208004766297,-0.16199554624598,"Converged",FALSE,0.95,0.05
770,-1.88039691401413,0.909441842113325,-0.0575344462625298,"Converged",FALSE,0.95,0.05
771,-2.33986348340697,2.74802705502478,-0.0790425137652389,"Converged",FALSE,0.95,0.05
772,-1.7066054737566,1.63720984394601,-0.123611442021485,"Converged",FALSE,0.95,0.05
773,-1.95458669369675,1.33965980982115,-0.0678194548363816,"Converged",FALSE,0.95,0.05
774,-1.52546693734468,0.958329045838455,-0.127087704700292,"Converged",FALSE,0.95,0.05
775,-1.55674295199322,0.34529280523226,-0.0835362660770866,"Converged",FALSE,0.95,0.05
776,-1.71169491941608,0.985098886696066,-0.0848078688668024,"Converged",FALSE,0.95,0.05
777,-2.05909748353251,1.80465315021992,-0.0627616230237989,"Converged",FALSE,0.95,0.05
778,-1.62025347364341,0.793049445717991,-0.136071934355149,"Converged",FALSE,0.95,0.05
779,-2.00028947507634,2.69623249903077,-0.157527920594241,"Converged",FALSE,0.95,0.05
780,-2.14625265453811,2.35532028228496,-0.0927746003587687,"Converged",TRUE,0.95,0.05
781,-2.86382794491121,4.13299258747779,-0.0825333698255866,"Converged",FALSE,0.95,0.05
782,-1.91362141931724,3.26693456584961,-0.192502408693519,"Converged",TRUE,0.95,0.05
783,-2.73992757920895,3.04701192589438,-0.00740419566605306,"Converged",FALSE,0.95,0.05
784,-1.69886425934758,1.6169124747335,-0.112784175583795,"Converged",FALSE,0.95,0.05
785,-1.71741599730958,1.23891287315463,-0.069422801727168,"Converged",FALSE,0.95,0.05
786,-2.36000528591114,2.65203018627543,-0.0820045401348755,"Converged",FALSE,0.95,0.05
787,-1.69093096090565,0.757534230784887,-0.0643726627495616,"Converged",TRUE,0.95,0.05
788,-2.25349521109939,1.91785575031234,-0.0526723693917749,"Converged",TRUE,0.95,0.05
789,-1.84509483551125,2.74810646357891,-0.135647255013091,"Converged",FALSE,0.95,0.05
790,-2.06513417496772,2.39325133866213,-0.101487233592872,"Converged",FALSE,0.95,0.05
791,-1.78653080919035,0.981097412792826,-0.0373897199339847,"Converged",FALSE,0.95,0.05
792,-2.33827212568257,2.69063616842535,-0.0638170615452275,"Converged",FALSE,0.95,0.05
793,-1.95420460206371,2.00019234060844,-0.058831900819446,"Converged",FALSE,0.95,0.05
794,-1.92979260795253,2.08722169083247,-0.0988671962205027,"Converged",FALSE,0.95,0.05
795,-1.16150584610819,-0.0950851088578228,-0.128272687473184,"Converged",FALSE,0.95,0.05
796,-2.27161382441893,2.48886685950489,-0.0384701386726644,"Converged",FALSE,0.95,0.05
797,-1.60605769422399,0.837281928191759,-0.077281458228389,"Converged",TRUE,0.95,0.05
798,-1.66947547786321,1.37086686661572,-0.122956080365717,"Converged",TRUE,0.95,0.05
799,-1.54238402409538,0.93425313961046,-0.143545062086882,"Converged",TRUE,0.95,0.05
800,-1.66836142571528,1.86486898296556,-0.165284699924656,"Converged",FALSE,0.95,0.05
801,-1.50999675448354,1.24822267760217,-0.143202772269265,"Converged",FALSE,0.95,0.05
802,-2.13689981174719,1.77663078356165,-0.0451098784133877,"Converged",FALSE,0.95,0.05
803,-2.29172123975602,2.409370425111,-0.061123988621492,"Converged",FALSE,0.95,0.05
804,-1.76880991590622,0.589185757905155,-0.0343682751869522,"Converged",FALSE,0.95,0.05
805,-2.63726448101621,3.4264521649482,-0.0501112618764298,"Converged",FALSE,0.95,0.05
806,-1.68114544836929,1.08924909239176,-0.10017446892339,"Converged",FALSE,0.95,0.05
807,-1.94326514951154,1.30499822408645,-0.0502405979847258,"Converged",FALSE,0.95,0.05
808,-0.92646707855738,-0.193489095445772,-0.194126293131937,"Converged",FALSE,0.95,0.05
809,-1.54033122987417,2.08441855449542,-0.240737970970789,"Converged",FALSE,0.95,0.05
810,-1.52550959329641,-0.064812068544401,-0.0386383676008619,"Converged",TRUE,0.95,0.05
811,-2.46169984690526,2.67648308679529,-0.0422078097870202,"Converged",FALSE,0.95,0.05
812,-1.98622746055461,1.29660018935623,-0.0599543087764822,"Converged",FALSE,0.95,0.05
813,-2.62175724361716,3.03781541321556,-0.0327404369822335,"Converged",FALSE,0.95,0.05
814,-1.90553939102589,2.29194826542048,-0.108457397796704,"Converged",FALSE,0.95,0.05
815,-2.39055426766977,3.73112000599125,-0.181684246928626,"Converged",FALSE,0.95,0.05
816,-2.01574764230431,2.19925496757293,-0.0897691169846086,"Converged",FALSE,0.95,0.05
817,-1.40935021656141,0.206901112316664,-0.11599128904796,"Converged",FALSE,0.95,0.05
818,-1.81074583204506,1.61108719850851,-0.13956596880478,"Converged",TRUE,0.95,0.05
819,-1.04084382161241,-0.197470488967205,-0.142627602350352,"Converged",FALSE,0.95,0.05
820,-2.41670402718496,2.37981471660706,-0.0390638788168817,"Converged",FALSE,0.95,0.05
821,-1.74197854146813,1.51311140225089,-0.12116926765781,"Converged",FALSE,0.95,0.05
822,-1.69639445238893,1.19402653082327,-0.120862132568889,"Converged",TRUE,0.95,0.05
823,NA,NA,NA,"MAX_ITER reached",FALSE,0.95,0.05
824,-1.92867374633051,1.92128594116318,-0.121067818670843,"Converged",FALSE,0.95,0.05
825,-2.12891679957866,2.97012583974952,-0.131141427962333,"Converged",TRUE,0.95,0.05
826,-1.86652480449574,2.11007862436322,-0.142501439788583,"Converged",FALSE,0.95,0.05
827,-1.06892934134454,-0.568024741233711,-0.107722182336303,"Converged",FALSE,0.95,0.05
828,-2.24973859169787,2.68798751707425,-0.0937254084457682,"Converged",TRUE,0.95,0.05
829,-1.5148012840819,0.248825708456768,-0.0888181922265745,"Converged",FALSE,0.95,0.05
830,-2.01849049931956,2.0680135621294,-0.129061805210749,"Converged",FALSE,0.95,0.05
831,-1.82491771373389,1.53858511438246,-0.097029064606671,"Converged",FALSE,0.95,0.05
832,-1.84447083642295,2.65990031853172,-0.150530946007093,"Converged",TRUE,0.95,0.05
833,-1.92027715086163,1.99684611073758,-0.11910625839315,"Converged",FALSE,0.95,0.05
834,-2.12884608975185,1.32166412700958,-0.0486887145315348,"Converged",TRUE,0.95,0.05
835,-1.3689930024284,1.3575840206069,-0.185962988882928,"Converged",FALSE,0.95,0.05
836,-1.70060664142155,1.78497726469543,-0.150119756934925,"Converged",FALSE,0.95,0.05
837,-1.30119562991397,1.33234560724387,-0.21776003220733,"Converged",TRUE,0.95,0.05
838,-1.85542666760405,1.51293257242537,-0.0824136695367502,"Converged",FALSE,0.95,0.05
839,-1.6293664182053,1.27775160164101,-0.115784147868365,"Converged",FALSE,0.95,0.05
840,-1.45927211054005,0.759688412146169,-0.127178679811379,"Converged",FALSE,0.95,0.05
841,-1.59716973703989,0.713733920213157,-0.0865488620347306,"Converged",FALSE,0.95,0.05
842,-1.83232088419764,2.04823856169705,-0.124814958763557,"Converged",FALSE,0.95,0.05
843,-1.76885253039628,1.40328678316378,-0.0883531381642944,"Converged",FALSE,0.95,0.05
844,-1.73572001070422,1.37489272886938,-0.0755818486842746,"Converged",TRUE,0.95,0.05
845,-1.57587561307598,0.342588756419154,-0.0649409788598569,"Converged",FALSE,0.95,0.05
846,-1.67196531153894,0.589446024875417,-0.0639110639264329,"Converged",FALSE,0.95,0.05
847,-1.85832631144355,1.94274078077051,-0.14061857542591,"Converged",FALSE,0.95,0.05
848,-1.53853542599226,0.767063084506664,-0.057686063702095,"Converged",TRUE,0.95,0.05
849,-0.984392704595861,-0.00460164171023829,-0.175950385373665,"Converged",FALSE,0.95,0.05
850,-1.96712230036215,1.38155837890443,-0.052457769694407,"Converged",FALSE,0.95,0.05
851,-1.75243997628989,1.63936503310156,-0.111117334772771,"Converged",FALSE,0.95,0.05
852,-1.04659732436925,-0.394830134562987,-0.155103792498452,"Converged",FALSE,0.95,0.05
853,-1.70013308274153,1.79079817918244,-0.133664764928984,"Converged",FALSE,0.95,0.05
854,-2.82618076091447,2.82620189383856,-0.0176105848574244,"Converged",TRUE,0.95,0.05
855,-1.92346819421429,1.54671999599701,-0.0901285538402153,"Converged",FALSE,0.95,0.05
856,-1.65288459931812,1.20645853460804,-0.11755630212947,"Converged",FALSE,0.95,0.05
857,-1.58022094707351,-0.176228016726291,-0.041541566393537,"Converged",FALSE,0.95,0.05
858,-1.91699649612974,2.30466049831537,-0.104685054736986,"Converged",TRUE,0.95,0.05
859,-1.55171590971404,1.04052846264675,-0.154670389273178,"Converged",FALSE,0.95,0.05
860,-1.93831088712161,2.40152504379749,-0.10454697893278,"Converged",FALSE,0.95,0.05
861,-2.04795106747022,2.00883103327879,-0.0959103518559982,"Converged",TRUE,0.95,0.05
862,-3.1081070128125,4.10060659685765,-0.00527280584673999,"Converged",FALSE,0.95,0.05
863,-2.03685531070108,2.35889049503082,-0.0967742830274647,"Converged",FALSE,0.95,0.05
864,-1.69726902287946,0.620060325483469,-0.0562202368721644,"Converged",FALSE,0.95,0.05
865,-1.21985181428402,-0.96437889127591,-0.0523469352080298,"Converged",FALSE,0.95,0.05
866,-2.34902238840584,2.7022895986016,-0.0910449036491724,"Converged",FALSE,0.95,0.05
867,-1.19652706244299,0.817124728473527,-0.168279115765315,"Converged",FALSE,0.95,0.05
868,-1.32738519184938,0.820681542331558,-0.178511385743601,"Converged",TRUE,0.95,0.05
869,-1.4367938885037,1.59511650491609,-0.187512864051311,"Converged",TRUE,0.95,0.05
870,-1.63256345655179,0.51938492067934,-0.0927197324755993,"Converged",FALSE,0.95,0.05
871,-2.14588981800155,2.88649010684887,-0.147178219327597,"Converged",FALSE,0.95,0.05
872,-1.07670996406278,0.29313982879894,-0.139568746845645,"Converged",FALSE,0.95,0.05
873,-1.23107330670912,0.857886491025474,-0.144612128467692,"Converged",FALSE,0.95,0.05
874,-1.75304646604592,1.7393422977793,-0.130959472742178,"Converged",FALSE,0.95,0.05
875,-2.24550456503161,2.7224637814679,-0.110953460574458,"Converged",TRUE,0.95,0.05
876,-1.3588497467513,-0.716701481901997,-0.0507198836977077,"Converged",FALSE,0.95,0.05
877,-1.87117850914659,0.966135100493667,-0.0650115939134411,"Converged",FALSE,0.95,0.05
878,-1.42724909531977,1.44728537670334,-0.176956393937777,"Converged",TRUE,0.95,0.05
879,-1.62440345486238,1.2913883465725,-0.0714016745216021,"Converged",FALSE,0.95,0.05
880,-1.97196698855058,1.92351913433209,-0.101701486721246,"Converged",FALSE,0.95,0.05
881,-2.60049708684069,2.54757223143603,-0.0424530043682315,"Converged",FALSE,0.95,0.05
882,-1.67367673525089,1.95964930877049,-0.17162380248126,"Converged",TRUE,0.95,0.05
883,-1.93999362293938,1.86141702847001,-0.083392297832206,"Converged",FALSE,0.95,0.05
884,-1.7288377495475,0.717274671730759,-0.0225534344762475,"Converged",FALSE,0.95,0.05
885,-1.74288157721384,1.90078089188516,-0.121985860232482,"Converged",FALSE,0.95,0.05
886,-1.49377580156557,1.1682119805308,-0.128863910165849,"Converged",TRUE,0.95,0.05
887,-1.46121049743129,0.922750555530257,-0.138614259545667,"Converged",FALSE,0.95,0.05
888,-1.87875065331317,2.39215979643858,-0.161683916175141,"Converged",FALSE,0.95,0.05
889,-1.38795517598494,0.960195612747274,-0.1228609370745,"Converged",FALSE,0.95,0.05
890,-1.68855530370798,1.58664256601849,-0.105625969441935,"Converged",FALSE,0.95,0.05
891,-2.07143845891722,2.14081597075544,-0.0546215645144696,"Converged",FALSE,0.95,0.05
892,-1.8738376396236,2.14646857821237,-0.113283991465594,"Converged",FALSE,0.95,0.05
893,-1.24438834321888,0.206454895824808,-0.117667329209723,"Converged",FALSE,0.95,0.05
894,-1.35936062196099,1.1851040894855,-0.157040687555595,"Converged",TRUE,0.95,0.05
895,-2.02440285887856,1.54100034534736,-0.0251237048736265,"Converged",TRUE,0.95,0.05
896,-2.26232048628109,2.89436135118461,-0.116254572436045,"Converged",FALSE,0.95,0.05
897,-1.82725913942779,2.08000107989472,-0.11276497081689,"Converged",FALSE,0.95,0.05
898,-0.804175973360034,-3.0403977157849,-0.0481520103613979,"Converged",FALSE,0.95,0.05
899,-1.90134424866838,1.70662426254709,-0.0590978531569459,"Converged",FALSE,0.95,0.05
900,-2.17802642437754,2.10884410764856,-0.110151732520913,"Converged",FALSE,0.95,0.05
901,-1.69839555495704,0.681886609847743,-0.0856433614115484,"Converged",FALSE,0.95,0.05
902,-1.98975825762505,2.53915345196588,-0.123113370610876,"Converged",FALSE,0.95,0.05
903,-2.57957587100411,3.24311743097965,-0.090217601039388,"Converged",FALSE,0.95,0.05
904,-1.71841130275543,1.78664953531885,-0.14591594273547,"Converged",TRUE,0.95,0.05
905,-2.38242735045317,3.09547013577885,-0.115215060225696,"Converged",TRUE,0.95,0.05
906,-1.70215860743083,1.27836306061364,-0.114401730600344,"Converged",FALSE,0.95,0.05
907,-2.1304457055522,2.78735692627137,-0.103539232068785,"Converged",TRUE,0.95,0.05
908,-1.5152831048288,0.727551574380166,-0.112062444800021,"Converged",FALSE,0.95,0.05
909,-1.56388319202581,0.494961160679824,-0.0942515884470501,"Converged",TRUE,0.95,0.05
910,-1.56246547472968,0.832256750511315,-0.13266078195865,"Converged",FALSE,0.95,0.05
911,-2.3857579983718,2.73035245869833,-0.0606529515970965,"Converged",FALSE,0.95,0.05
912,-2.42602328121679,1.53780195889883,0.00496120588082731,"Converged",FALSE,0.95,0.05
913,-2.42581219535309,3.40575457462692,-0.101760267346589,"Converged",FALSE,0.95,0.05
914,-2.3191737880006,2.1803458078945,-0.0589517805167098,"Converged",FALSE,0.95,0.05
915,-2.13552479440655,1.85069060578729,-0.0627169174094951,"Converged",FALSE,0.95,0.05
916,-1.69652050449712,0.966959395306515,-0.0736204847973659,"Converged",FALSE,0.95,0.05
917,-2.23882078342726,2.55979793799615,-0.0720217347810796,"Converged",FALSE,0.95,0.05
918,-1.59029939438541,0.745634101909388,-0.0827966259952709,"Converged",FALSE,0.95,0.05
919,-2.10021271292832,1.6062377915356,-0.0548280019516025,"Converged",FALSE,0.95,0.05
920,-1.86861117251986,1.17311618135015,-0.0746925767488607,"Converged",TRUE,0.95,0.05
921,-1.63716749701938,1.68671914797799,-0.164412571308562,"Converged",TRUE,0.95,0.05
922,-1.76347077111379,2.03142235836899,-0.134112991594914,"Converged",FALSE,0.95,0.05
923,-1.95288934061719,1.83155287272847,-0.115028638286728,"Converged",FALSE,0.95,0.05
924,-2.00751057544471,1.76098146757777,-0.0559426154300894,"Converged",FALSE,0.95,0.05
925,-1.60050613549683,0.753724027775966,-0.110461058419987,"Converged",FALSE,0.95,0.05
926,-2.42492007335588,3.17680802537578,-0.0895117880408153,"Converged",TRUE,0.95,0.05
927,-1.83916269210112,1.85451337410552,-0.121857943252137,"Converged",FALSE,0.95,0.05
928,-1.9328495043558,1.71940661876178,-0.106544457793167,"Converged",FALSE,0.95,0.05
929,-1.84200404210254,2.03479907170441,-0.118170656003962,"Converged",TRUE,0.95,0.05
930,-2.09325259726933,2.36168202279681,-0.0998559425555521,"Converged",TRUE,0.95,0.05
931,-1.76572691174364,1.14348054237329,-0.0787912501558578,"Converged",FALSE,0.95,0.05
932,-1.73739028648557,1.20183006729158,-0.0659533057396429,"Converged",FALSE,0.95,0.05
933,-2.25418480910713,3.04641447925542,-0.116487891653258,"Converged",FALSE,0.95,0.05
934,-2.38304118875284,2.98331460281105,-0.0928631047337111,"Converged",FALSE,0.95,0.05
935,-1.32481586003468,0.131037142411719,-0.123277246830673,"Converged",TRUE,0.95,0.05
936,-1.75325585050694,0.763851511810976,-0.0964482961241003,"Converged",FALSE,0.95,0.05
937,-2.26898995844425,3.99431099668564,-0.222717093667946,"Converged",TRUE,0.95,0.05
938,-2.17181126441231,3.15109557807487,-0.140479260153262,"Converged",FALSE,0.95,0.05
939,-2.02683890729386,2.11422795929386,-0.0987782027940839,"Converged",TRUE,0.95,0.05
940,-1.94504012145606,1.76462022841804,-0.0672356066487525,"Converged",TRUE,0.95,0.05
941,-2.57702423156183,2.97081374797151,-0.0447876324111399,"Converged",TRUE,0.95,0.05
942,-2.57547857685353,3.27754546124628,-0.0341769381709025,"Converged",FALSE,0.95,0.05
943,-1.9031772640396,1.16227523976972,-0.053552678833265,"Converged",FALSE,0.95,0.05
944,-1.48520765214676,1.09730152705102,-0.120690966635897,"Converged",FALSE,0.95,0.05
945,-1.60463063323709,1.22160997895027,-0.0970683682645393,"Converged",FALSE,0.95,0.05
946,-0.924542166727601,-0.765640716839699,-0.152590370063345,"Converged",FALSE,0.95,0.05
947,-1.96864199562458,1.86575633968352,-0.0691230880228349,"Converged",FALSE,0.95,0.05
948,-2.01828442330803,2.36522425248389,-0.108630877781299,"Converged",FALSE,0.95,0.05
949,-1.7575729315547,1.4186899707975,-0.109719086414929,"Converged",FALSE,0.95,0.05
950,-1.19972828961017,0.80747958555833,-0.194435397022466,"Converged",FALSE,0.95,0.05
951,-1.87941360003949,1.77703852451736,-0.129506790399971,"Converged",FALSE,0.95,0.05
952,-1.45571430651805,1.78463663429726,-0.217518704230846,"Converged",TRUE,0.95,0.05
953,-2.12402048412058,1.3135306177906,-0.0645511679233447,"Converged",TRUE,0.95,0.05
954,-2.03965482917996,1.11255746215235,-0.0363607709175291,"Converged",FALSE,0.95,0.05
955,-2.60237380905041,2.36992004322209,0.00530967755573024,"Converged",FALSE,0.95,0.05
956,-1.56568343468523,0.457575704882865,-0.0730711328857304,"Converged",FALSE,0.95,0.05
957,-2.59010175097184,3.26631380950161,-0.0968392907253752,"Converged",FALSE,0.95,0.05
958,-2.38287845480574,3.032700940584,-0.136957064809321,"Converged",FALSE,0.95,0.05
959,-1.69128937713966,1.27347880266628,-0.0938383786305019,"Converged",FALSE,0.95,0.05
960,-1.34915402706292,0.0218459201223053,-0.117828899297077,"Converged",FALSE,0.95,0.05
961,-1.09236417048407,0.836317935230494,-0.189226999360742,"Converged",FALSE,0.95,0.05
962,-2.07972916389115,2.73265588833836,-0.120550578553626,"Converged",TRUE,0.95,0.05
963,-2.32894821498847,2.08315138871786,-0.0591089586511923,"Converged",FALSE,0.95,0.05
964,-1.94501434898319,1.72786059235797,-0.0629212117345722,"Converged",FALSE,0.95,0.05
965,-1.18616267578288,0.192890912129907,-0.150552800673751,"Converged",FALSE,0.95,0.05
966,-1.98109506586701,1.93204986609792,-0.108965634044785,"Converged",FALSE,0.95,0.05
967,-1.85512069158903,1.46248843057358,-0.0888550830718517,"Converged",FALSE,0.95,0.05
968,-1.7154529826744,1.21714903467127,-0.155330673437755,"Converged",FALSE,0.95,0.05
969,-1.54348947607979,1.70999958416208,-0.180007248035485,"Converged",TRUE,0.95,0.05
970,-1.3554001059475,0.700135067612975,-0.185674621096202,"Converged",TRUE,0.95,0.05
971,-2.25019838830438,2.18233805008113,-0.04614763664355,"Converged",FALSE,0.95,0.05
972,-1.69916567324257,1.31428885390126,-0.0752774548504245,"Converged",FALSE,0.95,0.05
973,-1.33085297208459,1.0569895234545,-0.141936902703034,"Converged",FALSE,0.95,0.05
974,-1.52098613569091,1.55997460915528,-0.162008935009413,"Converged",FALSE,0.95,0.05
975,-2.39879257849803,3.70819629830205,-0.134215710911593,"Converged",TRUE,0.95,0.05
976,-2.04538583242183,2.36384132258116,-0.148616043644976,"Converged",FALSE,0.95,0.05
977,-2.35352728579762,2.63071131148174,-0.0690106424726672,"Converged",FALSE,0.95,0.05
978,-1.37864461082833,0.777728505562302,-0.228894005015647,"Converged",FALSE,0.95,0.05
979,-1.73213221696881,1.03898551973097,-0.0676031549149027,"Converged",TRUE,0.95,0.05
980,-1.89380220980686,1.05939889221143,-0.0695340503408227,"Converged",FALSE,0.95,0.05
981,-1.41688510082268,1.04812836534494,-0.158998038414907,"Converged",FALSE,0.95,0.05
982,-2.08165950965966,2.25468980120647,-0.072870488680673,"Converged",FALSE,0.95,0.05
983,-1.88236514737375,2.26161617156224,-0.119044807741149,"Converged",FALSE,0.95,0.05
984,-2.10573591952624,1.56376118847713,-0.0571893567504707,"Converged",FALSE,0.95,0.05
985,-1.60724635818032,1.20171410043441,-0.153769757168048,"Converged",FALSE,0.95,0.05
986,-1.67560411978361,1.19429350456415,-0.0864375401483095,"Converged",FALSE,0.95,0.05
987,-1.5523991085825,1.41836282329155,-0.158303511080838,"Converged",TRUE,0.95,0.05
988,-1.33798738458892,1.08432024756127,-0.168575505831228,"Converged",FALSE,0.95,0.05
989,-1.73005780379934,1.95544396545157,-0.172792388766082,"Converged",FALSE,0.95,0.05
990,-1.89651785622822,1.50085376543383,-0.0708866670279761,"Converged",FALSE,0.95,0.05
991,-2.00893569025122,2.68865707191434,-0.152204920751034,"Converged",FALSE,0.95,0.05
992,-1.84871677363159,2.20583990840925,-0.133545318749512,"Converged",FALSE,0.95,0.05
993,-1.21236638890933,-0.229099599350579,-0.0926065936081733,"Converged",FALSE,0.95,0.05
994,-2.14287458041705,2.36881871454153,-0.0769274579402528,"Converged",FALSE,0.95,0.05
995,-1.90188380074881,2.14240501572776,-0.119478425759744,"Converged",FALSE,0.95,0.05
996,-2.34680923661574,2.57389766492393,-0.0697513626145839,"Converged",TRUE,0.95,0.05
997,-1.86569013177454,1.54861534382041,-0.0692268554238991,"Converged",FALSE,0.95,0.05
998,-1.87288168558887,1.86738754822559,-0.123244247406358,"Converged",FALSE,0.95,0.05
999,-1.87554872724977,1.09438600195294,-0.065930385863797,"Converged",FALSE,0.95,0.05
1000,-1.69794243233748,1.70383073567855,-0.108290856377957,"Converged",TRUE,0.95,0.05
