"sim","resid_beta0","resid_beta1","resid_beta2","resid_conv_msg","resid_data_resampled","tpr","fpr"
1,-1.93306198224297,2.41108314088128,-0.126890075495796,"Converged",NA,0.8,0.2
2,-1.34084339537635,0.5265041995773,-0.144738370843351,"Converged",NA,0.8,0.2
3,-2.11465393655986,2.11422230992723,-0.048486145427243,"Converged",NA,0.8,0.2
4,-1.72535728110663,1.23286339151798,-0.0821736322252746,"Converged",NA,0.8,0.2
5,-2.13572978776368,1.75191444419245,-0.0713156405528538,"Converged",NA,0.8,0.2
6,-2.01230004681743,1.69082575711888,-0.072064063809817,"Converged",NA,0.8,0.2
7,-1.44443718625256,-0.00598692018556185,-0.135951865206422,"Converged",NA,0.8,0.2
8,-1.69864201203214,1.29377628627446,-0.102061555930849,"Converged",NA,0.8,0.2
9,-1.81757546930225,0.258773120082709,-0.0523310953982679,"Converged",NA,0.8,0.2
10,-1.74124848800696,1.76421567218294,-0.128673874355041,"Converged",NA,0.8,0.2
11,-1.47320823141949,1.05190871388407,-0.105668943936912,"Converged",NA,0.8,0.2
12,-3.17764086340745,5.60117294032629,-0.0749807195683036,"Converged",NA,0.8,0.2
13,-2.06154873556158,2.7041564573626,-0.106304138145087,"Converged",NA,0.8,0.2
14,-2.04039877240788,2.37586236828257,-0.101448547918968,"Converged",NA,0.8,0.2
15,-3.11124148241654,4.793320216674,-0.0368133165951559,"Converged",NA,0.8,0.2
16,-2.8193101760321,4.35971190807687,-0.0673639450474973,"Converged",NA,0.8,0.2
17,-1.83618107325943,1.67443720257748,-0.0828815070924856,"Converged",NA,0.8,0.2
18,-2.20933412060213,1.6642953797469,-0.0337336213585532,"Converged",NA,0.8,0.2
19,-2.19664097841387,2.48387611736129,-0.108540383374249,"Converged",NA,0.8,0.2
20,-1.8269218078022,2.42741404429639,-0.136529668441724,"Converged",NA,0.8,0.2
21,-2.04027392167788,2.62389811524485,-0.14390926185362,"Converged",NA,0.8,0.2
22,-2.03724897001801,1.90824622758187,-0.0777568764416045,"Converged",NA,0.8,0.2
23,-1.61887433718449,0.482478664197452,-0.0747168451859384,"Converged",NA,0.8,0.2
24,-1.78370902825166,2.18456443049813,-0.128280021890578,"Converged",NA,0.8,0.2
25,-1.55157356669822,0.46507269937115,-0.101990501813892,"Converged",NA,0.8,0.2
26,-1.7550970671952,1.32983101261814,-0.109677953512056,"Converged",NA,0.8,0.2
27,-1.53749959713402,1.00426485413351,-0.0952103003350186,"Converged",NA,0.8,0.2
28,-2.31604407222009,2.90427235534215,-0.101346882285637,"Converged",NA,0.8,0.2
29,-1.91530297170863,2.48750790234185,-0.108777177568362,"Converged",NA,0.8,0.2
30,-2.6556964055064,3.88889123318485,-0.0876232132504171,"Converged",NA,0.8,0.2
31,-2.3667275245759,2.91598905814432,-0.0744123739652439,"Converged",NA,0.8,0.2
32,-2.08070307607769,2.24366471126193,-0.0939033465255189,"Converged",NA,0.8,0.2
33,-2.1268778276974,2.94341805855469,-0.12854068136057,"Converged",NA,0.8,0.2
34,-1.37686789296298,-0.46812995677729,-0.0582982506193124,"Converged",NA,0.8,0.2
35,-1.74226180649453,1.62238135397829,-0.129243368906478,"Converged",NA,0.8,0.2
36,-0.175435660600563,-3.36374563596972,-0.107351655687028,"Converged",NA,0.8,0.2
37,-1.87800118475095,1.16970448468346,-0.0529996055317002,"Converged",NA,0.8,0.2
38,-2.32350208331642,2.71325617358992,-0.0815384699372432,"Converged",NA,0.8,0.2
39,-1.50831680248399,1.0973459432946,-0.123674339627055,"Converged",NA,0.8,0.2
40,-2.3196020400887,2.98006626607168,-0.109912954855466,"Converged",NA,0.8,0.2
41,-1.6715202716034,1.07743548567211,-0.109327877052739,"Converged",NA,0.8,0.2
42,-2.87755468187852,4.25082082894497,-0.0876837648407107,"Converged",NA,0.8,0.2
43,-1.54194151757311,0.868382076547072,-0.113373152629533,"Converged",NA,0.8,0.2
44,-2.04016030220348,2.35418851311522,-0.148703473602491,"Converged",NA,0.8,0.2
45,-1.6931911746051,0.825901970630587,-0.098970494836087,"Converged",NA,0.8,0.2
46,-1.58868139481212,0.960907294748502,-0.175522705239816,"Converged",NA,0.8,0.2
47,-1.56878460062392,1.23177043133709,-0.106571106743289,"Converged",NA,0.8,0.2
48,-2.07551769458121,3.04836826793165,-0.137446034580419,"Converged",NA,0.8,0.2
49,-2.53785998672396,3.89950530109022,-0.05712637146688,"Converged",NA,0.8,0.2
50,-1.67783232669415,0.954207620978667,-0.101881055638976,"Converged",NA,0.8,0.2
51,-1.52225997181318,1.06315631735425,-0.117213217300103,"Converged",NA,0.8,0.2
52,-1.55893302601355,0.319465917075523,-0.0742371564895104,"Converged",NA,0.8,0.2
53,-1.99333770688951,1.88051550689616,-0.115510702292894,"Converged",NA,0.8,0.2
54,-2.10247812379255,2.85207173442282,-0.152112262757888,"Converged",NA,0.8,0.2
55,-1.26739892956251,-0.13438659367782,-0.0983878504151215,"Converged",NA,0.8,0.2
56,-2.25372396835734,2.08135765350236,-0.0331112308285076,"Converged",NA,0.8,0.2
57,-1.42516986917661,2.06160801487548,-0.248892747029911,"Converged",NA,0.8,0.2
58,-1.56306515649972,1.12334286975809,-0.127240557781779,"Converged",NA,0.8,0.2
59,-1.59318888182816,0.79285149744715,-0.118593519735387,"Converged",NA,0.8,0.2
60,-2.44499650556031,2.79377460473878,-0.0583555151409784,"Converged",NA,0.8,0.2
61,-2.12179724342053,2.32094762719333,-0.100039519463287,"Converged",NA,0.8,0.2
62,-1.36758994946525,-0.305776962650178,-0.0641108393085586,"Converged",NA,0.8,0.2
63,-1.06427821512061,-1.14543110510136,-0.0866481643239992,"Converged",NA,0.8,0.2
64,-2.20492657581706,2.59248063354845,-0.117841660629552,"Converged",NA,0.8,0.2
65,-1.53637632988024,0.490785716861352,-0.0736820693290963,"Converged",NA,0.8,0.2
66,-1.00284412667783,-0.697512145070405,-0.116402383532303,"Converged",NA,0.8,0.2
67,-1.32309332404271,0.578665467860348,-0.108394849007978,"Converged",NA,0.8,0.2
68,-2.04606730962806,2.81263511651647,-0.15221480090811,"Converged",NA,0.8,0.2
69,-2.37285919650985,2.78513181551293,-0.0460148193597072,"Converged",NA,0.8,0.2
70,-1.88597597436933,1.36338857719711,-0.0868206638375868,"Converged",NA,0.8,0.2
71,-2.09934444227063,2.61526489574733,-0.107922987678955,"Converged",NA,0.8,0.2
72,-2.56930951632133,3.67539251324029,-0.109321379096604,"Converged",NA,0.8,0.2
73,-1.48580111764692,0.350935898562787,-0.0898740248543535,"Converged",NA,0.8,0.2
74,-2.69521005507545,3.42906842399284,-0.0714641220399071,"Converged",NA,0.8,0.2
75,-1.84421544774553,2.31718698490703,-0.145037720643789,"Converged",NA,0.8,0.2
76,-1.91759990600686,1.72650094302557,-0.0826503284484394,"Converged",NA,0.8,0.2
77,-2.2176383027475,3.26493297691808,-0.0884343952026691,"Converged",NA,0.8,0.2
78,-1.30814050797564,-0.153784134096093,-0.094714038123454,"Converged",NA,0.8,0.2
79,-1.46636776456183,0.375155016448952,-0.0851413581858413,"Converged",NA,0.8,0.2
80,-1.90452786950517,2.82682868235949,-0.145034738087736,"Converged",NA,0.8,0.2
81,-1.27300169335089,0.171722003931488,-0.112882239463695,"Converged",NA,0.8,0.2
82,-1.33904978604068,0.935624363079031,-0.135032781891509,"Converged",NA,0.8,0.2
83,-2.12889742431676,2.54086480471981,-0.0967523526871569,"Converged",NA,0.8,0.2
84,-1.84197660411765,0.461915869744663,-0.0560946266693906,"Converged",NA,0.8,0.2
85,-1.1847648499006,0.369519332741053,-0.136722060992303,"Converged",NA,0.8,0.2
86,-1.68368287122567,1.50874928210213,-0.118777922305466,"Converged",NA,0.8,0.2
87,-2.12453521511494,2.39870760988912,-0.0908762641801511,"Converged",NA,0.8,0.2
88,-1.18082483471405,-0.560302743054861,-0.082457063763036,"Converged",NA,0.8,0.2
89,-2.40416939227081,2.91371011805014,-0.0669020515875713,"Converged",NA,0.8,0.2
90,-1.86364043198185,3.24490803649429,-0.227967699180877,"Converged",NA,0.8,0.2
91,-1.46816600566219,0.624403134199089,-0.0852131518265575,"Converged",NA,0.8,0.2
92,-3.24793331835176,4.63998492913601,-0.0852535353744616,"Converged",NA,0.8,0.2
93,-2.27583625777109,3.12804440519374,-0.101201083438797,"Converged",NA,0.8,0.2
94,-1.89533981177279,1.87586564101312,-0.100884395550734,"Converged",NA,0.8,0.2
95,-1.84218634859894,2.00041966569387,-0.109736273532365,"Converged",NA,0.8,0.2
96,-1.82164195735791,1.79269836265823,-0.0842428359279601,"Converged",NA,0.8,0.2
97,-3.27979324303181,4.81383123745537,-0.034100587196752,"Converged",NA,0.8,0.2
98,-1.73793140709781,0.307257568291452,-0.0746910815805684,"Converged",NA,0.8,0.2
99,-0.990667523775928,-1.09717982074147,-0.103544198846715,"Converged",NA,0.8,0.2
100,-1.28478964466132,0.667750982280979,-0.142816045895208,"Converged",NA,0.8,0.2
101,-2.31293030963043,2.69254121397721,-0.110058405571573,"Converged",NA,0.8,0.2
102,-2.64965000584762,4.4052594282341,-0.087538315040656,"Converged",NA,0.8,0.2
103,-1.75866493200746,2.08834041442793,-0.151230285646224,"Converged",NA,0.8,0.2
104,-1.68321249819556,2.26721447111187,-0.196892041775362,"Converged",NA,0.8,0.2
105,-2.97365996099525,3.5480932974141,-0.0147801850213249,"Converged",NA,0.8,0.2
106,-2.10299426318353,1.40352889425439,-0.0487976856648777,"Converged",NA,0.8,0.2
107,-2.0438286124569,2.21810539446618,-0.112683022326514,"Converged",NA,0.8,0.2
108,-1.80501301087517,1.45488976360491,-0.125263813451693,"Converged",NA,0.8,0.2
109,-1.64233842906264,1.32176033434181,-0.112724684706577,"Converged",NA,0.8,0.2
110,-1.26334285216775,0.461197802217799,-0.156731357825779,"Converged",NA,0.8,0.2
111,-1.2906367446509,0.178144612323829,-0.11410809962449,"Converged",NA,0.8,0.2
112,-1.88775597424137,1.45813308484019,-0.0881796525833248,"Converged",NA,0.8,0.2
113,-2.63397007396141,4.30855769943639,-0.117025849640697,"Converged",NA,0.8,0.2
114,-2.03770970914657,2.54283236001897,-0.143145970179877,"Converged",NA,0.8,0.2
115,-1.83459573209107,1.95583361079297,-0.113721394460142,"Converged",NA,0.8,0.2
116,-0.805438752930388,-1.00204179796812,-0.143875347932456,"Converged",NA,0.8,0.2
117,-2.49600988386962,2.92911201448589,-0.0785870693036145,"Converged",NA,0.8,0.2
118,-2.46792983439554,2.8627383477337,-0.072745408211606,"Converged",NA,0.8,0.2
119,-0.991446236868608,0.00340770462537612,-0.15276774555908,"Converged",NA,0.8,0.2
120,-2.0665848889275,3.69154295785063,-0.172860968927083,"Converged",NA,0.8,0.2
121,-0.301630634197736,-1.89483000237013,-0.167903432900985,"Converged",NA,0.8,0.2
122,-2.03608316841056,1.67564934987552,-0.0409112201636434,"Converged",NA,0.8,0.2
123,-2.33176710773925,1.11725166838844,0.0361293185518915,"Converged",NA,0.8,0.2
124,-1.2743780586992,0.330170928738339,-0.150789029173742,"Converged",NA,0.8,0.2
125,-2.52142644694771,3.33011567870117,-0.077876764203087,"Converged",NA,0.8,0.2
126,-1.63248441232236,2.02682921409516,-0.179352918253155,"Converged",NA,0.8,0.2
127,-1.65158922228233,1.72543685524482,-0.131419302209576,"Converged",NA,0.8,0.2
128,-2.57206248237856,4.09047187045766,-0.1133456166081,"Converged",NA,0.8,0.2
129,-3.17315629820817,5.26359752265908,-0.106856023926222,"Converged",NA,0.8,0.2
130,-2.06879352902688,2.41810240329085,-0.10547574134018,"Converged",NA,0.8,0.2
131,-1.10445639561835,0.203188417558504,-0.131850892444155,"Converged",NA,0.8,0.2
132,-2.11010720603377,2.30193124926888,-0.0889033542862187,"Converged",NA,0.8,0.2
133,-2.05841419019479,2.01843551738762,-0.101604063284625,"Converged",NA,0.8,0.2
134,-1.92981961542659,1.45355192655206,-0.083810989453196,"Converged",NA,0.8,0.2
135,-2.22021400815648,2.93254761968892,-0.121084242430649,"Converged",NA,0.8,0.2
136,-1.06815955492203,-1.44957241525651,-0.0648057172926165,"Converged",NA,0.8,0.2
137,-1.15761330298966,0.594648108695769,-0.182696264904756,"Converged",NA,0.8,0.2
138,-2.03123711665782,2.54984229786666,-0.125334243024489,"Converged",NA,0.8,0.2
139,-1.4714866868247,-0.888405870464124,-0.0166209498350183,"Converged",NA,0.8,0.2
140,-2.34950804057915,3.46268664899107,-0.0941029894086381,"Converged",NA,0.8,0.2
141,-2.54508449369535,4.32061444297994,-0.107047323433207,"Converged",NA,0.8,0.2
142,-2.112287672342,1.74522821905116,-0.0630625557742093,"Converged",NA,0.8,0.2
143,-1.67869437509525,0.735585273676037,-0.0617577027690279,"Converged",NA,0.8,0.2
144,-2.81348334796562,4.75706587560555,-0.119594047665109,"Converged",NA,0.8,0.2
145,-0.993672404949632,-0.486346390510139,-0.139964411467554,"Converged",NA,0.8,0.2
146,-2.04737913689523,2.52269556418814,-0.123180699898774,"Converged",NA,0.8,0.2
147,-2.05415055129052,2.27067983772707,-0.120152032042996,"Converged",NA,0.8,0.2
148,-1.41653065769066,-0.575099370861988,-0.0533915967582759,"Converged",NA,0.8,0.2
149,-1.3367209623305,-0.0489583209049233,-0.0851623175290778,"Converged",NA,0.8,0.2
150,-1.84243060304348,2.15904348293654,-0.100344867435121,"Converged",NA,0.8,0.2
151,-1.94641867066979,1.98808769150839,-0.0878083195048812,"Converged",NA,0.8,0.2
152,-2.3142117954517,2.77498028802338,-0.101126235445222,"Converged",NA,0.8,0.2
153,-2.7647403885835,4.72282886742146,-0.136553763069171,"Converged",NA,0.8,0.2
154,-2.43741391691081,2.27083983415396,-0.0106233153829982,"Converged",NA,0.8,0.2
155,-1.56862233787547,-0.033092050946152,-0.0472184875791123,"Converged",NA,0.8,0.2
156,-1.0175680678149,-0.131953951056689,-0.127155074597955,"Converged",NA,0.8,0.2
157,-1.99122572754305,1.99905030222831,-0.119374171635756,"Converged",NA,0.8,0.2
158,-1.67063889325316,0.965686919292056,-0.103733771939145,"Converged",NA,0.8,0.2
159,-2.09377636794676,2.37823765842561,-0.12667127333042,"Converged",NA,0.8,0.2
160,-1.96629275617389,1.48119301883484,-0.103542307323972,"Converged",NA,0.8,0.2
161,-1.0660727889489,-0.864552597101069,-0.105155868871382,"Converged",NA,0.8,0.2
162,-2.28315772998298,3.06238382560144,-0.11466327895395,"Converged",NA,0.8,0.2
163,-1.46001290378331,1.39210901601966,-0.121169606051095,"Converged",NA,0.8,0.2
164,-2.87867280868367,4.73047627834599,-0.0634268216292348,"Converged",NA,0.8,0.2
165,-2.20263380558861,2.47421446111171,-0.091428737061992,"Converged",NA,0.8,0.2
166,-2.48679963642635,4.81377278924537,-0.173462225727213,"Converged",NA,0.8,0.2
167,-2.84335452834844,3.52698201562072,-0.0077843005969656,"Converged",NA,0.8,0.2
168,-1.68673108507416,1.5718032809449,-0.116242504354049,"Converged",NA,0.8,0.2
169,-1.57958997656618,0.975080677029428,-0.131667656957376,"Converged",NA,0.8,0.2
170,-1.82537237598395,1.72057357735756,-0.0860220327089929,"Converged",NA,0.8,0.2
171,-1.46262880862371,0.304750576095272,-0.0935729620009752,"Converged",NA,0.8,0.2
172,-2.20455461467545,2.71472215417382,-0.106211395825911,"Converged",NA,0.8,0.2
173,-1.54137997573785,0.0292736252677352,-0.0388047333576319,"Converged",NA,0.8,0.2
174,-2.2387242194522,2.03071449345408,-0.0789623982672915,"Converged",NA,0.8,0.2
175,-2.21200558697583,3.15304079688218,-0.102018060448091,"Converged",NA,0.8,0.2
176,-1.47195795618598,0.499286866212643,-0.10226499691157,"Converged",NA,0.8,0.2
177,-1.74441196196103,1.010989943395,-0.0687454861990079,"Converged",NA,0.8,0.2
178,-1.47567272719002,0.807300373366049,-0.120404033181749,"Converged",NA,0.8,0.2
179,-1.84764454944104,1.6001274735775,-0.110135758616884,"Converged",NA,0.8,0.2
180,-2.64827988792945,3.3147735443964,-0.0344961650668051,"Converged",NA,0.8,0.2
181,-2.18059059294168,1.58056947849782,-0.0178060126930996,"Converged",NA,0.8,0.2
182,-1.29123703142933,-0.155186850025637,-0.116126663048385,"Converged",NA,0.8,0.2
183,-2.69322935953568,3.87932333083343,-0.088130810436495,"Converged",NA,0.8,0.2
184,-2.39323537139763,3.74062833789897,-0.127331186904098,"Converged",NA,0.8,0.2
185,-2.18285535043171,1.69383554091926,-0.0712462555851266,"Converged",NA,0.8,0.2
186,-1.3414936621349,0.864359164132303,-0.150032316246408,"Converged",NA,0.8,0.2
187,-2.08721436849545,2.0846809140358,-0.0810040547773007,"Converged",NA,0.8,0.2
188,-0.803950710138385,-1.34208218028064,-0.10108635327727,"Converged",NA,0.8,0.2
189,-1.64083445240969,1.59824229830977,-0.172210416684913,"Converged",NA,0.8,0.2
190,-1.42574849050767,0.938929266586315,-0.166919993703107,"Converged",NA,0.8,0.2
191,-1.82104824270952,1.42328852004927,-0.104697745448338,"Converged",NA,0.8,0.2
192,-1.67971851083385,0.660481093966888,-0.0582991663981436,"Converged",NA,0.8,0.2
193,-2.15916510768679,2.80984813290366,-0.101078250576178,"Converged",NA,0.8,0.2
194,-2.4013618621695,3.15506667164212,-0.0782276360367287,"Converged",TRUE,0.8,0.2
195,-1.78565520434901,0.906989308694329,-0.0465295248916564,"Converged",NA,0.8,0.2
196,-1.75380346329929,1.71587195539711,-0.118223891706415,"Converged",NA,0.8,0.2
197,-1.80880185903691,1.73810473854607,-0.109832383707989,"Converged",NA,0.8,0.2
198,-2.06754762586372,2.17938010475692,-0.104988200606347,"Converged",NA,0.8,0.2
199,-2.03680710866859,2.24730799270719,-0.11471966408241,"Converged",NA,0.8,0.2
200,-1.9061946879159,1.34265818003476,-0.0670715751741948,"Converged",NA,0.8,0.2
201,-2.3172120697794,3.01773950968643,-0.0825014571669242,"Converged",NA,0.8,0.2
202,-1.5225142082303,0.499334060709909,-0.0663620082479563,"Converged",NA,0.8,0.2
203,-2.5974632673412,4.19715781314751,-0.0980695588970665,"Converged",NA,0.8,0.2
204,-1.92231779631086,1.75780960500842,-0.116259127681899,"Converged",NA,0.8,0.2
205,-2.09474263788432,2.18197343735901,-0.0651379416306409,"Converged",NA,0.8,0.2
206,-2.38834737291676,3.36401153209852,-0.118734996310266,"Converged",NA,0.8,0.2
207,-2.76711272051759,3.4810315794781,-0.0327566398250582,"Converged",NA,0.8,0.2
208,-1.70162668519678,1.00669505445776,-0.0634575263916136,"Converged",NA,0.8,0.2
209,-1.85045029257203,0.9512554167512,-0.0654678297166563,"Converged",NA,0.8,0.2
210,-1.4440998433173,1.61581435457926,-0.173915709808582,"Converged",NA,0.8,0.2
211,-2.28047534515406,4.06502773445749,-0.175322923567114,"Converged",NA,0.8,0.2
212,-1.09903355308544,-1.20157633212889,-0.0815852788500911,"Converged",NA,0.8,0.2
213,-0.860094384457551,-0.90046944318031,-0.14201474614695,"Converged",NA,0.8,0.2
214,-2.50284626139207,2.57970989650245,-0.0327857831422026,"Converged",NA,0.8,0.2
215,-1.76277966448837,2.99645158194691,-0.175640038065058,"Converged",NA,0.8,0.2
216,-1.45199762684111,0.844372356623893,-0.116938777099987,"Converged",NA,0.8,0.2
217,-2.86465533958171,4.50106759307303,-0.0979703436668267,"Converged",NA,0.8,0.2
218,-1.84429993464202,0.864180393014285,-0.0263312270844663,"Converged",NA,0.8,0.2
219,-1.9109491416449,1.64228170245768,-0.0715428834403336,"Converged",NA,0.8,0.2
220,-1.82704657422501,0.890262360591213,-0.043480092409874,"Converged",NA,0.8,0.2
221,-2.73994909998151,3.33556054577883,-0.0692816250317266,"Converged",NA,0.8,0.2
222,-1.72487694824726,0.31229293295142,-0.0218064215437079,"Converged",NA,0.8,0.2
223,-1.57374483211425,1.06628719473595,-0.11928374968213,"Converged",NA,0.8,0.2
224,-2.23685795612044,3.20601762005856,-0.167680392424458,"Converged",NA,0.8,0.2
225,-2.42732152847087,3.51936200355134,-0.128852701721722,"Converged",NA,0.8,0.2
226,-2.0451888985086,2.14335695534881,-0.102425852296315,"Converged",NA,0.8,0.2
227,-1.71163114967414,1.61209633101764,-0.136298879895386,"Converged",NA,0.8,0.2
228,-2.07582221288512,1.68502797281367,-0.0349215243262481,"Converged",NA,0.8,0.2
229,-1.62205191626446,1.75188522274859,-0.162335965627716,"Converged",NA,0.8,0.2
230,-1.74915310302626,0.984880811222729,-0.0677690129238638,"Converged",NA,0.8,0.2
231,-1.92627708583666,1.32381552718826,-0.0925279578649018,"Converged",NA,0.8,0.2
232,-1.62513631069572,1.66898124517138,-0.116421740182446,"Converged",NA,0.8,0.2
233,-1.48055900716155,0.523126651517936,-0.0978870246452588,"Converged",NA,0.8,0.2
234,-2.34611480873908,2.8577383392808,-0.10185018346652,"Converged",NA,0.8,0.2
235,-2.78026488254526,4.53085534763235,-0.149462425979425,"Converged",NA,0.8,0.2
236,-2.674220956593,4.49061472441399,-0.101481413770165,"Converged",NA,0.8,0.2
237,-2.28056021717176,2.7500239251852,-0.0776799911985108,"Converged",NA,0.8,0.2
238,-1.80326069473407,1.49224610405607,-0.0970921796842167,"Converged",NA,0.8,0.2
239,-1.47247775523988,0.721885581570016,-0.110142584005096,"Converged",NA,0.8,0.2
240,-2.52304090293079,3.44766058585568,-0.0727679877129098,"Converged",NA,0.8,0.2
241,-1.73320337691867,0.329407734751173,-0.0370300073055891,"Converged",NA,0.8,0.2
242,-1.11565728627343,-0.108092251873808,-0.134743735421386,"Converged",NA,0.8,0.2
243,-1.75070462354371,1.64475759949243,-0.124915691498822,"Converged",NA,0.8,0.2
244,-1.98861744242278,1.23139735650192,-0.0756485910713027,"Converged",NA,0.8,0.2
245,-1.36956388594457,0.798910945802752,-0.115057060104161,"Converged",NA,0.8,0.2
246,-1.18879941534622,0.243810637110875,-0.105458524798346,"Converged",NA,0.8,0.2
247,-2.03588339526983,1.20893060998198,-0.0406751900992169,"Converged",NA,0.8,0.2
248,-2.38307053218104,2.31980155000606,-0.0622885003655054,"Converged",NA,0.8,0.2
249,-2.00077318601865,2.81830446098813,-0.145222491341415,"Converged",NA,0.8,0.2
250,-2.08216152253454,2.6263559373115,-0.109986204820533,"Converged",NA,0.8,0.2
251,-2.19992924941722,1.98346880887784,-0.0680291545956024,"Converged",NA,0.8,0.2
252,-1.74438374040019,1.81135108730718,-0.152835606107557,"Converged",NA,0.8,0.2
253,-2.48118078489054,2.73457358963836,-0.0407518791831819,"Converged",NA,0.8,0.2
254,-1.7873672413291,1.25025818488177,-0.076558588219965,"Converged",NA,0.8,0.2
255,-2.01099789846991,3.01570222845745,-0.151106903077477,"Converged",NA,0.8,0.2
256,-1.1173578058127,-1.45969910308106,-0.03472245694186,"Converged",NA,0.8,0.2
257,-2.76216165622065,3.93254174829402,-0.0520384143250159,"Converged",NA,0.8,0.2
258,-1.75345632921621,0.747307077194884,-0.0895460300157738,"Converged",NA,0.8,0.2
259,-2.41679306138999,3.13675234559917,-0.03545866117893,"Converged",NA,0.8,0.2
260,-1.45377497597589,-0.37302888818292,-0.0683268575992777,"Converged",NA,0.8,0.2
261,-1.89507998048205,1.3259605211522,-0.0718594516893659,"Converged",NA,0.8,0.2
262,-1.94510085261939,1.63151451723074,-0.0818755355545904,"Converged",NA,0.8,0.2
263,-2.3651264326821,3.39069126681938,-0.142928076409324,"Converged",NA,0.8,0.2
264,-2.21303628882475,2.11236985194638,-0.0312143724565648,"Converged",NA,0.8,0.2
265,-3.108624933817,5.16875994484557,-0.0865237606239523,"Converged",NA,0.8,0.2
266,-2.10633503980154,2.13776538561734,-0.0565626416864273,"Converged",NA,0.8,0.2
267,-1.27026411951635,0.927207009874145,-0.211221654927372,"Converged",NA,0.8,0.2
268,-2.64767872431236,3.88620891584894,-0.119344217653838,"Converged",NA,0.8,0.2
269,-2.14933566104929,3.41383410605312,-0.132820289942616,"Converged",NA,0.8,0.2
270,-1.41321730506532,0.731385341515032,-0.12382781654225,"Converged",NA,0.8,0.2
271,-1.44801472808676,1.08409189080318,-0.140346956814535,"Converged",NA,0.8,0.2
272,-1.1834497516968,0.510402320762501,-0.194060368702376,"Converged",NA,0.8,0.2
273,-2.15560632002655,2.99182269009564,-0.120906510252865,"Converged",NA,0.8,0.2
274,NA,NA,NA,"MAX_ITER reached",NA,0.8,0.2
275,-3.01862000717956,4.36649195238827,-0.0569566070548392,"Converged",NA,0.8,0.2
276,-2.73814830957154,4.51182574079785,-0.12814099207805,"Converged",NA,0.8,0.2
277,-1.84754733128481,1.83609493726781,-0.0990966812868358,"Converged",NA,0.8,0.2
278,-2.31938401014645,2.6950423500815,-0.0635578464251812,"Converged",NA,0.8,0.2
279,-1.7823323072377,1.89011644166266,-0.117694320769208,"Converged",NA,0.8,0.2
280,-1.69456825474424,0.526643819292714,-0.0502966854930379,"Converged",NA,0.8,0.2
281,-1.87814526203719,1.61730779677155,-0.106903617191731,"Converged",NA,0.8,0.2
282,-3.09505866780972,5.64733337709155,-0.128812400600386,"Converged",NA,0.8,0.2
283,-2.03178769018227,2.43005961884522,-0.091430786032163,"Converged",NA,0.8,0.2
284,-1.7492219740264,2.71106928732876,-0.181964811304122,"Converged",NA,0.8,0.2
285,-2.49416048422149,2.98923612760698,-0.0817667285361911,"Converged",NA,0.8,0.2
286,-2.72891148708327,3.62290671022319,-0.0332779623232025,"Converged",NA,0.8,0.2
287,-2.16397185526704,1.9647221714927,-0.0929638348284735,"Converged",NA,0.8,0.2
288,-1.42060256915957,-0.145258373547262,-0.0749748707215372,"Converged",NA,0.8,0.2
289,-1.24806806221378,0.521840533675405,-0.169084504278366,"Converged",NA,0.8,0.2
290,-1.7787596666393,1.53337381910178,-0.0989902466023425,"Converged",NA,0.8,0.2
291,-2.1300044674413,2.48314460429715,-0.0788612033479829,"Converged",NA,0.8,0.2
292,-2.00221689928809,2.62811046314114,-0.131419703900398,"Converged",NA,0.8,0.2
293,-1.85072980481754,0.844784783625076,-0.0482889972720271,"Converged",NA,0.8,0.2
294,-1.92648247003628,2.20373216600644,-0.120840048732645,"Converged",NA,0.8,0.2
295,-1.83146331755694,1.36721701866937,-0.0701706178701718,"Converged",TRUE,0.8,0.2
296,-1.77492881414729,0.921229855715902,-0.0692147608751018,"Converged",NA,0.8,0.2
297,-1.77906675204289,2.27856020312286,-0.167306839036658,"Converged",NA,0.8,0.2
298,-1.8190835429821,1.36430678899356,-0.0710577629016428,"Converged",NA,0.8,0.2
299,-2.50389050839174,3.70787466769284,-0.104487915672607,"Converged",NA,0.8,0.2
300,-2.16560811408508,1.38804975359558,-0.0281868067663971,"Converged",NA,0.8,0.2
301,-1.39797823337225,0.291361682709346,-0.075002106458136,"Converged",NA,0.8,0.2
302,-1.87209931600932,2.23343335750511,-0.101680103618085,"Converged",NA,0.8,0.2
303,-1.65616863993254,2.37671569925142,-0.170031393754931,"Converged",NA,0.8,0.2
304,-2.07975216717929,1.29703265924577,-0.0085724319087023,"Converged",NA,0.8,0.2
305,-2.74498577076908,4.07998808789133,-0.0959807907477044,"Converged",NA,0.8,0.2
306,-1.17681015213853,0.553199004473731,-0.168589349482339,"Converged",NA,0.8,0.2
307,-2.05417061896152,3.25525187601501,-0.149035673305327,"Converged",NA,0.8,0.2
308,-1.3854870895453,0.542045313647057,-0.106173024584492,"Converged",NA,0.8,0.2
309,-2.52677443464889,3.76439264450673,-0.106398868441899,"Converged",NA,0.8,0.2
310,-1.89100257817247,2.43564783221917,-0.130523126928515,"Converged",NA,0.8,0.2
311,-1.97771456185083,1.7051211833409,-0.0760206988743193,"Converged",NA,0.8,0.2
312,-2.14085097602686,3.17572449290004,-0.171912148391999,"Converged",NA,0.8,0.2
313,-2.27182256391737,3.02194557465207,-0.137954437642957,"Converged",NA,0.8,0.2
314,-1.61766434525823,0.996945051742702,-0.0882385725846453,"Converged",NA,0.8,0.2
315,-2.45585188378067,3.2901844110246,-0.0776867610464519,"Converged",NA,0.8,0.2
316,-2.05516397543173,2.41983763244567,-0.116682163678002,"Converged",NA,0.8,0.2
317,-1.78407272229385,1.68932313150315,-0.132857457403842,"Converged",NA,0.8,0.2
318,-1.38418885538496,1.12705397469618,-0.155433515861134,"Converged",NA,0.8,0.2
319,-0.250117748056493,-4.26371929307953,-0.0310278062817716,"Converged",NA,0.8,0.2
320,-1.42850632750444,1.76067387886071,-0.209550783836928,"Converged",NA,0.8,0.2
321,-1.60983809292777,0.792231166736174,-0.0937821344517399,"Converged",NA,0.8,0.2
322,-0.769293067144032,-1.92409012029661,-0.064172141942842,"Converged",NA,0.8,0.2
323,-2.07499219567514,1.11089928278411,-0.0278097201847126,"Converged",NA,0.8,0.2
324,-2.00012022804135,1.72365651837505,-0.0631242219764464,"Converged",NA,0.8,0.2
325,-1.75602938661673,2.57127002849211,-0.172375500093718,"Converged",NA,0.8,0.2
326,-3.45970519420385,5.03610217862783,-0.00697218112156857,"Converged",NA,0.8,0.2
327,-2.04697466870926,2.8315907995871,-0.109068952526589,"Converged",NA,0.8,0.2
328,-2.85891974145459,5.08422601447144,-0.105662376786297,"Converged",NA,0.8,0.2
329,-2.19681501202551,3.01417656333943,-0.11434088813821,"Converged",NA,0.8,0.2
330,-1.49293574214771,1.56186725751793,-0.156278300081748,"Converged",NA,0.8,0.2
331,-1.81905380975537,1.90936141004376,-0.111362167063759,"Converged",NA,0.8,0.2
332,-1.85744741648695,2.33361880385589,-0.157788803037689,"Converged",NA,0.8,0.2
333,-0.968549199663866,-0.625894471688512,-0.131436257480229,"Converged",NA,0.8,0.2
334,-1.78802559057121,1.17431337514224,-0.0865390953071075,"Converged",NA,0.8,0.2
335,-2.27028818925234,2.67277401677437,-0.100982150625349,"Converged",NA,0.8,0.2
336,-1.78803101573081,1.69510817375653,-0.131085266123234,"Converged",NA,0.8,0.2
337,-1.72623381043628,2.21236334884777,-0.180008599406404,"Converged",NA,0.8,0.2
338,-2.61839675195576,3.10506281974568,-0.0455528155615893,"Converged",NA,0.8,0.2
339,-1.69195690453766,0.0507515638650026,-0.0628626945934093,"Converged",NA,0.8,0.2
340,-1.43332804164525,0.590182071913112,-0.155658848759256,"Converged",NA,0.8,0.2
341,-1.91095254004533,2.18596478186901,-0.124432389557479,"Converged",NA,0.8,0.2
342,-2.38657087154536,2.93882794481308,-0.0710686782802469,"Converged",NA,0.8,0.2
343,-2.06460400405485,2.04025471312943,-0.0723524781167305,"Converged",NA,0.8,0.2
344,-1.73912417517225,1.64967582437695,-0.126718840471404,"Converged",NA,0.8,0.2
345,-1.51938509060077,0.0245323964493638,-0.0686359019096092,"Converged",NA,0.8,0.2
346,-0.731524879088792,0.18985915372474,-0.243312054446438,"Converged",NA,0.8,0.2
347,-1.92411958176302,1.84048247743215,-0.121977236972414,"Converged",NA,0.8,0.2
348,-0.782136823752284,-0.297577845425436,-0.190034367681413,"Converged",NA,0.8,0.2
349,-1.70835167602625,1.27477175632981,-0.104351647909974,"Converged",NA,0.8,0.2
350,-2.03171954411251,2.42362543176932,-0.0945361681408494,"Converged",NA,0.8,0.2
351,-1.38416092699584,1.22241519264727,-0.190828508229159,"Converged",NA,0.8,0.2
352,-2.81567924673877,4.01510141291318,-0.0514384956263452,"Converged",NA,0.8,0.2
353,-2.46521605824288,3.75041661281993,-0.129463842070175,"Converged",NA,0.8,0.2
354,-2.26105716850144,2.99722322233212,-0.120229610885601,"Converged",NA,0.8,0.2
355,-1.52371139871474,1.28123459067449,-0.139249723968652,"Converged",NA,0.8,0.2
356,-2.14199838552414,2.23408907719889,-0.066812645846063,"Converged",NA,0.8,0.2
357,-2.05868606034651,2.55298493061178,-0.137730469935717,"Converged",NA,0.8,0.2
358,-1.80426876675739,1.52935226354058,-0.115173913157392,"Converged",NA,0.8,0.2
359,-0.109733212365892,-3.84107053229742,-0.0776826482411644,"Converged",NA,0.8,0.2
360,-1.95107023101631,1.3584579423024,-0.0684846705716892,"Converged",NA,0.8,0.2
361,-0.926242358028384,-0.376857103142338,-0.181274743411827,"Converged",NA,0.8,0.2
362,-2.26973178510184,2.24301739877582,-0.0574971373091279,"Converged",NA,0.8,0.2
363,-2.05229487713359,2.33773465295541,-0.108130987423423,"Converged",NA,0.8,0.2
364,-1.42950151974043,0.04569123312148,-0.0915934966282678,"Converged",NA,0.8,0.2
365,-2.71185075408317,3.82815247523504,-0.0853370935695282,"Converged",NA,0.8,0.2
366,-2.25877524458655,2.51088967180994,-0.0853032225710899,"Converged",NA,0.8,0.2
367,-2.33345518248862,3.92760198279648,-0.150265841414461,"Converged",NA,0.8,0.2
368,-1.42486435404656,0.538628290427639,-0.0902646312990542,"Converged",NA,0.8,0.2
369,-2.57385192122839,3.32630831925379,-0.0791015803876954,"Converged",NA,0.8,0.2
370,-1.30546327745388,0.745456090545136,-0.128565104580017,"Converged",NA,0.8,0.2
371,-2.2243470928533,2.75990404353833,-0.108911214523088,"Converged",NA,0.8,0.2
372,-1.92550314505858,2.27403303496715,-0.146895951975416,"Converged",NA,0.8,0.2
373,-1.87266230731321,1.39359144883428,-0.0831579954529034,"Converged",NA,0.8,0.2
374,-1.36105582370319,-0.183834630482656,-0.0574575496023801,"Converged",NA,0.8,0.2
375,-3.11509011635067,4.70505357106941,-0.0830504908867013,"Converged",NA,0.8,0.2
376,-1.31307705223219,0.291456538205437,-0.129362037629482,"Converged",NA,0.8,0.2
377,-2.05721152344434,1.81650358817953,-0.0688855733251092,"Converged",NA,0.8,0.2
378,-2.24612182454986,1.58665810798901,-0.0560333450937556,"Converged",NA,0.8,0.2
379,-1.32580743341686,0.0308938737046182,-0.08895425036348,"Converged",NA,0.8,0.2
380,-2.23924956564375,2.27597191817993,-0.0639004000530179,"Converged",NA,0.8,0.2
381,-1.61914543794973,1.6175164907368,-0.113767980730042,"Converged",NA,0.8,0.2
382,-1.57639939350614,1.2934166261778,-0.119373875151761,"Converged",NA,0.8,0.2
383,-1.691599892669,1.71099899958408,-0.131263232779477,"Converged",NA,0.8,0.2
384,-2.03567942017798,1.58877702312696,-0.0664289275416006,"Converged",NA,0.8,0.2
385,-1.57393581598947,0.668813913681133,-0.0638520210729116,"Converged",NA,0.8,0.2
386,-1.58600261671842,1.30100898116128,-0.146188234286829,"Converged",NA,0.8,0.2
387,-1.08983472276669,-1.58611658751672,-0.0818998633929666,"Converged",NA,0.8,0.2
388,-2.21712555298213,2.85635387241886,-0.0898656279675112,"Converged",NA,0.8,0.2
389,-1.64650981802744,0.331193021850635,-0.0990764593511675,"Converged",NA,0.8,0.2
390,-2.39172394559713,3.1733715112865,-0.0690099327123675,"Converged",NA,0.8,0.2
391,-2.571662824906,4.17868707737906,-0.143079319131721,"Converged",NA,0.8,0.2
392,-1.01046747544544,-0.254818837793501,-0.14399800622461,"Converged",NA,0.8,0.2
393,-1.8565501782524,2.16314030224908,-0.135021601969276,"Converged",NA,0.8,0.2
394,-1.77731711154556,1.3209049040539,-0.0647315338968154,"Converged",NA,0.8,0.2
395,-1.03918331205581,0.0159836672967718,-0.130831245225142,"Converged",NA,0.8,0.2
396,-1.78753536722244,1.21078437444584,-0.0988875687025976,"Converged",NA,0.8,0.2
397,-2.36942199661564,2.85854163213315,-0.0575726906557153,"Converged",NA,0.8,0.2
398,-1.75047251819951,1.76646197665745,-0.160190396548164,"Converged",NA,0.8,0.2
399,-1.01260630938354,-1.31404844891414,-0.0954101968825338,"Converged",NA,0.8,0.2
400,-1.56513388663903,1.536438836813,-0.166023140987209,"Converged",NA,0.8,0.2
401,-3.05107698094178,5.33994141249149,-0.0693828768607886,"Converged",NA,0.8,0.2
402,-2.14468128045532,2.71677016901826,-0.111614567062867,"Converged",NA,0.8,0.2
403,-2.19343798471874,2.04814025346294,-0.0541811052139162,"Converged",NA,0.8,0.2
404,-1.47146526897539,0.569509823123976,-0.0912854704515526,"Converged",NA,0.8,0.2
405,-1.64753178329929,0.498822043518063,-0.077276030846415,"Converged",NA,0.8,0.2
406,-1.80432742921911,0.981616651559839,-0.0904895072363066,"Converged",NA,0.8,0.2
407,-1.69154968859059,1.80228560264609,-0.116156948172287,"Converged",NA,0.8,0.2
408,-1.78188343572568,1.04112790702949,-0.0554547858019723,"Converged",NA,0.8,0.2
409,-2.25936286791422,3.45782359331165,-0.140156208872213,"Converged",NA,0.8,0.2
410,-1.63673708646565,1.40144304086307,-0.139193462288154,"Converged",NA,0.8,0.2
411,-1.79476560172225,2.54688430132512,-0.179469376267504,"Converged",NA,0.8,0.2
412,-2.09632023605413,2.06392141342146,-0.0607108406373469,"Converged",NA,0.8,0.2
413,-0.690083493788201,-1.41669194201887,-0.139458456026138,"Converged",NA,0.8,0.2
414,-0.762892882818969,-0.353091328549578,-0.169771302623068,"Converged",NA,0.8,0.2
415,-1.93308152327949,2.80994474021528,-0.165055072011654,"Converged",NA,0.8,0.2
416,-1.98257947414579,1.19151178539418,-0.0781383710109691,"Converged",NA,0.8,0.2
417,-1.11917054765939,0.347811378340797,-0.165354275001484,"Converged",NA,0.8,0.2
418,-2.13256372192647,1.93958475246393,-0.0533596183231386,"Converged",NA,0.8,0.2
419,-2.415663164883,2.76416586036092,-0.0481454037123936,"Converged",NA,0.8,0.2
420,-1.95589175027949,0.918053555920615,-0.0908131544351111,"Converged",NA,0.8,0.2
421,-1.62337283155939,1.44815019167216,-0.143488468349589,"Converged",NA,0.8,0.2
422,-2.44850266738632,3.55292228220684,-0.161922003211426,"Converged",NA,0.8,0.2
423,-1.65864976978078,1.77802377948541,-0.121090615577818,"Converged",NA,0.8,0.2
424,-1.95008723127166,1.81986643213321,-0.060638853607341,"Converged",NA,0.8,0.2
425,-1.50123942151397,1.28690003969422,-0.143871515348669,"Converged",NA,0.8,0.2
426,-0.998600497504713,1.06059617487556,-0.204541602492081,"Converged",NA,0.8,0.2
427,-1.52076065082717,1.10842348351434,-0.129146022573796,"Converged",NA,0.8,0.2
428,-1.50549311128137,0.178624911704647,-0.0543321257944131,"Converged",NA,0.8,0.2
429,-2.33237641980038,2.9516049585322,-0.102995695161737,"Converged",NA,0.8,0.2
430,-1.94183306526029,1.31797790713813,-0.0747853500249847,"Converged",NA,0.8,0.2
431,-2.19613988270395,3.50789620483986,-0.149751690440787,"Converged",NA,0.8,0.2
432,-0.766798245049253,-1.28137752587989,-0.111499369108323,"Converged",NA,0.8,0.2
433,-2.64345787376143,3.73262095679432,-0.0884729519368751,"Converged",NA,0.8,0.2
434,-1.5168707389164,1.96907134820838,-0.195911704642991,"Converged",NA,0.8,0.2
435,-1.87585311455391,1.66166557953081,-0.110274822041601,"Converged",NA,0.8,0.2
436,-1.495918407434,0.865013869953148,-0.152767447755543,"Converged",NA,0.8,0.2
437,-0.90231045331193,-1.15712414342681,-0.0856928367580214,"Converged",NA,0.8,0.2
438,-1.48066943300482,0.479001001278209,-0.134639343123344,"Converged",NA,0.8,0.2
439,-2.24035971595523,3.32122878163641,-0.123096635393498,"Converged",NA,0.8,0.2
440,-0.776157244542541,-0.237420532821412,-0.199639108696171,"Converged",NA,0.8,0.2
441,-1.62291728448714,1.32019678477549,-0.125436614148701,"Converged",NA,0.8,0.2
442,-1.5413292207514,0.893659476524798,-0.0949835883025789,"Converged",NA,0.8,0.2
443,-1.98178097757998,2.01857031502723,-0.089433615752904,"Converged",NA,0.8,0.2
444,-2.72626986453386,2.70061518990912,-0.0206905956421397,"Converged",NA,0.8,0.2
445,-1.7848467614512,1.43575305502391,-0.0762211936986094,"Converged",NA,0.8,0.2
446,-2.13330591462251,2.67604609686457,-0.089916778217466,"Converged",NA,0.8,0.2
447,-2.27622585443905,3.31389394951906,-0.163588528740613,"Converged",NA,0.8,0.2
448,-2.32624710022398,2.96321440894589,-0.0813043895535387,"Converged",NA,0.8,0.2
449,-2.21766632074309,2.8088014463479,-0.131263175330206,"Converged",NA,0.8,0.2
450,-1.01670274972693,-1.5217118714445,-0.0708113205383886,"Converged",NA,0.8,0.2
451,-2.26034279169306,2.18711749702576,-0.041305565342727,"Converged",NA,0.8,0.2
452,-2.68707908047225,1.66514288212008,0.0298835924303886,"Converged",NA,0.8,0.2
453,-1.85228191082865,2.93648603536675,-0.159294614829779,"Converged",NA,0.8,0.2
454,-1.41841205060607,0.687112202926339,-0.096706747182617,"Converged",NA,0.8,0.2
455,-1.73151884250745,1.69597299451229,-0.115444108305102,"Converged",NA,0.8,0.2
456,-1.75689733828957,0.905992452932689,-0.0937566134224496,"Converged",NA,0.8,0.2
457,-1.44038929733524,0.495427808373397,-0.117690051538838,"Converged",NA,0.8,0.2
458,-1.94288807005478,1.76016356929676,-0.0777052387078641,"Converged",NA,0.8,0.2
459,-1.93473563363198,1.46339384932672,-0.0853032558949776,"Converged",NA,0.8,0.2
460,-2.25577176958752,3.1951681077677,-0.120590459990496,"Converged",NA,0.8,0.2
461,-2.21862155103386,2.32160582171099,-0.0642731962416736,"Converged",NA,0.8,0.2
462,-1.42638834759873,0.838175044034169,-0.181638166047312,"Converged",NA,0.8,0.2
463,-2.22681939901321,2.0527982510601,-0.0559132996260735,"Converged",NA,0.8,0.2
464,-1.49988534205211,0.183176456150863,-0.039295469302572,"Converged",NA,0.8,0.2
465,-2.10221633356115,2.9453627300913,-0.112497597885331,"Converged",NA,0.8,0.2
466,-2.26701571856389,2.55779548298742,-0.0704262087395905,"Converged",NA,0.8,0.2
467,-1.59636929495107,1.63661013995329,-0.146286870192297,"Converged",NA,0.8,0.2
468,-2.66248718767923,3.07847936113039,-0.0278889870946792,"Converged",NA,0.8,0.2
469,-1.57162063351012,0.202805546525819,-0.113962411766843,"Converged",NA,0.8,0.2
470,-2.13939778913006,1.21803753647039,-0.0378169872934556,"Converged",NA,0.8,0.2
471,-1.62516990112553,0.594759296794183,-0.0411278607716669,"Converged",NA,0.8,0.2
472,-1.73972680980648,1.47850902537978,-0.104149475045759,"Converged",NA,0.8,0.2
473,-1.9462064402179,2.26194119679337,-0.136352449808735,"Converged",NA,0.8,0.2
474,-2.60216023273607,3.17522574312009,-0.0587464899817141,"Converged",NA,0.8,0.2
475,-1.89475533166065,1.23411070038277,-0.0946691469677016,"Converged",NA,0.8,0.2
476,-0.625794924844834,-1.91063939852302,-0.127320286810008,"Converged",NA,0.8,0.2
477,-1.98108174802214,3.2194460531244,-0.192922279842633,"Converged",NA,0.8,0.2
478,-2.15452109532726,1.23789542498421,0.00386130719989418,"Converged",NA,0.8,0.2
479,-2.36494111832898,1.87708918604042,-0.0512417060760518,"Converged",NA,0.8,0.2
480,-1.36539402337062,0.348477094303761,-0.11562556487783,"Converged",NA,0.8,0.2
481,-1.54455604192822,0.900051356481257,-0.105896201154919,"Converged",NA,0.8,0.2
482,-2.10847022225867,2.83080739609728,-0.149154316941698,"Converged",NA,0.8,0.2
483,-2.12653507788653,2.65428291200731,-0.119914192077821,"Converged",NA,0.8,0.2
484,-2.24700680987846,2.75369584385218,-0.0822841266447357,"Converged",NA,0.8,0.2
485,-1.7612048379689,0.573993073443096,-0.0287260378117455,"Converged",NA,0.8,0.2
486,-1.76292737287974,1.89081269482699,-0.178332429736094,"Converged",NA,0.8,0.2
487,-1.52619064515893,1.16507658283693,-0.120808863926491,"Converged",NA,0.8,0.2
488,-1.83095867997456,0.789442572588509,-0.0563689128205239,"Converged",NA,0.8,0.2
489,-1.52564062116324,0.353528396820674,-0.114722364623597,"Converged",NA,0.8,0.2
490,-2.4064073035167,3.36987261390606,-0.0876933133996592,"Converged",NA,0.8,0.2
491,-1.76637796137668,2.21100362462993,-0.17402995691238,"Converged",NA,0.8,0.2
492,-2.9279435221629,4.41028202790047,-0.0811177535117528,"Converged",NA,0.8,0.2
493,-1.6896150011127,1.57811844914968,-0.120472244727091,"Converged",NA,0.8,0.2
494,-2.13368386270532,1.16087878186614,-0.0597627855547373,"Converged",NA,0.8,0.2
495,-2.37793103711446,2.65372697815449,-0.0724230898945979,"Converged",NA,0.8,0.2
496,-1.76855099285505,1.39179779149807,-0.0974953401206071,"Converged",NA,0.8,0.2
497,-1.3058541839795,1.19112953297427,-0.194930300304881,"Converged",NA,0.8,0.2
498,-2.99355687579237,3.8402032527579,-0.019800313849921,"Converged",NA,0.8,0.2
499,-1.95132215590085,2.03628152916909,-0.114587978111786,"Converged",NA,0.8,0.2
500,-1.68993693345583,1.24650715287242,-0.0912122381884906,"Converged",NA,0.8,0.2
501,-2.05683749464567,2.55821846186882,-0.119411223274859,"Converged",NA,0.8,0.2
502,-2.28855774368362,2.17469337621678,-0.062933891398939,"Converged",NA,0.8,0.2
503,-1.52881056386353,1.16264004208199,-0.142088191412067,"Converged",NA,0.8,0.2
504,-1.42288075079044,0.461981418911503,-0.0821476178937021,"Converged",NA,0.8,0.2
505,-1.81114431411318,1.48945938825828,-0.109980012031948,"Converged",NA,0.8,0.2
506,-1.91433112317871,1.45412231333069,-0.0537593207342983,"Converged",NA,0.8,0.2
507,-2.84913124003686,4.23026766696037,-0.0817337153529219,"Converged",NA,0.8,0.2
508,-2.30724911904013,4.02584744959249,-0.137661277449615,"Converged",NA,0.8,0.2
509,-1.74761435185935,1.46664711695765,-0.134008499471689,"Converged",NA,0.8,0.2
510,-1.18002506063806,0.284346791964023,-0.123526906895927,"Converged",NA,0.8,0.2
511,-2.45670196589918,3.80765012143142,-0.147266299271699,"Converged",NA,0.8,0.2
512,-1.91566144823057,1.84214060015037,-0.0963998998778958,"Converged",NA,0.8,0.2
513,-2.00102610388936,1.88214461228494,-0.100596172376494,"Converged",NA,0.8,0.2
514,-0.689496155405211,-0.957284554779279,-0.166824244313563,"Converged",NA,0.8,0.2
515,-1.52120332095893,0.913801193661908,-0.142949026683839,"Converged",NA,0.8,0.2
516,-1.72469297334104,1.06205834128111,-0.080035832410878,"Converged",NA,0.8,0.2
517,-2.296771653558,2.30283428758372,-0.0863497963332129,"Converged",NA,0.8,0.2
518,-2.09770194157776,2.98594164153453,-0.129832919349924,"Converged",NA,0.8,0.2
519,-1.67885298857196,0.974371930641768,-0.118862861391694,"Converged",NA,0.8,0.2
520,-1.59263473148327,0.29673313479291,-0.12343729834016,"Converged",NA,0.8,0.2
521,-1.55026155975276,1.73276272472162,-0.15517883425647,"Converged",NA,0.8,0.2
522,-2.16349440921788,2.46825279856942,-0.103193604826938,"Converged",NA,0.8,0.2
523,-1.62560502672793,0.699766802985488,-0.116353116027737,"Converged",NA,0.8,0.2
524,-1.46042817769837,1.03340667156633,-0.143589415858311,"Converged",NA,0.8,0.2
525,-1.09462316895631,-0.461642595895243,-0.137431077538373,"Converged",NA,0.8,0.2
526,-1.04293609494394,0.0952968706177761,-0.131685464517501,"Converged",NA,0.8,0.2
527,-1.57849230807831,1.02661610838171,-0.129769706348355,"Converged",NA,0.8,0.2
528,-1.96100573811269,2.51678253863527,-0.136240462063012,"Converged",NA,0.8,0.2
529,-0.986789922297056,-1.05269794707499,-0.0862586229571804,"Converged",NA,0.8,0.2
530,-1.3547474885222,0.0980914206175463,-0.111104256810877,"Converged",NA,0.8,0.2
531,-2.65163410330549,2.16750053611743,0.0306635203285482,"Converged",NA,0.8,0.2
532,-2.02308555711885,1.67430176149083,-0.0779100586915033,"Converged",NA,0.8,0.2
533,-0.20635495028621,-4.06563416705735,-0.0946426418095301,"Converged",NA,0.8,0.2
534,-2.03856838594049,2.26728621898438,-0.0809972848174267,"Converged",NA,0.8,0.2
535,-1.86662348539977,2.1397288479425,-0.127442915993057,"Converged",NA,0.8,0.2
536,-2.90275911848964,4.07404186380027,-0.0831892788966997,"Converged",NA,0.8,0.2
537,-1.41211263715357,-0.378014490210315,-0.0532197701490861,"Converged",NA,0.8,0.2
538,-2.37367633984846,2.83574922076599,-0.0761595036364156,"Converged",NA,0.8,0.2
539,-2.82881269427883,4.16275868024762,-0.0632687890364833,"Converged",NA,0.8,0.2
540,-2.28629424309834,3.44688657404332,-0.159780378520836,"Converged",NA,0.8,0.2
541,-2.31321382381837,2.69225757957735,-0.0773211844420459,"Converged",NA,0.8,0.2
542,-1.78639410336854,2.01491661926829,-0.113372457706762,"Converged",NA,0.8,0.2
543,-1.0517366050721,-0.283858521072933,-0.122686625490838,"Converged",NA,0.8,0.2
544,-1.60411731614459,0.910307701769,-0.0911181138064714,"Converged",NA,0.8,0.2
545,-2.27039581916268,2.18008645651115,-0.0521781422370638,"Converged",NA,0.8,0.2
546,-1.89184359590979,1.67889661840307,-0.0463041034780521,"Converged",NA,0.8,0.2
547,-2.48911956560869,3.86858425976241,-0.132019755368672,"Converged",NA,0.8,0.2
548,-1.11497320176116,-0.0121483747690012,-0.133349137125063,"Converged",NA,0.8,0.2
549,-2.5198712810829,3.5567041250876,-0.0961401005952688,"Converged",NA,0.8,0.2
550,-2.02363087046768,1.81354378294181,-0.114585096179667,"Converged",NA,0.8,0.2
551,-2.42163137416079,2.14735716221557,-0.0279179602692257,"Converged",NA,0.8,0.2
552,-2.72974555864147,3.36563394827613,-0.049780138675383,"Converged",NA,0.8,0.2
553,-1.56795896668385,1.34790613047883,-0.0936092238061696,"Converged",NA,0.8,0.2
554,-2.00695658290653,1.9857066099005,-0.0647865225312581,"Converged",NA,0.8,0.2
555,-1.76968659135973,0.527270937844301,-0.0564717517061002,"Converged",NA,0.8,0.2
556,-2.32671440808361,3.00182592213151,-0.101054390544736,"Converged",NA,0.8,0.2
557,-1.64478789156257,1.32064449234787,-0.0897508647127327,"Converged",NA,0.8,0.2
558,-1.87579794820315,1.91168464307112,-0.0979489302395624,"Converged",NA,0.8,0.2
559,-2.60375324087905,4.65027877340704,-0.166118605827161,"Converged",NA,0.8,0.2
560,-0.444613399541447,-1.65269085008038,-0.159274300803756,"Converged",NA,0.8,0.2
561,-0.915489739949357,-1.01050739964725,-0.127999773436517,"Converged",NA,0.8,0.2
562,-2.34844576368676,3.28032685674233,-0.0941916326573518,"Converged",NA,0.8,0.2
563,-2.4158758636187,3.0887586903427,-0.0567003932742589,"Converged",NA,0.8,0.2
564,-1.70522758690257,2.05892839815307,-0.168553022610533,"Converged",NA,0.8,0.2
565,-2.16383863697575,2.63095998295849,-0.102435747292466,"Converged",NA,0.8,0.2
566,-1.07980456544036,-0.354211659972734,-0.116047705870886,"Converged",NA,0.8,0.2
567,-1.98989734058496,2.98117142806033,-0.137301469262624,"Converged",NA,0.8,0.2
568,-2.59158797080779,4.36486694681638,-0.112880794411894,"Converged",NA,0.8,0.2
569,-2.17806568307176,2.35659939675881,-0.0998010828381297,"Converged",NA,0.8,0.2
570,-2.63151914261352,2.73424755873304,-0.0229525783594682,"Converged",NA,0.8,0.2
571,-1.39169481086288,0.801699089552399,-0.154058433137379,"Converged",NA,0.8,0.2
572,-3.97786970552549,7.17042399409447,0.0106610511643665,"Converged",NA,0.8,0.2
573,-2.5834000027267,3.84881247628293,-0.10456746455556,"Converged",NA,0.8,0.2
574,-2.47142356109825,2.8378644111951,-0.0625463324773407,"Converged",NA,0.8,0.2
575,-2.0563963654099,1.84115822599219,-0.10638633499433,"Converged",NA,0.8,0.2
576,-1.42495371245002,0.854985300626837,-0.146554116014772,"Converged",NA,0.8,0.2
577,-1.837598388798,1.84466703463053,-0.0787184261730114,"Converged",NA,0.8,0.2
578,-1.56438471837116,1.3331788966097,-0.160040023928291,"Converged",NA,0.8,0.2
579,-0.735234140862264,-1.81288300860413,-0.108781773340007,"Converged",NA,0.8,0.2
580,-1.70862620680902,1.0133180267513,-0.124544814594108,"Converged",NA,0.8,0.2
581,-2.69638772376842,3.4604045562526,-0.0600343558096257,"Converged",NA,0.8,0.2
582,-1.97538682341102,1.25115091966558,-0.077521141438029,"Converged",NA,0.8,0.2
583,-2.29122086242934,1.77608362794236,-0.0111898809860827,"Converged",NA,0.8,0.2
584,-2.15266269921203,3.61138582930611,-0.172229302774165,"Converged",NA,0.8,0.2
585,-1.95400662298151,2.21371343825558,-0.0965180787627218,"Converged",TRUE,0.8,0.2
586,-2.40686556681127,3.37488508772478,-0.116376456918354,"Converged",NA,0.8,0.2
587,-2.66280325602697,3.78797670426043,-0.0952335200717315,"Converged",NA,0.8,0.2
588,-2.37035375378036,2.21987616009643,-0.0405772852052672,"Converged",NA,0.8,0.2
589,-2.15933411655194,1.76473557867395,-0.0963974134646471,"Converged",NA,0.8,0.2
590,-2.03381780769654,2.7810552895743,-0.131708425948451,"Converged",NA,0.8,0.2
591,-1.37099562417725,0.416719532185351,-0.12250855570324,"Converged",NA,0.8,0.2
592,-2.68028061001575,3.31773440685315,0.00670309340498295,"Converged",NA,0.8,0.2
593,-2.11541090523103,2.87354490627155,-0.155712842511777,"Converged",NA,0.8,0.2
594,-1.80664986261692,1.48094483498589,-0.133196256553585,"Converged",NA,0.8,0.2
595,-2.21940305179219,2.47616549304494,-0.107452103052973,"Converged",NA,0.8,0.2
596,-0.505140470283351,-3.38707634097596,-0.0105574091189321,"Converged",NA,0.8,0.2
597,-2.113757186819,3.16042085907598,-0.160401928922966,"Converged",NA,0.8,0.2
598,-1.85219905968323,1.35479264731756,-0.0675965273276473,"Converged",NA,0.8,0.2
599,-1.59543551204771,0.603362962303437,-0.107401072735545,"Converged",NA,0.8,0.2
600,-1.82857925715628,1.25302476960381,-0.111523383696697,"Converged",NA,0.8,0.2
601,-1.96731021185781,1.89073153732953,-0.0980921094275872,"Converged",NA,0.8,0.2
602,-1.77501491355562,1.01971602781651,-0.0708387784612743,"Converged",NA,0.8,0.2
603,-2.09695093237057,2.37980212836596,-0.0997342376436212,"Converged",NA,0.8,0.2
604,-2.17066995643785,3.46548560522882,-0.169218861692617,"Converged",NA,0.8,0.2
605,-2.18964049345818,1.99849776432044,-0.0734551852015926,"Converged",NA,0.8,0.2
606,-1.55719211708369,0.214331983302968,-0.0519570938589224,"Converged",NA,0.8,0.2
607,-2.51399969223257,3.85163289191977,-0.1053629695535,"Converged",NA,0.8,0.2
608,-2.38843309042148,2.32550545348851,-0.0371072676953361,"Converged",NA,0.8,0.2
609,-1.60004415584794,0.194581547306019,-0.0480499926724584,"Converged",NA,0.8,0.2
610,-2.75367963496408,3.9313250728203,-0.0703281661961658,"Converged",NA,0.8,0.2
611,-2.85660970173761,4.13523070194039,-0.0898382449041334,"Converged",NA,0.8,0.2
612,-1.13956377058868,-0.512528638667578,-0.117881336578959,"Converged",NA,0.8,0.2
613,-1.68241937501515,1.37532123278505,-0.102154271592431,"Converged",NA,0.8,0.2
614,-2.38028240297988,2.39702362898097,-0.0681682736797984,"Converged",NA,0.8,0.2
615,-2.08592117645752,2.54575501426441,-0.12188348052471,"Converged",NA,0.8,0.2
616,-2.02999485276378,2.4997955075938,-0.0861077714698152,"Converged",NA,0.8,0.2
617,-2.74033497183846,3.65644894614203,-0.0875339373236295,"Converged",NA,0.8,0.2
618,-1.6609044305472,2.24438851155168,-0.191970803615141,"Converged",NA,0.8,0.2
619,-1.56705994420992,0.111501420494529,-0.050888896303532,"Converged",NA,0.8,0.2
620,-1.4895967423501,0.883462932789377,-0.142692208409468,"Converged",NA,0.8,0.2
621,-1.656196510301,0.688260219870749,-0.0825139982576235,"Converged",NA,0.8,0.2
622,-1.85658099395515,2.31284484170201,-0.16194320868087,"Converged",NA,0.8,0.2
623,-2.00884500436481,1.77186913200663,-0.072010382319035,"Converged",NA,0.8,0.2
624,-1.94131168846592,1.96860189805553,-0.121093633777068,"Converged",NA,0.8,0.2
625,-2.3950711854281,3.77401464666341,-0.102999562103845,"Converged",NA,0.8,0.2
626,-1.99096125872273,1.72231447846582,-0.0722276217250209,"Converged",NA,0.8,0.2
627,-2.31009898953664,3.25135218258251,-0.12438982197808,"Converged",NA,0.8,0.2
628,-1.83228297221043,-0.193653490917017,0.00856912297701247,"Converged",NA,0.8,0.2
629,-2.42302299783547,3.08539277814954,-0.0940838477029093,"Converged",NA,0.8,0.2
630,-2.03751800376873,2.52668483792619,-0.123767112543948,"Converged",NA,0.8,0.2
631,-1.26546690890387,0.543910947203595,-0.139785638034279,"Converged",NA,0.8,0.2
632,-2.03234217760463,1.53942369675729,-0.0595268409769204,"Converged",NA,0.8,0.2
633,-2.8250619337281,4.33079438471582,-0.0868865286511172,"Converged",NA,0.8,0.2
634,-2.15003844819725,2.86805814687791,-0.0957154042469084,"Converged",NA,0.8,0.2
635,-2.33132220612174,3.19762535965817,-0.139472964858638,"Converged",NA,0.8,0.2
636,-2.23972061988205,2.19039821223862,-0.0660068340977397,"Converged",NA,0.8,0.2
637,-1.36274221055057,1.10254983830892,-0.155593613138139,"Converged",NA,0.8,0.2
638,-1.97170524721582,1.25884273409358,-0.0667775086488428,"Converged",NA,0.8,0.2
639,-1.47285192623228,1.32593056738981,-0.16128757010037,"Converged",NA,0.8,0.2
640,-1.34812846890687,0.625447925096091,-0.124724928579588,"Converged",NA,0.8,0.2
641,-0.767665005147869,-1.03345398846885,-0.152974134321598,"Converged",NA,0.8,0.2
642,-1.76543590408779,1.76602752527447,-0.135414994615004,"Converged",NA,0.8,0.2
643,-2.6212242197589,3.96032262469398,-0.0990486914072699,"Converged",NA,0.8,0.2
644,-2.65928188032064,4.52138874109107,-0.136091937339027,"Converged",NA,0.8,0.2
645,-1.73445409898325,0.591691387801932,-0.0666922050670237,"Converged",NA,0.8,0.2
646,-2.90874103113106,4.49845784217927,-0.0938954827162527,"Converged",NA,0.8,0.2
647,-2.89745068153165,4.00700821972904,-0.0308898090350307,"Converged",NA,0.8,0.2
648,-2.54007976508648,3.3596603658563,-0.122095409453943,"Converged",NA,0.8,0.2
649,-2.30433703575982,3.72299278142978,-0.143995258512734,"Converged",NA,0.8,0.2
650,-1.73607298749873,1.23174185648255,-0.108230762004211,"Converged",NA,0.8,0.2
651,-2.05911730014542,1.96572178121769,-0.0764813815222034,"Converged",NA,0.8,0.2
652,-2.25496153808865,2.65635032694016,-0.0806072059800169,"Converged",NA,0.8,0.2
653,-1.61542883846202,1.32822400456878,-0.115967712028219,"Converged",NA,0.8,0.2
654,-2.38250119140634,3.37710207924952,-0.112984907192427,"Converged",NA,0.8,0.2
655,-2.44823344068962,3.04855046516205,-0.0801980336815594,"Converged",NA,0.8,0.2
656,-2.62408177635603,3.99317314887216,-0.0817636928574518,"Converged",NA,0.8,0.2
657,-2.46198283318268,3.29049195758847,-0.0506851626017527,"Converged",NA,0.8,0.2
658,-0.968635542537785,-0.4484270808381,-0.13911458966992,"Converged",NA,0.8,0.2
659,-2.15312659548035,2.05174144901999,-0.0448288367074644,"Converged",NA,0.8,0.2
660,-2.69603875041324,3.45651643119235,-0.0751011918450464,"Converged",NA,0.8,0.2
661,-2.42337661811522,2.83858276527244,-0.0712139832417819,"Converged",NA,0.8,0.2
662,-1.69727899128951,2.39360423912959,-0.165558426031555,"Converged",NA,0.8,0.2
663,-1.25465397638762,-0.640524591744222,-0.0834553039341173,"Converged",NA,0.8,0.2
664,-2.18157041595171,4.42862527767493,-0.198386484529236,"Converged",NA,0.8,0.2
665,-1.73551506723335,1.12194382939051,-0.10107063351726,"Converged",NA,0.8,0.2
666,-1.64684613743497,1.43410001092687,-0.134593200267106,"Converged",NA,0.8,0.2
667,-1.10025161912431,0.0128632554444744,-0.180206976600745,"Converged",NA,0.8,0.2
668,-1.81090271824433,2.77242854396568,-0.181294917704249,"Converged",NA,0.8,0.2
669,-1.63789114444141,1.29305884775803,-0.113866828239763,"Converged",NA,0.8,0.2
670,-2.05457618202048,2.01697074364536,-0.105750278480557,"Converged",NA,0.8,0.2
671,-2.39479057126234,2.59894883892965,-0.0639218654852746,"Converged",NA,0.8,0.2
672,-2.61986435288077,2.99839138492055,-0.0690000437817474,"Converged",NA,0.8,0.2
673,-2.3649124469948,2.96841751908121,-0.0729994896130081,"Converged",NA,0.8,0.2
674,-1.73663646982353,1.64825253104266,-0.10804141736892,"Converged",NA,0.8,0.2
675,-1.71789648555078,1.44786369702862,-0.141685647348807,"Converged",NA,0.8,0.2
676,-1.10629617620051,-1.54213647309898,-0.0381661233073587,"Converged",NA,0.8,0.2
677,-2.52605723076426,4.21389546350249,-0.14319655809981,"Converged",NA,0.8,0.2
678,-2.55218024035422,2.92265114458869,-0.059741073301574,"Converged",NA,0.8,0.2
679,-1.88000841700839,2.07953747267498,-0.118147939015217,"Converged",NA,0.8,0.2
680,-2.08579777197634,3.07714705208709,-0.137147318407835,"Converged",NA,0.8,0.2
681,-1.68845291356942,2.07395080560878,-0.157523011234251,"Converged",NA,0.8,0.2
682,-2.16006893158611,1.53424401288382,-0.0172503145169861,"Converged",NA,0.8,0.2
683,-2.65975712087327,3.7069058445455,-0.0922119261605896,"Converged",NA,0.8,0.2
684,-1.27515464721087,-0.172617455303893,-0.105108633524069,"Converged",NA,0.8,0.2
685,-1.4382753730118,0.982508203625765,-0.144306308473329,"Converged",NA,0.8,0.2
686,-1.72105930540925,2.10458183648285,-0.127572703697774,"Converged",NA,0.8,0.2
687,-2.68542925709064,4.27934665190471,-0.109246762492347,"Converged",NA,0.8,0.2
688,-1.94697579785926,1.39208499659071,-0.0817098061085136,"Converged",NA,0.8,0.2
689,-1.03663530825702,-0.926186277736584,-0.0881085391478449,"Converged",NA,0.8,0.2
690,-2.13675910706904,1.40295792831244,-0.0393731485834826,"Converged",NA,0.8,0.2
691,-1.62176487984021,0.887131884065024,-0.117453298921622,"Converged",NA,0.8,0.2
692,-1.87861310480159,1.3718643485391,-0.0921488894181381,"Converged",NA,0.8,0.2
693,-1.61213587930819,1.46003585986601,-0.112721003691033,"Converged",NA,0.8,0.2
694,-1.94071476960704,2.36117252583308,-0.180761660097599,"Converged",NA,0.8,0.2
695,-1.53486205577475,0.32795632719178,-0.101346614910374,"Converged",NA,0.8,0.2
696,-1.823027186241,2.49146573417405,-0.151977264909739,"Converged",NA,0.8,0.2
697,-2.28403561770222,2.10020869316542,-0.0425921733695164,"Converged",NA,0.8,0.2
698,-2.36973067120396,2.91333019158627,-0.0637744751277765,"Converged",NA,0.8,0.2
699,-2.42689761906746,3.14912212958001,-0.127193496785613,"Converged",NA,0.8,0.2
700,-2.00061779650529,2.614412642691,-0.116274047823603,"Converged",TRUE,0.8,0.2
701,-2.40735303631464,3.27042941549908,-0.129062124717485,"Converged",NA,0.8,0.2
702,-2.68038211462926,4.24906368668065,-0.1005904290177,"Converged",NA,0.8,0.2
703,-2.43206187534582,3.39091998868019,-0.072201089708746,"Converged",NA,0.8,0.2
704,-1.733479530859,1.32423675228377,-0.0764937443922337,"Converged",NA,0.8,0.2
705,-2.67714791406796,3.77437324313705,-0.0507163852563061,"Converged",NA,0.8,0.2
706,-1.72327347681986,1.82787825338715,-0.125053668738125,"Converged",NA,0.8,0.2
707,-1.79774201452992,1.08954756733391,-0.0748867032400493,"Converged",NA,0.8,0.2
708,-2.04844987292861,1.41163698416349,-0.076367925271734,"Converged",NA,0.8,0.2
709,-1.72632057039666,1.02827313654665,-0.10621134496435,"Converged",NA,0.8,0.2
710,-1.19927977256662,0.483071742538579,-0.173456942690081,"Converged",NA,0.8,0.2
711,-2.42962817494739,3.67495348256275,-0.129214487002745,"Converged",NA,0.8,0.2
712,-2.21728232638195,3.80029945572869,-0.185709737141692,"Converged",NA,0.8,0.2
713,-1.89602216968263,1.14552622643162,-0.0361363353757833,"Converged",NA,0.8,0.2
714,-2.00672891742676,1.11758449955129,-0.0397130341043585,"Converged",TRUE,0.8,0.2
715,-1.89534794091929,1.56876169168086,-0.0866215292179664,"Converged",NA,0.8,0.2
716,-1.60580279415028,0.42841041737999,-0.0770694932059952,"Converged",NA,0.8,0.2
717,-2.48600279868483,3.28393721488132,-0.133654500670283,"Converged",NA,0.8,0.2
718,-2.81236100868064,3.70285190006234,-0.0765361505778926,"Converged",NA,0.8,0.2
719,-0.437962228239483,-2.04104449548465,-0.146769735725096,"Converged",NA,0.8,0.2
720,-1.25968697030484,0.361161425810013,-0.130632454501761,"Converged",NA,0.8,0.2
721,-1.49715422402946,1.18881471001506,-0.12418718205591,"Converged",NA,0.8,0.2
722,-3.43352271917516,5.03529841536335,-0.0435506653513396,"Converged",NA,0.8,0.2
723,-1.79321274167065,1.20684113691199,-0.081443217015549,"Converged",NA,0.8,0.2
724,-1.85797193719411,1.78339302621714,-0.0967296774572052,"Converged",NA,0.8,0.2
725,-2.16895007701802,3.03243917791459,-0.106264981086549,"Converged",NA,0.8,0.2
726,-1.67223651446114,0.521946305831848,-0.0520746776943019,"Converged",NA,0.8,0.2
727,-2.11911225885516,2.57095327073012,-0.0700199764509023,"Converged",NA,0.8,0.2
728,-1.85288611120253,2.35439703018173,-0.129838050276646,"Converged",NA,0.8,0.2
729,-2.05977862906675,2.27222731282682,-0.0909215052312757,"Converged",NA,0.8,0.2
730,-2.65512962980259,3.94173666837788,-0.0918521335449808,"Converged",NA,0.8,0.2
731,-1.13861159452761,-0.15314818877465,-0.11543422506289,"Converged",NA,0.8,0.2
732,-2.03662528039814,2.66927328955926,-0.110432356918326,"Converged",NA,0.8,0.2
733,-1.94366378303461,2.36154800847764,-0.132260988087644,"Converged",NA,0.8,0.2
734,-1.54884253108081,0.485682725136972,-0.0622271214131441,"Converged",NA,0.8,0.2
735,-2.46721598455135,3.65865135203626,-0.0961900852570233,"Converged",NA,0.8,0.2
736,-2.25451959958256,3.06494779086276,-0.110657530166114,"Converged",NA,0.8,0.2
737,-1.40367284615918,-0.238637622040804,-0.042153888702469,"Converged",NA,0.8,0.2
738,-1.53905146675912,0.929394169792667,-0.131068012400117,"Converged",NA,0.8,0.2
739,-1.58148280044086,0.413854969390056,-0.0890306299764697,"Converged",NA,0.8,0.2
740,-1.34649551945884,0.679565284805523,-0.135010842393813,"Converged",NA,0.8,0.2
741,-2.4004160442463,3.1674174869995,-0.0924692067396406,"Converged",NA,0.8,0.2
742,-1.17969921449804,-0.024230694270329,-0.10593721365239,"Converged",NA,0.8,0.2
743,-1.32367088108875,0.86438123118967,-0.18135393331093,"Converged",NA,0.8,0.2
744,-2.82846539230042,4.10087035335632,-0.0788461863424007,"Converged",NA,0.8,0.2
745,-1.5823716831577,1.08419244889414,-0.118793698759291,"Converged",NA,0.8,0.2
746,-2.11612304603808,1.78200555204965,-0.040215284491631,"Converged",NA,0.8,0.2
747,-2.30264320102074,3.19697448998404,-0.105514012616753,"Converged",NA,0.8,0.2
748,-1.83359462838046,2.11806784450804,-0.146234024437872,"Converged",NA,0.8,0.2
749,-1.83998324546658,1.23412677282582,-0.092607811985724,"Converged",NA,0.8,0.2
750,-1.19521325110652,-0.931294274234165,-0.0564057144287598,"Converged",TRUE,0.8,0.2
751,-2.45095393915555,2.97385756272438,-0.0650856512702852,"Converged",NA,0.8,0.2
752,-1.57590961751388,0.712585339560075,-0.0880565503801285,"Converged",NA,0.8,0.2
753,-1.42254643611864,0.38449019786761,-0.0702151113915712,"Converged",NA,0.8,0.2
754,-1.40968381984789,0.838323996089676,-0.131719225100162,"Converged",NA,0.8,0.2
755,-2.80494836187265,3.4396367116042,-0.0535680928574109,"Converged",NA,0.8,0.2
756,-1.96085217177722,1.73293244401609,-0.0841108707133466,"Converged",NA,0.8,0.2
757,-1.32646074894677,0.382415390924494,-0.16566168979385,"Converged",NA,0.8,0.2
758,-1.72653105796473,1.79888112236642,-0.126966165753673,"Converged",NA,0.8,0.2
759,-2.57918974757183,4.48396068832056,-0.13805548397224,"Converged",NA,0.8,0.2
760,-2.02848179047967,1.98866683957774,-0.089514739250909,"Converged",NA,0.8,0.2
761,-1.99704899753349,1.72977047972101,-0.0707603580655115,"Converged",NA,0.8,0.2
762,-1.68252675663183,2.02233198216788,-0.169846561776527,"Converged",NA,0.8,0.2
763,-2.88724700224694,4.70396764416267,-0.0863436990748137,"Converged",NA,0.8,0.2
764,-0.250381021221169,-3.93976501408333,-0.0454557533745042,"Converged",NA,0.8,0.2
765,-2.34381020216211,2.56333274304607,-0.0576565063236562,"Converged",NA,0.8,0.2
766,-1.27574687298986,-0.189193036738016,-0.101645121961845,"Converged",NA,0.8,0.2
767,-2.50116165507977,2.51044715314676,-0.0280959233363248,"Converged",NA,0.8,0.2
768,-1.87806071550592,2.60795898452387,-0.187444882902254,"Converged",NA,0.8,0.2
769,-1.72574690070468,1.00868392766328,-0.0598455550222707,"Converged",NA,0.8,0.2
770,-1.39602819660536,-0.782878765887291,-0.0468912569355618,"Converged",NA,0.8,0.2
771,-1.40868749534578,0.944740683574222,-0.131251237389231,"Converged",NA,0.8,0.2
772,-2.626913067355,4.05173669008669,-0.0708115054907786,"Converged",NA,0.8,0.2
773,-2.38499845070939,3.06262872724475,-0.0900844704356045,"Converged",NA,0.8,0.2
774,-1.55150381222334,0.290840065373047,-0.0701641422898109,"Converged",NA,0.8,0.2
775,-0.6287865153036,-1.43727331367799,-0.12382774270663,"Converged",NA,0.8,0.2
776,-1.73224118839068,2.09297052174622,-0.165517327020041,"Converged",NA,0.8,0.2
777,-2.11369162070816,1.56219058223523,-0.0694915589826208,"Converged",NA,0.8,0.2
778,-2.18528921947437,1.98609047649307,-0.0487967886155581,"Converged",NA,0.8,0.2
779,-2.02937282040742,2.8831638661306,-0.117485947034342,"Converged",NA,0.8,0.2
780,-1.63999142517077,1.17405032691483,-0.110514959325011,"Converged",NA,0.8,0.2
781,-1.73140743678411,0.55688594539672,-0.0912432912529891,"Converged",NA,0.8,0.2
782,-2.6926294279948,3.88871420862123,-0.0833071617892505,"Converged",NA,0.8,0.2
783,-2.90108469572208,4.29467884375014,-0.0884278612205072,"Converged",NA,0.8,0.2
784,-2.53053673615844,3.98773215826122,-0.109951313090631,"Converged",NA,0.8,0.2
785,-2.12379953558883,2.07674462937849,-0.055939581887276,"Converged",NA,0.8,0.2
786,-1.9432586141286,1.04942355744306,-0.0550681155730277,"Converged",NA,0.8,0.2
787,-1.7216615455716,1.52268839006425,-0.0932033172730783,"Converged",NA,0.8,0.2
788,-1.85583460122456,2.49389428180255,-0.147620120557251,"Converged",NA,0.8,0.2
789,-2.33731015677844,3.57130692631151,-0.109056094457522,"Converged",NA,0.8,0.2
790,-1.99557011179823,1.64302973933176,-0.0544973251493736,"Converged",NA,0.8,0.2
791,-2.2549473701823,3.13331829576562,-0.0887308751375836,"Converged",NA,0.8,0.2
792,-2.69679607653545,3.40595194593098,-0.0384935086912467,"Converged",NA,0.8,0.2
793,-1.4810819402999,0.182917170025648,-0.0816929727853171,"Converged",NA,0.8,0.2
794,-0.906449710703841,-0.421199228467094,-0.147611003565522,"Converged",NA,0.8,0.2
795,-1.56480444265577,0.52597130609694,-0.109511272041981,"Converged",NA,0.8,0.2
796,-2.25629834432282,2.85039509328855,-0.0646899671114417,"Converged",NA,0.8,0.2
797,-2.23376678449716,2.52752245709576,-0.0443278771275227,"Converged",NA,0.8,0.2
798,-1.15948552686067,0.613274537893388,-0.170417171513971,"Converged",NA,0.8,0.2
799,-1.89405713976048,1.58181909600953,-0.0737994841427479,"Converged",NA,0.8,0.2
800,-2.93965808500035,5.01899298661263,-0.0821851728294046,"Converged",NA,0.8,0.2
801,-2.02208345807277,2.06655590793221,-0.0786715305068697,"Converged",NA,0.8,0.2
802,-2.55025292263012,3.65056666933071,-0.113999049463905,"Converged",NA,0.8,0.2
803,-2.30576820614337,3.77640890548753,-0.121779553636508,"Converged",NA,0.8,0.2
804,-3.31644865260496,5.88487363827307,-0.127593099115156,"Converged",NA,0.8,0.2
805,-1.37878025864917,0.694144524229356,-0.125977579049525,"Converged",NA,0.8,0.2
806,-1.87777762100356,1.87455393841739,-0.113150146970532,"Converged",NA,0.8,0.2
807,-2.01547600121993,2.48786808698064,-0.120505522092899,"Converged",NA,0.8,0.2
808,-1.41836496147136,0.856567657583162,-0.132103354097391,"Converged",NA,0.8,0.2
809,-1.11603165676321,-0.968035058819036,-0.118741334214112,"Converged",NA,0.8,0.2
810,-1.33030785459996,0.667193535478458,-0.132690431281273,"Converged",NA,0.8,0.2
811,-1.89256540041497,2.06095803865848,-0.134370559641367,"Converged",NA,0.8,0.2
812,-1.99629533989694,2.28378186436143,-0.138626189711389,"Converged",NA,0.8,0.2
813,-1.47482088330334,0.544890799272866,-0.125504237189003,"Converged",NA,0.8,0.2
814,-1.88311817427073,0.870922663881089,-0.0414913277126057,"Converged",NA,0.8,0.2
815,-1.72782214693722,0.991712144518487,-0.0519305400649565,"Converged",NA,0.8,0.2
816,-1.81239248964603,2.52635293793189,-0.165199971739608,"Converged",NA,0.8,0.2
817,-2.49000574885026,3.2154004938129,-0.0668241256891793,"Converged",NA,0.8,0.2
818,-1.8434109134674,3.28638901819764,-0.202784022387381,"Converged",NA,0.8,0.2
819,-2.54867731137498,2.58825714632793,-0.0109646738947921,"Converged",NA,0.8,0.2
820,-2.21010339764997,2.00066528870791,-0.057251431893807,"Converged",NA,0.8,0.2
821,-1.98415694181537,2.25341295784725,-0.0734949486156424,"Converged",NA,0.8,0.2
822,-2.02750151120613,1.78263111224604,-0.0849609537653919,"Converged",NA,0.8,0.2
823,-2.09450581908111,2.8337514036247,-0.150241665321836,"Converged",NA,0.8,0.2
824,-1.36458096002623,0.277398685138295,-0.114087051644815,"Converged",NA,0.8,0.2
825,-2.27612383750261,2.70615676601747,-0.106749350805364,"Converged",NA,0.8,0.2
826,-2.00580076453456,2.23629345449462,-0.11759263439092,"Converged",NA,0.8,0.2
827,-1.05814420461213,-1.43882784172124,-0.0683779189339064,"Converged",NA,0.8,0.2
828,-2.42302711509494,3.30856181213497,-0.106749956786148,"Converged",NA,0.8,0.2
829,-2.24385635616102,3.7344257573512,-0.169530922828245,"Converged",NA,0.8,0.2
830,-1.95834572181961,0.61799998491515,-0.0232336658237713,"Converged",NA,0.8,0.2
831,-2.27933037956378,2.16445160778675,-0.0607418121069326,"Converged",NA,0.8,0.2
832,-1.43902104843727,-0.37956212729861,-0.0298433187350045,"Converged",NA,0.8,0.2
833,-2.15323899288982,3.09873290033858,-0.0985112323133484,"Converged",NA,0.8,0.2
834,-2.2811661354409,3.2783482323143,-0.143574082696077,"Converged",NA,0.8,0.2
835,-2.00911381668596,2.060473092957,-0.10444381134104,"Converged",NA,0.8,0.2
836,-1.65737863371483,0.816310507709329,-0.0928449659316027,"Converged",NA,0.8,0.2
837,NA,NA,NA,"MAX_ITER reached",NA,0.8,0.2
838,-2.07861263197743,2.90375373413222,-0.146545366624523,"Converged",NA,0.8,0.2
839,-2.13074805232292,2.46404326862271,-0.0868794683335045,"Converged",NA,0.8,0.2
840,-2.11625657665677,1.30240025614867,-0.0138269569979205,"Converged",NA,0.8,0.2
841,-2.6237556355996,3.05614700807366,-0.0352882741959316,"Converged",NA,0.8,0.2
842,-2.11879627581881,2.60375300779257,-0.13161575224413,"Converged",NA,0.8,0.2
843,-1.48258015847928,0.468815767575434,-0.0854530844450888,"Converged",NA,0.8,0.2
844,-2.14736249270778,2.6900965822793,-0.102175948530875,"Converged",NA,0.8,0.2
845,-2.08252091508866,2.0550411203886,-0.0773740151794251,"Converged",NA,0.8,0.2
846,-2.23576503213952,2.8564525426855,-0.101169926359245,"Converged",NA,0.8,0.2
847,-2.46850783577686,3.38342480750949,-0.0925196756311443,"Converged",NA,0.8,0.2
848,-3.54592070771371,7.16306072303131,-0.114286628466705,"Converged",NA,0.8,0.2
849,-1.73347187395547,1.23246070270404,-0.124448891183251,"Converged",NA,0.8,0.2
850,-1.84178705339091,1.90255363130428,-0.123134191512423,"Converged",NA,0.8,0.2
851,-0.46765722717248,-2.06422448366274,-0.133026878866165,"Converged",NA,0.8,0.2
852,-1.73064137010262,1.28643970220862,-0.0986667327234051,"Converged",NA,0.8,0.2
853,-1.99675196295391,2.75118227279728,-0.103490687226615,"Converged",NA,0.8,0.2
854,-2.19840395795998,3.25454400132416,-0.163587472156976,"Converged",NA,0.8,0.2
855,-2.08592121948879,1.92007007953085,-0.0762712155054362,"Converged",NA,0.8,0.2
856,-1.63225896087312,0.486102099118116,-0.0474496997386582,"Converged",NA,0.8,0.2
857,-1.69022399853717,1.25165735057623,-0.124486409811911,"Converged",NA,0.8,0.2
858,-1.90909979362414,0.780426220413789,-0.0314902457108493,"Converged",NA,0.8,0.2
859,-2.37355593932423,1.99682757683534,-0.0383253857850939,"Converged",NA,0.8,0.2
860,-2.41714462730734,3.65617677103413,-0.128438096061603,"Converged",NA,0.8,0.2
861,-1.56004637395418,1.05590538502658,-0.137891089761489,"Converged",NA,0.8,0.2
862,-1.00615739186128,-0.655318537421113,-0.115400109641378,"Converged",NA,0.8,0.2
863,-0.749659530754009,-1.00735754868448,-0.154017040873927,"Converged",NA,0.8,0.2
864,-2.01969886465249,2.85500976316212,-0.107647946985337,"Converged",NA,0.8,0.2
865,-1.65959632123645,1.19135954209246,-0.0616299932954058,"Converged",NA,0.8,0.2
866,-2.2043270528509,2.30973895576982,-0.0882631934488207,"Converged",NA,0.8,0.2
867,-2.09939691857515,2.90944750269094,-0.142188111090014,"Converged",NA,0.8,0.2
868,-2.55462421599963,3.86848279845955,-0.110546300871065,"Converged",NA,0.8,0.2
869,-1.61206389170956,1.34937685649421,-0.124327376744109,"Converged",NA,0.8,0.2
870,-2.18250382574775,2.69692792019506,-0.106922579382446,"Converged",NA,0.8,0.2
871,-2.60336635653789,3.79562113628629,-0.102653099969742,"Converged",NA,0.8,0.2
872,-2.00566311968471,2.46196854318629,-0.0755862579304119,"Converged",NA,0.8,0.2
873,-2.5638739107384,3.2135628941403,-0.0669837502955947,"Converged",NA,0.8,0.2
874,-2.27305123193036,1.41240575203161,-0.0286605991401335,"Converged",NA,0.8,0.2
875,-2.10654891318465,1.94485441661009,-0.0745602410511434,"Converged",NA,0.8,0.2
876,-1.32514959005258,-0.35818549553213,-0.0908357152584881,"Converged",NA,0.8,0.2
877,-2.45464141002705,2.5308485845272,-0.033631426872918,"Converged",NA,0.8,0.2
878,-2.00990218768028,2.97296369654292,-0.151637423941852,"Converged",NA,0.8,0.2
879,-2.45290124444134,3.0501598233372,-0.0635959891694328,"Converged",NA,0.8,0.2
880,-2.57525817702104,4.1614713298811,-0.126418677604674,"Converged",NA,0.8,0.2
881,-2.67941071137855,3.19365956978783,-0.0626503513865615,"Converged",NA,0.8,0.2
882,-1.80847686117647,1.29897761505132,-0.0936130282467775,"Converged",NA,0.8,0.2
883,-2.79987788006319,3.05805793809476,-0.0324099758551092,"Converged",NA,0.8,0.2
884,-2.09756701341357,2.69765536723529,-0.102681431339821,"Converged",NA,0.8,0.2
885,-1.29225585567371,0.267864511845113,-0.107025499353519,"Converged",NA,0.8,0.2
886,-1.34575108301785,0.357315648268072,-0.156706737269356,"Converged",NA,0.8,0.2
887,-1.89405110244452,1.38087657651451,-0.0681768762930008,"Converged",NA,0.8,0.2
888,-1.66810669922702,0.549815543772636,-0.0779105561231132,"Converged",NA,0.8,0.2
889,-1.45617430514009,1.05186126975183,-0.135055526198325,"Converged",NA,0.8,0.2
890,-1.83281966251288,2.16211204149859,-0.138744266270356,"Converged",NA,0.8,0.2
891,-1.96253979081756,2.17664803641889,-0.152629941199753,"Converged",NA,0.8,0.2
892,-1.62732008949623,1.01447596942974,-0.0792398835069866,"Converged",NA,0.8,0.2
893,-0.573851604645229,-1.96803110131332,-0.106119990651349,"Converged",NA,0.8,0.2
894,-2.67652281638109,2.52998538827861,0.00873456427855929,"Converged",NA,0.8,0.2
895,-2.17414887825096,3.15245560833541,-0.134488065557131,"Converged",NA,0.8,0.2
896,-2.2787361939985,1.83740093767265,-0.041608671214246,"Converged",NA,0.8,0.2
897,-2.80729795630459,3.83199049440477,-0.00960800537314809,"Converged",NA,0.8,0.2
898,-2.20876645940082,3.05725725587051,-0.0951667324923759,"Converged",NA,0.8,0.2
899,-3.07192925684737,4.19880794322374,-0.0426581804401712,"Converged",NA,0.8,0.2
900,-2.29555749725701,3.71000464437571,-0.158327386105474,"Converged",NA,0.8,0.2
901,-2.49912804425267,2.55131939988196,-0.0264518234456057,"Converged",NA,0.8,0.2
902,-2.37223342297923,2.04425137875723,-0.0569561965677601,"Converged",NA,0.8,0.2
903,-2.14377638490675,3.13911189073126,-0.137822434281748,"Converged",NA,0.8,0.2
904,-1.84013503834863,1.15551375698283,-0.0640996556172989,"Converged",NA,0.8,0.2
905,-2.08407166220728,2.3454007756124,-0.0992938117717673,"Converged",NA,0.8,0.2
906,-2.04073950261574,1.65401177560135,-0.0637027135800637,"Converged",NA,0.8,0.2
907,-1.47990628724871,0.000713149464942518,-0.0413581152125947,"Converged",NA,0.8,0.2
908,-1.84725805863314,2.30639879723522,-0.180093274270608,"Converged",NA,0.8,0.2
909,-1.68429714807546,1.10697529328313,-0.107883503175784,"Converged",NA,0.8,0.2
910,-1.99454171226705,2.98206842160647,-0.156976026071109,"Converged",NA,0.8,0.2
911,-2.20811703506668,3.43794755183244,-0.151725925489944,"Converged",NA,0.8,0.2
912,-2.62283141415589,3.07519345781095,-0.0450859462234105,"Converged",NA,0.8,0.2
913,-2.06202139420679,2.66632892063747,-0.159723232596683,"Converged",NA,0.8,0.2
914,-1.36554616847855,-0.00457062556558821,-0.0940325978217207,"Converged",NA,0.8,0.2
915,-2.49532769112928,3.96474357510357,-0.113906440775523,"Converged",NA,0.8,0.2
916,-2.1421629587699,2.89379156771536,-0.104752906531192,"Converged",NA,0.8,0.2
917,-2.81122687787847,4.91619067370019,-0.129764233034528,"Converged",NA,0.8,0.2
918,-1.77020201264985,1.50294299724303,-0.124346333107633,"Converged",NA,0.8,0.2
919,-2.27388926527155,3.42037015125047,-0.133386176238138,"Converged",NA,0.8,0.2
920,-2.08445925055451,1.31805322059932,-0.083094398901128,"Converged",NA,0.8,0.2
921,-1.04153229037544,-0.905908808051599,-0.0817926493805579,"Converged",NA,0.8,0.2
922,-1.81015104986282,1.6231983691641,-0.107043896859257,"Converged",NA,0.8,0.2
923,-2.14208045861559,1.65918683624916,-0.0693878977894738,"Converged",NA,0.8,0.2
924,-2.38883947383668,2.86758981523246,-0.0570653742437167,"Converged",NA,0.8,0.2
925,-2.90905988783767,5.02974864031842,-0.0944699132157185,"Converged",NA,0.8,0.2
926,-2.60294105332269,3.43808129215472,-0.0785102643075782,"Converged",NA,0.8,0.2
927,-1.61420081341237,1.77796050846699,-0.1443328985478,"Converged",NA,0.8,0.2
928,-1.97716630164259,1.62892662696179,-0.0754931155013206,"Converged",NA,0.8,0.2
929,-1.39728020639833,1.18552630875304,-0.181458022787537,"Converged",NA,0.8,0.2
930,-2.11140120109078,1.73977202829902,-0.0425136904401813,"Converged",NA,0.8,0.2
931,-2.53100380708476,3.60772093335048,-0.0960339332977785,"Converged",NA,0.8,0.2
932,-1.58328764016422,0.99069178053897,-0.0835053884223491,"Converged",NA,0.8,0.2
933,-1.84835622092797,1.6170993966823,-0.11694162690909,"Converged",NA,0.8,0.2
934,-1.54610456723545,2.23144152918487,-0.20716571230658,"Converged",NA,0.8,0.2
935,-1.99648357177792,2.1618672467098,-0.107142024416345,"Converged",NA,0.8,0.2
936,-3.07683055706676,6.25842909139633,-0.159457256238813,"Converged",NA,0.8,0.2
937,-2.15477437473644,2.49456250773293,-0.0974897448188292,"Converged",NA,0.8,0.2
938,-1.04006015271204,-2.02704537598403,-0.029695798108101,"Converged",NA,0.8,0.2
939,-1.9809392449864,1.87046560861633,-0.0742183295082659,"Converged",NA,0.8,0.2
940,-2.14593024869659,3.26208498285309,-0.168420932122771,"Converged",NA,0.8,0.2
941,-1.94854641307101,2.10109104099047,-0.0920952384484102,"Converged",NA,0.8,0.2
942,-2.29351436174691,3.91534483154568,-0.170474763989574,"Converged",NA,0.8,0.2
943,-0.734878497624839,-0.701571174084608,-0.164003516453639,"Converged",NA,0.8,0.2
944,-2.73560521326216,2.97769525484259,-0.00565835913039563,"Converged",NA,0.8,0.2
945,-1.43206635919717,-0.144267839465579,-0.0609485607674229,"Converged",NA,0.8,0.2
946,-1.69875697718391,2.1853729124068,-0.167057221308462,"Converged",NA,0.8,0.2
947,-2.47508349279745,2.87717030109623,-0.0819674249296759,"Converged",NA,0.8,0.2
948,-1.30682926403719,0.366871048950298,-0.155777684137166,"Converged",NA,0.8,0.2
949,-1.55741616142,2.16703949615822,-0.189225355651159,"Converged",NA,0.8,0.2
950,-2.33463859584034,2.95323643934876,-0.0883325339702408,"Converged",NA,0.8,0.2
951,-2.24188148923699,3.10051716286406,-0.113473123084656,"Converged",NA,0.8,0.2
952,-1.52383051458959,1.04882806369596,-0.13812124241301,"Converged",NA,0.8,0.2
953,-1.69277840939404,1.24158261057264,-0.124105098295513,"Converged",NA,0.8,0.2
954,-1.9435253705241,1.41563367035565,-0.0521086792488162,"Converged",NA,0.8,0.2
955,-2.18764507595209,2.01739898470794,-0.0447234596295021,"Converged",NA,0.8,0.2
956,-2.16601090943209,3.29523017377955,-0.147873745343905,"Converged",NA,0.8,0.2
957,-2.16618727131454,2.01374614884389,-0.0326287272555529,"Converged",NA,0.8,0.2
958,-2.14301012688692,2.48134090922774,-0.091914117567179,"Converged",NA,0.8,0.2
959,-2.20629386357861,2.98899433962631,-0.152798468733296,"Converged",NA,0.8,0.2
960,-2.22583206747826,3.14963975686453,-0.112724630461332,"Converged",NA,0.8,0.2
961,-1.79666117722413,1.83764711982652,-0.106886396468717,"Converged",NA,0.8,0.2
962,-2.05252990534934,1.9344350900954,-0.0869242263279705,"Converged",NA,0.8,0.2
963,-2.92390248669867,3.85538681846027,-0.0682243177843335,"Converged",NA,0.8,0.2
964,-1.47167526968137,0.382720762566111,-0.0673984000246264,"Converged",NA,0.8,0.2
965,-1.19919111439568,0.346982423365001,-0.139479363649134,"Converged",NA,0.8,0.2
966,-2.50159626910001,3.38729224824607,-0.0578390415352811,"Converged",NA,0.8,0.2
967,-1.35986706106269,-0.0205905901510767,-0.111857559072226,"Converged",NA,0.8,0.2
968,-1.90281683485722,1.97082798963488,-0.111120287214247,"Converged",NA,0.8,0.2
969,-1.72219985571039,1.2167723268267,-0.110174689620049,"Converged",NA,0.8,0.2
970,-2.00771936940328,2.4007909353796,-0.141604761477161,"Converged",NA,0.8,0.2
971,-1.19224715976528,-0.849912643452775,-0.0759770143897863,"Converged",NA,0.8,0.2
972,-1.99114774114554,1.9197771759767,-0.0870533401430581,"Converged",NA,0.8,0.2
973,-2.15891539884935,2.43645008773555,-0.0916908671340699,"Converged",NA,0.8,0.2
974,-2.76012721144866,2.15815442304832,-0.00222475367458294,"Converged",NA,0.8,0.2
975,-1.79435510939422,2.01697880181235,-0.135395251643202,"Converged",NA,0.8,0.2
976,-2.94465976386645,4.24304125711287,-0.0905511927519883,"Converged",NA,0.8,0.2
977,-2.222853411458,2.27040814786854,-0.0962859494833339,"Converged",NA,0.8,0.2
978,-2.12911581440761,2.55827236791261,-0.0954000824232328,"Converged",NA,0.8,0.2
979,-1.93848170245064,2.1209729144076,-0.107608325042626,"Converged",NA,0.8,0.2
980,-1.20296780738236,0.0607060524602381,-0.104613674340882,"Converged",NA,0.8,0.2
981,-2.1120162273419,2.84430928968947,-0.109724193475353,"Converged",NA,0.8,0.2
982,-2.17765651735242,2.81519081783206,-0.107849140862363,"Converged",NA,0.8,0.2
983,-3.21859032978291,5.52443732411938,-0.0857920882824771,"Converged",NA,0.8,0.2
984,-1.42422474457755,1.14754262724227,-0.185538491612597,"Converged",NA,0.8,0.2
985,-1.23825758831189,0.465962733549351,-0.138249532006784,"Converged",NA,0.8,0.2
986,-2.28834454335171,2.2076528790514,-0.0459196352028805,"Converged",NA,0.8,0.2
987,-2.6645449889381,3.87611928595141,-0.0693602942184584,"Converged",NA,0.8,0.2
988,-2.09031355560231,2.0811994758291,-0.0807114997650775,"Converged",NA,0.8,0.2
989,-2.26117880268945,2.90638247008438,-0.109589101558168,"Converged",NA,0.8,0.2
990,-2.37909858685508,3.8898195473434,-0.163631598254989,"Converged",NA,0.8,0.2
991,-2.27543439734296,2.97570450331548,-0.100558048448912,"Converged",NA,0.8,0.2
992,-2.44276447557727,3.09822858010521,-0.0565804695033915,"Converged",NA,0.8,0.2
993,-2.13653114207866,2.93788998230317,-0.068838606470034,"Converged",NA,0.8,0.2
994,-0.991243589220092,-0.651234723800415,-0.0991402026287429,"Converged",NA,0.8,0.2
995,-1.22485856690926,-0.62565291599855,-0.0844748551731029,"Converged",NA,0.8,0.2
996,-1.44641644278592,0.647598965677764,-0.125974026647427,"Converged",NA,0.8,0.2
997,-2.30813768842098,1.84838827879439,-0.0272692202710102,"Converged",NA,0.8,0.2
998,-2.37262476671957,3.95515562161683,-0.128466360941939,"Converged",NA,0.8,0.2
999,-2.68430539567004,2.61380350417718,0.00277222302941483,"Converged",NA,0.8,0.2
1000,-2.5523119225946,3.96451520897171,-0.0871618307334345,"Converged",NA,0.8,0.2
