"sim","q","beta0","beta1","beta2","conv_msg","resampled_V","des_n00","des_n01","des_n10","des_n11","wave1est","tpr","fpr"
1,0.1,-2.05250165790463,0.0358963351263721,0.106815290860882,"Converged",FALSE,19,27,22,32,"MLE",0.99,0.01
1,0.25,NA,NA,NA,"Singular information",FALSE,NA,NA,NA,NA,NA,0.99,0.01
1,0.5,-2.00185770077964,0.021526372641282,0.107143031982897,"Converged",FALSE,20,28,13,39,"MLE",0.99,0.01
1,0.75,-2.07638140822243,0.0437601141143409,0.106937846661557,"Converged",FALSE,38,20,19,23,"MLE",0.99,0.01
1,0.9,-1.91158594786668,-0.00761526455839032,0.107652214802229,"Converged",FALSE,39,24,16,21,"MLE",0.99,0.01
2,0.1,-2.38370618509502,0.121877297843844,0.110849326819296,"Converged",FALSE,29,23,22,26,"MLE",0.99,0.01
2,0.25,-2.59572881269532,0.190795883414548,0.11064330507005,"Converged",FALSE,21,22,21,36,"MLE",0.99,0.01
2,0.5,-2.4723232650884,0.152001469525599,0.112679558198949,"Converged",FALSE,49,12,27,12,"CC",0.99,0.01
2,0.75,NA,NA,NA,"B-spline error",FALSE,34,22,27,17,"MLE",0.99,0.01
2,0.9,-2.38671168876365,0.115131621463347,0.112067343562384,"Converged",FALSE,32,22,22,24,"MLE",0.99,0.01
3,0.1,-2.19361727675925,0.12762676476477,0.0980847000971061,"Converged",FALSE,21,28,16,35,"MLE",0.99,0.01
3,0.25,-1.92286528012522,0.0387495551347325,0.0945866249094218,"Converged",FALSE,41,7,42,10,"MLE",0.99,0.01
3,0.5,-1.91834762250637,0.0368853370628368,0.0944298674936783,"Converged",FALSE,38,12,38,12,"MLE",0.99,0.01
3,0.75,-2.35491304053301,0.160395911829328,0.0987711913805655,"Converged",FALSE,31,22,25,22,"MLE",0.99,0.01
3,0.9,NA,NA,NA,"Singular information",FALSE,NA,NA,NA,NA,NA,0.99,0.01
4,0.1,-1.91890140770683,-0.0310379624063834,0.108799350344729,"Converged",FALSE,21,29,22,28,"MLE",0.99,0.01
4,0.25,-1.88690477866867,-0.0396269764575054,0.108839493640416,"Converged",FALSE,16,35,16,33,"MLE",0.99,0.01
4,0.5,-1.93352451094508,-0.0266227212285209,0.108809040108712,"Converged",FALSE,33,12,43,12,"MLE",0.99,0.01
4,0.75,-1.97656191459734,-0.0124491158067393,0.108847138199161,"Converged",FALSE,34,24,21,21,"MLE",0.99,0.01
4,0.9,-1.81395925486058,-0.0692824391495916,0.108661466633547,"Converged",FALSE,19,38,16,27,"CC",0.99,0.01
5,0.1,-2.13495150929082,0.0511779086635701,0.0986175741790758,"Converged",FALSE,45,5,44,6,"MLE",0.99,0.01
5,0.25,-2.05188199497763,0.0236679725633348,0.098022813485397,"Converged",FALSE,38,8,32,22,"MLE",0.99,0.01
5,0.5,-2.1845429664028,0.0685455378221077,0.0982714969496259,"Converged",FALSE,36,12,40,12,"MLE",0.99,0.01
5,0.75,-2.14332658423113,0.0523502448753676,0.0981756173647978,"Converged",FALSE,27,24,26,23,"MLE",0.99,0.01
5,0.9,-2.18840551969653,0.0650156172303418,0.0985851294894379,"Converged",FALSE,36,30,8,26,"MLE",0.99,0.01
6,0.1,-2.3076494835278,0.0501121166840471,0.131951116096591,"Converged",FALSE,23,24,21,32,"MLE",0.99,0.01
6,0.25,-2.23416704291293,0.029595692389513,0.132531995150435,"Converged",FALSE,41,6,46,7,"MLE",0.99,0.01
6,0.5,-1.84783035869941,-0.100626601174898,0.135667747250837,"Converged",FALSE,40,12,36,12,"MLE",0.99,0.01
6,0.75,-2.00116571799949,-0.0502035037487516,0.134972264751951,"Converged",FALSE,35,17,26,22,"MLE",0.99,0.01
6,0.9,-2.17589751701653,0.00775375504224356,0.133007094020563,"Converged",FALSE,3,23,8,66,"CC",0.99,0.01
7,0.1,-1.3831073400413,-0.0726821082903377,0.0657292223439412,"Converged",FALSE,22,30,22,26,"MLE",0.99,0.01
7,0.25,-1.61684683858359,0.00559444799364869,0.0648391654881502,"Converged",FALSE,17,31,20,32,"MLE",0.99,0.01
7,0.5,-1.36106856113396,-0.0793675106624164,0.06548987702966,"Converged",FALSE,33,12,43,12,"MLE",0.99,0.01
7,0.75,-1.43782452644282,-0.0564984937225384,0.0650083642007695,"Converged",FALSE,29,20,31,20,"MLE",0.99,0.01
7,0.9,-1.53141790673215,-0.021797116155002,0.0650603760985185,"Converged",FALSE,34,21,25,20,"MLE",0.99,0.01
8,0.1,-2.24455412054473,0.10126064852984,0.129916794421456,"Converged",FALSE,44,4,49,3,"MLE",0.99,0.01
8,0.25,-2.31073064158939,0.126954485071614,0.129219106352097,"Converged",FALSE,45,5,39,11,"MLE",0.99,0.01
8,0.5,-2.46652401558024,0.170438666248067,0.12907372297632,"Converged",FALSE,38,12,30,20,"MLE",0.99,0.01
8,0.75,-2.12626927336156,0.0581301075725801,0.130691087553271,"Converged",FALSE,33,22,28,17,"MLE",0.99,0.01
8,0.9,-2.4233923471994,0.159111907779739,0.127725402330573,"Converged",FALSE,31,23,23,23,"MLE",0.99,0.01
9,0.1,-2.21210874648773,0.166022224443904,0.0540230803359699,"Converged",FALSE,23,27,19,31,"MLE",0.99,0.01
9,0.25,-2.14217067515298,0.139997039811776,0.0550195801576223,"Converged",FALSE,47,4,39,10,"MLE",0.99,0.01
9,0.5,-2.02776934921248,0.0951883558373656,0.054760295389537,"Converged",FALSE,40,12,25,23,"MLE",0.99,0.01
9,0.75,-1.83690254810557,0.0362098949346564,0.0544330704962154,"Converged",FALSE,35,20,23,22,"MLE",0.99,0.01
9,0.9,-2.06571362365288,0.109997622166346,0.0543335918490284,"Converged",FALSE,1,24,6,69,"CC",0.99,0.01
10,0.1,-2.01459694174804,-0.00936084261789528,0.143671403939154,"Converged",FALSE,46,1,48,5,"MLE",0.99,0.01
10,0.25,-1.84226256769435,-0.0619404246489313,0.143110363532897,"Converged",FALSE,20,27,21,32,"MLE",0.99,0.01
10,0.5,-2.10805393160501,0.0197993816675003,0.143944719812665,"Converged",FALSE,29,17,42,12,"MLE",0.99,0.01
10,0.75,-1.84235832450023,-0.0647272328163768,0.143245957075412,"Converged",FALSE,30,23,27,20,"MLE",0.99,0.01
10,0.9,NA,NA,NA,"B-spline error",FALSE,36,24,18,22,"MLE",0.99,0.01
11,0.1,-2.06151145492705,-0.0324620822065528,0.114370342210888,"Converged",FALSE,23,27,20,30,"MLE",0.99,0.01
11,0.25,-1.93841241355961,-0.0764410459423081,0.116132179497367,"Converged",FALSE,41,7,44,8,"MLE",0.99,0.01
11,0.5,-2.15759903665955,0.000578948133966226,0.113517327567773,"Converged",FALSE,35,12,41,12,"MLE",0.99,0.01
11,0.75,-1.99389076678295,-0.053176562804119,0.114473728518543,"Converged",FALSE,33,22,22,23,"MLE",0.99,0.01
11,0.9,NA,NA,NA,"B-spline error",FALSE,48,19,9,24,"CC",0.99,0.01
12,0.1,-2.71337648842366,0.174861391673487,0.165313371464763,"Converged",FALSE,30,21,24,25,"MLE",0.99,0.01
12,0.25,-2.67207194221654,0.165966297024475,0.164467078951592,"Converged",FALSE,18,28,22,32,"MLE",0.99,0.01
12,0.5,-2.75094180865388,0.190150964513177,0.165590771253322,"Converged",FALSE,39,12,37,12,"MLE",0.99,0.01
12,0.75,-2.78789304632618,0.194851966874615,0.163869543376347,"Converged",FALSE,31,24,24,21,"MLE",0.99,0.01
12,0.9,-3.00521251015813,0.262171300608386,0.165852439270081,"Converged",FALSE,51,24,5,20,"CC",0.99,0.01
13,0.1,-1.8699552275496,-0.0257290278206555,0.0945975163541496,"Converged",FALSE,45,3,48,4,"MLE",0.99,0.01
13,0.25,-1.57597416105664,-0.129862211820747,0.0958763903631994,"Converged",FALSE,17,35,17,31,"MLE",0.99,0.01
13,0.5,-1.77914332700642,-0.0539844058619358,0.0951678588802997,"Converged",FALSE,36,12,40,12,"MLE",0.99,0.01
13,0.75,-1.75528483887554,-0.0650497357439529,0.0951327519072705,"Converged",FALSE,27,27,20,26,"MLE",0.99,0.01
13,0.9,NA,NA,NA,"Singular information",FALSE,NA,NA,NA,NA,NA,0.99,0.01
14,0.1,-1.88970582272427,0.0169652314578719,0.0753753639455612,"Converged",FALSE,22,29,21,28,"MLE",0.99,0.01
14,0.25,-1.99424689128023,0.0500437938855233,0.0758157304923369,"Converged",FALSE,20,31,20,29,"MLE",0.99,0.01
14,0.5,-1.93504658680252,0.0313132407807073,0.0755772634098185,"Converged",FALSE,41,12,35,12,"MLE",0.99,0.01
14,0.75,-1.98429419462161,0.0487965766234878,0.0758895381081637,"Converged",FALSE,33,23,22,22,"MLE",0.99,0.01
14,0.9,-1.98252215248889,0.0438766903714535,0.0759772672857627,"Converged",FALSE,51,23,5,21,"CC",0.99,0.01
15,0.1,-1.88693284084063,0.122771405478796,0.0179139824168393,"Converged",FALSE,43,5,34,18,"MLE",0.99,0.01
15,0.25,-2.17855728410801,0.216634887749207,0.0174773405736773,"Converged",FALSE,18,30,16,36,"MLE",0.99,0.01
15,0.5,-1.81356793057253,0.100082150896084,0.0178918256572445,"Converged",FALSE,40,12,33,15,"MLE",0.99,0.01
15,0.75,-1.42951595245928,-0.0223688080145686,0.018804548474752,"Converged",FALSE,32,21,26,21,"MLE",0.99,0.01
15,0.9,-1.75378215165516,0.0814905100626988,0.0184553734350091,"Converged",FALSE,51,24,3,22,"CC",0.99,0.01
16,0.1,-1.83652277293961,0.0460654209725161,0.0693738752162325,"Converged",FALSE,22,30,20,28,"MLE",0.99,0.01
16,0.25,-1.59423617386435,-0.033932099394633,0.0693912061849019,"Converged",FALSE,19,29,21,31,"MLE",0.99,0.01
16,0.5,-1.54986450340748,-0.0475292791140551,0.0694219781207964,"Converged",FALSE,23,26,13,38,"MLE",0.99,0.01
16,0.75,-1.3872497521506,-0.093767111297933,0.0694140810893896,"Converged",FALSE,38,21,20,21,"MLE",0.99,0.01
16,0.9,-1.40313392492879,-0.0915264176529153,0.0691334227858472,"Converged",FALSE,53,22,2,23,"CC",0.99,0.01
17,0.1,-2.06913772298278,0.0828866263814834,0.0842483277041539,"Converged",FALSE,26,20,21,33,"MLE",0.99,0.01
17,0.25,-2.17887130878528,0.120189697205236,0.0840606103455933,"Converged",FALSE,19,23,19,39,"MLE",0.99,0.01
17,0.5,-2.20240340442002,0.121639355314843,0.0852612166997036,"Converged",FALSE,40,12,32,16,"MLE",0.99,0.01
17,0.75,-1.76817365427022,-0.0102039131431156,0.083797197846321,"Converged",FALSE,29,23,26,22,"MLE",0.99,0.01
17,0.9,NA,NA,NA,"Singular information",FALSE,NA,NA,NA,NA,NA,0.99,0.01
18,0.1,-2.53838198454719,0.208506691693241,0.0850298645081108,"Converged",FALSE,65,5,27,3,"CC",0.99,0.01
18,0.25,-2.43973874677629,0.186610176748852,0.083958573955186,"Converged",FALSE,29,20,20,31,"MLE",0.99,0.01
18,0.5,-2.326272633146,0.140295794357022,0.0853512195848817,"Converged",FALSE,46,12,30,12,"MLE",0.99,0.01
18,0.75,-2.29606959853675,0.133760058891509,0.0856559470908638,"Converged",FALSE,34,20,27,19,"MLE",0.99,0.01
18,0.9,-2.33384396789381,0.14201621580979,0.0852577184523958,"Converged",FALSE,53,22,3,22,"CC",0.99,0.01
19,0.1,NA,NA,NA,"MAX_ITER reached",FALSE,25,26,17,32,"MLE",0.99,0.01
19,0.25,-2.22138624915166,0.0661313611932706,0.123350999005961,"Converged",FALSE,17,32,19,32,"MLE",0.99,0.01
19,0.5,-2.00370139310789,-0.00479228467359621,0.122691333872643,"Converged",FALSE,38,12,38,12,"MLE",0.99,0.01
19,0.75,NA,NA,NA,"B-spline error",FALSE,34,24,20,22,"MLE",0.99,0.01
19,0.9,-2.29671733942507,0.0888988439634629,0.12368620920515,"Converged",FALSE,35,24,18,23,"MLE",0.99,0.01
20,0.1,-2.06203077346624,0.0997681068786833,0.0713041276292618,"Converged",FALSE,44,2,48,6,"MLE",0.99,0.01
20,0.25,-2.03618523851793,0.0876105891489916,0.0722735208334454,"Converged",FALSE,18,33,17,32,"MLE",0.99,0.01
20,0.5,-2.11836075756428,0.118758088829985,0.0719511786676301,"Converged",FALSE,42,12,25,21,"MLE",0.99,0.01
20,0.75,-1.94498233216176,0.0637649549783801,0.071644498421322,"Converged",FALSE,41,20,21,18,"MLE",0.99,0.01
20,0.9,NA,NA,NA,"MAX_ITER reached",FALSE,31,20,26,23,"MLE",0.99,0.01
21,0.1,-1.38551068054793,-0.0935210135521417,0.076922285149513,"Converged",FALSE,23,36,21,20,"MLE",0.99,0.01
21,0.25,-1.67132662092139,0.00460063757361939,0.0766145653305366,"Converged",FALSE,23,29,22,26,"MLE",0.99,0.01
21,0.5,-1.57084631996774,-0.0276738682899944,0.0763000158462099,"Converged",FALSE,30,14,44,12,"MLE",0.99,0.01
21,0.75,NA,NA,NA,"B-spline error",FALSE,34,17,29,20,"MLE",0.99,0.01
21,0.9,-1.46328427781737,-0.064899513718118,0.07649648572078,"Converged",FALSE,4,71,0,25,"CC",0.99,0.01
22,0.1,NA,NA,NA,"MAX_ITER reached",FALSE,43,6,48,3,"MLE",0.99,0.01
22,0.25,-1.97594691919702,0.00686968751383612,0.0792299034289568,"Converged",FALSE,19,30,20,31,"MLE",0.99,0.01
22,0.5,-1.91055870572945,-0.0145819788130564,0.0792369824952601,"Converged",FALSE,38,12,38,12,"MLE",0.99,0.01
22,0.75,-1.57267976894259,-0.125660777145609,0.0788873995242379,"Converged",FALSE,37,21,22,20,"MLE",0.99,0.01
22,0.9,-1.72613109166498,-0.0758953180176465,0.0794883128443171,"Converged",FALSE,40,21,17,22,"MLE",0.99,0.01
23,0.1,-2.62917891326072,0.117936414879218,0.174572147583811,"Converged",FALSE,47,3,46,4,"MLE",0.99,0.01
23,0.25,-2.68479294499462,0.144737860887937,0.175796765303587,"Converged",FALSE,43,6,43,8,"MLE",0.99,0.01
23,0.5,-2.73131440555055,0.157264956020194,0.174487156625542,"Converged",FALSE,42,12,23,23,"MLE",0.99,0.01
23,0.75,NA,NA,NA,"MAX_ITER reached",FALSE,34,22,26,18,"MLE",0.99,0.01
23,0.9,-2.89749116726637,0.191373581136653,0.175793231534932,"Converged",FALSE,43,21,16,20,"MLE",0.99,0.01
24,0.1,NA,NA,NA,"Singular information",FALSE,NA,NA,NA,NA,NA,0.99,0.01
24,0.25,-1.68864190295039,-0.0123548300927144,0.0986387637204983,"Converged",FALSE,21,28,22,29,"MLE",0.99,0.01
24,0.5,-1.86818234641891,0.0441934916841117,0.0993803213933706,"Converged",FALSE,39,12,37,12,"MLE",0.99,0.01
24,0.75,-1.67578009977668,-0.0165130424986713,0.0986052499461478,"Converged",FALSE,34,21,24,21,"MLE",0.99,0.01
24,0.9,NA,NA,NA,"Singular information",FALSE,NA,NA,NA,NA,NA,0.99,0.01
25,0.1,-2.23439339665225,0.128365175650196,0.0778388506492852,"Converged",FALSE,19,31,16,34,"MLE",0.99,0.01
25,0.25,-2.07160634029469,0.0741265732530278,0.0781138316770316,"Converged",FALSE,18,31,20,31,"MLE",0.99,0.01
25,0.5,-2.03003052774356,0.0660010834203757,0.0782843295092493,"Converged",FALSE,41,12,35,12,"MLE",0.99,0.01
25,0.75,-2.26877361416613,0.12882875966092,0.0780913422142653,"Converged",FALSE,38,20,21,21,"MLE",0.99,0.01
25,0.9,-2.19815751570989,0.120550567683825,0.0778342865957157,"Converged",FALSE,5,21,22,52,"CC",0.99,0.01
26,0.1,-1.50345492002307,-0.0981161363263677,0.0451390875697695,"Converged",FALSE,46,4,43,7,"MLE",0.99,0.01
26,0.25,-1.70773333317872,-0.0284744931700904,0.0425179338868674,"Converged",FALSE,20,32,22,26,"MLE",0.99,0.01
26,0.5,-1.63284963039796,-0.0543228060073093,0.0432709554431741,"Converged",FALSE,33,12,43,12,"MLE",0.99,0.01
26,0.75,-1.46619637276221,-0.110676842144282,0.0451351139111545,"Converged",FALSE,38,20,21,21,"MLE",0.99,0.01
26,0.9,NA,NA,NA,"Singular information",FALSE,NA,NA,NA,NA,NA,0.99,0.01
27,0.1,-1.68616289551334,0.00377768359611092,0.0481637791973197,"Converged",FALSE,58,3,37,2,"CC",0.99,0.01
27,0.25,-1.79165359631151,0.0387721418106587,0.0483195924152242,"Converged",FALSE,20,31,24,25,"MLE",0.99,0.01
27,0.5,-1.67173279917356,-0.000730685888410752,0.0481687584482038,"Converged",FALSE,40,12,36,12,"MLE",0.99,0.01
27,0.75,-1.69124789518852,0.00539404252958483,0.048186505907381,"Converged",FALSE,32,19,28,21,"MLE",0.99,0.01
27,0.9,-1.56393703478793,-0.0349281723409755,0.0482007886213208,"Converged",FALSE,13,48,1,38,"CC",0.99,0.01
28,0.1,-1.02823283856798,-0.158045483084504,0.0715074084275744,"Converged",FALSE,35,13,47,5,"MLE",0.99,0.01
28,0.25,-1.30742755632907,-0.0724704678398461,0.0717825710558299,"Converged",FALSE,17,29,21,33,"MLE",0.99,0.01
28,0.5,-1.17291285361898,-0.11918933029839,0.0713726761002012,"Converged",FALSE,27,12,49,12,"MLE",0.99,0.01
28,0.75,-1.37110247258789,-0.0511267737533079,0.0708134930103636,"Converged",FALSE,30,22,28,20,"MLE",0.99,0.01
28,0.9,-1.19983089465181,-0.103774709570411,0.0712277401429132,"Converged",FALSE,1,24,8,67,"CC",0.99,0.01
29,0.1,NA,NA,NA,"B-spline error",FALSE,22,31,22,25,"MLE",0.99,0.01
29,0.25,-1.5264896448265,-0.11488768705756,0.114117196475388,"Converged",FALSE,32,14,48,6,"MLE",0.99,0.01
29,0.5,-1.7166715992975,-0.0554783113030206,0.114291320145701,"Converged",FALSE,31,12,45,12,"MLE",0.99,0.01
29,0.75,-1.60621858029652,-0.0923127766063181,0.11488891470778,"Converged",FALSE,39,20,20,21,"MLE",0.99,0.01
29,0.9,NA,NA,NA,"Tie for minimum",FALSE,NA,NA,NA,NA,NA,0.99,0.01
30,0.1,-1.85300409253257,-0.0779920655464564,0.136911184334908,"Converged",FALSE,21,29,24,26,"MLE",0.99,0.01
30,0.25,-1.62910600237343,-0.160650142538406,0.138122812005107,"Converged",FALSE,18,33,24,25,"MLE",0.99,0.01
30,0.5,-1.6922447526271,-0.12523627938289,0.137323716897283,"Converged",FALSE,28,19,41,12,"MLE",0.99,0.01
30,0.75,-1.92299704056101,-0.0558485555148113,0.136487501142833,"Converged",FALSE,38,21,20,21,"CC",0.99,0.01
30,0.9,-1.81046168965348,-0.0870310299867603,0.136220792134687,"Converged",FALSE,42,25,10,23,"MLE",0.99,0.01
31,0.1,-1.95931079095533,0.056777571342082,0.0731914004294946,"Converged",FALSE,20,31,24,25,"MLE",0.99,0.01
31,0.25,-1.91086271736681,0.039151130923933,0.0731633969124358,"Converged",FALSE,18,32,21,29,"MLE",0.99,0.01
31,0.5,-1.71974102259573,-0.0231096610428322,0.0739325140383235,"Converged",FALSE,38,12,28,22,"MLE",0.99,0.01
31,0.75,-1.93886686929133,0.0490946460387407,0.0731148249858787,"Converged",FALSE,45,20,14,21,"MLE",0.99,0.01
31,0.9,NA,NA,NA,"B-spline error",FALSE,32,24,20,24,"CC",0.99,0.01
32,0.1,-2.18206258836993,0.0314106492738131,0.122736369152519,"Converged",FALSE,41,5,48,6,"MLE",0.99,0.01
32,0.25,-2.18911482742796,0.0336777653383991,0.122630499741578,"Converged",FALSE,30,20,22,28,"MLE",0.99,0.01
32,0.5,-2.23558718163274,0.0481486000135307,0.122789085074917,"Converged",FALSE,37,12,39,12,"MLE",0.99,0.01
32,0.75,-2.20946164273129,0.0396010557643169,0.12270693474515,"Converged",FALSE,31,20,31,18,"MLE",0.99,0.01
32,0.9,-2.14224285416566,0.019741252069535,0.122182646706245,"Converged",FALSE,1,24,16,59,"CC",0.99,0.01
33,0.1,-2.59191449721948,0.193457186336467,0.133024663526011,"Converged",FALSE,19,32,19,30,"MLE",0.99,0.01
33,0.25,-2.66914039243898,0.218528701431465,0.13287722747225,"Converged",FALSE,23,20,18,39,"MLE",0.99,0.01
33,0.5,-2.44129923227634,0.148970122382381,0.129254494069094,"Converged",FALSE,49,12,27,12,"MLE",0.99,0.01
33,0.75,-2.50211604260691,0.158818542548794,0.12970203589547,"Converged",FALSE,38,20,21,21,"MLE",0.99,0.01
33,0.9,-2.53932937389623,0.172561879499463,0.130619973003543,"Converged",FALSE,1,54,2,43,"MLE",0.99,0.01
34,0.1,-1.78772543653824,-0.0782069174684718,0.137066976248309,"Converged",FALSE,41,4,51,4,"MLE",0.99,0.01
34,0.25,-1.94688397235526,-0.0207288674450624,0.136672450830684,"Converged",FALSE,19,35,21,25,"MLE",0.99,0.01
34,0.5,-1.77446967531796,-0.0738361725633477,0.136544218815744,"Converged",FALSE,39,12,35,14,"MLE",0.99,0.01
34,0.75,-1.73419254150418,-0.091122908708543,0.137004691815811,"Converged",FALSE,34,21,22,23,"MLE",0.99,0.01
34,0.9,-1.84584407718517,-0.0560316267584776,0.137404304297427,"Converged",FALSE,34,22,15,29,"MLE",0.99,0.01
35,0.1,-2.22612124757804,0.0310395286618212,0.137770363217507,"Converged",FALSE,22,27,22,29,"MLE",0.99,0.01
35,0.25,-2.17444823926748,0.0112238882096706,0.137916470599243,"Converged",FALSE,22,31,22,25,"MLE",0.99,0.01
35,0.5,-2.38639515973495,0.0795612133603939,0.137383226996025,"Converged",FALSE,45,12,31,12,"MLE",0.99,0.01
35,0.75,NA,NA,NA,"MAX_ITER reached",FALSE,39,25,18,18,"MLE",0.99,0.01
35,0.9,-2.50120236468931,0.110164484657822,0.137579622975048,"Converged",FALSE,36,23,17,24,"MLE",0.99,0.01
36,0.1,-2.06094932477291,0.0764188610911894,0.126565594914325,"Converged",FALSE,46,3,42,9,"MLE",0.99,0.01
36,0.25,-1.93755742626159,0.0408700632190661,0.125976190160436,"Converged",FALSE,17,33,20,30,"MLE",0.99,0.01
36,0.5,-1.85784148800018,0.0159164704003345,0.12528545226386,"Converged",FALSE,37,12,39,12,"MLE",0.99,0.01
36,0.75,-2.18971307401768,0.115607131905222,0.125939150188082,"Converged",FALSE,38,16,28,18,"MLE",0.99,0.01
36,0.9,-1.91073906852631,0.0319382492380925,0.125228839839143,"Converged",FALSE,53,22,4,21,"CC",0.99,0.01
37,0.1,-2.14585057476066,0.052398891371096,0.111947448422514,"Converged",FALSE,47,4,44,5,"MLE",0.99,0.01
37,0.25,-2.17565231164773,0.0618779921918783,0.112213377706713,"Converged",FALSE,18,29,20,33,"MLE",0.99,0.01
37,0.5,-2.25797997463597,0.0947027876067271,0.111892860633079,"Converged",FALSE,41,12,35,12,"MLE",0.99,0.01
37,0.75,-2.03954000935619,0.0199486586715758,0.111581782827106,"Converged",FALSE,33,21,24,22,"MLE",0.99,0.01
37,0.9,-2.07332282672526,0.0299210673574171,0.111799721880863,"Converged",FALSE,52,23,3,22,"CC",0.99,0.01
38,0.1,-2.19121462179014,0.0921476704728727,0.0943363891638105,"Converged",FALSE,22,30,20,28,"MLE",0.99,0.01
38,0.25,-2.03270136971118,0.0389568745214394,0.094012800096762,"Converged",FALSE,19,33,15,33,"MLE",0.99,0.01
38,0.5,-2.02763125709067,0.0409375951814707,0.0939677077499562,"Converged",FALSE,42,12,34,12,"MLE",0.99,0.01
38,0.75,-2.28546468198704,0.115157430956271,0.0947246734072316,"Converged",FALSE,31,22,26,21,"MLE",0.99,0.01
38,0.9,-2.1628058785672,0.0750760713615991,0.0940952479634897,"Converged",FALSE,51,24,3,22,"MLE",0.99,0.01
39,0.1,-2.4018594672017,0.0588075582698379,0.161189921358732,"Converged",FALSE,22,26,20,32,"MLE",0.99,0.01
39,0.25,-2.36957994553348,0.0510000538620154,0.161201689629775,"Converged",FALSE,20,26,21,33,"MLE",0.99,0.01
39,0.5,-2.29786927167417,0.0289422863700309,0.161154888927667,"Converged",FALSE,37,12,39,12,"MLE",0.99,0.01
39,0.75,-2.39506223959856,0.0576569353408898,0.161599765176046,"Converged",FALSE,34,20,26,20,"MLE",0.99,0.01
39,0.9,-2.42640529076957,0.0658419208026915,0.161371319602209,"Converged",FALSE,4,70,3,23,"CC",0.99,0.01
40,0.1,-1.40428251329112,-0.132596375071181,0.115369852499562,"Converged",FALSE,21,34,21,24,"MLE",0.99,0.01
40,0.25,-1.39178611055685,-0.14103315856377,0.114638466973045,"Converged",FALSE,20,35,22,23,"MLE",0.99,0.01
40,0.5,-1.33183409627205,-0.154642163374414,0.115963707175492,"Converged",FALSE,32,12,44,12,"MLE",0.99,0.01
40,0.75,-1.58947750304901,-0.0805516703667634,0.114982800316423,"Converged",FALSE,33,20,26,21,"MLE",0.99,0.01
40,0.9,-1.46621481071437,-0.115452989942902,0.115126637106813,"Converged",FALSE,34,23,20,23,"MLE",0.99,0.01
41,0.1,-2.09843923347227,0.0794014402242733,0.0906567244197845,"Converged",FALSE,64,3,32,1,"CC",0.99,0.01
41,0.25,-2.20122287311236,0.105324819964753,0.0907704115093134,"Converged",FALSE,17,23,19,41,"MLE",0.99,0.01
41,0.5,-2.22469320851866,0.114296665990551,0.0912551926790842,"Converged",FALSE,40,12,36,12,"MLE",0.99,0.01
41,0.75,-2.05838289979897,0.0676554057573697,0.0905345649106663,"Converged",FALSE,31,23,26,20,"MLE",0.99,0.01
41,0.9,-2.06047553922712,0.0703806396603451,0.0905041742785948,"Converged",FALSE,31,24,23,22,"MLE",0.99,0.01
42,0.1,NA,NA,NA,"B-spline error",FALSE,21,33,20,26,"MLE",0.99,0.01
42,0.25,-1.56610173722578,-0.0990170992455723,0.102432177040982,"Converged",FALSE,21,31,20,28,"MLE",0.99,0.01
42,0.5,-1.6740961367749,-0.0633238239849879,0.101311908375748,"Converged",FALSE,38,12,38,12,"MLE",0.99,0.01
42,0.75,-1.67461817397376,-0.0618235892934158,0.101532159702931,"Converged",FALSE,34,22,24,20,"MLE",0.99,0.01
42,0.9,-1.69378330677947,-0.0556713269055066,0.101419676049988,"Converged",FALSE,38,22,16,24,"MLE",0.99,0.01
43,0.1,-2.58296896308473,0.111265973978006,0.16617778726119,"Converged",FALSE,48,5,43,4,"MLE",0.99,0.01
43,0.25,-2.71358823717806,0.148305064472076,0.167378792911969,"Converged",FALSE,20,27,18,35,"MLE",0.99,0.01
43,0.5,-2.67385571223032,0.136509830834402,0.16643109963902,"Converged",FALSE,42,12,25,21,"MLE",0.99,0.01
43,0.75,-2.5531973573784,0.0947124830614602,0.165942903604728,"Converged",FALSE,26,23,28,23,"MLE",0.99,0.01
43,0.9,-2.76495406630385,0.160084466120419,0.169116347805499,"Converged",FALSE,50,24,3,23,"CC",0.99,0.01
44,0.1,-1.87579133763393,0.0369039949234187,0.0799790269244778,"Converged",FALSE,22,29,26,23,"MLE",0.99,0.01
44,0.25,-1.92032667755842,0.0494532219867792,0.0803807635991045,"Converged",FALSE,18,31,19,32,"MLE",0.99,0.01
44,0.5,-1.63852099155998,-0.0402766390899983,0.0810266444282721,"Converged",FALSE,31,15,42,12,"MLE",0.99,0.01
44,0.75,-1.73262968161748,-0.00876537275828814,0.0803507387199991,"Converged",FALSE,34,18,28,20,"MLE",0.99,0.01
44,0.9,-1.93148779234874,0.0556847633898367,0.0802554785908932,"Converged",FALSE,0,51,2,47,"MLE",0.99,0.01
45,0.1,NA,NA,NA,"Singular information",FALSE,NA,NA,NA,NA,NA,0.99,0.01
45,0.25,-2.09911718914728,0.0537994830210751,0.121942204554324,"Converged",FALSE,21,27,24,28,"MLE",0.99,0.01
45,0.5,-2.00876027216887,0.0216553120465163,0.122588735555495,"Converged",FALSE,38,12,38,12,"MLE",0.99,0.01
45,0.75,-2.01556475301032,0.0237909450874207,0.122336181645905,"Converged",FALSE,33,22,25,20,"MLE",0.99,0.01
45,0.9,-1.95822206497498,0.00656792911432378,0.122249094254662,"Converged",FALSE,7,29,19,45,"CC",0.99,0.01
46,0.1,-1.77887239630655,-0.0385906217640468,0.112496953886002,"Converged",FALSE,25,21,27,27,"MLE",0.99,0.01
46,0.25,-1.75004694459149,-0.0478234203523843,0.112502999410767,"Converged",FALSE,17,27,20,36,"MLE",0.99,0.01
46,0.5,-1.69343497628838,-0.067232334117359,0.112858505687032,"Converged",FALSE,35,12,41,12,"MLE",0.99,0.01
46,0.75,-1.7326519674496,-0.0539346525777759,0.112117081699843,"Converged",FALSE,33,22,24,21,"MLE",0.99,0.01
46,0.9,-1.81531563356037,-0.0267525762141851,0.11242662093709,"Converged",FALSE,42,24,10,24,"MLE",0.99,0.01
47,0.1,-1.80177224620677,-0.0245455693932398,0.105279165766153,"Converged",FALSE,49,1,44,6,"MLE",0.99,0.01
47,0.25,-1.88323817733218,0.002355772220718,0.105211821482508,"Converged",FALSE,28,19,19,34,"MLE",0.99,0.01
47,0.5,-1.89392083763581,0.00592752670862689,0.105192004434774,"Converged",FALSE,37,12,39,12,"MLE",0.99,0.01
47,0.75,-1.77763624615036,-0.0326425506661235,0.105449849680337,"Converged",FALSE,33,23,22,22,"MLE",0.99,0.01
47,0.9,-2.02642133903068,0.0473031746242475,0.105248350846449,"Converged",FALSE,31,25,21,23,"MLE",0.99,0.01
48,0.1,-1.1655041243516,-0.180001321076839,0.0702683775513449,"Converged",FALSE,22,27,21,30,"MLE",0.99,0.01
48,0.25,-1.24920709811631,-0.138012954131967,0.0685621366385258,"Converged",FALSE,18,36,21,25,"MLE",0.99,0.01
48,0.5,-1.2549095587526,-0.138721461923022,0.0692164883504057,"Converged",FALSE,23,24,41,12,"MLE",0.99,0.01
48,0.75,-1.23182424585275,-0.14061445673964,0.0694385498877515,"Converged",FALSE,39,22,22,17,"MLE",0.99,0.01
48,0.9,-0.976502740756127,-0.216801338395208,0.0699278825964979,"Converged",FALSE,31,36,5,28,"MLE",0.99,0.01
49,0.1,-1.2081061045697,-0.187098643119088,0.072385095714562,"Converged",FALSE,42,7,47,4,"MLE",0.99,0.01
49,0.25,-1.44144717578494,-0.117075839048575,0.0728624975356127,"Converged",FALSE,37,4,55,4,"MLE",0.99,0.01
49,0.5,-1.31550455043469,-0.152455896918985,0.0717354184593278,"Converged",FALSE,24,17,47,12,"MLE",0.99,0.01
49,0.75,-1.25824190498277,-0.169371026821802,0.0714342301980171,"Converged",FALSE,36,21,23,20,"MLE",0.99,0.01
49,0.9,-1.33128927267392,-0.144297367083135,0.072295447969661,"Converged",FALSE,5,22,15,58,"CC",0.99,0.01
50,0.1,-2.62237568456945,0.159635443028627,0.122319728882369,"Converged",FALSE,46,2,48,4,"MLE",0.99,0.01
50,0.25,-2.61159356616908,0.159325555888229,0.121658777668037,"Converged",FALSE,30,16,22,32,"MLE",0.99,0.01
50,0.5,-2.57474731942971,0.147973397182159,0.12372043883429,"Converged",FALSE,40,12,19,29,"MLE",0.99,0.01
50,0.75,-2.58292916417309,0.135778133542729,0.123845576872155,"Converged",FALSE,32,19,29,20,"MLE",0.99,0.01
50,0.9,-2.30207078860717,0.0487612944873404,0.126078849430642,"Converged",FALSE,37,24,16,23,"CC",0.99,0.01
51,0.1,-1.95010642822592,-0.0237225175322886,0.116517321832129,"Converged",FALSE,46,4,47,3,"MLE",0.99,0.01
51,0.25,-1.57540247268875,-0.140962733078669,0.118835331802685,"Converged",FALSE,19,35,21,25,"MLE",0.99,0.01
51,0.5,-1.81004098373343,-0.0695431692180317,0.116981829756466,"Converged",FALSE,29,16,43,12,"MLE",0.99,0.01
51,0.75,-1.53680437657075,-0.16014720375248,0.116587195556169,"Converged",FALSE,2,44,3,51,"MLE",0.99,0.01
51,0.9,-1.6123994842381,-0.128405602562623,0.118311755020313,"Converged",FALSE,22,29,14,35,"MLE",0.99,0.01
52,0.1,-2.32526721979357,0.0451358833056509,0.145003774201709,"Converged",FALSE,43,4,43,10,"MLE",0.99,0.01
52,0.25,-2.16458053470539,-0.00659116643223563,0.145060155278909,"Converged",FALSE,16,29,20,35,"MLE",0.99,0.01
52,0.5,-2.36025368368357,0.0520765856036961,0.145417502994055,"Converged",FALSE,34,12,42,12,"MLE",0.99,0.01
52,0.75,-2.33412588842219,0.0459086462009288,0.144753225638065,"Converged",FALSE,31,23,27,19,"MLE",0.99,0.01
52,0.9,-2.44840028337226,0.0831182161244084,0.145105104424321,"Converged",FALSE,0,25,7,68,"CC",0.99,0.01
53,0.1,-2.278924116758,0.0933797398905345,0.108419765594618,"Converged",FALSE,23,30,21,26,"MLE",0.99,0.01
53,0.25,-2.40184766143875,0.14401131401468,0.108322590840053,"Converged",FALSE,20,30,16,34,"MLE",0.99,0.01
53,0.5,-2.36307730592811,0.118892444682773,0.109122702897256,"Converged",FALSE,14,32,13,41,"MLE",0.99,0.01
53,0.75,-2.32065255489795,0.11299866597155,0.109363110565034,"Converged",FALSE,36,22,22,20,"MLE",0.99,0.01
53,0.9,-2.50368521797182,0.17546544416487,0.109258617525822,"Converged",FALSE,4,23,26,47,"CC",0.99,0.01
54,0.1,-2.01311725138693,0.0141018499274653,0.0919939031429569,"Converged",FALSE,22,31,20,27,"MLE",0.99,0.01
54,0.25,-2.0663211316192,0.031443057238363,0.0920791919169049,"Converged",FALSE,18,34,17,31,"MLE",0.99,0.01
54,0.5,-2.10057850115074,0.0419590676679432,0.092179860625005,"Converged",FALSE,41,12,33,14,"MLE",0.99,0.01
54,0.75,-2.17348522757817,0.064223764718532,0.0923697199719986,"Converged",FALSE,35,21,24,20,"MLE",0.99,0.01
54,0.9,-2.32340113107503,0.112279699434577,0.0920152538651743,"Converged",FALSE,40,21,15,24,"MLE",0.99,0.01
55,0.1,NA,NA,NA,"B-spline error",FALSE,50,1,48,1,"MLE",0.99,0.01
55,0.25,-1.90781873358437,0.0211270053897876,0.111671041762493,"Converged",FALSE,20,32,18,30,"MLE",0.99,0.01
55,0.5,-2.43939275195156,0.181767971311301,0.112782007914387,"Converged",FALSE,41,12,26,21,"MLE",0.99,0.01
55,0.75,-2.15557341582593,0.0962075331601037,0.112027964109012,"Converged",FALSE,27,21,30,22,"MLE",0.99,0.01
55,0.9,-2.11243629241921,0.0826956658298881,0.11203561184878,"Converged",FALSE,54,21,3,22,"CC",0.99,0.01
56,0.1,-1.47709536640146,-0.0886548741354636,0.0637934728639903,"Converged",FALSE,19,31,24,26,"MLE",0.99,0.01
56,0.25,-1.35010368063567,-0.124562198138339,0.0640244281330375,"Converged",FALSE,41,10,44,5,"MLE",0.99,0.01
56,0.5,-1.27779890041843,-0.145385455640091,0.0636003944695026,"Converged",FALSE,31,12,45,12,"MLE",0.99,0.01
56,0.75,-1.39301932877892,-0.113217035754522,0.0641680789183307,"Converged",FALSE,34,21,24,21,"MLE",0.99,0.01
56,0.9,-1.4407267458525,-0.0962365711672764,0.0638528394859837,"Converged",FALSE,4,21,15,60,"CC",0.99,0.01
57,0.1,-1.28944340177523,-0.0936450031666685,0.049861629286319,"Converged",FALSE,20,30,24,26,"MLE",0.99,0.01
57,0.25,NA,NA,NA,"B-spline error",FALSE,22,27,20,31,"MLE",0.99,0.01
57,0.5,-1.4927997850036,-0.0296631300689637,0.0495081618181546,"Converged",FALSE,35,12,41,12,"MLE",0.99,0.01
57,0.75,-1.55103636935986,-0.0100053085519391,0.0496902149713195,"Converged",FALSE,31,23,26,20,"MLE",0.99,0.01
57,0.9,-1.33207911497836,-0.0780099554039178,0.0490752277008056,"Converged",FALSE,6,67,2,25,"CC",0.99,0.01
58,0.1,-1.35498760508057,-0.100182180328937,0.0681478282922735,"Converged",FALSE,39,7,44,10,"MLE",0.99,0.01
58,0.25,-1.40914653886662,-0.0822127835887422,0.0681339117082124,"Converged",FALSE,20,30,17,33,"MLE",0.99,0.01
58,0.5,-1.47997100152677,-0.0626020675822103,0.068132236976619,"Converged",FALSE,30,12,46,12,"MLE",0.99,0.01
58,0.75,-1.48977658338597,-0.0593696929972611,0.068598084033484,"Converged",FALSE,36,22,23,19,"MLE",0.99,0.01
58,0.9,-1.19252887804079,-0.146841378026414,0.0678790055296168,"Converged",FALSE,38,22,15,25,"MLE",0.99,0.01
59,0.1,-2.06281287533724,0.0677933500148967,0.0734330858108928,"Converged",FALSE,19,30,27,24,"MLE",0.99,0.01
59,0.25,-1.90199799517336,0.0159066850732137,0.0735397007926228,"Converged",FALSE,40,9,48,3,"MLE",0.99,0.01
59,0.5,-1.87882165230953,0.00815332564002834,0.0734814375159235,"Converged",FALSE,33,15,40,12,"MLE",0.99,0.01
59,0.75,-1.85021182405319,-0.000571468964004207,0.0734774451247465,"Converged",FALSE,34,22,26,18,"MLE",0.99,0.01
59,0.9,-1.88685783862694,0.0114414671810007,0.0734303980437534,"Converged",FALSE,12,38,17,33,"CC",0.99,0.01
60,0.1,-1.72231243354759,-0.00945309920113308,0.072852759955709,"Converged",FALSE,44,5,48,3,"MLE",0.99,0.01
60,0.25,-1.84254182824827,0.0283911433307052,0.0727601648893536,"Converged",FALSE,19,32,20,29,"MLE",0.99,0.01
60,0.5,-1.97891493187706,0.0733513249227607,0.0732591087069869,"Converged",FALSE,38,12,35,15,"MLE",0.99,0.01
60,0.75,-1.77171381902751,0.0061003627112716,0.0728315294037687,"Converged",FALSE,33,22,25,20,"MLE",0.99,0.01
60,0.9,-1.88088343929939,0.0402559578243795,0.0729105182482264,"Converged",FALSE,37,21,20,22,"MLE",0.99,0.01
61,0.1,-2.08207396696432,0.145361316350127,0.0730886769762269,"Converged",FALSE,21,29,21,29,"MLE",0.99,0.01
61,0.25,-1.7791982555341,0.0497650618591091,0.0721079844275984,"Converged",FALSE,42,8,44,6,"MLE",0.99,0.01
61,0.5,-1.91413045200083,0.091822800988719,0.0723251914436927,"Converged",FALSE,40,12,36,12,"MLE",0.99,0.01
61,0.75,-1.88585152639433,0.0847395864501226,0.0726025610024229,"Converged",FALSE,33,20,26,21,"MLE",0.99,0.01
61,0.9,NA,NA,NA,"Singular information",FALSE,NA,NA,NA,NA,NA,0.99,0.01
62,0.1,-1.35314796929153,-0.158868387696529,0.111234403306645,"Converged",FALSE,39,7,47,7,"MLE",0.99,0.01
62,0.25,-1.46428263458666,-0.123870874684765,0.111730312411181,"Converged",FALSE,18,34,22,26,"MLE",0.99,0.01
62,0.5,NA,NA,NA,"B-spline error",FALSE,32,14,42,12,"MLE",0.99,0.01
62,0.75,-1.33287307993388,-0.164844148054226,0.112352505491547,"Converged",FALSE,21,20,26,33,"MLE",0.99,0.01
62,0.9,-1.39872241551393,-0.140360596821497,0.111677316437307,"Converged",FALSE,52,23,5,20,"CC",0.99,0.01
63,0.1,-2.39803195932559,0.0515106378126511,0.170832982221486,"Converged",FALSE,19,31,20,30,"MLE",0.99,0.01
63,0.25,-2.44075894749703,0.0667738045466064,0.171123201450502,"Converged",FALSE,21,29,23,27,"MLE",0.99,0.01
63,0.5,NA,NA,NA,"B-spline error",FALSE,33,12,43,12,"MLE",0.99,0.01
63,0.75,-2.47253848315641,0.0778138070676,0.171276366651715,"Converged",FALSE,36,20,24,20,"MLE",0.99,0.01
63,0.9,-2.38974266333113,0.0498635311692849,0.171054243833972,"Converged",FALSE,3,35,4,58,"MLE",0.99,0.01
64,0.1,-2.07015803651869,0.0522621949956455,0.0851600932487257,"Converged",FALSE,47,2,48,3,"MLE",0.99,0.01
64,0.25,-2.14027325806726,0.0800023626722629,0.0854410428297975,"Converged",FALSE,44,4,46,6,"MLE",0.99,0.01
64,0.5,-1.98270906786761,0.02315991311154,0.0859957888436997,"Converged",FALSE,39,12,37,12,"MLE",0.99,0.01
64,0.75,-2.0621558698151,0.051383955551859,0.0858107551069724,"Converged",FALSE,30,24,23,23,"MLE",0.99,0.01
64,0.9,-1.78478624836991,-0.0414919771438382,0.0875231661541659,"Converged",FALSE,4,25,18,53,"CC",0.99,0.01
65,0.1,-2.06350667350744,0.0524958273884719,0.0981025976140154,"Converged",FALSE,43,4,47,6,"MLE",0.99,0.01
65,0.25,-2.15852485734166,0.0820632397361121,0.097340172804674,"Converged",FALSE,41,7,48,4,"MLE",0.99,0.01
65,0.5,-2.163455346712,0.0833175207195354,0.0979637554246898,"Converged",FALSE,43,12,32,13,"MLE",0.99,0.01
65,0.75,-2.09052711247086,0.0590404252925823,0.0977802059955738,"Converged",FALSE,26,21,28,25,"MLE",0.99,0.01
65,0.9,-2.16655665839372,0.0847600921133138,0.0977856414632256,"Converged",FALSE,35,22,20,23,"MLE",0.99,0.01
66,0.1,-1.58350848654056,-0.0512280495067006,0.0968675252584551,"Converged",FALSE,41,3,51,5,"MLE",0.99,0.01
66,0.25,-1.64129821346419,-0.0310539765292864,0.0966580811527558,"Converged",FALSE,19,34,23,24,"MLE",0.99,0.01
66,0.5,NA,NA,NA,"B-spline error",FALSE,33,12,43,12,"MLE",0.99,0.01
66,0.75,NA,NA,NA,"Singular information",FALSE,NA,NA,NA,NA,NA,0.99,0.01
66,0.9,-1.44474668295844,-0.0972883557755401,0.0972183273533293,"Converged",FALSE,39,22,15,24,"MLE",0.99,0.01
67,0.1,-2.29169583619422,0.0969502665757258,0.113695193497425,"Converged",FALSE,19,27,24,30,"MLE",0.99,0.01
67,0.25,-2.38902740058997,0.122907058341773,0.114477878484029,"Converged",FALSE,21,24,21,34,"MLE",0.99,0.01
67,0.5,NA,NA,NA,"B-spline error",FALSE,39,12,37,12,"MLE",0.99,0.01
67,0.75,-2.2971031353726,0.0947370750816439,0.11415340205261,"Converged",FALSE,38,21,9,32,"CC",0.99,0.01
67,0.9,NA,NA,NA,"B-spline error",FALSE,40,21,18,21,"MLE",0.99,0.01
68,0.1,-2.0076390879646,0.0531695770896015,0.0979494038957877,"Converged",FALSE,44,6,45,5,"MLE",0.99,0.01
68,0.25,-1.98512818381378,0.0439777332857454,0.0977123370221535,"Converged",FALSE,19,33,18,30,"MLE",0.99,0.01
68,0.5,-2.1065269342285,0.0858917013402622,0.0978044530944852,"Converged",FALSE,45,12,25,18,"MLE",0.99,0.01
68,0.75,-1.99512987686164,0.050011369683826,0.0978229168427556,"Converged",FALSE,33,20,25,22,"MLE",0.99,0.01
68,0.9,-1.74512141151534,-0.0298163829315164,0.0976610582820488,"Converged",FALSE,52,23,3,22,"CC",0.99,0.01
69,0.1,-2.08955380999514,0.0297413199678566,0.134407250232393,"Converged",FALSE,23,26,29,22,"MLE",0.99,0.01
69,0.25,-2.03317724270309,0.0111319082578145,0.13403080047923,"Converged",FALSE,18,35,18,29,"MLE",0.99,0.01
69,0.5,-2.33324021172468,0.107921326336185,0.134935178496858,"Converged",FALSE,41,12,35,12,"MLE",0.99,0.01
69,0.75,-2.16820231293249,0.0532071919486893,0.134498416922104,"Converged",FALSE,36,20,23,21,"MLE",0.99,0.01
69,0.9,-2.10509030602879,0.0338124732031683,0.134391883637018,"Converged",FALSE,37,23,15,25,"MLE",0.99,0.01
70,0.1,-1.26731498920843,-0.121645079882244,0.0653145102593268,"Converged",FALSE,27,22,22,29,"MLE",0.99,0.01
70,0.25,-1.35516514404607,-0.092544172828663,0.0649464273597405,"Converged",FALSE,19,28,21,32,"MLE",0.99,0.01
70,0.5,NA,NA,NA,"B-spline error",FALSE,36,12,40,12,"MLE",0.99,0.01
70,0.75,-1.29582330592305,-0.117766626919377,0.065592791924236,"Converged",FALSE,25,20,20,35,"MLE",0.99,0.01
70,0.9,NA,NA,NA,"Singular information",FALSE,NA,NA,NA,NA,NA,0.99,0.01
71,0.1,-1.89960433271394,0.0428927642862804,0.0872817400482145,"Converged",FALSE,41,6,40,13,"MLE",0.99,0.01
71,0.25,-2.12537662114225,0.120886251361635,0.0871950571282522,"Converged",FALSE,16,33,21,30,"MLE",0.99,0.01
71,0.5,-2.02843953295924,0.092217504236772,0.0866412303172705,"Converged",FALSE,46,12,30,12,"MLE",0.99,0.01
71,0.75,-2.302714822626,0.159122801656327,0.0864069351756939,"Converged",FALSE,29,21,26,24,"MLE",0.99,0.01
71,0.9,-1.74554983122779,-0.00641278912729861,0.0871579308844135,"Converged",FALSE,36,23,18,23,"MLE",0.99,0.01
72,0.1,-2.45980376635603,0.0819266524101944,0.133922335321615,"Converged",FALSE,21,27,27,25,"MLE",0.99,0.01
72,0.25,-2.41479868526948,0.068297189921363,0.134114046707259,"Converged",FALSE,20,29,17,34,"MLE",0.99,0.01
72,0.5,-2.64499658984484,0.139993858617963,0.135998409953852,"Converged",FALSE,46,12,30,12,"MLE",0.99,0.01
72,0.75,-2.47298015491703,0.0856460097727588,0.135200652899406,"Converged",FALSE,33,21,25,21,"CC",0.99,0.01
72,0.9,-2.48666277475303,0.0881623019258483,0.134426192744567,"Converged",FALSE,1,46,6,47,"CC",0.99,0.01
73,0.1,NA,NA,NA,"B-spline error",FALSE,60,4,33,3,"CC",0.99,0.01
73,0.25,-2.49964489274413,0.223365160655054,0.0694366730432424,"Converged",FALSE,19,26,18,37,"MLE",0.99,0.01
73,0.5,-2.43421419546354,0.207768636237601,0.0687486842663759,"Converged",FALSE,41,12,35,12,"MLE",0.99,0.01
73,0.75,NA,NA,NA,"B-spline error",FALSE,30,22,27,21,"MLE",0.99,0.01
73,0.9,-2.158900657536,0.111737653746984,0.0684987904718832,"Converged",FALSE,22,30,11,37,"MLE",0.99,0.01
74,0.1,-1.91570604914971,0.0316209276530994,0.087354434446174,"Converged",FALSE,22,29,22,27,"MLE",0.99,0.01
74,0.25,-1.82868862172796,0.00439988954013417,0.0871136206983336,"Converged",FALSE,44,4,45,7,"MLE",0.99,0.01
74,0.5,-2.10112141899232,0.0871405222104066,0.0882521196965559,"Converged",FALSE,22,26,13,39,"MLE",0.99,0.01
74,0.75,-2.02961665592792,0.0679669138214914,0.0884969411043407,"Converged",FALSE,29,24,25,22,"MLE",0.99,0.01
74,0.9,NA,NA,NA,"Singular information",FALSE,NA,NA,NA,NA,NA,0.99,0.01
75,0.1,-2.03087339617986,0.0316904826804808,0.114034602595847,"Converged",FALSE,42,8,47,3,"MLE",0.99,0.01
75,0.25,-2.15483492694891,0.0712125855816491,0.114226119420898,"Converged",FALSE,21,31,17,31,"MLE",0.99,0.01
75,0.5,-2.20493281488578,0.0899455474231325,0.113614241586478,"Converged",FALSE,42,12,34,12,"MLE",0.99,0.01
75,0.75,-2.29151679227341,0.105312032812589,0.115012465949152,"Converged",FALSE,33,20,22,25,"MLE",0.99,0.01
75,0.9,-2.0397444587617,0.0358940266957007,0.113602719927977,"Converged",FALSE,5,70,1,24,"CC",0.99,0.01
76,0.1,-1.92212319896674,-0.0289070681761865,0.118316235242078,"Converged",FALSE,57,5,34,4,"CC",0.99,0.01
76,0.25,-1.989236647882,-0.00885005352490493,0.118773784991547,"Converged",FALSE,18,30,17,35,"MLE",0.99,0.01
76,0.5,-1.99471621911134,-0.00735006007821648,0.118757497708615,"Converged",FALSE,41,12,35,12,"MLE",0.99,0.01
76,0.75,-1.91328176559568,-0.0299654823275364,0.118175407978276,"Converged",FALSE,30,22,30,18,"MLE",0.99,0.01
76,0.9,-1.90855381625926,-0.0330886766476042,0.118359653423814,"Converged",FALSE,3,22,8,67,"CC",0.99,0.01
77,0.1,-1.7588130032851,0.000555222563822926,0.0610616855812826,"Converged",FALSE,22,28,20,30,"MLE",0.99,0.01
77,0.25,-1.80703300544314,0.0150457695523233,0.0616670526473813,"Converged",FALSE,18,32,21,29,"MLE",0.99,0.01
77,0.5,-1.85035720647197,0.0289245857967158,0.0619362632541004,"Converged",FALSE,38,12,38,12,"MLE",0.99,0.01
77,0.75,-1.93253483406006,0.0529516133472635,0.0634596222930442,"Converged",FALSE,24,26,22,28,"MLE",0.99,0.01
77,0.9,NA,NA,NA,"Singular information",FALSE,NA,NA,NA,NA,NA,0.99,0.01
78,0.1,-1.76146359145649,-0.0684282075375158,0.125827489681346,"Converged",FALSE,21,28,20,31,"MLE",0.99,0.01
78,0.25,-1.69231412174364,-0.0880620573631879,0.126677398681762,"Converged",FALSE,17,34,22,27,"MLE",0.99,0.01
78,0.5,-1.75299727773419,-0.0653242240382661,0.126025133416886,"Converged",FALSE,32,16,40,12,"MLE",0.99,0.01
78,0.75,-1.78478830696904,-0.0591777816815853,0.127260779115332,"Converged",FALSE,30,20,28,22,"MLE",0.99,0.01
78,0.9,-1.6235665361686,-0.102670715214513,0.126053223998964,"Converged",FALSE,40,22,15,23,"MLE",0.99,0.01
79,0.1,-2.34295197809886,0.189241611125502,0.0862659526478936,"Converged",FALSE,59,3,36,2,"CC",0.99,0.01
79,0.25,-2.13484369757427,0.12694142572077,0.0871176745288579,"Converged",FALSE,20,27,21,32,"MLE",0.99,0.01
79,0.5,-2.5134969254508,0.25186225490569,0.0863072893557601,"Converged",FALSE,49,12,24,15,"MLE",0.99,0.01
79,0.75,-2.12605204626344,0.121576164827879,0.0868500592695488,"Converged",FALSE,34,20,25,21,"MLE",0.99,0.01
79,0.9,-2.30831363544643,0.177201565231349,0.086309072981155,"Converged",FALSE,20,25,26,29,"MLE",0.99,0.01
80,0.1,-1.87375125915279,-0.037304315505886,0.133860030845507,"Converged",FALSE,21,32,18,29,"MLE",0.99,0.01
80,0.25,-1.82557455994149,-0.0551004414596403,0.134208045981133,"Converged",FALSE,19,30,23,28,"MLE",0.99,0.01
80,0.5,-1.92068895339833,-0.022962871016559,0.133896533756228,"Converged",FALSE,33,15,40,12,"MLE",0.99,0.01
80,0.75,-1.95767943125999,-0.011351808757659,0.133936520066328,"Converged",FALSE,31,19,31,19,"MLE",0.99,0.01
80,0.9,NA,NA,NA,"Singular information",FALSE,NA,NA,NA,NA,NA,0.99,0.01
81,0.1,-1.09159064206187,-0.232528628640657,0.101299659355036,"Converged",FALSE,29,20,46,5,"MLE",0.99,0.01
81,0.25,-1.02213799212029,-0.244900272762216,0.100215142921378,"Converged",FALSE,21,34,19,26,"MLE",0.99,0.01
81,0.5,-1.12386484421806,-0.211193431622652,0.100716580349501,"Converged",FALSE,28,17,43,12,"MLE",0.99,0.01
81,0.75,-1.14600585119046,-0.206618206797083,0.101688082512126,"Converged",FALSE,38,22,19,21,"MLE",0.99,0.01
81,0.9,-1.15823601954658,-0.20008515315952,0.0994032159671343,"Converged",FALSE,6,24,15,55,"CC",0.99,0.01
82,0.1,-1.56142489989002,-0.0291998605910244,0.0373730464916744,"Converged",FALSE,46,2,45,7,"MLE",0.99,0.01
82,0.25,-1.75544823032022,0.0320752045344452,0.0379936941625037,"Converged",FALSE,46,4,40,10,"MLE",0.99,0.01
82,0.5,-1.84277204708037,0.060420185916801,0.0386364695730211,"Converged",FALSE,40,12,36,12,"MLE",0.99,0.01
82,0.75,-1.74263513197938,0.0263281226026366,0.0380999650127288,"Converged",FALSE,33,20,24,23,"MLE",0.99,0.01
82,0.9,-1.71799015055341,0.0194750622798065,0.0379426418396479,"Converged",FALSE,6,22,4,68,"CC",0.99,0.01
83,0.1,-1.57425560425047,-0.146334803878915,0.145987559124831,"Converged",FALSE,23,29,26,22,"MLE",0.99,0.01
83,0.25,-1.80868231750464,-0.0648668467840204,0.146579955777668,"Converged",FALSE,20,29,20,31,"MLE",0.99,0.01
83,0.5,-1.70711355873317,-0.0945021696275237,0.146015887345693,"Converged",FALSE,24,21,43,12,"MLE",0.99,0.01
83,0.75,-1.77112791812083,-0.0779456823507649,0.146592062204232,"Converged",FALSE,21,19,43,17,"MLE",0.99,0.01
83,0.9,-1.58551685040472,-0.130249193744209,0.145196132930447,"Converged",FALSE,51,23,3,23,"CC",0.99,0.01
84,0.1,-1.72171373198607,-0.0729581423563487,0.0836236158698153,"Converged",FALSE,38,13,45,4,"MLE",0.99,0.01
84,0.25,-1.83538999238401,-0.0330379518214619,0.0835412365778878,"Converged",FALSE,18,34,21,27,"MLE",0.99,0.01
84,0.5,-1.94349967308872,0.0032943096805722,0.0835626230880337,"Converged",FALSE,35,12,41,12,"MLE",0.99,0.01
84,0.75,-2.01101637474001,0.0253317115651539,0.083575267339198,"Converged",FALSE,3,58,2,37,"MLE",0.99,0.01
84,0.9,-1.64521622926021,-0.0968105103004391,0.0836892442070786,"Converged",FALSE,1,24,2,73,"CC",0.99,0.01
85,0.1,-2.62556134393831,0.0887664447690112,0.170203642047933,"Converged",FALSE,43,6,47,4,"MLE",0.99,0.01
85,0.25,-2.65150753754362,0.098373909227986,0.170680070914687,"Converged",FALSE,19,29,17,35,"MLE",0.99,0.01
85,0.5,-2.41251460148623,0.0218675720788649,0.17030128407674,"Converged",FALSE,40,12,36,12,"MLE",0.99,0.01
85,0.75,-2.42799168043113,0.0249707375461518,0.170467056513523,"Converged",FALSE,33,20,28,19,"MLE",0.99,0.01
85,0.9,NA,NA,NA,"MAX_ITER reached",FALSE,50,24,5,21,"CC",0.99,0.01
86,0.1,-1.76038378663322,-0.0290676072146132,0.115249228585387,"Converged",FALSE,20,27,20,33,"MLE",0.99,0.01
86,0.25,-1.90420042475964,0.0210481940522225,0.11443333998955,"Converged",FALSE,18,29,20,33,"MLE",0.99,0.01
86,0.5,-1.62744727228663,-0.0790921934438888,0.116596322868275,"Converged",FALSE,32,12,44,12,"MLE",0.99,0.01
86,0.75,-1.75754637703607,-0.0305513756225645,0.11558135618689,"Converged",FALSE,36,20,24,20,"MLE",0.99,0.01
86,0.9,-1.67985123085869,-0.0543539631505501,0.115991320292124,"Converged",FALSE,37,23,18,22,"MLE",0.99,0.01
87,0.1,NA,NA,NA,"B-spline error",FALSE,49,3,47,1,"MLE",0.99,0.01
87,0.25,-2.58989707510186,0.140056039259448,0.157325779804821,"Converged",FALSE,44,4,42,10,"MLE",0.99,0.01
87,0.5,-2.68777309953791,0.165926037160153,0.157570115504921,"Converged",FALSE,39,12,24,25,"MLE",0.99,0.01
87,0.75,-2.48194537782324,0.103896499238659,0.158084811227883,"Converged",FALSE,33,23,20,24,"MLE",0.99,0.01
87,0.9,-2.65592084455971,0.157457387666491,0.158134431094429,"Converged",FALSE,2,43,3,52,"MLE",0.99,0.01
88,0.1,-2.59522793113558,0.0815714814323367,0.170047057168402,"Converged",FALSE,37,8,49,6,"MLE",0.99,0.01
88,0.25,-2.52211947041494,0.0581513092925009,0.170106786892177,"Converged",FALSE,18,27,20,35,"MLE",0.99,0.01
88,0.5,-2.62232658303024,0.0877312145546925,0.17007340344846,"Converged",FALSE,45,12,26,17,"MLE",0.99,0.01
88,0.75,-2.48729949988666,0.0480730439855812,0.169782866066122,"Converged",FALSE,37,18,25,20,"MLE",0.99,0.01
88,0.9,-2.34316477217016,-0.00271617469597146,0.170924522225803,"Converged",FALSE,2,23,6,69,"CC",0.99,0.01
89,0.1,-1.79206771947749,-0.00691097131524887,0.0974607861945271,"Converged",FALSE,18,32,20,30,"MLE",0.99,0.01
89,0.25,NA,NA,NA,"B-spline error",FALSE,42,6,44,8,"MLE",0.99,0.01
89,0.5,-1.78341920233682,-0.00909083328344556,0.0974057920676032,"Converged",FALSE,36,12,40,12,"MLE",0.99,0.01
89,0.75,-1.72856381614562,-0.0278038056880252,0.0973833071310623,"Converged",FALSE,28,20,30,22,"MLE",0.99,0.01
89,0.9,-1.7104052524129,-0.0319425023530127,0.0974010292280497,"Converged",FALSE,36,25,14,25,"MLE",0.99,0.01
90,0.1,-1.47581504895276,-0.108371130552555,0.12239328000367,"Converged",FALSE,21,26,20,33,"MLE",0.99,0.01
90,0.25,-1.51033961805736,-0.101362847378063,0.121225871680212,"Converged",FALSE,20,29,18,33,"MLE",0.99,0.01
90,0.5,-1.43371000389852,-0.126936247366331,0.121703379805602,"Converged",FALSE,28,12,48,12,"MLE",0.99,0.01
90,0.75,-1.39513390022863,-0.131904181743108,0.122497487678488,"Converged",FALSE,28,22,29,21,"MLE",0.99,0.01
90,0.9,-1.24487503863027,-0.188317721967819,0.122419985221658,"Converged",FALSE,6,30,12,52,"MLE",0.99,0.01
91,0.1,-1.74968212997328,-0.0306969703017386,0.078240869223296,"Converged",FALSE,46,4,43,7,"MLE",0.99,0.01
91,0.25,-2.03428433408146,0.0577677237309945,0.0783790565345997,"Converged",FALSE,20,30,19,31,"MLE",0.99,0.01
91,0.5,-1.73922713589092,-0.0346143153892167,0.0781967215188513,"Converged",FALSE,35,12,41,12,"MLE",0.99,0.01
91,0.75,-1.8388595766716,-0.0027222156421572,0.0783508415105526,"Converged",FALSE,32,20,23,25,"MLE",0.99,0.01
91,0.9,-1.70573258787804,-0.0419192738660569,0.0782946205684888,"Converged",FALSE,38,25,13,24,"MLE",0.99,0.01
92,0.1,-1.92494480742696,0.0435250602690065,0.0875263091147821,"Converged",FALSE,21,31,21,27,"MLE",0.99,0.01
92,0.25,-1.87331599212613,0.0268387899381153,0.0869122298667767,"Converged",FALSE,20,29,22,29,"MLE",0.99,0.01
92,0.5,-2.20805875575176,0.132818030145361,0.0880498319594697,"Converged",FALSE,40,12,36,12,"MLE",0.99,0.01
92,0.75,-2.07216267178018,0.0902634137681551,0.0879781305176611,"Converged",FALSE,31,21,28,20,"MLE",0.99,0.01
92,0.9,-2.06691219315326,0.0848517574741345,0.0879087370046135,"Converged",FALSE,41,23,12,24,"MLE",0.99,0.01
93,0.1,-2.26088298780548,0.113978439016096,0.105587100524039,"Converged",FALSE,25,24,21,30,"MLE",0.99,0.01
93,0.25,-2.18145913356766,0.0906216491206115,0.106783976796335,"Converged",FALSE,19,27,17,37,"MLE",0.99,0.01
93,0.5,-2.39763879000867,0.160839549565383,0.107249628929133,"Converged",FALSE,44,12,32,12,"MLE",0.99,0.01
93,0.75,-2.12378019217046,0.0687004855228428,0.106222017078834,"Converged",FALSE,29,19,32,20,"MLE",0.99,0.01
93,0.9,-2.133666842426,0.0740499424888454,0.106005306677099,"Converged",FALSE,41,22,12,25,"MLE",0.99,0.01
94,0.1,-1.40586760059381,-0.114414902755004,0.0950862698659298,"Converged",FALSE,41,9,45,5,"MLE",0.99,0.01
94,0.25,-1.42995717678891,-0.106145134482381,0.095126207334282,"Converged",FALSE,19,34,19,28,"MLE",0.99,0.01
94,0.5,-1.49250329870581,-0.09075608918632,0.0950298629938099,"Converged",FALSE,32,12,44,12,"MLE",0.99,0.01
94,0.75,-1.45261674832825,-0.104571208767868,0.096064643953205,"Converged",FALSE,2,44,3,51,"MLE",0.99,0.01
94,0.9,NA,NA,NA,"B-spline error",FALSE,37,24,20,19,"MLE",0.99,0.01
95,0.1,NA,NA,NA,"B-spline error",FALSE,66,3,30,1,"CC",0.99,0.01
95,0.25,-1.75028389934208,0.0408237415722182,0.0569357419728808,"Converged",FALSE,17,28,18,37,"MLE",0.99,0.01
95,0.5,-1.71665869875282,0.0301405113767008,0.0568035388101602,"Converged",FALSE,37,12,39,12,"MLE",0.99,0.01
95,0.75,NA,NA,NA,"B-spline error",FALSE,34,20,24,22,"MLE",0.99,0.01
95,0.9,-1.70732594624545,0.0277996111925224,0.056661306019165,"Converged",FALSE,37,25,18,20,"MLE",0.99,0.01
96,0.1,-1.8900953362012,0.00653701609866525,0.101001786831645,"Converged",FALSE,42,5,48,5,"MLE",0.99,0.01
96,0.25,-1.76671251046631,-0.0335074518667767,0.101851563734575,"Converged",FALSE,19,30,23,28,"MLE",0.99,0.01
96,0.5,-1.7145426575216,-0.0507810234075795,0.102078812814401,"Converged",FALSE,39,12,37,12,"MLE",0.99,0.01
96,0.75,-1.72462094356496,-0.0487692258018984,0.102142167733077,"Converged",FALSE,26,33,8,33,"MLE",0.99,0.01
96,0.9,-1.81984363100203,-0.0166114856123218,0.101746266373528,"Converged",FALSE,33,24,24,19,"MLE",0.99,0.01
97,0.1,-2.52124847513503,0.0364872551135725,0.198079574674066,"Converged",FALSE,20,28,21,31,"MLE",0.99,0.01
97,0.25,-2.65328819208444,0.0839088651731635,0.198784050153398,"Converged",FALSE,20,29,20,31,"MLE",0.99,0.01
97,0.5,-2.75919021263654,0.111974172796147,0.199665355005971,"Converged",FALSE,35,12,41,12,"MLE",0.99,0.01
97,0.75,-2.83408349033671,0.1285695324484,0.199702217255294,"Converged",FALSE,30,20,28,22,"MLE",0.99,0.01
97,0.9,-2.66411722452628,0.0825875412099045,0.198459698772627,"Converged",FALSE,50,25,5,20,"CC",0.99,0.01
98,0.1,-1.60022758243108,-0.00160305792015487,0.0195684700667484,"Converged",FALSE,46,4,45,5,"MLE",0.99,0.01
98,0.25,-1.98346999475358,0.117446267915375,0.0201569932131233,"Converged",FALSE,19,24,22,35,"MLE",0.99,0.01
98,0.5,NA,NA,NA,"B-spline error",FALSE,41,12,35,12,"MLE",0.99,0.01
98,0.75,-1.88134345746676,0.0875662384446846,0.0202052120139555,"Converged",FALSE,40,23,15,22,"MLE",0.99,0.01
98,0.9,-1.84101374798828,0.0692039694314629,0.0201641778319962,"Converged",FALSE,43,21,13,23,"MLE",0.99,0.01
99,0.1,-1.9341581418487,0.0646384011510721,0.0688955012103785,"Converged",FALSE,22,28,23,27,"MLE",0.99,0.01
99,0.25,-1.9527587248138,0.0687400619431169,0.069027992762453,"Converged",FALSE,20,35,19,26,"MLE",0.99,0.01
99,0.5,-1.90138106728829,0.054402913563646,0.0686717951242932,"Converged",FALSE,40,12,36,12,"MLE",0.99,0.01
99,0.75,-2.20567535437462,0.147094984610294,0.0695123385049177,"Converged",FALSE,31,21,29,19,"MLE",0.99,0.01
99,0.9,-2.18888204103642,0.136326572962242,0.0700194268978682,"Converged",FALSE,38,24,17,21,"CC",0.99,0.01
100,0.1,-1.77906087920101,-0.0102789921453234,0.0876806676320352,"Converged",FALSE,22,29,20,29,"MLE",0.99,0.01
100,0.25,-1.58769573826011,-0.0754561983209866,0.0871058612444591,"Converged",FALSE,36,12,46,6,"MLE",0.99,0.01
100,0.5,-1.57615937726729,-0.078367559151717,0.0868214763443981,"Converged",FALSE,35,12,41,12,"MLE",0.99,0.01
100,0.75,NA,NA,NA,"B-spline error",FALSE,30,21,30,19,"MLE",0.99,0.01
100,0.9,-1.72613046399895,-0.0281398099303106,0.0875846542057132,"Converged",FALSE,1,49,1,49,"MLE",0.99,0.01
