"sim","srs_beta0","srs_beta1","srs_beta2","srs_conv_msg","srs_data_resampled","tpr","fpr"
1,-1.67204783489061,1.54072554580877,-0.127402594344537,"Converged",FALSE,0.5,0.5
2,-1.90177964252326,2.19377420601163,-0.12985478371153,"Converged",FALSE,0.5,0.5
3,-1.9642660215144,1.98728302746601,-0.0574610990811201,"Converged",FALSE,0.5,0.5
4,-2.29728211436294,3.69771814410383,-0.143695309121993,"Converged",FALSE,0.5,0.5
5,-0.886729382246898,-1.22237529512945,-0.122918981320044,"Converged",FALSE,0.5,0.5
6,-0.613861729641918,-2.5896227281619,-0.0834465148863469,"Converged",FALSE,0.5,0.5
7,-3.38551414184327,5.32390434387772,-0.0822730389943924,"Converged",FALSE,0.5,0.5
8,-1.78482600302537,0.864852697278521,-0.0547897270993894,"Converged",FALSE,0.5,0.5
9,-2.55632496646635,2.68052815138616,-0.0582018023815755,"Converged",FALSE,0.5,0.5
10,-3.02872108793549,6.30204386529479,-0.203404969528472,"Converged",FALSE,0.5,0.5
11,-1.22762729986147,0.364501531096124,-0.145002361092149,"Converged",FALSE,0.5,0.5
12,-2.91772693567117,4.35749189617478,-0.105680811073014,"Converged",FALSE,0.5,0.5
13,-2.68006641309702,4.24129936040514,-0.123397240180684,"Converged",FALSE,0.5,0.5
14,-2.52039763935308,3.1198710177577,-0.0675718639233839,"Converged",FALSE,0.5,0.5
15,-1.96129083843781,1.59239437211255,-0.0737371002578456,"Converged",FALSE,0.5,0.5
16,-2.91007194483616,4.45883395020242,-0.0578983415193295,"Converged",FALSE,0.5,0.5
17,-1.61996193537955,1.26508919996837,-0.147582518862835,"Converged",FALSE,0.5,0.5
18,-2.2219527038165,2.22167008974521,-0.0730045856020024,"Converged",FALSE,0.5,0.5
19,-0.807023739247825,-0.584267396511189,-0.134525351299552,"Converged",FALSE,0.5,0.5
20,-0.963226374637938,-0.648977211766102,-0.137281227249059,"Converged",FALSE,0.5,0.5
21,-1.58143635246861,0.382467834876967,-0.0382577152934104,"Converged",FALSE,0.5,0.5
22,-2.99158432830188,4.18326421951114,-0.0411953798723953,"Converged",FALSE,0.5,0.5
23,-0.817715835102862,-2.28131883562136,-0.0586015242855375,"Converged",FALSE,0.5,0.5
24,-1.64884655618897,1.31960675220882,-0.112193344078831,"Converged",FALSE,0.5,0.5
25,-1.3456533405808,-1.1905886730897,-0.025242660354442,"Converged",FALSE,0.5,0.5
26,-1.94473208256399,1.51749849445541,-0.0831568527219827,"Converged",FALSE,0.5,0.5
27,-1.98526423582916,2.15569692857312,-0.0829212835511609,"Converged",FALSE,0.5,0.5
28,-1.46270930966674,0.888938440711719,-0.137307928857763,"Converged",FALSE,0.5,0.5
29,-2.89376229581329,3.58050853643861,-0.00749815374087389,"Converged",FALSE,0.5,0.5
30,-0.652587424039533,-2.60909587851653,-0.0536673837204611,"Converged",FALSE,0.5,0.5
31,-1.56117950357725,0.0974241492325645,-0.0610937482385552,"Converged",FALSE,0.5,0.5
32,-2.15398712718228,1.95782471308607,-0.0773985709524016,"Converged",FALSE,0.5,0.5
33,-1.32387258466643,-0.380212934631841,-0.124994103218321,"Converged",FALSE,0.5,0.5
34,-2.10221069352787,2.01097941501341,-0.0574910968197172,"Converged",FALSE,0.5,0.5
35,-2.30844410964651,3.70649131944502,-0.125442744759382,"Converged",FALSE,0.5,0.5
36,-0.409114071051034,-3.58198945443815,-0.0575732994763183,"Converged",FALSE,0.5,0.5
37,-2.78137739731789,3.71333559088595,-0.0522721501453466,"Converged",FALSE,0.5,0.5
38,-2.84683019619621,4.46225099265185,-0.0924768705696626,"Converged",FALSE,0.5,0.5
39,-2.12192316606906,3.02326339496514,-0.126806466054939,"Converged",FALSE,0.5,0.5
40,-2.34662286278099,3.12112395320161,-0.13147615287491,"Converged",FALSE,0.5,0.5
41,-2.24884400709026,3.82580348257387,-0.197557928333397,"Converged",FALSE,0.5,0.5
42,-2.63891755341907,3.06610659120617,-0.0462447618414815,"Converged",FALSE,0.5,0.5
43,-2.16812398530422,2.69486999924782,-0.113213780427494,"Converged",FALSE,0.5,0.5
44,-0.81603084583732,-0.905558955581591,-0.138104232925385,"Converged",FALSE,0.5,0.5
45,-1.2676626077603,-0.877512037946317,-0.0651638089534302,"Converged",FALSE,0.5,0.5
46,-1.87088189572496,1.76845959930912,-0.0974416979117833,"Converged",FALSE,0.5,0.5
47,-1.84483337660342,1.93558716375682,-0.139778899976953,"Converged",FALSE,0.5,0.5
48,-1.31962072657885,0.48350992230782,-0.115531712671376,"Converged",FALSE,0.5,0.5
49,-3.40176191867879,5.98365948319406,-0.095726877293831,"Converged",FALSE,0.5,0.5
50,-3.55774556036565,5.73445898114791,-0.0670316783443537,"Converged",FALSE,0.5,0.5
51,-1.80375007580848,1.66311199706911,-0.10708374987737,"Converged",FALSE,0.5,0.5
52,-2.16752469434771,3.58204887988241,-0.162952343182714,"Converged",FALSE,0.5,0.5
53,-2.01464851645758,1.78650063394344,-0.0760127877873161,"Converged",FALSE,0.5,0.5
54,-1.95687136328415,2.04854955840406,-0.0923994610123097,"Converged",FALSE,0.5,0.5
55,-3.14341460869313,5.45585188969943,-0.117573934400505,"Converged",FALSE,0.5,0.5
56,-1.22253720383133,-0.658136709562642,-0.0895201694490129,"Converged",FALSE,0.5,0.5
57,-1.12862517553309,0.500106022450631,-0.181734893290781,"Converged",FALSE,0.5,0.5
58,-1.43915871818808,0.778451930830284,-0.143673082611544,"Converged",FALSE,0.5,0.5
59,-1.510214552139,-0.314470195066891,-0.0200223858002801,"Converged",FALSE,0.5,0.5
60,-2.97669559077686,4.61873335779819,-0.0912122004023479,"Converged",FALSE,0.5,0.5
61,-2.19283062814395,1.22725771535393,-0.00720541080341382,"Converged",FALSE,0.5,0.5
62,-0.966560440409693,-1.18055318482675,-0.0384670945798775,"Converged",FALSE,0.5,0.5
63,-2.53308642971988,3.08222539598621,-0.0696287054052213,"Converged",FALSE,0.5,0.5
64,-1.83626553884799,1.56401766096146,-0.0933898400343236,"Converged",FALSE,0.5,0.5
65,-1.41740103004842,0.110761568958393,-0.0877446211376171,"Converged",FALSE,0.5,0.5
66,-2.64438253170592,3.82807550368778,-0.0986215618891792,"Converged",FALSE,0.5,0.5
67,-2.79235292245115,5.04711105544488,-0.150679678740946,"Converged",FALSE,0.5,0.5
68,-2.36574920211863,1.9728601799598,0.00595060648036507,"Converged",FALSE,0.5,0.5
69,-1.20905271201858,-0.737779328923889,-0.113144234317795,"Converged",FALSE,0.5,0.5
70,-1.55238046099053,1.06374552626835,-0.113009471460941,"Converged",FALSE,0.5,0.5
71,-1.79887295231673,1.69379894289751,-0.132351753329161,"Converged",FALSE,0.5,0.5
72,-2.56614826152058,2.99563930417732,-0.074318503268008,"Converged",FALSE,0.5,0.5
73,-1.99423520562997,1.2902817151901,-0.0736506683573601,"Converged",FALSE,0.5,0.5
74,-2.11880274642721,2.54723827979883,-0.160395249688575,"Converged",FALSE,0.5,0.5
75,-1.35058125915903,-0.080640925325081,-0.0713267502548461,"Converged",FALSE,0.5,0.5
76,-2.72364172326625,4.27061652782967,-0.0972437515774232,"Converged",FALSE,0.5,0.5
77,-2.11426125117093,2.15576065246755,-0.0454662155579321,"Converged",FALSE,0.5,0.5
78,-0.838801066171984,-1.57500168791565,-0.102450188883578,"Converged",FALSE,0.5,0.5
79,-2.15796167371446,3.09145238644888,-0.0877692577359702,"Converged",FALSE,0.5,0.5
80,-1.65463185716367,1.52461578260319,-0.130175464357523,"Converged",FALSE,0.5,0.5
81,-0.685121414480349,-2.03692546383287,-0.110511121861096,"Converged",FALSE,0.5,0.5
82,-2.03270898163395,1.67359821781123,-0.0675397325076802,"Converged",FALSE,0.5,0.5
83,-2.31157195070343,2.23668505258335,-0.0225787942986115,"Converged",FALSE,0.5,0.5
84,-3.13958301066936,5.16554770434921,-0.0894795495318238,"Converged",FALSE,0.5,0.5
85,-2.09558015253657,3.07690390494377,-0.14067076985557,"Converged",FALSE,0.5,0.5
86,-0.508646528249658,-2.28619343718503,-0.100266579518247,"Converged",FALSE,0.5,0.5
87,-1.8211125123402,0.76107547185667,-0.0393505379112202,"Converged",FALSE,0.5,0.5
88,-2.60291714486817,2.27549288667293,-0.00784759491961158,"Converged",FALSE,0.5,0.5
89,-2.28666063432969,2.43831232473631,-0.08391203685217,"Converged",FALSE,0.5,0.5
90,-2.53007867949116,3.91231831281746,-0.117281301656215,"Converged",FALSE,0.5,0.5
91,-2.91133305046908,4.97040046887792,-0.0477093606326828,"Converged",FALSE,0.5,0.5
92,-2.13368891050263,3.64130420328812,-0.162987504621699,"Converged",FALSE,0.5,0.5
93,-0.549150142841228,-1.39138889846297,-0.156257242630287,"Converged",FALSE,0.5,0.5
94,-2.00918211208874,1.18183547454609,-0.0338401127348292,"Converged",FALSE,0.5,0.5
95,-1.95960369521504,1.85658132946564,-0.0689339431717713,"Converged",FALSE,0.5,0.5
96,-2.97222892849315,4.75619296772295,-0.124579410253537,"Converged",FALSE,0.5,0.5
97,-0.597958038707449,-1.95630432752413,-0.115114073227166,"Converged",FALSE,0.5,0.5
98,-1.24004499440642,-0.723986730935127,-0.0661512619036589,"Converged",FALSE,0.5,0.5
99,-1.23126719596823,0.290480654569816,-0.119783606087924,"Converged",FALSE,0.5,0.5
100,-1.38436221920513,0.745099400797644,-0.139073364842408,"Converged",FALSE,0.5,0.5
101,-2.85920189748461,5.21729065410861,-0.135401072360428,"Converged",FALSE,0.5,0.5
102,-2.42941360918703,3.31000539231917,-0.119389379916908,"Converged",FALSE,0.5,0.5
103,-1.02884764508376,-0.533857133729402,-0.124958978652177,"Converged",FALSE,0.5,0.5
104,-1.82498608455386,1.53892982105072,-0.0914536668013054,"Converged",FALSE,0.5,0.5
105,-1.50774371462429,1.67440591227044,-0.172581389166853,"Converged",FALSE,0.5,0.5
106,-0.698375914281398,-2.14903915250486,-0.11241590707333,"Converged",FALSE,0.5,0.5
107,-1.4429485537827,1.1940157847169,-0.167038253792791,"Converged",FALSE,0.5,0.5
108,-2.03157548187442,2.52822564898121,-0.158045931611986,"Converged",FALSE,0.5,0.5
109,-1.95208293060459,2.17027684188666,-0.122267254638861,"Converged",FALSE,0.5,0.5
110,-1.4197152566958,0.346353515825935,-0.0938836985723507,"Converged",FALSE,0.5,0.5
111,-2.504162922716,2.73082100919583,-0.0598067326757893,"Converged",FALSE,0.5,0.5
112,-3.18998163919147,5.50698138340936,-0.0479472304682306,"Converged",FALSE,0.5,0.5
113,-1.89258287961122,2.50364544275331,-0.164671895695994,"Converged",FALSE,0.5,0.5
114,-1.69918266708133,2.53710481029331,-0.195774861318802,"Converged",FALSE,0.5,0.5
115,-1.80895560346366,0.922747752121255,-0.0657314193831168,"Converged",FALSE,0.5,0.5
116,-2.4164133957884,3.63576800132487,-0.082217548162476,"Converged",FALSE,0.5,0.5
117,-2.26223228567256,2.77322972361296,-0.0937175696886478,"Converged",FALSE,0.5,0.5
118,-2.60217541060749,2.98404439911554,-0.0505847226127106,"Converged",FALSE,0.5,0.5
119,-2.2395549314573,3.11206470156453,-0.143889955171371,"Converged",FALSE,0.5,0.5
120,-1.59362689900959,0.484802139921888,-0.0571691657929908,"Converged",FALSE,0.5,0.5
121,-2.61327490437033,3.33634248590207,-0.051801847880478,"Converged",FALSE,0.5,0.5
122,-1.96165918305985,2.80432644980583,-0.179179861644417,"Converged",FALSE,0.5,0.5
123,-2.06246623658811,2.13614481369214,-0.0806013143666143,"Converged",FALSE,0.5,0.5
124,-2.32852744146193,2.25085722480827,-0.0371055058534363,"Converged",FALSE,0.5,0.5
125,-2.46354337906742,3.98760729229044,-0.125265017106635,"Converged",FALSE,0.5,0.5
126,-2.41799101912041,3.71535785850998,-0.170671328540438,"Converged",FALSE,0.5,0.5
127,-1.07559816860929,-1.4761108279163,-0.0669658964737218,"Converged",FALSE,0.5,0.5
128,-1.79753612352565,1.70596030147257,-0.130098611498816,"Converged",FALSE,0.5,0.5
129,-1.8789624925273,0.781921333003944,-0.0326036064434145,"Converged",FALSE,0.5,0.5
130,-2.34844535429668,2.71370812432127,-0.0418671183864025,"Converged",FALSE,0.5,0.5
131,-2.266236534977,4.03875336704538,-0.141439382821218,"Converged",FALSE,0.5,0.5
132,-1.97584860986343,1.55735773067903,-0.0927224646827052,"Converged",FALSE,0.5,0.5
133,-2.44953225537644,3.8481588231534,-0.188005028321793,"Converged",FALSE,0.5,0.5
134,-1.88542219332075,2.28775274093096,-0.09217657554258,"Converged",FALSE,0.5,0.5
135,-1.80201965465387,0.568285632447081,-0.0353803352975155,"Converged",FALSE,0.5,0.5
136,-3.31026320564927,5.45970059282647,-0.0552471449464558,"Converged",FALSE,0.5,0.5
137,-3.08835649009558,5.06157271697158,-0.0634228446809476,"Converged",FALSE,0.5,0.5
138,-3.58113352224011,6.50716825855438,-0.125110320220037,"Converged",FALSE,0.5,0.5
139,-0.970360605718918,-0.980058732119675,-0.0611373831584735,"Converged",FALSE,0.5,0.5
140,-1.45287394171406,0.366605876539768,-0.0553580585966573,"Converged",FALSE,0.5,0.5
141,-1.42109182658841,-0.450613779368553,-0.0605788812282073,"Converged",FALSE,0.5,0.5
142,-2.32913710475413,3.40957839458876,-0.164108934901377,"Converged",FALSE,0.5,0.5
143,-2.89410655695896,4.91800439873728,-0.103388506405728,"Converged",FALSE,0.5,0.5
144,-2.52042202899235,4.38195053330488,-0.128832362454462,"Converged",FALSE,0.5,0.5
145,-3.09700990738259,4.93871260246702,-0.0935899675402982,"Converged",FALSE,0.5,0.5
146,-1.49886491802966,0.465546978892916,-0.0648036092264209,"Converged",FALSE,0.5,0.5
147,-1.4423605904165,0.794470044800611,-0.106880662600216,"Converged",FALSE,0.5,0.5
148,-2.17370179028626,2.78020321356215,-0.0912028404878466,"Converged",FALSE,0.5,0.5
149,-1.37638256799684,0.780014222078421,-0.149212300791016,"Converged",FALSE,0.5,0.5
150,-2.64871570334445,4.03176034982871,-0.123577822743416,"Converged",FALSE,0.5,0.5
151,-2.31031618969026,2.31990583114178,-0.0560696594183817,"Converged",FALSE,0.5,0.5
152,-1.43764465672171,0.136442510756262,-0.06543745609477,"Converged",FALSE,0.5,0.5
153,-2.34717075612834,3.83788463102225,-0.139703389722497,"Converged",FALSE,0.5,0.5
154,-2.16679818301905,2.8490316040411,-0.0900907733541522,"Converged",FALSE,0.5,0.5
155,-2.38674803994437,3.69665010332227,-0.140067797251303,"Converged",FALSE,0.5,0.5
156,-2.18788448876764,2.67038504554835,-0.0887039096021383,"Converged",FALSE,0.5,0.5
157,-1.9814241975573,1.11620523138712,-0.0595861303950808,"Converged",FALSE,0.5,0.5
158,-2.34365743014764,3.41929917157785,-0.101269773653705,"Converged",FALSE,0.5,0.5
159,-2.63277922190858,4.13217720359483,-0.114167831041277,"Converged",FALSE,0.5,0.5
160,-2.20334769133223,3.64054956840529,-0.158019369354589,"Converged",FALSE,0.5,0.5
161,-2.67591932813532,3.72788919168952,-0.0826156455223714,"Converged",FALSE,0.5,0.5
162,-3.55284715608667,5.86863889287328,-0.0437477315007572,"Converged",FALSE,0.5,0.5
163,-0.863283951818101,-2.11490155946815,-0.0656216591704755,"Converged",FALSE,0.5,0.5
164,-1.90407325354481,3.28289045174189,-0.175582314222866,"Converged",FALSE,0.5,0.5
165,-2.10000995934442,2.64908217107872,-0.114028497676814,"Converged",FALSE,0.5,0.5
166,-2.16362144990839,2.75242903556137,-0.108912366589614,"Converged",FALSE,0.5,0.5
167,-1.76683666932142,1.93079537985461,-0.137823156250829,"Converged",FALSE,0.5,0.5
168,-2.61605527195617,3.28563159531592,-0.0566897500127522,"Converged",FALSE,0.5,0.5
169,-1.28392296804378,-0.24251639895095,-0.101686775185091,"Converged",FALSE,0.5,0.5
170,-2.63415397002371,3.78922005796243,-0.0909146564946644,"Converged",FALSE,0.5,0.5
171,-2.25853995174103,2.19048707394234,-0.0683800921126118,"Converged",FALSE,0.5,0.5
172,-0.665351792342862,-2.25794006717035,-0.0720066507642812,"Converged",FALSE,0.5,0.5
173,-2.70455416525294,3.92486487547968,-0.123790517434554,"Converged",FALSE,0.5,0.5
174,-3.6353886049751,6.80920556686975,-0.0908243696197953,"Converged",FALSE,0.5,0.5
175,-1.85649532269781,1.98749140056562,-0.0850081496835646,"Converged",FALSE,0.5,0.5
176,-1.59506370357532,1.1826181834871,-0.0950650744910784,"Converged",FALSE,0.5,0.5
177,-1.46333267243703,0.371240324521234,-0.0677404091850317,"Converged",FALSE,0.5,0.5
178,-1.7608395489701,2.71946188219661,-0.170437316166253,"Converged",FALSE,0.5,0.5
179,-1.16131069472838,-0.952656654430834,-0.0510986577733219,"Converged",FALSE,0.5,0.5
180,-2.18302583300545,1.57350095388659,-0.0408419637462054,"Converged",FALSE,0.5,0.5
181,-2.03105245989438,2.81628237353781,-0.152714314098511,"Converged",FALSE,0.5,0.5
182,-2.59762222430681,5.09571086215572,-0.218197713714134,"Converged",FALSE,0.5,0.5
183,-2.1770144726044,3.15694929219843,-0.12461395942968,"Converged",FALSE,0.5,0.5
184,-3.15954639029969,3.60835174483189,-0.0426790317740626,"Converged",FALSE,0.5,0.5
185,-1.69151156766761,1.68880569594498,-0.153199048139977,"Converged",FALSE,0.5,0.5
186,-2.9491632407538,4.163901386904,-0.0640446972500719,"Converged",FALSE,0.5,0.5
187,-1.72377606203795,1.99045636651803,-0.13584729331129,"Converged",FALSE,0.5,0.5
188,-0.55355622199304,-1.41145986053573,-0.146838522308776,"Converged",FALSE,0.5,0.5
189,-3.3438361956856,7.39380113400506,-0.163163346627666,"Converged",FALSE,0.5,0.5
190,-2.46624639616182,3.21720255365882,-0.0610786432838586,"Converged",FALSE,0.5,0.5
191,-1.930394425647,2.29107768951333,-0.0922304392877376,"Converged",FALSE,0.5,0.5
192,-2.26675893898959,2.96343694129229,-0.0925405805614923,"Converged",FALSE,0.5,0.5
193,-2.14978090388446,2.97174553823854,-0.128218973788687,"Converged",FALSE,0.5,0.5
194,-2.02431229681856,2.77748417734416,-0.155625848347524,"Converged",FALSE,0.5,0.5
195,-2.79084882715006,4.13841348379347,-0.0977700705196098,"Converged",FALSE,0.5,0.5
196,-2.97777122588959,3.62703486649675,-0.00525899461990096,"Converged",FALSE,0.5,0.5
197,-2.93562775949114,4.66803116070781,-0.101581052331158,"Converged",FALSE,0.5,0.5
198,-2.12121936741225,2.53497193707432,-0.0788843275257188,"Converged",FALSE,0.5,0.5
199,-3.10117008258771,5.12908106385053,-0.0613763871185131,"Converged",FALSE,0.5,0.5
200,-1.60085094899975,1.90870827580898,-0.179393267969417,"Converged",FALSE,0.5,0.5
201,-1.65377552170692,0.345640122003859,-0.0458462164658907,"Converged",FALSE,0.5,0.5
202,-1.30593079257965,0.763351864505269,-0.121536932177003,"Converged",FALSE,0.5,0.5
203,-2.36573835610242,3.0675894451853,-0.0867186723569967,"Converged",FALSE,0.5,0.5
204,-1.73264512538895,2.18017882663349,-0.168123460324031,"Converged",FALSE,0.5,0.5
205,-1.60699026094919,0.496115294489169,-0.0710804777020427,"Converged",FALSE,0.5,0.5
206,-2.84695730418238,4.20303567535361,-0.0506093689533918,"Converged",FALSE,0.5,0.5
207,-2.37811910850336,3.01012469688255,-0.100894295371839,"Converged",FALSE,0.5,0.5
208,-2.18136884984207,2.34521686166707,-0.0889704820924006,"Converged",FALSE,0.5,0.5
209,-1.69321692990471,1.06540823764079,-0.120463761919774,"Converged",FALSE,0.5,0.5
210,-3.08157834912211,6.03042097240637,-0.11715145033738,"Converged",FALSE,0.5,0.5
211,-0.97416671929909,-0.802587850274273,-0.118465922716262,"Converged",FALSE,0.5,0.5
212,-2.48929603541013,3.07860588767987,-0.102185934898184,"Converged",FALSE,0.5,0.5
213,-2.28154390986702,3.2395747183186,-0.0954954971941994,"Converged",FALSE,0.5,0.5
214,-1.05294980242355,-1.45514606901106,-0.0680903151475852,"Converged",FALSE,0.5,0.5
215,-0.907252083497963,-2.00995873031847,-0.0362480034296144,"Converged",FALSE,0.5,0.5
216,-2.27617368567801,3.25030082846719,-0.113300347634382,"Converged",FALSE,0.5,0.5
217,-2.34075079959614,2.50788170067707,-0.0832483972058233,"Converged",FALSE,0.5,0.5
218,NA,NA,NA,"MAX_ITER reached",FALSE,0.5,0.5
219,-1.97357547002736,2.03315250279809,-0.102078087487735,"Converged",FALSE,0.5,0.5
220,-1.60281274544715,0.720447920094198,-0.09159477544126,"Converged",FALSE,0.5,0.5
221,-2.00118000327229,1.03780302219999,-0.0423216535149386,"Converged",FALSE,0.5,0.5
222,-2.06973461294625,2.50995374813948,-0.10858812146582,"Converged",FALSE,0.5,0.5
223,-2.35106497823505,3.74874609756004,-0.128112828895055,"Converged",FALSE,0.5,0.5
224,-2.47038083780575,3.3081242492288,-0.106300590848906,"Converged",FALSE,0.5,0.5
225,-1.00672976038025,-1.2676159716224,-0.0650224422686596,"Converged",FALSE,0.5,0.5
226,-1.75283408750562,0.883905633564393,-0.0647107535300339,"Converged",FALSE,0.5,0.5
227,-1.99475590469558,1.89178291588919,-0.0981671929250939,"Converged",FALSE,0.5,0.5
228,-0.0976259054462904,-4.50482624594607,-0.0804335090066512,"Converged",FALSE,0.5,0.5
229,-1.36721505789273,1.50104778424161,-0.191238770397929,"Converged",FALSE,0.5,0.5
230,-2.83414532944784,4.43563705372372,-0.0810640206865117,"Converged",FALSE,0.5,0.5
231,-2.39814988480704,3.53845326918882,-0.117796885131182,"Converged",FALSE,0.5,0.5
232,-0.912678017388396,-2.03642550211733,-0.0804712124948869,"Converged",FALSE,0.5,0.5
233,-1.6747516167954,0.745295516292558,-0.0578484325002548,"Converged",FALSE,0.5,0.5
234,-3.26265040623259,5.60521670359354,-0.0871690884736659,"Converged",FALSE,0.5,0.5
235,-2.11205302371133,2.19615229451045,-0.0948545959610596,"Converged",FALSE,0.5,0.5
236,-2.29420679677897,3.61957649474014,-0.172072838454664,"Converged",FALSE,0.5,0.5
237,-2.55019288696493,3.72893403711038,-0.102146099999934,"Converged",FALSE,0.5,0.5
238,-1.65380884418301,0.290712780320757,-0.0658002044528916,"Converged",FALSE,0.5,0.5
239,-1.47637672696617,1.44248810955215,-0.183644443469193,"Converged",FALSE,0.5,0.5
240,-2.40857800233961,4.74588116367496,-0.181804470318314,"Converged",FALSE,0.5,0.5
241,-2.1154467217513,2.50982107564781,-0.088254202024967,"Converged",FALSE,0.5,0.5
242,-1.63861796273898,-0.37473643557649,-0.0276666940667197,"Converged",FALSE,0.5,0.5
243,-1.87654367007177,2.08876740570892,-0.1355973194761,"Converged",FALSE,0.5,0.5
244,-1.04468975458954,-1.10015337157706,-0.0749756383772937,"Converged",FALSE,0.5,0.5
245,-1.88475533322489,1.57746763464746,-0.0659903125379773,"Converged",FALSE,0.5,0.5
246,-1.1459306598097,-0.347321133375467,-0.124536696267066,"Converged",FALSE,0.5,0.5
247,-1.85696936183751,1.03209391253081,-0.0762040519246107,"Converged",FALSE,0.5,0.5
248,-2.79982599110947,4.73716535076438,-0.0915621441121253,"Converged",FALSE,0.5,0.5
249,-4.33386579822114,9.27381102001964,-0.0854339952424371,"Converged",FALSE,0.5,0.5
250,-2.13704787548037,2.26591944023389,-0.0878231566394933,"Converged",FALSE,0.5,0.5
251,-3.05970237050623,5.79139111285263,-0.106198775127218,"Converged",FALSE,0.5,0.5
252,-2.86183378581107,4.39363973845486,-0.050907940190711,"Converged",FALSE,0.5,0.5
253,-0.335509443492457,-2.98715742078977,-0.117665312769827,"Converged",FALSE,0.5,0.5
254,-1.45073377242842,0.632468153338114,-0.130668176584146,"Converged",FALSE,0.5,0.5
255,-1.90143214285389,1.22903456250113,-0.0413413098390992,"Converged",FALSE,0.5,0.5
256,-1.6838582991404,1.667173531114,-0.126196924937799,"Converged",FALSE,0.5,0.5
257,-2.2648805952481,2.23924563945666,-0.0653659958877325,"Converged",FALSE,0.5,0.5
258,-2.31514367735979,3.43779239637564,-0.0988771169415393,"Converged",FALSE,0.5,0.5
259,NA,NA,NA,"MAX_ITER reached",FALSE,0.5,0.5
260,-2.04001909978208,1.5110272152262,-0.0390435992778618,"Converged",FALSE,0.5,0.5
261,-1.40270511974919,0.239701313259714,-0.0716102029543028,"Converged",FALSE,0.5,0.5
262,-1.67066836296348,0.524894735434055,-0.0668867853571111,"Converged",FALSE,0.5,0.5
263,-3.28800234615978,4.68195876060422,-0.0556248683372747,"Converged",FALSE,0.5,0.5
264,-2.13976496629756,2.6446977413825,-0.129027893507455,"Converged",FALSE,0.5,0.5
265,-3.0088841459297,5.4290353366799,-0.0867199841742142,"Converged",FALSE,0.5,0.5
266,-0.994343532164313,-0.882432690205887,-0.137772579154233,"Converged",FALSE,0.5,0.5
267,-1.36249155343067,-0.0914029604306673,-0.127822485736927,"Converged",FALSE,0.5,0.5
268,-1.76286244679291,0.648866415002339,-0.0538449887135211,"Converged",FALSE,0.5,0.5
269,-0.8811035704357,-2.21303301836669,-0.0554708253608435,"Converged",FALSE,0.5,0.5
270,-2.60771570661648,4.22820311167315,-0.11105464979,"Converged",FALSE,0.5,0.5
271,-1.85890183372999,1.35799844919087,-0.0921192898236829,"Converged",FALSE,0.5,0.5
272,-1.1649700742899,-1.23720623135957,-0.0599560758072478,"Converged",FALSE,0.5,0.5
273,-2.59079060185152,3.89087962298734,-0.0950927327930409,"Converged",FALSE,0.5,0.5
274,-2.20927563993297,3.19856599120191,-0.122259478348382,"Converged",FALSE,0.5,0.5
275,-1.31773991641557,0.555094398186617,-0.162492151087969,"Converged",FALSE,0.5,0.5
276,-1.1025474510373,0.446157190134732,-0.198295157841516,"Converged",FALSE,0.5,0.5
277,-2.35073577073147,3.24988353272415,-0.134798128246381,"Converged",FALSE,0.5,0.5
278,-2.74259652348825,4.64993983573228,-0.0838639981057926,"Converged",FALSE,0.5,0.5
279,-2.0875996848596,2.52445947548972,-0.0883272803291741,"Converged",FALSE,0.5,0.5
280,-2.23741413405138,2.79473352271632,-0.0846478610338462,"Converged",FALSE,0.5,0.5
281,-1.96087392745407,1.58112800094693,-0.0467097632657314,"Converged",FALSE,0.5,0.5
282,-1.67845189370368,1.44716965170762,-0.129743879334614,"Converged",FALSE,0.5,0.5
283,-1.36633241008404,0.456841209296155,-0.0984478672712353,"Converged",FALSE,0.5,0.5
284,-2.20464693915231,2.35925697323078,-0.0941636775371473,"Converged",FALSE,0.5,0.5
285,-2.41114533557259,3.4862347018001,-0.140348000096193,"Converged",FALSE,0.5,0.5
286,-1.92090278415706,1.60158938255081,-0.104319777175032,"Converged",FALSE,0.5,0.5
287,-1.99721606744739,1.8216363482197,-0.112635175643938,"Converged",FALSE,0.5,0.5
288,-2.80468106530885,2.76568088059012,-0.0304057964742941,"Converged",FALSE,0.5,0.5
289,-2.48513189778329,2.86350953445917,-0.0410539406216893,"Converged",FALSE,0.5,0.5
290,-1.74265194469171,1.67593786287085,-0.101256641362688,"Converged",FALSE,0.5,0.5
291,-2.4290997783831,4.53944183167964,-0.159393266707413,"Converged",FALSE,0.5,0.5
292,-2.05271654329839,2.7734600257011,-0.131805588405709,"Converged",FALSE,0.5,0.5
293,-1.84421914675621,1.15948771510203,-0.0828417558824676,"Converged",FALSE,0.5,0.5
294,-1.48548109326889,1.37930845943686,-0.16683167599118,"Converged",FALSE,0.5,0.5
295,-2.67304403171671,3.81911631891597,-0.0752875748866665,"Converged",FALSE,0.5,0.5
296,-2.67347364895441,3.75155869069776,-0.0605984621434319,"Converged",FALSE,0.5,0.5
297,-2.26885767594665,2.97157343257139,-0.0824209401044782,"Converged",FALSE,0.5,0.5
298,-0.744739775084699,-0.627869887409002,-0.17303286732451,"Converged",FALSE,0.5,0.5
299,-1.21342159697612,-0.846605245311537,-0.0746520846593622,"Converged",FALSE,0.5,0.5
300,-1.6165571054609,2.33238980720068,-0.190143139139576,"Converged",FALSE,0.5,0.5
301,-0.426823311438196,-1.36314180499254,-0.183582638801224,"Converged",FALSE,0.5,0.5
302,-2.42016033472361,3.350043166005,-0.112559887171938,"Converged",FALSE,0.5,0.5
303,-2.19248827476803,2.36954035888408,-0.0685756341898765,"Converged",FALSE,0.5,0.5
304,-1.74838432300459,1.12571785303371,-0.10150865588917,"Converged",FALSE,0.5,0.5
305,-2.42218826746142,2.6243431892325,-0.064482014029703,"Converged",FALSE,0.5,0.5
306,-2.02529841252579,1.81392551836111,-0.0898370989537946,"Converged",FALSE,0.5,0.5
307,-2.59742258199858,4.06999442887658,-0.131172452910951,"Converged",FALSE,0.5,0.5
308,-0.943790743832436,-1.56014347843734,-0.075484723643996,"Converged",FALSE,0.5,0.5
309,-3.12571907733379,4.78559558043137,-0.0730561946500135,"Converged",FALSE,0.5,0.5
310,-0.945697612886374,-0.178374248140599,-0.192676216254522,"Converged",FALSE,0.5,0.5
311,-1.48088377158244,0.871319219732821,-0.115023523036072,"Converged",FALSE,0.5,0.5
312,-2.07696986620399,1.85234184669714,-0.0153428539133895,"Converged",FALSE,0.5,0.5
313,-0.435404479741903,-2.61522740987825,-0.119734026373517,"Converged",FALSE,0.5,0.5
314,-1.10714835140208,0.0467451246584584,-0.135968993875315,"Converged",FALSE,0.5,0.5
315,-2.68064561418719,4.79065991273376,-0.205062487039756,"Converged",FALSE,0.5,0.5
316,-1.37581847220579,0.79963609152531,-0.175010158855808,"Converged",FALSE,0.5,0.5
317,-1.20731979908816,-0.973053933480151,-0.0445740118387349,"Converged",FALSE,0.5,0.5
318,-2.2901580218505,2.94689877818562,-0.0964133256564445,"Converged",FALSE,0.5,0.5
319,-1.95479254359718,0.927744524555258,-0.0311434481869032,"Converged",FALSE,0.5,0.5
320,-1.69406605457594,2.08394724429236,-0.183049372420442,"Converged",FALSE,0.5,0.5
321,-1.78066896446701,0.460249098373657,-0.0346587892378406,"Converged",FALSE,0.5,0.5
322,-2.41216955206173,4.25769624167257,-0.129124164898849,"Converged",FALSE,0.5,0.5
323,-1.38189871229632,1.32798103050922,-0.153998960431279,"Converged",FALSE,0.5,0.5
324,-2.56271817026377,3.84118976424803,-0.109586733554168,"Converged",FALSE,0.5,0.5
325,-2.52370942614524,3.14176697741265,-0.0608566824800906,"Converged",FALSE,0.5,0.5
326,-2.28808108304679,2.93275042101394,-0.0955039733341943,"Converged",FALSE,0.5,0.5
327,-2.34838157766487,3.2365099005775,-0.116767513064946,"Converged",FALSE,0.5,0.5
328,-0.974091462199048,-0.995373747744907,-0.120059414111467,"Converged",FALSE,0.5,0.5
329,-1.39516335943754,0.737147714018978,-0.115337363707138,"Converged",FALSE,0.5,0.5
330,-1.42371680483158,0.307221309273121,-0.119864552459891,"Converged",FALSE,0.5,0.5
331,-1.34835742415307,0.920303280933743,-0.134540248659137,"Converged",FALSE,0.5,0.5
332,-0.697478653607239,-2.39279364851164,-0.069228357732171,"Converged",FALSE,0.5,0.5
333,-1.74047611022936,0.680180291718584,-0.0277467952581466,"Converged",FALSE,0.5,0.5
334,-1.32121030297483,0.40171960987437,-0.168721386892437,"Converged",FALSE,0.5,0.5
335,-2.26772542414185,3.02674633553437,-0.134231499403764,"Converged",FALSE,0.5,0.5
336,-1.4513416846581,0.779581541587552,-0.105675079460781,"Converged",FALSE,0.5,0.5
337,-3.64448438302107,7.69619972234151,-0.133035088426951,"Converged",FALSE,0.5,0.5
338,-2.23890378972984,4.34704401635268,-0.226891108824709,"Converged",FALSE,0.5,0.5
339,-2.65785314288102,5.33233228670296,-0.150979191069891,"Converged",FALSE,0.5,0.5
340,-1.67389681229872,1.28387592878027,-0.151847856588379,"Converged",FALSE,0.5,0.5
341,-1.6127578885467,-0.22787667221709,-0.051010417779813,"Converged",FALSE,0.5,0.5
342,-2.92969338165638,5.27679188506384,-0.125525671644135,"Converged",FALSE,0.5,0.5
343,-1.7156157349819,1.13333982066481,-0.118860955634484,"Converged",FALSE,0.5,0.5
344,-1.30917455067402,-1.01549456687582,-0.0763603926410619,"Converged",FALSE,0.5,0.5
345,-1.4138376400356,1.1232044869176,-0.139323972126766,"Converged",FALSE,0.5,0.5
346,-1.15717328984624,0.367366630110717,-0.121037208841719,"Converged",FALSE,0.5,0.5
347,-0.889503118302775,-0.655833650243145,-0.143315636645995,"Converged",FALSE,0.5,0.5
348,-2.50066760172591,3.05965902803422,-0.0766776942195036,"Converged",FALSE,0.5,0.5
349,-0.842251569706783,-0.938785500897623,-0.173990224764592,"Converged",FALSE,0.5,0.5
350,-3.75269252022825,6.66066847368751,-0.0918099318794144,"Converged",FALSE,0.5,0.5
351,-0.84214083468621,-0.965720195669961,-0.139928417556669,"Converged",FALSE,0.5,0.5
352,-2.0209283084906,1.34237874571816,-0.0412864464207139,"Converged",FALSE,0.5,0.5
353,-1.08685642498986,-0.985336817324315,-0.0871290110558387,"Converged",FALSE,0.5,0.5
354,-1.22018925612254,-0.907395751439968,-0.108001015361489,"Converged",FALSE,0.5,0.5
355,-2.34163517263564,2.61639729866622,-0.0679135689997034,"Converged",FALSE,0.5,0.5
356,-1.32392666567256,-0.769714811142268,-0.0303791610621064,"Converged",FALSE,0.5,0.5
357,-1.50882129609577,-0.571155738480627,-0.0256250458219421,"Converged",FALSE,0.5,0.5
358,-2.54986933562446,4.48827734582779,-0.177521924329495,"Converged",FALSE,0.5,0.5
359,-1.18349117888352,-0.0765230679573611,-0.142869654943706,"Converged",FALSE,0.5,0.5
360,-1.16905302392476,-1.22128257295682,-0.0629783087624163,"Converged",FALSE,0.5,0.5
361,-0.622468216946141,-1.88331633963377,-0.110471826107739,"Converged",FALSE,0.5,0.5
362,-2.19469342330204,2.98429846632171,-0.148696230105999,"Converged",FALSE,0.5,0.5
363,NA,NA,NA,"MAX_ITER reached",FALSE,0.5,0.5
364,-1.05541904960565,-0.308999200034478,-0.184379536419984,"Converged",FALSE,0.5,0.5
365,-1.9259513499271,1.74473800688784,-0.0774544619526007,"Converged",FALSE,0.5,0.5
366,-1.72523627182507,1.61361725362062,-0.0921470798680545,"Converged",FALSE,0.5,0.5
367,-0.877895584328203,-1.77530851646631,-0.0857265081435788,"Converged",FALSE,0.5,0.5
368,-3.11721642170736,7.03676150128971,-0.152951993271054,"Converged",FALSE,0.5,0.5
369,-1.29533813741109,0.392919628166102,-0.133381805239324,"Converged",FALSE,0.5,0.5
370,-0.683099891855818,-0.787109453753153,-0.182800812824003,"Converged",FALSE,0.5,0.5
371,-2.55874672858786,3.41649943368464,-0.0722127179414547,"Converged",FALSE,0.5,0.5
372,-2.62280340441584,4.11623448974818,-0.0886218744224597,"Converged",FALSE,0.5,0.5
373,NA,NA,NA,"MAX_ITER reached",FALSE,0.5,0.5
374,-2.74479313567577,3.7691483400295,-0.0961131144148332,"Converged",FALSE,0.5,0.5
375,-1.19416205336916,-0.751979455520675,-0.0800247794350166,"Converged",FALSE,0.5,0.5
376,-1.32056804202571,-0.220809131277828,-0.0834229681640519,"Converged",FALSE,0.5,0.5
377,-2.39541022356659,3.36561642806464,-0.121456879886238,"Converged",FALSE,0.5,0.5
378,-2.92524615943379,4.91358572183005,-0.0851870610272742,"Converged",FALSE,0.5,0.5
379,-1.72657344566422,1.30715087441556,-0.0728808768728501,"Converged",FALSE,0.5,0.5
380,-2.62876213888564,3.56765460871603,-0.0433771105649085,"Converged",FALSE,0.5,0.5
381,-2.23377924703916,2.6078019800397,-0.125168867262831,"Converged",FALSE,0.5,0.5
382,-2.37957273980313,2.75007226699261,-0.0338459123542047,"Converged",FALSE,0.5,0.5
383,-0.594984838921474,-2.4117990783304,-0.0899639916085221,"Converged",FALSE,0.5,0.5
384,-2.80874733925892,4.11102467905476,-0.0579148040383026,"Converged",TRUE,0.5,0.5
385,-1.86835647623795,1.70340404467796,-0.0846919087296435,"Converged",FALSE,0.5,0.5
386,-1.89627800585646,2.6887761788337,-0.173035504905717,"Converged",FALSE,0.5,0.5
387,-1.21252102695061,-0.170879893395106,-0.0950878081840975,"Converged",FALSE,0.5,0.5
388,-0.884800096929855,-1.42724598589279,-0.106230067922421,"Converged",FALSE,0.5,0.5
389,-2.09484301255257,3.02133582207364,-0.13632743476706,"Converged",FALSE,0.5,0.5
390,-2.84943460824261,4.01849526768872,-0.0590659709491439,"Converged",FALSE,0.5,0.5
391,-2.6426022335403,3.24723601409439,-0.0521262328617408,"Converged",FALSE,0.5,0.5
392,-0.862403720121143,-0.681565007126591,-0.135774030148735,"Converged",FALSE,0.5,0.5
393,-2.35498378444627,3.32626446456377,-0.14602614742691,"Converged",FALSE,0.5,0.5
394,-1.54428611487855,1.49777383410497,-0.129527431420104,"Converged",FALSE,0.5,0.5
395,-1.14002951637792,-0.430296348500593,-0.0802108067387884,"Converged",FALSE,0.5,0.5
396,-1.89397190723495,2.20370970450964,-0.13998463837461,"Converged",FALSE,0.5,0.5
397,-3.37947280335748,5.44362090054891,-0.0713215110375621,"Converged",FALSE,0.5,0.5
398,-1.422769748735,0.842068892298775,-0.10920158504122,"Converged",FALSE,0.5,0.5
399,-1.84664471207294,0.444791092137824,-0.0337111439385764,"Converged",FALSE,0.5,0.5
400,-0.927010150379549,-0.596364900443689,-0.15750603480758,"Converged",FALSE,0.5,0.5
401,-1.54132914400777,-0.0926220216943663,-0.0823564564840885,"Converged",FALSE,0.5,0.5
402,-2.13871530620956,1.9841631765698,-0.0771052868183292,"Converged",FALSE,0.5,0.5
403,-1.77502529673687,2.00950385856245,-0.138967518513605,"Converged",FALSE,0.5,0.5
404,0.122397427158937,-5.36316419941208,-0.0969850631211567,"Converged",FALSE,0.5,0.5
405,-3.09786596593886,4.35755586641035,-0.0602400098454897,"Converged",FALSE,0.5,0.5
406,-1.39124264678966,0.895612284784489,-0.16099503907879,"Converged",FALSE,0.5,0.5
407,-0.704095291294807,-1.52749069833557,-0.121579380964415,"Converged",FALSE,0.5,0.5
408,-1.35255621789564,-0.395580501358499,-0.0513043676510458,"Converged",FALSE,0.5,0.5
409,-1.79094883689786,1.5803638831629,-0.129479439667996,"Converged",FALSE,0.5,0.5
410,-2.13746631204376,1.80134698117167,-0.0430976881080713,"Converged",FALSE,0.5,0.5
411,-1.58947592820301,0.914507151371637,-0.103401486301531,"Converged",FALSE,0.5,0.5
412,-0.447377754099229,-2.29555239445632,-0.112273705785243,"Converged",FALSE,0.5,0.5
413,-2.1461111197879,2.61156439021782,-0.104336668707326,"Converged",FALSE,0.5,0.5
414,-2.07040480749736,2.06284504746525,-0.115499905587401,"Converged",FALSE,0.5,0.5
415,-3.36089563487408,7.02635568974296,-0.137324988355578,"Converged",FALSE,0.5,0.5
416,-1.10359042470681,-0.0848102970368617,-0.145827348150382,"Converged",FALSE,0.5,0.5
417,-1.68217919630873,1.633150690649,-0.143437597597964,"Converged",FALSE,0.5,0.5
418,-1.02865911605748,-0.739114826721567,-0.105139806916017,"Converged",FALSE,0.5,0.5
419,-2.79292671312046,4.10460235171356,-0.0943319124726069,"Converged",FALSE,0.5,0.5
420,-2.49071968701882,3.19039060792327,-0.0939873910654408,"Converged",FALSE,0.5,0.5
421,-3.13329003945716,4.50912191122532,-0.0700708982992904,"Converged",FALSE,0.5,0.5
422,-1.34219021662604,0.15785653946993,-0.0961131985743854,"Converged",FALSE,0.5,0.5
423,-2.12343558428145,2.49083403013804,-0.112221323103297,"Converged",FALSE,0.5,0.5
424,-2.46638434586773,2.84380928785904,-0.0929989081769774,"Converged",FALSE,0.5,0.5
425,-3.0228933117752,4.74046547941975,-0.0566830195502219,"Converged",FALSE,0.5,0.5
426,-2.2667629964988,2.27500390827211,-0.0445865984377184,"Converged",FALSE,0.5,0.5
427,-1.74162621938884,1.14154511304074,-0.10550166074561,"Converged",FALSE,0.5,0.5
428,-2.09831121815786,2.69731429345662,-0.1006570953277,"Converged",FALSE,0.5,0.5
429,-2.16993446472189,3.22333400649398,-0.163235650823841,"Converged",FALSE,0.5,0.5
430,-1.35042591802066,-0.346117631659234,-0.069050442056719,"Converged",FALSE,0.5,0.5
431,-1.95784050631393,1.09998917188504,-0.0456617830449117,"Converged",FALSE,0.5,0.5
432,-2.03059665450035,1.60268800311988,-0.0795701735916483,"Converged",FALSE,0.5,0.5
433,-1.06200338558454,-1.20754092810613,-0.102618007496435,"Converged",FALSE,0.5,0.5
434,-0.889038780801326,-0.50672561955248,-0.14976647215058,"Converged",FALSE,0.5,0.5
435,-3.18490276178891,5.61742634592861,-0.0972343622460104,"Converged",FALSE,0.5,0.5
436,-2.9783306582785,4.73345227524905,-0.0476105077300876,"Converged",FALSE,0.5,0.5
437,-2.50158751731434,3.46015343481025,-0.103192105967743,"Converged",FALSE,0.5,0.5
438,-1.6718083238928,1.09266285789074,-0.131847420201509,"Converged",TRUE,0.5,0.5
439,-3.14782830428349,4.79712438305199,-0.0634793980479314,"Converged",FALSE,0.5,0.5
440,-1.75394359030327,2.17082755171471,-0.143067675512939,"Converged",FALSE,0.5,0.5
441,-2.41125375399637,2.80141827375552,-0.0396236816399978,"Converged",FALSE,0.5,0.5
442,-1.91300649773135,1.80850583687564,-0.0977673773878925,"Converged",FALSE,0.5,0.5
443,-1.7300216673416,0.693385542620753,-0.0933482945999507,"Converged",FALSE,0.5,0.5
444,-1.62750260360815,0.974877651385397,-0.117677395142997,"Converged",FALSE,0.5,0.5
445,-2.56266950164171,3.2617059176028,-0.083701703579346,"Converged",FALSE,0.5,0.5
446,-2.03037026122453,1.4081050475623,-0.0336211886895539,"Converged",FALSE,0.5,0.5
447,-1.60766076153714,1.116277088024,-0.117604178875569,"Converged",FALSE,0.5,0.5
448,-1.5806741929425,-0.25448268239884,-0.0169954488147213,"Converged",FALSE,0.5,0.5
449,-2.21368423313834,2.40966863183257,-0.0946800439982207,"Converged",FALSE,0.5,0.5
450,-3.35711864723682,5.44634083567621,-0.0456007007837433,"Converged",FALSE,0.5,0.5
451,-1.53114872743707,0.678955461402859,-0.110167681853557,"Converged",FALSE,0.5,0.5
452,-2.01310343890522,2.69411071110666,-0.126787292453453,"Converged",FALSE,0.5,0.5
453,-2.37907912084154,3.94420941020813,-0.106095742231754,"Converged",FALSE,0.5,0.5
454,-1.51179726876503,0.742165273403269,-0.110986729484633,"Converged",FALSE,0.5,0.5
455,-2.00257259576234,2.5242122289916,-0.120548462263866,"Converged",FALSE,0.5,0.5
456,-2.53017826212221,3.07677232129637,-0.0693457948030046,"Converged",FALSE,0.5,0.5
457,-1.55048497545646,1.70571361149698,-0.157314847109908,"Converged",FALSE,0.5,0.5
458,-2.02688087333821,2.71596644847051,-0.177198495075086,"Converged",FALSE,0.5,0.5
459,-1.73648538957036,2.1122378190597,-0.121309923630213,"Converged",FALSE,0.5,0.5
460,-1.19520280242803,-0.940900060327535,-0.0790527377023119,"Converged",FALSE,0.5,0.5
461,-1.06326028237045,0.089183600709487,-0.135889355049194,"Converged",FALSE,0.5,0.5
462,-2.35572049883598,2.90111912150468,-0.0765024427955043,"Converged",FALSE,0.5,0.5
463,-1.70761636575622,2.83187447208437,-0.206128954693443,"Converged",FALSE,0.5,0.5
464,-3.45464173426269,6.00748637300675,-0.0857416786390509,"Converged",FALSE,0.5,0.5
465,-2.20945471198569,2.4909355271899,-0.0532856077583297,"Converged",FALSE,0.5,0.5
466,-4.18396617112893,7.07975459259833,-0.013337142418698,"Converged",FALSE,0.5,0.5
467,-1.85089907993079,2.41557692633595,-0.173235138757814,"Converged",FALSE,0.5,0.5
468,-2.39169602684367,3.65984855761281,-0.106656784051108,"Converged",FALSE,0.5,0.5
469,-1.51550076446079,0.833012270099757,-0.0928452005604025,"Converged",FALSE,0.5,0.5
470,-2.38493546296243,2.9270717414186,-0.0824465118761519,"Converged",FALSE,0.5,0.5
471,-1.11654186073128,0.229589076187271,-0.146478888685829,"Converged",FALSE,0.5,0.5
472,-2.35242912408749,2.57068647115242,-0.0545239262023733,"Converged",FALSE,0.5,0.5
473,-2.00901954950038,1.82234475763787,-0.0467481880670487,"Converged",FALSE,0.5,0.5
474,-0.986405954673188,-1.49508879239708,-0.107390029669747,"Converged",FALSE,0.5,0.5
475,-1.91722591378427,2.22387149106855,-0.119518064816215,"Converged",FALSE,0.5,0.5
476,-2.05178369122864,1.83848350498343,-0.068893488156682,"Converged",FALSE,0.5,0.5
477,-2.11674815580434,3.48937608302982,-0.149754528881118,"Converged",FALSE,0.5,0.5
478,-2.16718279892421,1.85434648028531,-0.0523209678767696,"Converged",FALSE,0.5,0.5
479,-1.37766395914789,0.0225910693368302,-0.125386671591993,"Converged",FALSE,0.5,0.5
480,-2.32358481327669,2.37571226546022,-0.075077412128771,"Converged",FALSE,0.5,0.5
481,-3.01182158697414,4.00872645836614,-0.0485545408950106,"Converged",FALSE,0.5,0.5
482,-1.60413241260829,0.762355213750097,-0.0428807870635912,"Converged",FALSE,0.5,0.5
483,-2.83620238905191,3.93764063249503,-0.0387064735754094,"Converged",FALSE,0.5,0.5
484,-1.26716862001347,0.690731993658133,-0.157444454427871,"Converged",FALSE,0.5,0.5
485,-1.42339237452918,-0.0207840692316971,-0.0771161868359546,"Converged",FALSE,0.5,0.5
486,-2.80930962409362,4.38987538130673,-0.0633105157387157,"Converged",FALSE,0.5,0.5
487,-1.31789298790955,0.896359459784644,-0.213296073100092,"Converged",FALSE,0.5,0.5
488,-2.22189517959747,1.96961211888462,-0.0563360704896781,"Converged",FALSE,0.5,0.5
489,-1.34076829572141,2.1366610662946,-0.260561131952666,"Converged",FALSE,0.5,0.5
490,-1.80966354027009,3.36620689920152,-0.235281582758462,"Converged",FALSE,0.5,0.5
491,-2.80206060961831,4.97094809212083,-0.0850543252581433,"Converged",FALSE,0.5,0.5
492,-1.39508188958482,0.988510385338618,-0.160112879400361,"Converged",FALSE,0.5,0.5
493,-2.5341220818714,3.4808294456486,-0.109235244814195,"Converged",FALSE,0.5,0.5
494,-1.81062395376903,2.05882957040587,-0.164304365618112,"Converged",FALSE,0.5,0.5
495,-2.97026041706409,5.06667513625171,-0.0965825073511703,"Converged",FALSE,0.5,0.5
496,-2.83904291197365,3.94050602564824,-0.0382546835869339,"Converged",FALSE,0.5,0.5
497,-0.629029817114998,-2.04501201198728,-0.138394924717332,"Converged",FALSE,0.5,0.5
498,-2.82510838976611,4.27207542265936,-0.0740195005653988,"Converged",FALSE,0.5,0.5
499,-2.74673317215196,4.95601037780225,-0.155258182715614,"Converged",FALSE,0.5,0.5
500,-2.46153438317655,2.31552151034072,-0.0395728145289667,"Converged",FALSE,0.5,0.5
501,-0.921160475204554,-1.48331368528744,-0.0971284207222541,"Converged",FALSE,0.5,0.5
502,-2.21802659420776,2.87582260810385,-0.0896652526022626,"Converged",FALSE,0.5,0.5
503,-3.38469576998892,7.15578701770218,-0.163804394798389,"Converged",FALSE,0.5,0.5
504,-1.92142267468283,0.928183083856303,-0.0259808376878985,"Converged",FALSE,0.5,0.5
505,-2.07479758544798,2.52727907463991,-0.104317015822054,"Converged",FALSE,0.5,0.5
506,-1.771632626741,0.925420287600731,-0.0465940869213818,"Converged",FALSE,0.5,0.5
507,-2.47050580380095,3.37473344926644,-0.104144462631975,"Converged",FALSE,0.5,0.5
508,-0.465779763003047,-1.09943997245077,-0.205535438894089,"Converged",FALSE,0.5,0.5
509,-2.24370015663592,2.94102514749009,-0.108429530282059,"Converged",FALSE,0.5,0.5
510,-1.26136141353246,-0.336372297442118,-0.0829678542935789,"Converged",FALSE,0.5,0.5
511,-1.76180036910217,1.28783124936523,-0.0720521895274644,"Converged",FALSE,0.5,0.5
512,-1.58006034481404,1.2830939356182,-0.161369872204517,"Converged",FALSE,0.5,0.5
513,-2.69135841384616,4.46577344774164,-0.0980808316208966,"Converged",FALSE,0.5,0.5
514,-0.90531266276312,-1.52885889748236,-0.0857703478187932,"Converged",FALSE,0.5,0.5
515,-3.10968978885755,4.36923606900525,-0.0398649554311691,"Converged",FALSE,0.5,0.5
516,-1.79026822485658,0.47107424103922,-0.073019641229357,"Converged",FALSE,0.5,0.5
517,-0.0938310662662791,-2.82455287505295,-0.194469633676303,"Converged",FALSE,0.5,0.5
518,-0.666237275122934,-0.853782741850493,-0.162778963875336,"Converged",FALSE,0.5,0.5
519,-3.02003304627397,4.41482774302879,-0.0403954874363644,"Converged",FALSE,0.5,0.5
520,-2.23275818303027,2.73573257133579,-0.0714612877786373,"Converged",FALSE,0.5,0.5
521,-2.30000348510913,3.03013768296049,-0.0785517803996701,"Converged",FALSE,0.5,0.5
522,-3.09375485240995,5.16845269631122,-0.0797194135944365,"Converged",FALSE,0.5,0.5
523,-1.01050640615696,-0.0352797499834097,-0.141218441338099,"Converged",FALSE,0.5,0.5
524,-2.97699067619321,4.42499434168276,-0.0874656920963318,"Converged",FALSE,0.5,0.5
525,-1.76900931651305,1.91744475551642,-0.146695201122451,"Converged",FALSE,0.5,0.5
526,-2.5015108106872,3.30110692184809,-0.0995531748575163,"Converged",FALSE,0.5,0.5
527,-2.05209671984747,1.58037508219866,-0.0575994362471423,"Converged",FALSE,0.5,0.5
528,-1.77415482559389,2.24667568424768,-0.203152331534472,"Converged",FALSE,0.5,0.5
529,-1.40303450415507,-0.273272547231639,-0.0364499015978003,"Converged",FALSE,0.5,0.5
530,-0.806001716044897,-1.53599082040527,-0.0982606923321328,"Converged",FALSE,0.5,0.5
531,-2.16466405046942,3.29610128189865,-0.171357432989081,"Converged",FALSE,0.5,0.5
532,-1.72273268537235,-0.00105617257830036,-0.0254849810955837,"Converged",FALSE,0.5,0.5
533,-2.28377085871295,1.74617755301122,-0.0138408063178762,"Converged",FALSE,0.5,0.5
534,-3.58234733113399,6.67294055050028,-0.0937436867958373,"Converged",FALSE,0.5,0.5
535,-1.53539832588834,0.610367278433075,-0.113013975727781,"Converged",FALSE,0.5,0.5
536,-2.15147565300357,1.39854206049375,-0.0036864241708475,"Converged",FALSE,0.5,0.5
537,-1.6182662809213,1.56169629931671,-0.163613395419907,"Converged",FALSE,0.5,0.5
538,-2.5876254012951,3.85269358580009,-0.0905709577679309,"Converged",FALSE,0.5,0.5
539,-2.09955356536349,3.6400446387972,-0.17588305780489,"Converged",FALSE,0.5,0.5
540,-2.44678228907503,3.49532609038787,-0.142856820107524,"Converged",FALSE,0.5,0.5
541,-1.89724914513373,0.945710593067274,-0.0433199163334995,"Converged",FALSE,0.5,0.5
542,-2.33163220050056,2.38722104456091,-0.0381372379171457,"Converged",FALSE,0.5,0.5
543,-2.75923149013285,4.49191979711681,-0.151212187095398,"Converged",FALSE,0.5,0.5
544,-3.03617850068308,5.18447856502823,-0.0932928270484307,"Converged",FALSE,0.5,0.5
545,-2.35298691378683,3.11593062920027,-0.127675979624366,"Converged",FALSE,0.5,0.5
546,-3.07533905223161,4.18667985856289,-0.00682249645740963,"Converged",FALSE,0.5,0.5
547,-2.14071679336096,2.60913473981234,-0.118533665010238,"Converged",FALSE,0.5,0.5
548,-1.85953462224061,1.28282726773238,-0.0847717317057056,"Converged",FALSE,0.5,0.5
549,-1.66686293915624,2.14762362391801,-0.14742458445017,"Converged",TRUE,0.5,0.5
550,-2.96068315079315,4.4043904932927,-0.0755899626623641,"Converged",FALSE,0.5,0.5
551,-0.899343630012009,-1.52857516273872,-0.0984619034530826,"Converged",FALSE,0.5,0.5
552,-2.50562567126145,3.34453283618754,-0.125970840777605,"Converged",FALSE,0.5,0.5
553,-2.32338113808677,3.44688297091403,-0.135898061946484,"Converged",TRUE,0.5,0.5
554,-3.26555215246889,5.21724086442069,-0.0719036719819825,"Converged",FALSE,0.5,0.5
555,-1.92315789910588,1.21448951482971,-0.0747121800066294,"Converged",FALSE,0.5,0.5
556,-1.51180816704977,1.06115591945272,-0.128630510607784,"Converged",FALSE,0.5,0.5
557,-2.02372867120388,2.37906106632743,-0.146417752025841,"Converged",TRUE,0.5,0.5
558,-2.91704338927653,5.12533405709451,-0.131089797013223,"Converged",FALSE,0.5,0.5
559,-0.523699548030245,-1.8967093899168,-0.14265191724178,"Converged",FALSE,0.5,0.5
560,-2.54322489644902,3.69153194362794,-0.0823783345558678,"Converged",FALSE,0.5,0.5
561,-2.72574125985273,4.02782771114574,-0.114213759349717,"Converged",FALSE,0.5,0.5
562,-1.29671972150687,-0.126064783890089,-0.116606051949144,"Converged",FALSE,0.5,0.5
563,-1.23508921424178,-0.510338707403959,-0.0860901978793226,"Converged",FALSE,0.5,0.5
564,-2.25980071410615,2.92179222424559,-0.0774306221240769,"Converged",FALSE,0.5,0.5
565,-1.42096648041181,-0.380519433583571,-0.0345071197611472,"Converged",FALSE,0.5,0.5
566,-1.74912745598277,1.70803481768507,-0.117987887177165,"Converged",FALSE,0.5,0.5
567,-0.673226490007396,-1.91914918284951,-0.0793341360635837,"Converged",FALSE,0.5,0.5
568,-1.86588263784399,1.80091476145382,-0.0868593053716782,"Converged",FALSE,0.5,0.5
569,-2.13829910695433,1.75068311389119,-0.0421195839640225,"Converged",FALSE,0.5,0.5
570,-1.98538079027711,2.29902329911805,-0.110037128832698,"Converged",FALSE,0.5,0.5
571,-2.07734791920168,2.84589359041765,-0.116348711625575,"Converged",FALSE,0.5,0.5
572,-3.9946512447899,9.48315193035641,-0.226875263446178,"Converged",FALSE,0.5,0.5
573,-2.38228223455845,3.69601918899774,-0.118411191653325,"Converged",FALSE,0.5,0.5
574,-2.35711845820113,3.83352516600671,-0.134943159088393,"Converged",FALSE,0.5,0.5
575,-2.91209769925897,3.78532239511523,-0.0160129839213768,"Converged",FALSE,0.5,0.5
576,-2.08050707459477,1.49688902045897,-0.063366157176929,"Converged",FALSE,0.5,0.5
577,-2.02367941806439,1.75834209514346,-0.0580171207603573,"Converged",FALSE,0.5,0.5
578,-1.35850294599866,-0.115301028514975,-0.0740251515512474,"Converged",FALSE,0.5,0.5
579,-2.67741153765448,3.16418025099488,-0.0157247695339578,"Converged",FALSE,0.5,0.5
580,-1.35446656430235,0.327106674772604,-0.0965550926124114,"Converged",FALSE,0.5,0.5
581,-0.774038338334697,-1.43492738581426,-0.0964630023549438,"Converged",FALSE,0.5,0.5
582,-3.02307841444424,5.53518380819144,-0.106401882079532,"Converged",FALSE,0.5,0.5
583,-2.20655512063778,2.82025828105126,-0.104837447122509,"Converged",FALSE,0.5,0.5
584,-2.78516970580898,5.20320454759537,-0.132847695078567,"Converged",TRUE,0.5,0.5
585,-1.54038533979552,1.0248787268698,-0.129753402711837,"Converged",FALSE,0.5,0.5
586,-0.729587325536549,-1.15265681711884,-0.150866736345821,"Converged",FALSE,0.5,0.5
587,0.2802548011387,-5.11040384482931,-0.103505119402346,"Converged",FALSE,0.5,0.5
588,-2.11459943853876,2.46832154744515,-0.0800050608238334,"Converged",FALSE,0.5,0.5
589,-1.03131205912186,-0.0358775313718027,-0.142758518022566,"Converged",FALSE,0.5,0.5
590,-3.55084265924979,7.24727907915188,-0.131910531890272,"Converged",FALSE,0.5,0.5
591,-0.110362429941596,-3.82278892438875,-0.124815302805551,"Converged",FALSE,0.5,0.5
592,-0.614558654594115,-1.99342923100483,-0.130065367761221,"Converged",FALSE,0.5,0.5
593,-1.37411704569086,0.881309670213915,-0.136004773571158,"Converged",FALSE,0.5,0.5
594,-1.97094676732953,2.06183988264538,-0.117338769063437,"Converged",FALSE,0.5,0.5
595,-1.59671455591494,0.977213256415812,-0.0642622720141298,"Converged",FALSE,0.5,0.5
596,-1.54909104326746,0.630520303977084,-0.0936459935389061,"Converged",FALSE,0.5,0.5
597,-3.46601924241737,5.84031965120444,-0.0221800239418778,"Converged",FALSE,0.5,0.5
598,-0.717988248051778,-1.01397900774066,-0.146116353315978,"Converged",FALSE,0.5,0.5
599,-1.0679316001547,-1.7364587321422,-0.0553928229569555,"Converged",FALSE,0.5,0.5
600,-3.64210875724257,6.80925106156402,-0.0516742831840509,"Converged",FALSE,0.5,0.5
601,-2.50573369302748,2.7427859824671,-0.0493669711469201,"Converged",FALSE,0.5,0.5
602,-1.78180328423555,2.25236384014897,-0.143759285697567,"Converged",FALSE,0.5,0.5
603,-2.01133905333711,2.73947281384653,-0.143973125394771,"Converged",FALSE,0.5,0.5
604,-2.77331998849265,5.50214531906741,-0.162441547795749,"Converged",FALSE,0.5,0.5
605,-1.51652364721451,0.556631379135308,-0.0825616725359545,"Converged",FALSE,0.5,0.5
606,-2.40784275863378,2.90390179559711,-0.0664161427625632,"Converged",FALSE,0.5,0.5
607,-2.0146696038408,2.43239314569399,-0.110663011393717,"Converged",FALSE,0.5,0.5
608,-2.27586857999678,3.30251980128712,-0.114762345157088,"Converged",FALSE,0.5,0.5
609,-2.706674571309,4.19632242859907,-0.128097817370437,"Converged",FALSE,0.5,0.5
610,-2.22711061822661,2.49783752281759,-0.0808949121090028,"Converged",FALSE,0.5,0.5
611,-2.01931473644275,2.41439646561796,-0.11547722674259,"Converged",FALSE,0.5,0.5
612,-1.27009330404218,0.515236969639607,-0.112050046361438,"Converged",FALSE,0.5,0.5
613,-2.62913473160434,3.62454605299347,-0.0889536844819905,"Converged",FALSE,0.5,0.5
614,-2.90221635379837,3.28195311819743,-0.0331638198533619,"Converged",FALSE,0.5,0.5
615,-2.75814259689602,3.97431074769877,-0.0688409170926652,"Converged",FALSE,0.5,0.5
616,-1.86798278296453,1.16334947039447,-0.0615131408265088,"Converged",FALSE,0.5,0.5
617,-2.67304529194904,3.19204599700244,-0.0557454021051407,"Converged",FALSE,0.5,0.5
618,-3.90415406559247,7.35704496828788,-0.0891195498085459,"Converged",FALSE,0.5,0.5
619,-3.35281516067025,7.25031470104564,-0.143598642116796,"Converged",FALSE,0.5,0.5
620,-1.18329223944787,0.739378296467443,-0.168269888974117,"Converged",TRUE,0.5,0.5
621,-2.88497127624365,4.55626976643042,-0.0490992301463217,"Converged",FALSE,0.5,0.5
622,-3.15291378746203,4.38411451591776,-0.111088636097214,"Converged",FALSE,0.5,0.5
623,-1.69152158231595,0.501416663171456,-0.0399612830043786,"Converged",FALSE,0.5,0.5
624,-2.18518606227212,2.73896899849637,-0.0953284194496459,"Converged",FALSE,0.5,0.5
625,-1.92107382620804,3.30262089959678,-0.176364867000349,"Converged",FALSE,0.5,0.5
626,0.0301933660161906,-2.8547493735586,-0.207141220702234,"Converged",FALSE,0.5,0.5
627,-1.21756004561406,0.0314096000392408,-0.120764749345661,"Converged",FALSE,0.5,0.5
628,-2.47958177257458,2.6217856048987,-0.0511299835416061,"Converged",FALSE,0.5,0.5
629,-2.08350485431802,1.91365176641786,-0.0578588418991026,"Converged",FALSE,0.5,0.5
630,-1.58321096365281,-0.238926262307196,-0.0532618065498268,"Converged",FALSE,0.5,0.5
631,-2.37910930190604,2.67385793089394,-0.0697846700714097,"Converged",FALSE,0.5,0.5
632,-1.44459380749744,0.264087955618889,-0.0858801969487217,"Converged",FALSE,0.5,0.5
633,-0.691440319915909,-1.29840331754286,-0.185986435615136,"Converged",FALSE,0.5,0.5
634,-2.64918854659556,4.32679643189666,-0.165940406896911,"Converged",FALSE,0.5,0.5
635,-2.0044548193443,2.49363285628395,-0.112847797048309,"Converged",FALSE,0.5,0.5
636,-1.91352729569437,2.64252440922418,-0.143473455885453,"Converged",FALSE,0.5,0.5
637,-1.83636926705725,1.78825646191999,-0.0788145090420345,"Converged",FALSE,0.5,0.5
638,-1.6361183311413,0.999698669852611,-0.099310221499241,"Converged",FALSE,0.5,0.5
639,-2.83782227242561,3.93987984565441,-0.0619698602188214,"Converged",FALSE,0.5,0.5
640,-1.90020009152548,1.40625393267596,-0.0619907013457874,"Converged",FALSE,0.5,0.5
641,-0.156226727913642,-2.92186943095937,-0.140158351542186,"Converged",FALSE,0.5,0.5
642,-1.68595462202962,0.890503125490026,-0.122722920601372,"Converged",FALSE,0.5,0.5
643,-2.94113879641572,4.58083504449723,-0.067232042104172,"Converged",FALSE,0.5,0.5
644,-1.96080270855765,1.74497444235457,-0.117425071899574,"Converged",FALSE,0.5,0.5
645,-2.80816769036166,4.6926585580311,-0.113393107962601,"Converged",FALSE,0.5,0.5
646,-1.10676396178069,0.626651353015906,-0.180629174982995,"Converged",FALSE,0.5,0.5
647,-2.18865803915114,2.05483628267435,-0.0868868317140849,"Converged",FALSE,0.5,0.5
648,-2.3440442071961,2.87069546766862,-0.050039546143688,"Converged",FALSE,0.5,0.5
649,-3.94707498148916,7.92873267264396,-0.0812815184014529,"Converged",FALSE,0.5,0.5
650,-1.38659847685564,0.717809082698268,-0.15403538630375,"Converged",FALSE,0.5,0.5
651,-0.931271211747465,-2.2878651696711,-0.0448833928898419,"Converged",FALSE,0.5,0.5
652,-3.2478312717089,4.94304874604588,-0.0227635550645829,"Converged",FALSE,0.5,0.5
653,-3.83131296947304,7.26746831476191,-0.0742163003043741,"Converged",FALSE,0.5,0.5
654,-2.52236001698424,2.44015092399212,-0.0610371330679938,"Converged",FALSE,0.5,0.5
655,-2.28719161597742,1.30844928306657,0.00303490630527445,"Converged",FALSE,0.5,0.5
656,-1.47755975659449,1.83916904960961,-0.176214898911144,"Converged",FALSE,0.5,0.5
657,-1.72334374144293,0.609189872123343,-0.102760850473469,"Converged",FALSE,0.5,0.5
658,-2.21081767914716,2.31438809997072,-0.0905707014477294,"Converged",FALSE,0.5,0.5
659,-3.7005035260282,8.7017136657485,-0.142978426957186,"Converged",FALSE,0.5,0.5
660,-0.841141627868338,-0.981199500024227,-0.139951160012258,"Converged",FALSE,0.5,0.5
661,-1.794899029236,0.996605896219539,-0.0541496864524054,"Converged",FALSE,0.5,0.5
662,-1.6732168951165,1.06242861650137,-0.124975104728931,"Converged",FALSE,0.5,0.5
663,-1.24648122408803,0.00988156975210514,-0.1172209014599,"Converged",FALSE,0.5,0.5
664,-2.48286804643429,3.82117205416158,-0.139029718428419,"Converged",FALSE,0.5,0.5
665,-3.67144832089432,7.14502983469579,-0.113303564375268,"Converged",FALSE,0.5,0.5
666,-1.36176731336518,0.298327068983996,-0.0920890352593034,"Converged",FALSE,0.5,0.5
667,-1.30017114655982,-0.802290795950365,-0.0715934505978959,"Converged",FALSE,0.5,0.5
668,-3.28148426375398,5.99173529275703,-0.0776637687906298,"Converged",FALSE,0.5,0.5
669,-2.74504170819879,5.12374838112709,-0.171852003381625,"Converged",FALSE,0.5,0.5
670,-2.5045799952224,3.46096713296595,-0.105160955953342,"Converged",FALSE,0.5,0.5
671,-2.36772439993041,2.60815975567104,-0.0543970667363158,"Converged",FALSE,0.5,0.5
672,-1.08705420592306,-0.00634192852083366,-0.151832456970088,"Converged",FALSE,0.5,0.5
673,-1.81264246300517,0.944891036198039,-0.0600430787997934,"Converged",FALSE,0.5,0.5
674,-0.500091191252185,-2.45164204731185,-0.134568216844219,"Converged",FALSE,0.5,0.5
675,-0.733591689482229,-0.766136823279143,-0.171519325119086,"Converged",FALSE,0.5,0.5
676,-1.81019175397582,1.48866024861713,-0.0857248143881124,"Converged",FALSE,0.5,0.5
677,-0.904056059613348,-1.72846980951461,-0.0526947155950818,"Converged",FALSE,0.5,0.5
678,-2.42368025146807,3.10928773144086,-0.117686962623159,"Converged",TRUE,0.5,0.5
679,-1.1389801921576,-0.0831471719475072,-0.18114974182671,"Converged",FALSE,0.5,0.5
680,-2.23201919088939,2.10385250290373,-0.0534698421004785,"Converged",FALSE,0.5,0.5
681,-1.68451381932449,1.23412087082782,-0.145585211703343,"Converged",FALSE,0.5,0.5
682,-2.23525005071051,2.9421948683008,-0.144899585311133,"Converged",FALSE,0.5,0.5
683,-3.22514672143821,4.09028483908007,0.0205499062167421,"Converged",FALSE,0.5,0.5
684,-2.60623422999373,4.67459037167801,-0.139060147197682,"Converged",FALSE,0.5,0.5
685,-2.10098158557414,2.26875488405455,-0.101436127669715,"Converged",FALSE,0.5,0.5
686,-3.29205982178091,6.2912332297951,-0.0989240296605022,"Converged",FALSE,0.5,0.5
687,-1.88043114410701,1.25313598872048,-0.0566251573332221,"Converged",FALSE,0.5,0.5
688,-1.28571150405128,-0.475620037666611,-0.101023318242023,"Converged",TRUE,0.5,0.5
689,-1.27768341622815,1.13271838094641,-0.195254113368471,"Converged",FALSE,0.5,0.5
690,-2.35125579989188,2.51354471965992,-0.0448240301382318,"Converged",FALSE,0.5,0.5
691,-1.39058171592319,0.849519184922948,-0.149821266502091,"Converged",FALSE,0.5,0.5
692,-1.7446581691752,1.12674018423245,-0.0856755525761317,"Converged",FALSE,0.5,0.5
693,-2.21258194949418,1.95733987019257,-0.0580950508764766,"Converged",FALSE,0.5,0.5
694,-1.02052683627674,-1.21488530480253,-0.0637790668492217,"Converged",FALSE,0.5,0.5
695,-1.40766952044964,0.409912421098399,-0.113847752929305,"Converged",FALSE,0.5,0.5
696,-0.710254725369629,-1.74708479854238,-0.147774262251991,"Converged",FALSE,0.5,0.5
697,-2.64739600957534,4.64696559226925,-0.131250925628822,"Converged",FALSE,0.5,0.5
698,-1.50473125319942,-0.351463713041548,-0.0746860432507045,"Converged",FALSE,0.5,0.5
699,-3.10460259125624,4.85841304675118,-0.0815613338935213,"Converged",FALSE,0.5,0.5
700,-2.10884083195332,0.984593691879606,-0.0330539707535359,"Converged",FALSE,0.5,0.5
701,-1.66839758037214,2.64658985716997,-0.192078250607112,"Converged",FALSE,0.5,0.5
702,-1.9728123671124,1.65889768228332,-0.062219556253007,"Converged",FALSE,0.5,0.5
703,-1.92320093257752,3.0050807534085,-0.195531460805866,"Converged",FALSE,0.5,0.5
704,-1.92497026900521,0.82591343207551,-0.0221086376322774,"Converged",FALSE,0.5,0.5
705,-1.67831851439532,0.420665323091212,-0.0182652843995391,"Converged",FALSE,0.5,0.5
706,-1.56773642231408,1.06883793087283,-0.0914555716821016,"Converged",FALSE,0.5,0.5
707,-1.34504665039832,0.355955811859406,-0.118537339842863,"Converged",FALSE,0.5,0.5
708,-3.10992604516204,4.95992955043645,-0.0378661226231526,"Converged",FALSE,0.5,0.5
709,-1.4743095915256,0.443312380468232,-0.0995340849339086,"Converged",FALSE,0.5,0.5
710,-2.21523284012296,3.48548417605396,-0.155817659272199,"Converged",FALSE,0.5,0.5
711,-1.26635095929526,-0.0858841342695254,-0.108277397655632,"Converged",FALSE,0.5,0.5
712,-2.97683875810299,5.71827110795903,-0.138766824905511,"Converged",FALSE,0.5,0.5
713,-0.633386893818804,-1.29163000363307,-0.150568663465488,"Converged",FALSE,0.5,0.5
714,-2.73762316864406,3.85676944492277,-0.0646027344506324,"Converged",FALSE,0.5,0.5
715,-1.63459398367325,0.367556011523228,-0.0530405916514421,"Converged",FALSE,0.5,0.5
716,-1.48549050221674,-0.164534524570895,-0.0815055949109593,"Converged",FALSE,0.5,0.5
717,-1.41131192761082,-0.450169206780929,-0.110805211914099,"Converged",FALSE,0.5,0.5
718,-3.05741039156307,5.27873245447615,-0.0901112878437423,"Converged",FALSE,0.5,0.5
719,-2.34222064310639,1.56976400440455,-0.0254061388136402,"Converged",FALSE,0.5,0.5
720,-2.79310526930539,3.40826366163294,-0.0642234583140558,"Converged",FALSE,0.5,0.5
721,-2.54323545262276,3.62017922335997,-0.0903967243067883,"Converged",FALSE,0.5,0.5
722,-1.91231873360781,1.9523596697704,-0.109508810145733,"Converged",FALSE,0.5,0.5
723,-1.59033568421713,0.88726138780778,-0.102027605047896,"Converged",FALSE,0.5,0.5
724,-2.39225405050405,3.37991069869757,-0.108274664028084,"Converged",FALSE,0.5,0.5
725,-2.00080941804544,1.14851671762768,-0.0533012155925465,"Converged",FALSE,0.5,0.5
726,-2.22564291930774,3.69788454213082,-0.156396881781099,"Converged",FALSE,0.5,0.5
727,-1.31251503238328,0.944261424689233,-0.169765697098365,"Converged",FALSE,0.5,0.5
728,-2.17198950060516,3.0476877494171,-0.127259054687747,"Converged",FALSE,0.5,0.5
729,-1.84380166613063,1.25888183307843,-0.0794002818611569,"Converged",FALSE,0.5,0.5
730,-1.55470914946438,0.562775366541775,-0.115548789255796,"Converged",FALSE,0.5,0.5
731,-1.75176625951145,0.26142990515266,-0.0372557336996131,"Converged",FALSE,0.5,0.5
732,-1.96703066810234,2.09235635168745,-0.111513010702606,"Converged",FALSE,0.5,0.5
733,-2.4008710737914,3.80828147594542,-0.119955909384218,"Converged",FALSE,0.5,0.5
734,-0.801354770121323,-1.3206991621342,-0.0994646461339419,"Converged",FALSE,0.5,0.5
735,-2.30672711410998,3.03959363558466,-0.0873657937353843,"Converged",FALSE,0.5,0.5
736,-1.80022424910572,1.94219030607461,-0.116100531545276,"Converged",FALSE,0.5,0.5
737,-3.24281463397172,4.82507113182012,-0.0778331500424222,"Converged",FALSE,0.5,0.5
738,-2.74834792358623,4.0892061351009,-0.0725625888197406,"Converged",FALSE,0.5,0.5
739,-0.742897738504306,-1.97412828282927,-0.132585668766461,"Converged",FALSE,0.5,0.5
740,-2.02292394995933,1.86248045800362,-0.0752306642735796,"Converged",FALSE,0.5,0.5
741,-2.17559967943078,1.02503228590929,0.0168968154987932,"Converged",FALSE,0.5,0.5
742,-2.29717896237618,3.25518737534667,-0.103546311116742,"Converged",FALSE,0.5,0.5
743,-2.51500514553642,3.62175907478632,-0.0867959896496118,"Converged",FALSE,0.5,0.5
744,-2.46502347886634,2.68132714173684,-0.0632628925479684,"Converged",FALSE,0.5,0.5
745,-3.03495029709078,5.46745658178473,-0.151386429409771,"Converged",FALSE,0.5,0.5
746,-1.94867242366101,1.81448488130595,-0.0805450552613258,"Converged",FALSE,0.5,0.5
747,-2.14312172998789,3.42770397917183,-0.15083518770146,"Converged",FALSE,0.5,0.5
748,-4.11920697237887,7.58539600509092,-0.0546043122595036,"Converged",FALSE,0.5,0.5
749,-1.46360188427818,0.674321375059906,-0.134147615477798,"Converged",FALSE,0.5,0.5
750,-1.83081598487315,1.31598218265369,-0.0766465250521277,"Converged",FALSE,0.5,0.5
751,-2.98397091523447,4.32226639572915,-0.0218610624762356,"Converged",FALSE,0.5,0.5
752,-2.14878566213318,2.52496909620835,-0.0549409400412749,"Converged",FALSE,0.5,0.5
753,-1.13219828931209,-1.22949914319644,-0.0786465460396558,"Converged",FALSE,0.5,0.5
754,-2.45110962441735,3.29995540995618,-0.121536389275828,"Converged",FALSE,0.5,0.5
755,-2.57043168219537,4.54581922530208,-0.140074535481829,"Converged",FALSE,0.5,0.5
756,-3.44260753743803,6.4525659110327,-0.0738155776970655,"Converged",FALSE,0.5,0.5
757,-1.70873111912606,2.7888205845421,-0.182665058234606,"Converged",FALSE,0.5,0.5
758,-2.82640715392448,5.21412859494853,-0.135668114967091,"Converged",FALSE,0.5,0.5
759,-2.76554331310983,4.37340920114436,-0.134425478183899,"Converged",FALSE,0.5,0.5
760,-2.32046026069411,2.95244597743294,-0.0851883771235061,"Converged",FALSE,0.5,0.5
761,-2.43345897473449,3.42934702706708,-0.0833655411304827,"Converged",FALSE,0.5,0.5
762,-2.88455989580139,3.65022335096078,-0.0579920417272833,"Converged",FALSE,0.5,0.5
763,-3.768451022088,8.63027736308988,-0.191041749120502,"Converged",FALSE,0.5,0.5
764,-2.29590365569216,3.55299377916631,-0.1043355045814,"Converged",FALSE,0.5,0.5
765,-1.95174135745377,1.71712187441256,-0.113558783059331,"Converged",FALSE,0.5,0.5
766,-1.93917770140619,1.52045813426397,-0.0693417760596114,"Converged",FALSE,0.5,0.5
767,0.782528239852149,-6.31539127341297,-0.155711833904621,"Converged",FALSE,0.5,0.5
768,-1.54437253845921,0.574926210637097,-0.106932021377711,"Converged",FALSE,0.5,0.5
769,-0.719932043544398,-2.87604915857542,-0.0786186702010529,"Converged",FALSE,0.5,0.5
770,-2.66791031513397,4.07784000863887,-0.0916436050998815,"Converged",FALSE,0.5,0.5
771,-3.28089924940964,5.5953074068966,-0.118759209160889,"Converged",FALSE,0.5,0.5
772,-1.37542196439191,0.589155643513265,-0.153026161139712,"Converged",FALSE,0.5,0.5
773,-1.58517284762747,0.734731185368509,-0.0606598785949521,"Converged",FALSE,0.5,0.5
774,-2.40353506061503,4.15759450853055,-0.162767255199596,"Converged",FALSE,0.5,0.5
775,-2.20070482324362,0.885477400242372,-0.0179317467498761,"Converged",FALSE,0.5,0.5
776,-2.29298381591415,3.76892883997421,-0.157595506712316,"Converged",FALSE,0.5,0.5
777,NA,NA,NA,"MAX_ITER reached",FALSE,0.5,0.5
778,-2.80102764099529,3.88741044932787,-0.0633986318090512,"Converged",FALSE,0.5,0.5
779,-2.41517898365721,2.97938592837312,-0.0779982630088421,"Converged",FALSE,0.5,0.5
780,-0.430024199377266,-1.99756613346503,-0.160440885059808,"Converged",FALSE,0.5,0.5
781,-4.50479093869588,9.45772257912662,-0.14090475283067,"Converged",FALSE,0.5,0.5
782,-1.17994936661729,-0.0502531878296151,-0.138559764229674,"Converged",FALSE,0.5,0.5
783,-2.8303301311238,4.67276279721859,-0.105173449921356,"Converged",FALSE,0.5,0.5
784,-2.63140050754194,2.85635555743944,-0.0325661292615503,"Converged",FALSE,0.5,0.5
785,-1.49549774217016,-0.0583068304511777,-0.0466669975829934,"Converged",FALSE,0.5,0.5
786,-1.13752757313326,-0.761420426742709,-0.0936223405254759,"Converged",FALSE,0.5,0.5
787,-2.68427559658104,4.91735973198245,-0.171662173717981,"Converged",FALSE,0.5,0.5
788,-1.6362206313462,1.94341784962545,-0.166357843353257,"Converged",FALSE,0.5,0.5
789,-1.72111272949308,0.752336546214355,-0.0926253267278538,"Converged",FALSE,0.5,0.5
790,-1.40913165282025,0.6630744260185,-0.171434504694478,"Converged",FALSE,0.5,0.5
791,-1.8725917229779,1.53647641360525,-0.0666531672496391,"Converged",FALSE,0.5,0.5
792,-3.87012474444754,7.56985591048018,-0.0727374431175077,"Converged",FALSE,0.5,0.5
793,-2.19046433307011,2.6178585615644,-0.102787546008671,"Converged",FALSE,0.5,0.5
794,-1.87004304939153,1.18151370141551,-0.0673191025878546,"Converged",FALSE,0.5,0.5
795,-2.0989907783638,2.21874085707523,-0.0857512222974186,"Converged",FALSE,0.5,0.5
796,-2.43026104644679,3.56490183762041,-0.158173894459804,"Converged",FALSE,0.5,0.5
797,-2.15221877565484,3.01309341613083,-0.121389362398865,"Converged",FALSE,0.5,0.5
798,-2.0287585564834,1.74637001370546,-0.0751728979544817,"Converged",FALSE,0.5,0.5
799,-2.13391836294216,2.0665576286808,-0.0620622379806681,"Converged",FALSE,0.5,0.5
800,-0.887573191943656,-1.77425941011271,-0.113185945070276,"Converged",FALSE,0.5,0.5
801,-0.696828950759204,-2.05961934387088,-0.103855746260721,"Converged",FALSE,0.5,0.5
802,-2.19367839217845,2.24185149275564,-0.0619897286599808,"Converged",FALSE,0.5,0.5
803,-2.27073313606929,3.34617752051246,-0.105010796277726,"Converged",FALSE,0.5,0.5
804,NA,NA,NA,"MAX_ITER reached",FALSE,0.5,0.5
805,-2.61799381994448,4.04133958090699,-0.102100134169787,"Converged",FALSE,0.5,0.5
806,-2.2807633141676,2.89454398155333,-0.122641207656093,"Converged",FALSE,0.5,0.5
807,-1.57462582521973,2.12267125972304,-0.246988996942756,"Converged",FALSE,0.5,0.5
808,-2.14581175566629,2.79960994855046,-0.0951543739393708,"Converged",FALSE,0.5,0.5
809,-1.73616379675101,2.1721034975252,-0.190327080934088,"Converged",FALSE,0.5,0.5
810,-1.91352002389526,2.29728494736231,-0.125826163655255,"Converged",FALSE,0.5,0.5
811,-2.01563899686841,2.09875981425428,-0.0963722826804835,"Converged",FALSE,0.5,0.5
812,-1.6124363373186,1.84055195550228,-0.15195093013279,"Converged",FALSE,0.5,0.5
813,-2.25431053522821,4.30630263352884,-0.131371403523882,"Converged",FALSE,0.5,0.5
814,-0.515491910204711,-3.08455204946859,-0.0988989113825521,"Converged",FALSE,0.5,0.5
815,-0.908080805083534,-1.40901971389155,-0.0954902961514716,"Converged",FALSE,0.5,0.5
816,-2.17438414489099,3.14580388642515,-0.118351464525792,"Converged",FALSE,0.5,0.5
817,-2.47163491010548,3.30837466944873,-0.06139653726206,"Converged",FALSE,0.5,0.5
818,-1.15423852779829,0.249444976960408,-0.153075742232719,"Converged",FALSE,0.5,0.5
819,-1.89905842711976,0.965752769019565,-0.0589557217461588,"Converged",FALSE,0.5,0.5
820,-0.998631482950247,-1.11303672501666,-0.0890557958464511,"Converged",FALSE,0.5,0.5
821,-1.57368333059194,1.67704180521836,-0.167914259614402,"Converged",TRUE,0.5,0.5
822,-1.23753131968315,0.322682930264641,-0.134019101137926,"Converged",FALSE,0.5,0.5
823,-0.947584896155206,-0.716312812746525,-0.110957348437451,"Converged",FALSE,0.5,0.5
824,-1.9727050733735,1.42755691398275,-0.0305677463801305,"Converged",FALSE,0.5,0.5
825,-2.28662779320768,3.51059389857192,-0.130496865054052,"Converged",FALSE,0.5,0.5
826,-1.00806623722208,-0.811280414866325,-0.159103921059861,"Converged",FALSE,0.5,0.5
827,-2.50290882769748,3.0862791263665,-0.0854580206460272,"Converged",TRUE,0.5,0.5
828,-2.86267263229016,3.72570625702949,-0.0622730857532424,"Converged",FALSE,0.5,0.5
829,-1.60317832131695,0.719991123556654,-0.10593994792522,"Converged",FALSE,0.5,0.5
830,-1.26786010953638,-0.563959626687068,-0.125641649813671,"Converged",FALSE,0.5,0.5
831,0.142942848559942,-5.86126300579376,-0.0768792560184158,"Converged",FALSE,0.5,0.5
832,-1.84315354423743,1.59189398065704,-0.0968036997779177,"Converged",FALSE,0.5,0.5
833,-2.32130124040142,3.51423933989006,-0.184462392529711,"Converged",FALSE,0.5,0.5
834,-3.02033724986428,3.51170096613321,0.0408864111795768,"Converged",FALSE,0.5,0.5
835,NA,NA,NA,"MAX_ITER reached",FALSE,0.5,0.5
836,-1.63184125992914,1.06459274676269,-0.128111730972747,"Converged",FALSE,0.5,0.5
837,-2.23019108834675,3.44755938285285,-0.125577029135131,"Converged",FALSE,0.5,0.5
838,-3.10115097105533,4.23002184731132,-0.0358659497552544,"Converged",FALSE,0.5,0.5
839,-2.38859887462482,3.94090813792133,-0.110790702961028,"Converged",FALSE,0.5,0.5
840,-1.5535700487992,0.904758364339856,-0.110401148294584,"Converged",FALSE,0.5,0.5
841,-3.10708638288623,6.04807452190183,-0.141588664341249,"Converged",FALSE,0.5,0.5
842,-1.27658575735578,-0.0497750671979624,-0.081226560883415,"Converged",FALSE,0.5,0.5
843,-0.444081516882097,-2.00292620710403,-0.144380482588784,"Converged",FALSE,0.5,0.5
844,-2.5210266709117,3.45546067460308,-0.0755262789089958,"Converged",FALSE,0.5,0.5
845,-3.34719313253486,5.37933708201469,-0.0601930293451381,"Converged",FALSE,0.5,0.5
846,-3.88696256991845,7.53192305394485,-0.0982132749394489,"Converged",FALSE,0.5,0.5
847,-1.20299052560482,-1.73277868939604,-0.0296119174390672,"Converged",FALSE,0.5,0.5
848,-1.46441247398962,-0.597472380923933,-0.0452038293245139,"Converged",FALSE,0.5,0.5
849,-2.31463190247413,2.92701014894383,-0.12792764769069,"Converged",FALSE,0.5,0.5
850,-1.36394848293331,0.600166035291883,-0.1479554623314,"Converged",FALSE,0.5,0.5
851,-1.65824382190143,1.82160900619423,-0.143973479381373,"Converged",FALSE,0.5,0.5
852,-1.63750186457905,0.807258324795208,-0.086046781273324,"Converged",FALSE,0.5,0.5
853,-0.912732327461603,-0.525982283739661,-0.12930974383551,"Converged",TRUE,0.5,0.5
854,-2.52917085439807,3.67137341434965,-0.087619156404706,"Converged",FALSE,0.5,0.5
855,-2.21722028226253,2.51049051334245,-0.0755217368233139,"Converged",FALSE,0.5,0.5
856,-2.67655585349856,3.29014796003073,-0.0646881236141132,"Converged",FALSE,0.5,0.5
857,-1.69884559116352,0.986049237148317,-0.105096608093442,"Converged",FALSE,0.5,0.5
858,-1.44823653540967,0.937052483347279,-0.115238609153961,"Converged",FALSE,0.5,0.5
859,-2.9495875106152,4.9617157303431,-0.0847751848021297,"Converged",FALSE,0.5,0.5
860,-1.47905054642178,0.37168015922917,-0.0981347960695775,"Converged",FALSE,0.5,0.5
861,-1.5226457597876,0.799139756624261,-0.124654348336696,"Converged",FALSE,0.5,0.5
862,-0.429381832726075,-2.43415270061735,-0.132718799130413,"Converged",FALSE,0.5,0.5
863,-2.68124415337823,3.90149886366162,-0.0778471132368065,"Converged",FALSE,0.5,0.5
864,-3.43158960423344,5.74896528491149,-0.0847221913793755,"Converged",FALSE,0.5,0.5
865,-0.364092039605233,-2.9912570714196,-0.120069649696818,"Converged",FALSE,0.5,0.5
866,-2.02196091221156,2.35970592860851,-0.100375178431949,"Converged",FALSE,0.5,0.5
867,-1.31544973123211,0.142522627705038,-0.108528444494196,"Converged",FALSE,0.5,0.5
868,-2.51092484053531,4.08397589241309,-0.138501387140638,"Converged",FALSE,0.5,0.5
869,-0.827622658960626,-1.2662900120494,-0.11019865179958,"Converged",TRUE,0.5,0.5
870,-2.23735670428446,2.99440718195637,-0.0695269573191584,"Converged",FALSE,0.5,0.5
871,-2.65379880641098,4.06252066150804,-0.0705322832792231,"Converged",FALSE,0.5,0.5
872,-2.70959821280972,3.92634603511774,-0.0930595281217417,"Converged",FALSE,0.5,0.5
873,-2.63889028884484,3.95244253143841,-0.0783590103419495,"Converged",FALSE,0.5,0.5
874,-2.22733958797899,2.48943261070164,-0.12224932077143,"Converged",FALSE,0.5,0.5
875,-2.00804961644483,2.14522042668766,-0.112781795510056,"Converged",FALSE,0.5,0.5
876,-2.45580877797528,3.81668346435498,-0.158347148183824,"Converged",FALSE,0.5,0.5
877,-1.19722692306812,-0.0233475676780578,-0.116936650404448,"Converged",FALSE,0.5,0.5
878,-2.05428600176422,1.85298195699187,-0.0889544198251635,"Converged",FALSE,0.5,0.5
879,-1.77206748570258,2.10472914226722,-0.118613440802807,"Converged",FALSE,0.5,0.5
880,-3.36308536017455,7.28581607055549,-0.184440490076634,"Converged",FALSE,0.5,0.5
881,-2.48542314889555,3.78950756654471,-0.129558980056496,"Converged",FALSE,0.5,0.5
882,-1.28086269820535,-1.06083908390806,-0.0254344208692049,"Converged",FALSE,0.5,0.5
883,-2.75054807217401,3.10069323435419,-0.0160780255601165,"Converged",FALSE,0.5,0.5
884,-1.60454320031349,1.48733736798673,-0.147931046547885,"Converged",FALSE,0.5,0.5
885,-2.4324601371226,3.0298650459567,-0.0939383216572004,"Converged",FALSE,0.5,0.5
886,-2.19747780490623,2.67200722551005,-0.0899604296241319,"Converged",FALSE,0.5,0.5
887,-2.03688263034402,0.609595124219381,0.00913964092879379,"Converged",FALSE,0.5,0.5
888,-1.23244733077164,-0.331572279228236,-0.13013737088371,"Converged",FALSE,0.5,0.5
889,-1.60792136445073,1.39838086549305,-0.148626237693741,"Converged",FALSE,0.5,0.5
890,-2.64708380331239,4.97032383682222,-0.194716568024475,"Converged",FALSE,0.5,0.5
891,-1.39704561394108,1.53245798052587,-0.158914079064292,"Converged",FALSE,0.5,0.5
892,-1.98244830323364,1.65948676393932,-0.0564130118761959,"Converged",FALSE,0.5,0.5
893,-2.09852819916557,3.19869790564894,-0.136460771842551,"Converged",FALSE,0.5,0.5
894,-2.20497633967614,2.7660465379703,-0.122744546376995,"Converged",FALSE,0.5,0.5
895,-0.703179674401882,-2.49705404734681,-0.0743121011726603,"Converged",FALSE,0.5,0.5
896,-2.48491902359113,2.38491154648334,-0.0230371033318821,"Converged",FALSE,0.5,0.5
897,-0.953845047564153,-1.09593429766126,-0.0940337054185209,"Converged",FALSE,0.5,0.5
898,-1.84365348916303,1.54662488042145,-0.0689594323782493,"Converged",FALSE,0.5,0.5
899,-2.6390926984433,3.96575065510226,-0.137954163525145,"Converged",FALSE,0.5,0.5
900,-1.45035447883713,0.969236854771997,-0.146832959924605,"Converged",FALSE,0.5,0.5
901,-2.11774573906875,2.56579328814602,-0.11032424432925,"Converged",FALSE,0.5,0.5
902,-1.37047542302978,0.265234082539036,-0.114339652687635,"Converged",FALSE,0.5,0.5
903,-1.63580845370409,1.08809484203744,-0.104844687876507,"Converged",FALSE,0.5,0.5
904,-1.60991456544344,0.607625659243101,-0.0989349289153849,"Converged",FALSE,0.5,0.5
905,-1.53470298101224,1.23110275832775,-0.115566672117898,"Converged",FALSE,0.5,0.5
906,-2.21782518785902,2.58816865163992,-0.113961394952006,"Converged",FALSE,0.5,0.5
907,-1.86025039367693,1.3400825304891,-0.0834412808795358,"Converged",FALSE,0.5,0.5
908,-1.39105635110048,-0.391957526186775,-0.0680078734684752,"Converged",FALSE,0.5,0.5
909,-2.93275161109297,5.84387295190503,-0.142719951722901,"Converged",FALSE,0.5,0.5
910,-1.35549363598268,1.29264820994711,-0.214134615756842,"Converged",FALSE,0.5,0.5
911,-1.88720965233689,2.08366336942843,-0.0919978152908461,"Converged",FALSE,0.5,0.5
912,-2.28159822110635,3.10421934164891,-0.1092097513289,"Converged",FALSE,0.5,0.5
913,-1.57561504505568,0.927335071163616,-0.124282006843709,"Converged",FALSE,0.5,0.5
914,-2.82978641208565,4.5667699358881,-0.0866520370330822,"Converged",FALSE,0.5,0.5
915,-1.97619578627702,2.5162296670656,-0.177847718841078,"Converged",FALSE,0.5,0.5
916,-2.48880547456839,3.96045993854354,-0.154641846716392,"Converged",FALSE,0.5,0.5
917,-1.69040015804226,2.07862726954134,-0.167555203769093,"Converged",FALSE,0.5,0.5
918,-1.23635615576329,-0.722192060325423,-0.102008545628065,"Converged",FALSE,0.5,0.5
919,-1.76535127824302,1.59887772546112,-0.149975012322989,"Converged",FALSE,0.5,0.5
920,-1.37788671693247,0.234566266860079,-0.101143882112574,"Converged",FALSE,0.5,0.5
921,-2.87745762019864,3.27009878739119,-0.00471315014575084,"Converged",FALSE,0.5,0.5
922,-1.06233126020794,-1.83400571404092,-0.037471758067422,"Converged",FALSE,0.5,0.5
923,-1.76464515716942,1.2031689143943,-0.119564094806739,"Converged",FALSE,0.5,0.5
924,-0.838990103135701,-0.664980030875645,-0.148253857430844,"Converged",FALSE,0.5,0.5
925,-0.501287670599283,-2.14088856395714,-0.103259349832591,"Converged",FALSE,0.5,0.5
926,-1.50079706945433,1.123192285815,-0.109924671545258,"Converged",FALSE,0.5,0.5
927,-1.66574796255878,0.869681876734694,-0.0764113046793918,"Converged",FALSE,0.5,0.5
928,-1.68764282408487,1.11224869250638,-0.0644180513862939,"Converged",FALSE,0.5,0.5
929,-0.157662188734163,-2.82335685461439,-0.136740805957442,"Converged",FALSE,0.5,0.5
930,-2.96742496190271,5.61538488249908,-0.162693512445788,"Converged",FALSE,0.5,0.5
931,-2.83737098363185,4.37000519357159,-0.0847268303998806,"Converged",FALSE,0.5,0.5
932,-2.64240771640835,4.11983540299061,-0.110950132581212,"Converged",FALSE,0.5,0.5
933,-2.39365559058808,4.12466566684831,-0.187350313145472,"Converged",FALSE,0.5,0.5
934,-2.29105480137133,2.61916514392207,-0.0760146432828068,"Converged",FALSE,0.5,0.5
935,-1.33486814286727,-0.00767881499537031,-0.0925961010991824,"Converged",FALSE,0.5,0.5
936,-2.54964433354062,4.0815524153788,-0.160103058769727,"Converged",FALSE,0.5,0.5
937,-2.67684542302723,3.65893028433279,-0.10303326131943,"Converged",FALSE,0.5,0.5
938,-1.00115259633282,-1.10428311142992,-0.105845573359526,"Converged",FALSE,0.5,0.5
939,-2.81276718817502,4.60067021902734,-0.120323108026202,"Converged",FALSE,0.5,0.5
940,-1.12067923171833,-0.619341627452846,-0.110792062758602,"Converged",FALSE,0.5,0.5
941,-2.05692247414578,2.83086357804314,-0.130449996817533,"Converged",FALSE,0.5,0.5
942,-2.07479336529478,2.89882944934887,-0.126941723585203,"Converged",FALSE,0.5,0.5
943,-1.91553893181407,2.42804276853147,-0.127656142196339,"Converged",FALSE,0.5,0.5
944,-1.72979392339158,2.18330524719986,-0.125896779253825,"Converged",FALSE,0.5,0.5
945,-1.60427079910055,1.4815835379524,-0.105599622107176,"Converged",FALSE,0.5,0.5
946,-3.63974719114225,6.92506956669075,-0.082336499324163,"Converged",FALSE,0.5,0.5
947,-2.929493238694,4.68841622422914,-0.0625294515787711,"Converged",FALSE,0.5,0.5
948,-1.65975493392801,1.45564689710259,-0.127245481970982,"Converged",FALSE,0.5,0.5
949,-2.75261128962198,3.38069418395987,0.00785493212673332,"Converged",FALSE,0.5,0.5
950,-2.49160863488098,4.50218990352561,-0.120803525082901,"Converged",FALSE,0.5,0.5
951,-2.40928098935131,1.88359638612915,-0.00905693099763791,"Converged",FALSE,0.5,0.5
952,-1.92450776937677,-0.0221708662111562,0.0178564632874152,"Converged",FALSE,0.5,0.5
953,-2.50043804104845,4.3827479119243,-0.143257553424485,"Converged",FALSE,0.5,0.5
954,-2.92334788882426,5.87404868042168,-0.157711614932036,"Converged",FALSE,0.5,0.5
955,-2.23329352428063,1.72305865833079,-0.0346576835549615,"Converged",FALSE,0.5,0.5
956,-2.10426717209532,2.68130722652152,-0.115196267036377,"Converged",FALSE,0.5,0.5
957,-1.19613746613529,-0.653868509056376,-0.0935297972262779,"Converged",FALSE,0.5,0.5
958,-1.7189975462491,3.29349734077575,-0.240452206542874,"Converged",FALSE,0.5,0.5
959,-1.0569458915872,-1.16975122853667,-0.0789426235884069,"Converged",FALSE,0.5,0.5
960,-2.29522826444134,3.45968294124035,-0.10872390695584,"Converged",FALSE,0.5,0.5
961,-2.29691429883726,3.12174912848383,-0.0950473474514326,"Converged",FALSE,0.5,0.5
962,-1.88002520515176,2.60920581611879,-0.143763581059344,"Converged",FALSE,0.5,0.5
963,-1.77113979094134,2.11711030904073,-0.156171972343052,"Converged",FALSE,0.5,0.5
964,-3.18691672464776,4.8690121131894,-0.0858557193678659,"Converged",FALSE,0.5,0.5
965,-1.36841986036296,-0.415437827966521,-0.0520789416497408,"Converged",FALSE,0.5,0.5
966,-3.00047757688537,4.72756454592141,-0.0935637607075308,"Converged",FALSE,0.5,0.5
967,-2.49109668422636,2.28805954112169,-0.0261806200383158,"Converged",FALSE,0.5,0.5
968,-1.67069849558633,1.59453558992822,-0.110260468204883,"Converged",FALSE,0.5,0.5
969,-2.20053924840232,2.54077650937564,-0.104153805055843,"Converged",FALSE,0.5,0.5
970,-1.73016253321007,0.78107493801698,-0.0870336959116395,"Converged",FALSE,0.5,0.5
971,-0.739146764289407,-2.19183562604156,-0.0986926786317579,"Converged",FALSE,0.5,0.5
972,-3.14423963449522,4.75796533655724,-0.0648172011500845,"Converged",FALSE,0.5,0.5
973,-1.2219318393143,-1.23676461720052,-0.0394623653923956,"Converged",FALSE,0.5,0.5
974,-2.59862814197822,4.15105664410875,-0.113650084894423,"Converged",FALSE,0.5,0.5
975,-1.43448070193504,0.0326061154722228,-0.0642749505669162,"Converged",FALSE,0.5,0.5
976,-1.68146972512361,1.50366342837693,-0.140801378074962,"Converged",FALSE,0.5,0.5
977,-2.64490110885339,3.29121408141662,-0.0506553537775317,"Converged",FALSE,0.5,0.5
978,-1.1464355303834,-0.855788955927556,-0.085272214415756,"Converged",FALSE,0.5,0.5
979,-2.93366973232173,3.98117025973154,-0.0273225922170053,"Converged",FALSE,0.5,0.5
980,-1.03361522516853,-1.12625214629823,-0.113032720247886,"Converged",FALSE,0.5,0.5
981,-0.87212723002773,-0.825561206442297,-0.152719403286534,"Converged",FALSE,0.5,0.5
982,-3.50250223980192,5.32130872476948,-0.0368882050365004,"Converged",FALSE,0.5,0.5
983,-1.54455840231717,0.68144384070254,-0.129702674075606,"Converged",FALSE,0.5,0.5
984,-2.7397684640554,4.5407362320048,-0.141217270970973,"Converged",FALSE,0.5,0.5
985,-2.52523420351602,2.8130482346841,-0.0501860000009169,"Converged",FALSE,0.5,0.5
986,-1.00973954690828,-2.60754279025183,-0.0728144980306586,"Converged",FALSE,0.5,0.5
987,-2.64797400575566,3.70672853082116,-0.0691192568179185,"Converged",FALSE,0.5,0.5
988,-2.4819533335042,3.23465139121184,-0.095008003074609,"Converged",FALSE,0.5,0.5
989,-2.66398067799994,3.99785757536235,-0.103134032241568,"Converged",FALSE,0.5,0.5
990,-2.26567560670066,2.89055172348111,-0.0866401070090708,"Converged",FALSE,0.5,0.5
991,-1.70066925262951,1.5895304794914,-0.133073253181729,"Converged",FALSE,0.5,0.5
992,-2.02468716511224,2.89912309164635,-0.126094319238996,"Converged",FALSE,0.5,0.5
993,-0.890849582893222,-2.20623529822636,-0.0432186059485656,"Converged",FALSE,0.5,0.5
994,-1.35377453887186,0.0540754679180834,-0.11806715252685,"Converged",FALSE,0.5,0.5
995,-2.29298916874431,2.48835112226883,-0.0857118831508886,"Converged",FALSE,0.5,0.5
996,-1.3044283970065,-0.48585626890269,-0.0842604862234581,"Converged",FALSE,0.5,0.5
997,-0.767043122449363,-1.42671442255088,-0.12108665360103,"Converged",FALSE,0.5,0.5
998,-1.32981488481494,0.334605653144934,-0.097371269526324,"Converged",FALSE,0.5,0.5
999,-3.0508601846639,5.32507496561932,-0.104341110517792,"Converged",FALSE,0.5,0.5
1000,-2.37714151502975,2.88483014973857,-0.0792278313322334,"Converged",FALSE,0.5,0.5
