"sim","bcc_beta0","bcc_beta1","bcc_beta2","bcc_conv_msg","tpr","fpr"
1,-0.893108132261944,-0.800870323513612,-0.127930534641996,"Converged",0.5,0.5
2,NA,NA,NA,"B-spline error",0.5,0.5
3,-1.28937918872389,-0.502013081326879,-0.0502776202722759,"Converged",0.5,0.5
4,-1.27672579151133,0.175504850567448,-0.120882838145279,"Converged",0.5,0.5
5,-1.72493419120635,1.54378429565098,-0.124613655989357,"Converged",0.5,0.5
6,-2.05062584423126,2.53245922669915,-0.091433921829622,"Converged",0.5,0.5
7,NA,NA,NA,"MAX_ITER reached",0.5,0.5
8,-1.8623995070889,1.10535179590898,-0.0497709398119247,"Converged",0.5,0.5
9,-2.63580887336014,3.06201692543419,-0.0526785213221355,"Converged",0.5,0.5
10,NA,NA,NA,"MAX_ITER reached",0.5,0.5
11,-1.75078806587255,1.93865193246627,-0.158623462683799,"Converged",0.5,0.5
12,-1.16761065185751,-1.29644289642452,-0.0599988188358228,"Converged",0.5,0.5
13,-3.0672189556816,5.16095212453454,-0.145039935841797,"Converged",0.5,0.5
14,-2.50549314809938,3.00112698103898,-0.0647793224138772,"Converged",0.5,0.5
15,-2.05212220006679,2.82083603435763,-0.105242598872757,"Converged",0.5,0.5
16,-3.0340027863653,4.79600558976737,-0.0719300393030472,"Converged",0.5,0.5
17,NA,NA,NA,"B-spline error",0.5,0.5
18,NA,NA,NA,"B-spline error",0.5,0.5
19,-1.25521971860537,1.19167994898834,-0.173159837086242,"Converged",0.5,0.5
20,-1.32921828916746,0.975189494953097,-0.176821386920564,"Converged",0.5,0.5
21,-1.99416590377678,2.2850731207848,-0.0842188584508355,"Converged",0.5,0.5
22,-2.2706024049576,1.8329965250473,-0.0132728544887004,"Converged",0.5,0.5
23,-2.78573991000374,3.8993514889007,-0.0406743377922525,"Converged",0.5,0.5
24,-2.59034137707901,4.17562589244192,-0.110922450020945,"Converged",0.5,0.5
25,-2.1855425674748,2.04729907858672,-0.0529718530714654,"Converged",0.5,0.5
26,-2.4920940830786,3.57238181174215,-0.0901966672490682,"Converged",0.5,0.5
27,-1.98629891733019,1.71042593782606,-0.0648907300141916,"Converged",0.5,0.5
28,-2.30590200180881,3.93536003334997,-0.172445258197554,"Converged",0.5,0.5
29,NA,NA,NA,"MAX_ITER reached",0.5,0.5
30,NA,NA,NA,"MAX_ITER reached",0.5,0.5
31,-1.79000213113836,1.61697902092572,-0.117953975577221,"Converged",0.5,0.5
32,-2.05986000883384,1.50780483675659,-0.0520974295873105,"Converged",0.5,0.5
33,-1.84660503450555,1.23697654040144,-0.108561453216303,"Converged",0.5,0.5
34,-2.16001168696935,1.87247968866895,-0.0768836501300263,"Converged",0.5,0.5
35,-1.04905587864103,-0.811197899206097,-0.0873399999126957,"Converged",0.5,0.5
36,-1.6381480733679,0.772112353715098,-0.0691867307951767,"Converged",0.5,0.5
37,-1.82814631920415,1.2280615291712,-0.0711464729948901,"Converged",0.5,0.5
38,-2.4327676946742,2.15821918541353,-0.0413962004386809,"Converged",0.5,0.5
39,-0.943142532755092,-0.537147015083386,-0.12288342360086,"Converged",0.5,0.5
40,-1.80800438491022,2.06177522411061,-0.163358398360479,"Converged",0.5,0.5
41,-2.17798078405538,3.60461333968142,-0.195234214862467,"Converged",0.5,0.5
42,-2.36777373466832,2.48745196433336,-0.0368247820045763,"Converged",0.5,0.5
43,-2.17000991308684,2.76701589619557,-0.147739578962641,"Converged",0.5,0.5
44,-2.42736450180079,4.87605279680165,-0.197912398831726,"Converged",0.5,0.5
45,-2.21285182279985,0.876188540237965,0.0141371967079534,"Converged",0.5,0.5
46,-2.12735151770168,3.15907834995357,-0.148183787684582,"Converged",0.5,0.5
47,-1.34120150965905,0.951187418576829,-0.161375758796612,"Converged",0.5,0.5
48,-1.52956939345868,1.68396728786389,-0.196965769953142,"Converged",0.5,0.5
49,-1.78584631351443,1.14130603428269,-0.106717104686493,"Converged",0.5,0.5
50,-0.7498549845747,-1.21871359825511,-0.124619148735502,"Converged",0.5,0.5
51,-2.544960677709,3.79591851485276,-0.0578491664367828,"Converged",0.5,0.5
52,-2.12288303483676,2.27366355696604,-0.102660107292956,"Converged",0.5,0.5
53,-1.94538313768545,2.64763932448423,-0.152000716930652,"Converged",0.5,0.5
54,-2.56284965465809,2.00359676221188,0.0288807502080233,"Converged",0.5,0.5
55,-0.408001311437302,-2.35400939357938,-0.132360972071343,"Converged",0.5,0.5
56,-1.662151610913,1.68772556878498,-0.146025315656452,"Converged",0.5,0.5
57,-2.77870197630792,4.75103830609311,-0.127911204849104,"Converged",0.5,0.5
58,-1.43612946695272,1.64136059902255,-0.184594202563648,"Converged",0.5,0.5
59,-2.21773354290098,2.03791324216427,-0.0353446963036605,"Converged",0.5,0.5
60,-1.77312901754435,1.35968901589552,-0.139706549105562,"Converged",0.5,0.5
61,-2.32419112114256,1.99467134674211,-0.0016203481106034,"Converged",0.5,0.5
62,-1.71608317748614,0.483660609926297,-0.0208950785978664,"Converged",0.5,0.5
63,-2.32509848736115,3.17400752372993,-0.103542114340913,"Converged",0.5,0.5
64,-2.34049383045638,1.59761397888818,-0.0212309593900694,"Converged",0.5,0.5
65,-2.69833462058377,4.48592686384404,-0.0722615694024445,"Converged",0.5,0.5
66,-2.1159091885821,2.48206403850896,-0.090289854784964,"Converged",0.5,0.5
67,-1.8262563425954,1.04369907333502,-0.0683279922103435,"Converged",0.5,0.5
68,-1.49738307363943,0.478354351662996,-0.0768393446950047,"Converged",0.5,0.5
69,-2.11236355247884,2.23822881802237,-0.112494495963757,"Converged",0.5,0.5
70,-2.05350370731017,2.21460200942421,-0.0796919669078709,"Converged",0.5,0.5
71,-3.04471795443256,5.93213134899592,-0.158784915672263,"Converged",0.5,0.5
72,-1.21918213464061,-0.124992232132193,-0.130545481686507,"Converged",0.5,0.5
73,-1.64970966868557,1.53901138687283,-0.156724212810819,"Converged",0.5,0.5
74,-1.0236815932348,-0.570932751466321,-0.138961869370303,"Converged",0.5,0.5
75,-2.05652986030148,2.64417293360368,-0.0911182652252797,"Converged",0.5,0.5
76,-2.1837435818292,2.28761986014076,-0.0677159288399544,"Converged",0.5,0.5
77,-3.27779939974818,4.7344623188765,-0.00938476257149415,"Converged",0.5,0.5
78,-2.03789849621177,1.74970311067679,-0.0392847783120998,"Converged",0.5,0.5
79,-0.940035881088847,-1.70588326994316,-0.0623230590495939,"Converged",0.5,0.5
80,-0.598958548844809,-2.04276715957507,-0.0910844044958655,"Converged",0.5,0.5
81,-1.04494281554975,0.550989826991187,-0.184874069227733,"Converged",0.5,0.5
82,-1.67885791562283,1.27453984983147,-0.101543410018865,"Converged",0.5,0.5
83,-2.66127510748025,3.52571352510543,-0.0424476010013318,"Converged",0.5,0.5
84,-1.47394567716546,0.613892356815207,-0.115914368985951,"Converged",0.5,0.5
85,-2.46179756948995,3.02938357753383,-0.0457358861599694,"Converged",0.5,0.5
86,-2.01881810242476,2.01912481167296,-0.0881956152103594,"Converged",0.5,0.5
87,-2.13536565979046,3.07562616175595,-0.135254295960421,"Converged",0.5,0.5
88,-1.7990739619241,1.45314401791052,-0.130188828556195,"Converged",0.5,0.5
89,-2.37091168776887,3.82195414300562,-0.095278315699508,"Converged",0.5,0.5
90,-0.303028440172246,-1.5848685385714,-0.210702664078796,"Converged",0.5,0.5
91,-2.04129431607649,2.79812967858274,-0.131323283657753,"Converged",0.5,0.5
92,-2.90096126714191,4.35169287879229,-0.0869294231819335,"Converged",0.5,0.5
93,-2.37570491976984,2.50183756837763,-0.0607325963517727,"Converged",0.5,0.5
94,-2.47719159647062,3.75443317182798,-0.137536583704515,"Converged",0.5,0.5
95,-0.854678012757553,-1.47756059774814,-0.0868954229546092,"Converged",0.5,0.5
96,-2.67313210110882,3.6952925744889,-0.0431968781854812,"Converged",0.5,0.5
97,-2.44095870305538,3.21283930501286,-0.11151945055016,"Converged",0.5,0.5
98,NA,NA,NA,"B-spline error",0.5,0.5
99,-2.41190715644077,3.34003078846672,-0.0879363364760078,"Converged",0.5,0.5
100,-2.31208821386416,2.91591747861978,-0.0928506214189181,"Converged",0.5,0.5
101,-2.53766278904491,3.26404453774249,-0.0754393527878854,"Converged",0.5,0.5
102,-1.13215692597584,0.569622230316241,-0.180794780617018,"Converged",0.5,0.5
103,-1.92183116874994,2.55921277004325,-0.16410318100919,"Converged",0.5,0.5
104,-0.896841599932478,-0.711845785158837,-0.13525487503091,"Converged",0.5,0.5
105,-1.88768989567972,1.34698086692771,-0.091390468126865,"Converged",0.5,0.5
106,-1.53247577181117,0.806134369627815,-0.0900132092804474,"Converged",0.5,0.5
107,-1.17361000636157,0.127295051389684,-0.148546675133671,"Converged",0.5,0.5
108,-1.62089468796881,0.0155275820553399,-0.0460128183316157,"Converged",0.5,0.5
109,-0.871285105105329,-1.40879974657815,-0.113636677522388,"Converged",0.5,0.5
110,-1.59780552784094,1.34259255169024,-0.137520111065443,"Converged",0.5,0.5
111,-1.95634063706816,1.07256093294779,-0.04313727913615,"Converged",0.5,0.5
112,-2.56173626826657,3.56898789133764,-0.11998646890816,"Converged",0.5,0.5
113,-0.139827799155066,-2.1754589777164,-0.214348138440724,"Converged",0.5,0.5
114,-2.47876687555457,2.65196822747426,-0.0426965286209944,"Converged",0.5,0.5
115,NA,NA,NA,"B-spline error",0.5,0.5
116,-1.98464529396621,1.63362915357765,-0.0816012745093189,"Converged",0.5,0.5
117,-1.96412078898546,0.937225728325483,-0.0475499547003718,"Converged",0.5,0.5
118,-2.28031925637974,2.92685503661973,-0.111337353118878,"Converged",0.5,0.5
119,-1.71097686482011,1.79683733332986,-0.121483348109703,"Converged",0.5,0.5
120,-1.83736909933545,1.74718035183402,-0.106458257203874,"Converged",0.5,0.5
121,NA,NA,NA,"B-spline error",0.5,0.5
122,-1.96643160823037,1.59407534811274,-0.0980695906463285,"Converged",0.5,0.5
123,-2.32788301279452,1.94129358009027,-0.0652614273845418,"Converged",0.5,0.5
124,-1.55314982654528,0.419422073369781,-0.095262219119175,"Converged",0.5,0.5
125,-1.35963721826711,-0.0493670998818399,-0.0849836082261487,"Converged",0.5,0.5
126,-1.89483263262768,1.88448094041567,-0.113740755212397,"Converged",0.5,0.5
127,-0.981125947062009,-1.54281908153857,-0.0587440682190111,"Converged",0.5,0.5
128,-2.76137859213592,4.46221816683558,-0.0943560110774756,"Converged",0.5,0.5
129,-2.12289041340293,1.97537698879047,-0.0883096163011392,"Converged",0.5,0.5
130,-1.23877456032896,0.0782385138880313,-0.125897750057319,"Converged",0.5,0.5
131,-1.89256971791708,1.49974796059075,-0.0693823637100907,"Converged",0.5,0.5
132,NA,NA,NA,"B-spline error",0.5,0.5
133,-3.40644800417083,7.04737186238252,-0.152926307439637,"Converged",0.5,0.5
134,-1.17009094263215,-0.749607417607302,-0.0976608276136993,"Converged",0.5,0.5
135,-2.4905235195206,3.50617827704311,-0.0856131981020581,"Converged",0.5,0.5
136,-2.34439415451806,2.19120586544539,-0.0304636240644987,"Converged",0.5,0.5
137,-1.98626052045699,2.09843426427833,-0.0865718447392011,"Converged",0.5,0.5
138,-3.33105065832744,6.20197366562093,-0.125228944618566,"Converged",0.5,0.5
139,-1.95629800607921,1.25508527622115,-0.0908036593778795,"Converged",0.5,0.5
140,-1.52748037653951,0.247289365752432,-0.115087346309877,"Converged",0.5,0.5
141,-1.94057806217584,1.85946408201004,-0.0759484746026014,"Converged",0.5,0.5
142,-1.46280232929424,0.753274815243942,-0.128020147403741,"Converged",0.5,0.5
143,-2.60565281202175,4.59000450296,-0.149972588913431,"Converged",0.5,0.5
144,-2.23061617883436,3.3693458431171,-0.123582370440453,"Converged",0.5,0.5
145,-2.92981195219195,5.06921068145216,-0.11285040777582,"Converged",0.5,0.5
146,-2.5302651740506,3.70693098493238,-0.112755680655773,"Converged",0.5,0.5
147,NA,NA,NA,"MAX_ITER reached",0.5,0.5
148,-2.4485729285325,4.43972389428622,-0.10602365140194,"Converged",0.5,0.5
149,-1.70671238532309,1.40343762282552,-0.0990663127099592,"Converged",0.5,0.5
150,-2.44396004293298,2.97463797375303,-0.0948500149146092,"Converged",0.5,0.5
151,-1.75238163191762,1.36316481786101,-0.0814227788583936,"Converged",0.5,0.5
152,-2.34290512446109,3.25474500117876,-0.116279873544885,"Converged",0.5,0.5
153,-1.57591929599854,0.780784884038297,-0.0501920221711186,"Converged",0.5,0.5
154,-1.24591986036063,0.412790779956057,-0.193572985607378,"Converged",0.5,0.5
155,-2.06763871421681,2.36230393860095,-0.0954806023507413,"Converged",0.5,0.5
156,-1.90240529578565,-0.153366219299547,0.0413092345945942,"Converged",0.5,0.5
157,-2.30823029133604,2.78716448360539,-0.0615433871317823,"Converged",0.5,0.5
158,-0.619314058880961,-2.05153891681705,-0.126816791375677,"Converged",0.5,0.5
159,-1.96057946931552,2.04510160773307,-0.0960255495004365,"Converged",0.5,0.5
160,-2.07137822495619,0.892624513551648,-0.0130762628772126,"Converged",0.5,0.5
161,-1.27316904571068,1.48078428964068,-0.222544780938563,"Converged",0.5,0.5
162,-2.77275199198667,4.50269870029237,-0.0640013134492368,"Converged",0.5,0.5
163,-2.6439535959893,5.40483247877884,-0.20748830144264,"Converged",0.5,0.5
164,-1.77059587282343,0.894679134777917,-0.0504301411859652,"Converged",0.5,0.5
165,-1.98454592775033,1.45759605815006,-0.0465512074293882,"Converged",0.5,0.5
166,-2.15541402439485,1.9156336060964,-0.0626364621474867,"Converged",0.5,0.5
167,-1.47029255863039,-0.298099108245968,-0.0685334351125238,"Converged",0.5,0.5
168,-2.92928262436413,5.55304082587652,-0.116588771974417,"Converged",0.5,0.5
169,-1.34949221051631,-1.44217305192014,0.0249266551737055,"Converged",0.5,0.5
170,-1.97459856394071,2.73388797368036,-0.116825182466813,"Converged",0.5,0.5
171,-1.91752923879766,2.34632777025921,-0.110345786615542,"Converged",0.5,0.5
172,-0.234330990975167,-2.76296609845604,-0.109710213169924,"Converged",0.5,0.5
173,-1.1588244976318,0.647104052964441,-0.162146764303109,"Converged",0.5,0.5
174,-2.46611207332736,3.1462903802835,-0.0485673240822532,"Converged",0.5,0.5
175,-2.21627613941623,3.08243540589826,-0.119085261652736,"Converged",0.5,0.5
176,-1.94567077230159,2.76485784347771,-0.167419081413995,"Converged",0.5,0.5
177,-1.45179189872884,0.224501432281664,-0.0799063808461918,"Converged",0.5,0.5
178,-1.64368535433861,0.75553371113269,-0.0830714072565505,"Converged",0.5,0.5
179,-2.69457489671039,3.68762801810197,-0.0777650642915885,"Converged",0.5,0.5
180,-2.71728296185185,3.70127084746335,-0.0680672183844725,"Converged",0.5,0.5
181,-1.66157633808055,1.46029290595021,-0.117545146293361,"Converged",0.5,0.5
182,-1.58077615910863,1.12357828994193,-0.109523990273024,"Converged",0.5,0.5
183,-3.16122162019503,6.49932937856321,-0.147470882662858,"Converged",0.5,0.5
184,-2.36189977876507,3.50374867575349,-0.115498287807598,"Converged",0.5,0.5
185,-2.43111311246451,3.9394610755164,-0.130606442449124,"Converged",0.5,0.5
186,-0.580681254489028,-2.36606566513492,-0.107675821461614,"Converged",0.5,0.5
187,-3.1565222746905,6.62558079701853,-0.171495116650659,"Converged",0.5,0.5
188,-2.33004678644407,2.8960273725553,-0.093534245759687,"Converged",0.5,0.5
189,-1.87758709116013,1.98224922533133,-0.119834104106788,"Converged",0.5,0.5
190,-1.34412185847661,-0.13449775997674,-0.105500919121342,"Converged",0.5,0.5
191,-1.86934284204562,1.79594560004031,-0.143934457718602,"Converged",0.5,0.5
192,-2.4819003425964,3.76679077087183,-0.11645403506586,"Converged",0.5,0.5
193,-1.64854438372935,1.5037912197149,-0.13360509949532,"Converged",0.5,0.5
194,-1.90281337578884,1.24281153787759,-0.0465306286400647,"Converged",0.5,0.5
195,-0.465294198725353,-1.5728924616034,-0.196738093728671,"Converged",0.5,0.5
196,-1.79615842737618,2.19406774673781,-0.155993608318225,"Converged",0.5,0.5
197,-2.19151273750841,3.28637890193481,-0.168164132125603,"Converged",0.5,0.5
198,-1.43090773616708,0.504309279020934,-0.0974964675268497,"Converged",0.5,0.5
199,-1.81321575610834,2.24786629642416,-0.146871783774891,"Converged",0.5,0.5
200,-3.03287629658192,3.7565975033488,0.0192656293302423,"Converged",0.5,0.5
201,-2.03373333131427,1.59884929552645,-0.0670847945185063,"Converged",0.5,0.5
202,-2.60782297043273,3.71316743767371,-0.0869650636861651,"Converged",0.5,0.5
203,-2.44789708568431,2.81655460742667,-0.0799309667324693,"Converged",0.5,0.5
204,-2.14657502631886,3.18122138149725,-0.115274664401568,"Converged",0.5,0.5
205,-1.97600392880176,2.86390457655059,-0.132730617670103,"Converged",0.5,0.5
206,-1.73881734169129,0.623119063237538,-0.0397903493583447,"Converged",0.5,0.5
207,-0.848648258725726,-0.532605138838994,-0.150551981953189,"Converged",0.5,0.5
208,-1.92551607049841,1.16218727323318,-0.039269060287873,"Converged",0.5,0.5
209,-2.36599804659338,2.65211143117665,-0.0648718374175438,"Converged",0.5,0.5
210,-0.181546855216982,-2.96189862206049,-0.130378442365144,"Converged",0.5,0.5
211,-1.45008637355852,0.880851180065128,-0.132048571535267,"Converged",0.5,0.5
212,-2.4105997681388,4.08626436068528,-0.136514001023462,"Converged",0.5,0.5
213,-1.32190598743267,0.509268762567229,-0.110286797807966,"Converged",0.5,0.5
214,-2.12621622258323,1.75746218516059,-0.0461305689286593,"Converged",0.5,0.5
215,-2.16764996008547,2.78540250538353,-0.0958184871878414,"Converged",0.5,0.5
216,-2.86779205261653,3.75381797858154,-0.0267873249982205,"Converged",0.5,0.5
217,-1.25552425283603,-1.04308506662395,-0.0526325954336811,"Converged",0.5,0.5
218,-0.947829139496965,-0.258151094493959,-0.126698930325709,"Converged",0.5,0.5
219,-2.00313348964838,2.85191996991055,-0.134584257245454,"Converged",0.5,0.5
220,-1.52402046859293,0.574011527409579,-0.107213346594394,"Converged",0.5,0.5
221,-1.61013178477574,1.13457046223383,-0.134049492308291,"Converged",0.5,0.5
222,-1.03761705912342,-0.461545939673927,-0.121546663443832,"Converged",0.5,0.5
223,-1.92788010812219,0.581696310315704,-0.0153565906400874,"Converged",0.5,0.5
224,-2.58375419593935,4.28547776930349,-0.129459331032083,"Converged",0.5,0.5
225,-2.74897597232034,3.62708172805964,-0.0831060698065684,"Converged",0.5,0.5
226,-0.905975076539982,-0.246535062181714,-0.129772094047737,"Converged",0.5,0.5
227,-2.61334004149973,2.9626731521296,-0.0397457160726281,"Converged",0.5,0.5
228,-0.790839967811806,-0.97952409244042,-0.155228375611467,"Converged",0.5,0.5
229,-2.17943804820792,3.46293875223424,-0.126095619720365,"Converged",0.5,0.5
230,-2.39836537737891,2.67443181056109,-0.0629214789087256,"Converged",0.5,0.5
231,-0.431054423483765,-2.73650194111543,-0.152077565123596,"Converged",0.5,0.5
232,-1.94570668561014,1.33498855713781,-0.0688847553620715,"Converged",0.5,0.5
233,-2.53599277565619,3.78551370736833,-0.0963486464141876,"Converged",0.5,0.5
234,-2.03402588337042,3.2998214766545,-0.191634363485776,"Converged",0.5,0.5
235,-1.88020194082,2.34988361916493,-0.155653225959793,"Converged",0.5,0.5
236,-1.58108292998934,0.159416344238212,-0.0577345772781346,"Converged",0.5,0.5
237,-1.98837246430404,1.61301188945535,-0.0533388082272457,"Converged",0.5,0.5
238,NA,NA,NA,"B-spline error",0.5,0.5
239,-1.8952218635267,0.538168580913288,-0.0331981577131714,"Converged",0.5,0.5
240,-2.92975662281027,4.56576849529947,-0.122200146272475,"Converged",0.5,0.5
241,-1.5285664122367,0.449379361173793,-0.115524335516664,"Converged",0.5,0.5
242,-2.71242623511284,4.24391702372573,-0.0512045278733651,"Converged",0.5,0.5
243,-2.00180775924826,2.18433077069536,-0.147345616090776,"Converged",0.5,0.5
244,-1.8131082740542,0.608192454752114,-0.0672470644656956,"Converged",0.5,0.5
245,-1.64278408999955,2.38334402180157,-0.212681046828128,"Converged",0.5,0.5
246,-1.97094447642884,2.04682460070472,-0.100136869463389,"Converged",0.5,0.5
247,-2.15454016801759,1.8340377032838,-0.0623152191827001,"Converged",0.5,0.5
248,-2.53023413915558,3.26378153561873,-0.0740417358970573,"Converged",0.5,0.5
249,0.454545517880948,-4.52689909887602,-0.188579334698303,"Converged",0.5,0.5
250,-1.51224891949502,1.58898488387558,-0.212333972440083,"Converged",0.5,0.5
251,-1.50524974056696,0.29313707544607,-0.0812773085335052,"Converged",0.5,0.5
252,-1.38123818301742,0.66284596922636,-0.120902662547009,"Converged",0.5,0.5
253,-2.60901066074162,3.98242752107494,-0.12718722261673,"Converged",0.5,0.5
254,-3.23236586980277,5.28595391969638,-0.0445300751681701,"Converged",0.5,0.5
255,-2.61209073674114,3.86097059790392,-0.119674269815509,"Converged",0.5,0.5
256,-1.70387453555593,0.341070308453296,-0.0476622790944638,"Converged",0.5,0.5
257,-1.52253059478118,2.28615385148173,-0.210375402869216,"Converged",0.5,0.5
258,-1.89165185094498,1.64253408198994,-0.104355056981037,"Converged",0.5,0.5
259,-1.98648596383949,3.6940147281292,-0.234970285984867,"Converged",0.5,0.5
260,-1.698702110443,1.3369915260586,-0.115159169481665,"Converged",0.5,0.5
261,-3.88492426438959,7.14864986036086,-0.080314956054501,"Converged",0.5,0.5
262,NA,NA,NA,"MAX_ITER reached",0.5,0.5
263,-2.04875108338137,1.59536642877936,-0.0455793325421724,"Converged",0.5,0.5
264,-2.29917002851578,3.18512201954295,-0.154952696760403,"Converged",0.5,0.5
265,-1.66160423909439,1.90200141357108,-0.16287920235887,"Converged",0.5,0.5
266,-2.38910007571347,3.30401870067493,-0.0686865006629262,"Converged",0.5,0.5
267,-2.43823230172065,2.32686291852298,-0.0385827039422771,"Converged",0.5,0.5
268,-1.2735740114621,1.12062479474486,-0.188721963783035,"Converged",0.5,0.5
269,-2.93318168243886,5.71190470888189,-0.141965072503797,"Converged",0.5,0.5
270,-1.75090361538497,1.89155815124254,-0.158463615557786,"Converged",0.5,0.5
271,-1.99176058667583,3.08144042705465,-0.155048184908461,"Converged",0.5,0.5
272,-2.29084364004054,2.86150887691539,-0.092796853319092,"Converged",0.5,0.5
273,-2.462017329152,3.07539948095283,-0.0936441648685904,"Converged",0.5,0.5
274,-3.18663761790463,5.65149973326108,-0.063462507966064,"Converged",0.5,0.5
275,-1.54151482716248,1.47386852684131,-0.175881752710872,"Converged",0.5,0.5
276,-1.99017076750183,1.21341644911739,-0.0332771458938681,"Converged",0.5,0.5
277,-1.6475452618975,1.07950436721747,-0.062444166777842,"Converged",0.5,0.5
278,-1.24989269330665,-0.731142691843056,-0.0493980858072669,"Converged",0.5,0.5
279,-1.537238589429,0.743177908130189,-0.14676780086086,"Converged",0.5,0.5
280,-1.85200552823269,1.19783958432091,-0.0757139695309629,"Converged",0.5,0.5
281,-1.90910272079485,1.94318904874458,-0.113368278792575,"Converged",0.5,0.5
282,-2.21240266158193,2.6281076074304,-0.0766320028916893,"Converged",0.5,0.5
283,-1.09073959822923,-0.734630493744433,-0.106321471514653,"Converged",0.5,0.5
284,-2.07525676654377,2.17546257721082,-0.110892133358081,"Converged",0.5,0.5
285,-3.56338113914043,6.71137690075197,-0.0469084048432909,"Converged",0.5,0.5
286,-2.18688046376549,1.72191014506032,-0.0435735655217859,"Converged",0.5,0.5
287,-1.83536382667644,1.71550900668481,-0.0938019691308194,"Converged",0.5,0.5
288,-0.635706640129376,-2.52263992659219,-0.0742756903573635,"Converged",0.5,0.5
289,-2.45352305653662,3.71966681976616,-0.0974263084302314,"Converged",0.5,0.5
290,-2.29532826238301,3.52002286949553,-0.133227747576826,"Converged",0.5,0.5
291,-2.62263764868214,4.34861765342468,-0.129917100615006,"Converged",0.5,0.5
292,-0.689586959483813,-1.59423370575613,-0.125613385724281,"Converged",0.5,0.5
293,-1.64167245429178,1.88019658630224,-0.145166562886274,"Converged",0.5,0.5
294,-1.19120498151117,0.969085606964202,-0.218933134302739,"Converged",0.5,0.5
295,-1.75796888691787,2.06110754388566,-0.141490916146571,"Converged",0.5,0.5
296,-2.18942368209127,1.88553992191377,-0.039842899273838,"Converged",0.5,0.5
297,-2.51350106026293,4.41804596078705,-0.148400757930774,"Converged",0.5,0.5
298,-1.88134141360164,2.11150210083839,-0.128935461447156,"Converged",0.5,0.5
299,-1.14970520355761,-0.904230751813365,-0.0752872260570301,"Converged",0.5,0.5
300,-1.80706586839487,1.51115858926654,-0.118439267188907,"Converged",0.5,0.5
301,-1.96904201004417,1.73118256824234,-0.120093916016183,"Converged",0.5,0.5
302,-0.948573189195215,-1.13859538375748,-0.118264993761793,"Converged",0.5,0.5
303,-1.32103107579698,0.115950682591957,-0.101214223915757,"Converged",0.5,0.5
304,-3.28568388219481,5.93381283911335,-0.0751730751047288,"Converged",0.5,0.5
305,-1.60776842034161,0.816538952216908,-0.103173863250569,"Converged",0.5,0.5
306,-1.53923427780341,0.544879805822096,-0.135114200263937,"Converged",0.5,0.5
307,-1.1493529334894,0.0426084462383524,-0.137781730314237,"Converged",0.5,0.5
308,-1.8810111968446,1.04546725181551,-0.0731936087223943,"Converged",0.5,0.5
309,-1.68661533283084,0.663719493858279,-0.071923309504104,"Converged",0.5,0.5
310,-1.65081208243623,1.52520618429237,-0.138437768461254,"Converged",0.5,0.5
311,-1.57652531197438,0.585229016951016,-0.0912228139678723,"Converged",0.5,0.5
312,-1.3956785398394,0.586435961968407,-0.145230665759037,"Converged",0.5,0.5
313,-1.93729663060893,1.16994915330644,-0.0485726607051999,"Converged",0.5,0.5
314,-1.89592738100339,2.17871196274933,-0.113213238059968,"Converged",0.5,0.5
315,-2.19360247177302,2.68064491028025,-0.0920830303877495,"Converged",0.5,0.5
316,-1.71534813436384,0.0233271104332131,-0.0178640649094896,"Converged",0.5,0.5
317,-1.34102039464816,0.883221223840131,-0.134209559749929,"Converged",0.5,0.5
318,-1.97988148350737,1.73100962445512,-0.0726111637291305,"Converged",0.5,0.5
319,-2.68355600165847,3.21909936332622,-0.062681965216972,"Converged",0.5,0.5
320,-1.57638172892576,1.27877804309041,-0.110987989692033,"Converged",0.5,0.5
321,-1.38322271401991,0.459501908422004,-0.109484472186951,"Converged",0.5,0.5
322,-0.685060844297241,-0.998571572558831,-0.162838366464736,"Converged",0.5,0.5
323,-1.49627261546381,1.5765811166779,-0.196887898644861,"Converged",0.5,0.5
324,-1.75921344643071,1.53645218685304,-0.0829783950363389,"Converged",0.5,0.5
325,-1.77318548120352,1.00246660170577,-0.0304515676895004,"Converged",0.5,0.5
326,-2.46851239701081,2.81997620563247,-0.0490657324343188,"Converged",0.5,0.5
327,-1.79728667967921,1.60997068212539,-0.122734816736814,"Converged",0.5,0.5
328,-2.71799004880322,3.42564540798611,-0.0361036044123414,"Converged",0.5,0.5
329,-2.18541735386383,3.19086344380023,-0.177201103693014,"Converged",0.5,0.5
330,-2.42361228893779,3.50934686154008,-0.10152710596183,"Converged",0.5,0.5
331,-1.97944910215041,1.39800624713068,-0.0755539857620688,"Converged",0.5,0.5
332,-2.83438048055169,5.33589498388344,-0.126307335493058,"Converged",0.5,0.5
333,-0.816183207417502,-1.32102405005844,-0.114404324992355,"Converged",0.5,0.5
334,-1.37494460075531,-0.00354838651922472,-0.0864616449246025,"Converged",0.5,0.5
335,-2.07643695137776,3.66737427893325,-0.210584233070699,"Converged",0.5,0.5
336,-2.22397250622237,2.17960876829714,-0.0401125843723442,"Converged",0.5,0.5
337,-1.45876896431802,-0.00470024831924942,-0.0516520533449956,"Converged",0.5,0.5
338,-1.30020644883356,-0.298167941693397,-0.0870541615474804,"Converged",0.5,0.5
339,NA,NA,NA,"B-spline error",0.5,0.5
340,-4.02107514325611,7.92404509229591,-0.0626026348579702,"Converged",0.5,0.5
341,-3.05370152742938,4.81774214393376,-0.0714194914525916,"Converged",0.5,0.5
342,-2.63307134752097,2.54718628585557,-0.00384807238865884,"Converged",0.5,0.5
343,-1.54088664438133,0.499191853201452,-0.113377979959701,"Converged",0.5,0.5
344,-1.9651407836724,2.48584939858583,-0.116413440061518,"Converged",0.5,0.5
345,-3.4395113145279,5.62779143154881,-0.089722264798496,"Converged",0.5,0.5
346,-2.20857117790458,2.6152778100294,-0.12703632398441,"Converged",0.5,0.5
347,-2.3991709329012,3.07255546761033,-0.0976800948270614,"Converged",0.5,0.5
348,-1.51851128450207,0.344294018244736,-0.0954847085370207,"Converged",0.5,0.5
349,-1.40478766788663,-0.475049910240678,-0.0632959555735875,"Converged",0.5,0.5
350,-2.35261164209587,3.51682856743093,-0.124828721016432,"Converged",0.5,0.5
351,-2.49060666588916,3.40625429803418,-0.104390957434829,"Converged",0.5,0.5
352,-2.41478228205707,3.58402417914859,-0.0931877675993884,"Converged",0.5,0.5
353,-2.09310430022867,2.05673652240024,-0.0788086418402525,"Converged",0.5,0.5
354,-1.37566959724289,-0.533059810386069,-0.0219215714068834,"Converged",0.5,0.5
355,-2.09704275208299,2.66995493304968,-0.160632538984551,"Converged",0.5,0.5
356,-1.33776384537462,0.54737344739287,-0.168042057991046,"Converged",0.5,0.5
357,-2.8631354393984,4.78360488602417,-0.128982355662437,"Converged",0.5,0.5
358,-1.24846957233636,0.142616766679851,-0.109480084963457,"Converged",0.5,0.5
359,-2.14672023286802,1.7893023370737,-0.0387962906361813,"Converged",0.5,0.5
360,-1.40939756842771,-0.941867472007415,-0.010072863535492,"Converged",0.5,0.5
361,-1.97234912196809,1.74403010038958,-0.0722003647878125,"Converged",0.5,0.5
362,-1.40268949930241,0.438254437525083,-0.08925431209271,"Converged",0.5,0.5
363,-2.6162064134479,3.60247395051652,-0.0489662890033251,"Converged",0.5,0.5
364,-2.09633397918269,2.7965752745566,-0.0831626219294792,"Converged",0.5,0.5
365,-2.63475419558243,3.74209369715127,-0.0822193800396223,"Converged",0.5,0.5
366,-2.38846423101725,2.34220141390887,-0.018535266434776,"Converged",0.5,0.5
367,-2.6280400121968,3.99677517755664,-0.130914708929575,"Converged",0.5,0.5
368,-0.981399654776973,-0.112894478240958,-0.143909983182897,"Converged",0.5,0.5
369,-1.6200762609675,0.897377305538838,-0.11296425532597,"Converged",0.5,0.5
370,-1.59529611088741,0.387980872763322,-0.0623693090814118,"Converged",0.5,0.5
371,-1.82475697076183,1.83819883990009,-0.126074126466867,"Converged",0.5,0.5
372,-2.01006806269171,2.60558457903386,-0.111533886359203,"Converged",0.5,0.5
373,-0.485730845229204,-3.04680975548472,-0.091983910644619,"Converged",0.5,0.5
374,-1.44151496632562,0.0970927384048639,-0.112377295849026,"Converged",0.5,0.5
375,-1.56352086343359,0.379490313592645,-0.0682590238481801,"Converged",0.5,0.5
376,-1.4901274722672,1.39515180531025,-0.194271645231207,"Converged",0.5,0.5
377,-1.01304149384416,0.150338498539157,-0.134276371229054,"Converged",0.5,0.5
378,-1.45864587102936,0.139563793525992,-0.0876936561982118,"Converged",0.5,0.5
379,-1.66888337398405,1.9736267191755,-0.128179922042753,"Converged",0.5,0.5
380,-1.74144858593465,0.825697360916326,-0.0951170841765948,"Converged",0.5,0.5
381,-2.51390270890905,3.80254816539546,-0.079531867316321,"Converged",0.5,0.5
382,-1.82069877256977,2.10256560726775,-0.152447647434453,"Converged",0.5,0.5
383,-1.65591485365438,1.32879556977923,-0.121235650120762,"Converged",0.5,0.5
384,-1.9693390537967,2.17690391948265,-0.116457948067422,"Converged",0.5,0.5
385,-0.807903669227922,-1.08570267647856,-0.162179819952744,"Converged",0.5,0.5
386,-1.30444413261288,-0.566378353933137,-0.0742242225959635,"Converged",0.5,0.5
387,-1.76743196053247,0.430088974134859,-0.064873214990395,"Converged",0.5,0.5
388,-0.660836267474338,-1.39809641574252,-0.152503786698372,"Converged",0.5,0.5
389,-1.84091414846553,1.41514415068284,-0.104478882195018,"Converged",0.5,0.5
390,-2.73328800565959,3.81030052530279,-0.0474317884328811,"Converged",0.5,0.5
391,-1.34658459416136,-0.83263245251737,-0.0114050026366213,"Converged",0.5,0.5
392,-0.782434430653909,-1.15351851082072,-0.141372195700213,"Converged",0.5,0.5
393,-1.68542712937011,2.20929431378836,-0.191851302499261,"Converged",0.5,0.5
394,-2.46956252627674,3.14269274181404,-0.0698973609271369,"Converged",0.5,0.5
395,-1.70509983863139,0.592973529777051,-0.0719677038744363,"Converged",0.5,0.5
396,-1.89139136579727,2.05034954231802,-0.107098292337893,"Converged",0.5,0.5
397,-1.88341786461846,1.18344538557676,-0.0705507539195808,"Converged",0.5,0.5
398,-1.95361893809367,1.97142263852039,-0.0783484182414862,"Converged",0.5,0.5
399,-2.70553602416564,3.53314969128117,-0.0330526387815082,"Converged",0.5,0.5
400,-3.87840297231567,7.54888825325456,-0.0548901451641795,"Converged",0.5,0.5
401,-1.0141883479394,-0.742684115342498,-0.136726327656422,"Converged",0.5,0.5
402,-2.49611089321063,2.93158414083266,-0.0684656246881588,"Converged",0.5,0.5
403,-1.34500597361698,0.403452233376989,-0.109712363120825,"Converged",0.5,0.5
404,-3.65323667340107,6.54371778416325,-0.068757826407024,"Converged",0.5,0.5
405,-2.97461621327845,4.00221676555578,-0.0393266779158319,"Converged",0.5,0.5
406,-2.43654487717259,2.80765940689969,-0.0567241679052587,"Converged",0.5,0.5
407,-1.18357252812046,0.0240140451682538,-0.193996281648763,"Converged",0.5,0.5
408,-3.10067598229121,4.69928287787033,-0.0699978363755256,"Converged",0.5,0.5
409,-2.28113745499708,3.54234706800906,-0.114200645573098,"Converged",0.5,0.5
410,-1.19536334090007,-0.338676751579903,-0.101498724231177,"Converged",0.5,0.5
411,-1.82899308714477,1.38030887590833,-0.0618570697479827,"Converged",0.5,0.5
412,-2.17955800067351,2.90515079238324,-0.114416987910079,"Converged",0.5,0.5
413,-0.536875615604638,-1.72334762874054,-0.126468825325558,"Converged",0.5,0.5
414,-3.16528227846695,5.2524810013217,-0.101655864817317,"Converged",0.5,0.5
415,-0.87320707822822,-0.650573315200797,-0.163922454039829,"Converged",0.5,0.5
416,-2.26869761970085,2.73474181801019,-0.105877023111047,"Converged",0.5,0.5
417,-2.44296134014392,3.14443769818125,-0.0770471141170125,"Converged",0.5,0.5
418,-1.89198187383674,1.5642466846242,-0.108050901375678,"Converged",0.5,0.5
419,-1.58533032913953,1.65638239396343,-0.171833848399088,"Converged",0.5,0.5
420,-1.92127180113357,2.32833371306802,-0.163531386027799,"Converged",0.5,0.5
421,-2.77049539561005,4.55611012639022,-0.106809890226553,"Converged",0.5,0.5
422,-1.41145781579325,1.31597200238078,-0.193785047816153,"Converged",0.5,0.5
423,-2.14893147991619,3.00328573714385,-0.100013534874717,"Converged",0.5,0.5
424,-1.11635525457164,-0.112591878217245,-0.135921737495698,"Converged",0.5,0.5
425,-3.07958086637473,5.86637398925915,-0.138188248760488,"Converged",0.5,0.5
426,-1.63670503067338,1.55345732187174,-0.114734451033511,"Converged",0.5,0.5
427,-0.662836989876084,-0.923599646096504,-0.15398352518712,"Converged",0.5,0.5
428,-0.711321155758891,-2.25660453401165,-0.0923155820489725,"Converged",0.5,0.5
429,-1.62057563702281,0.691641940267493,-0.110807487552545,"Converged",0.5,0.5
430,-1.98277479892234,2.44663806966146,-0.10476746873772,"Converged",0.5,0.5
431,-1.54960786183118,1.48966870828299,-0.205079800886001,"Converged",0.5,0.5
432,-2.12843171816401,3.40207473940451,-0.152903506982878,"Converged",0.5,0.5
433,-1.03433423807451,-0.68134463522806,-0.141086923619375,"Converged",0.5,0.5
434,NA,NA,NA,"B-spline error",0.5,0.5
435,-2.47075320905598,4.23715900713262,-0.116558863447477,"Converged",0.5,0.5
436,-1.67421466980757,2.1613257219442,-0.182483334784754,"Converged",0.5,0.5
437,-1.57517235923513,0.888855628880361,-0.0713302302146239,"Converged",0.5,0.5
438,-1.73186913386036,1.74423449743185,-0.139259969152204,"Converged",0.5,0.5
439,-2.65730724656127,3.2480258439448,-0.0354509154933751,"Converged",0.5,0.5
440,-2.04353799891298,3.43002001726112,-0.157352408562207,"Converged",0.5,0.5
441,-1.7686527980195,2.4089960502142,-0.137471725665068,"Converged",0.5,0.5
442,NA,NA,NA,"B-spline error",0.5,0.5
443,-1.55102470546109,0.923970904770991,-0.124200335344582,"Converged",0.5,0.5
444,-1.85085232396081,2.17410221902315,-0.087077476185745,"Converged",0.5,0.5
445,-1.32523527828207,0.0700824322843075,-0.114392772308285,"Converged",0.5,0.5
446,-2.38835869915171,3.2998326966787,-0.0743346773819407,"Converged",0.5,0.5
447,-1.93125924401314,2.29538378306315,-0.120192097998775,"Converged",0.5,0.5
448,-2.47621817300935,3.60741909246727,-0.108284912954969,"Converged",0.5,0.5
449,-1.78886817506162,1.95000083383131,-0.130955526569502,"Converged",0.5,0.5
450,-2.49755834059157,3.98102635429716,-0.167951791874171,"Converged",0.5,0.5
451,-1.74885552986101,1.85999430143382,-0.170567474766123,"Converged",0.5,0.5
452,-1.16188495515502,0.499285518261939,-0.150697730635004,"Converged",0.5,0.5
453,-2.76068500419669,4.34856742904806,-0.0690969332956007,"Converged",0.5,0.5
454,-1.43816374097014,0.626429847923704,-0.119832221173203,"Converged",0.5,0.5
455,-1.95276985147228,-0.339871954330095,0.0191036026365014,"Converged",0.5,0.5
456,-0.908161064493425,-0.878922097777407,-0.121953141299946,"Converged",0.5,0.5
457,-2.36750408556678,3.31389571868205,-0.101166750766294,"Converged",0.5,0.5
458,-2.47051721972914,3.06836316593836,-0.0567286067484923,"Converged",0.5,0.5
459,-1.6539947245072,1.28801951608392,-0.158467811527128,"Converged",0.5,0.5
460,-1.66215558187309,0.577571849093891,-0.0477184539864482,"Converged",0.5,0.5
461,-0.210094678982214,-1.53036521771109,-0.173601389755182,"Converged",0.5,0.5
462,-1.46695881203641,0.295072442403572,-0.0928027075085587,"Converged",0.5,0.5
463,-1.91831099724206,1.7211153770138,-0.073875046215678,"Converged",0.5,0.5
464,-1.60511304259803,2.14247321111673,-0.181090552514281,"Converged",0.5,0.5
465,-2.93660242158425,5.00313824973065,-0.110321980966277,"Converged",0.5,0.5
466,-2.59865617400126,4.18541231435176,-0.0833075893493002,"Converged",0.5,0.5
467,-2.64212616167881,3.64746980441105,-0.0641902596891911,"Converged",0.5,0.5
468,-2.47925333914352,3.18757441985555,-0.10958138784487,"Converged",0.5,0.5
469,-1.54118225313409,0.394466550876541,-0.0741044452641115,"Converged",0.5,0.5
470,-2.4132960533361,4.05502051283555,-0.147960848849495,"Converged",0.5,0.5
471,-2.94330535587828,3.66097281480017,0.00394694956492628,"Converged",0.5,0.5
472,-2.22985288625951,2.42429885022792,-0.06161623423879,"Converged",0.5,0.5
473,-2.97853400231621,4.83799078213107,-0.121234931455589,"Converged",0.5,0.5
474,-1.5370798258821,0.516208832648543,-0.0871879481366929,"Converged",0.5,0.5
475,-1.96820670502999,2.42967107039699,-0.120851151255433,"Converged",0.5,0.5
476,-1.38047875369508,-0.271331033020846,-0.0833242694569574,"Converged",0.5,0.5
477,-2.52207971310897,3.50312455659479,-0.103734243671119,"Converged",0.5,0.5
478,-0.659083998684819,-0.891567105431715,-0.170028648933111,"Converged",0.5,0.5
479,-2.30663021556744,2.31947499712518,-0.0565099140455107,"Converged",0.5,0.5
480,-1.90474122653134,1.48514634328223,-0.0656086323565761,"Converged",0.5,0.5
481,-1.91211181053156,2.29514937202081,-0.150955312649673,"Converged",0.5,0.5
482,-1.76340134919069,1.13708239287206,-0.0960071987110927,"Converged",0.5,0.5
483,-0.975605567147715,-1.00918806391579,-0.124689716892659,"Converged",0.5,0.5
484,-1.52001793293145,0.97822424385909,-0.122107540155923,"Converged",0.5,0.5
485,-1.88689340044778,2.55056935396019,-0.135268829610487,"Converged",0.5,0.5
486,-2.27754433694613,2.17811831858888,-0.0418484947103471,"Converged",0.5,0.5
487,-2.62509059349785,3.12850101956669,-0.0358009445619134,"Converged",0.5,0.5
488,-1.05447873541505,-0.925586944400206,-0.0969364835712067,"Converged",0.5,0.5
489,-2.68925004755804,3.45026573988065,-0.0300750418551498,"Converged",0.5,0.5
490,-1.9495422206867,0.800083545967563,-0.0729939327404311,"Converged",0.5,0.5
491,-2.27657561665051,2.82691801065447,-0.0732995326699117,"Converged",0.5,0.5
492,-1.48861924461875,1.84636808780912,-0.212323384131102,"Converged",0.5,0.5
493,-2.59395645789551,3.39403021241777,-0.0887035865941801,"Converged",0.5,0.5
494,-1.60883455656954,1.42130454540622,-0.138297003516447,"Converged",0.5,0.5
495,-1.72542638341221,0.197144426583854,-0.0537737164643598,"Converged",0.5,0.5
496,-2.99400987143748,4.80531830623295,-0.113952800930226,"Converged",0.5,0.5
497,-3.76767428619466,7.40903727747394,-0.075984564802755,"Converged",0.5,0.5
498,-1.6653660561531,1.74149964031802,-0.179581417249978,"Converged",0.5,0.5
499,-2.78763630782997,3.87726208940182,-0.0548730010314173,"Converged",0.5,0.5
500,-2.00302682682366,3.40785021110611,-0.203287633765058,"Converged",0.5,0.5
501,-2.32806426155304,3.56106790856191,-0.149260095041834,"Converged",0.5,0.5
502,-1.37039285002066,0.937090010915216,-0.159688517792408,"Converged",0.5,0.5
503,-2.10449054287015,2.28572269258521,-0.0859303921429768,"Converged",0.5,0.5
504,-1.70411627252763,1.38741612990985,-0.122263255801969,"Converged",0.5,0.5
505,-1.76519741440707,1.1850168281643,-0.0965860781234045,"Converged",0.5,0.5
506,-1.43522464091472,0.889276344450719,-0.130377414312508,"Converged",0.5,0.5
507,-2.20825577213774,1.97721708669389,-0.0351414238328984,"Converged",0.5,0.5
508,-2.05502478456665,2.18885290183006,-0.101224568509043,"Converged",0.5,0.5
509,-1.08621269159368,0.00562212959509252,-0.126192336745497,"Converged",0.5,0.5
510,-1.78797831205799,0.72389571938321,-0.0557192746094737,"Converged",0.5,0.5
511,-1.59656208091709,0.139813604666378,-0.0467612267844855,"Converged",0.5,0.5
512,-0.610240712668233,-2.61075728583493,-0.0774473633100123,"Converged",0.5,0.5
513,-1.51893640568851,0.598567036135578,-0.12061489758562,"Converged",0.5,0.5
514,-2.32525714159761,2.38573322320849,-0.0774061051567873,"Converged",0.5,0.5
515,-2.25091233718781,2.6945868909234,-0.0597110153338479,"Converged",0.5,0.5
516,-3.07808610002953,5.82415545852506,-0.0980248928986147,"Converged",0.5,0.5
517,-1.81568371334401,1.21325137295816,-0.0580695961646224,"Converged",0.5,0.5
518,-2.39045834055902,2.83944763375509,-0.0562414016542952,"Converged",0.5,0.5
519,-2.10360397023982,2.76578658599102,-0.138898044589055,"Converged",0.5,0.5
520,-1.93053378061205,1.51457490367334,-0.099716733998007,"Converged",0.5,0.5
521,-1.90660372682819,1.8272978178489,-0.0911801966549704,"Converged",0.5,0.5
522,-1.27671955857722,0.452164859502488,-0.133927596804758,"Converged",0.5,0.5
523,-1.95401424029832,3.02552966178331,-0.173263694512168,"Converged",0.5,0.5
524,-0.94720179028606,-1.34990532744719,-0.0836170986100761,"Converged",0.5,0.5
525,-3.87570899952568,6.43450534353239,0.0171675676869523,"Converged",0.5,0.5
526,-1.65792910614218,0.707594393320524,-0.0971338860401948,"Converged",0.5,0.5
527,-0.935558233102852,-0.866365463463746,-0.100774678232849,"Converged",0.5,0.5
528,-2.58251166088549,4.12865341223672,-0.121228095529822,"Converged",0.5,0.5
529,-1.95896481012686,2.30293133002049,-0.135107434727802,"Converged",0.5,0.5
530,-1.48395854415791,-0.0820793516112373,-0.0734862144645862,"Converged",0.5,0.5
531,-1.79016595324984,1.41391622571349,-0.0953177644143768,"Converged",0.5,0.5
532,-0.735806468906161,-1.55748033866595,-0.104650809590282,"Converged",0.5,0.5
533,-2.328733951943,2.81567074626776,-0.0708644479775556,"Converged",0.5,0.5
534,-2.30939691778517,4.02342057692944,-0.119253641995298,"Converged",0.5,0.5
535,-2.78180852904123,3.43878250489416,-0.00262674395300955,"Converged",0.5,0.5
536,-1.15727440166136,-1.22684689348673,-0.0436523085902217,"Converged",0.5,0.5
537,-0.396566780132415,-1.42266508595597,-0.185504156838475,"Converged",0.5,0.5
538,-0.57122156856378,-3.20205981676681,-0.067859801188109,"Converged",0.5,0.5
539,-2.11941911089773,2.7407688380418,-0.13200152051901,"Converged",0.5,0.5
540,NA,NA,NA,"B-spline error",0.5,0.5
541,-2.5291692945466,3.37536776714227,-0.0566015844311806,"Converged",0.5,0.5
542,-1.14798496641982,-0.339549698831586,-0.145044636178447,"Converged",0.5,0.5
543,-1.72788753364742,0.0685760974453927,-0.0353341855676831,"Converged",0.5,0.5
544,-1.03481368685803,-0.737623860701511,-0.114962307049845,"Converged",0.5,0.5
545,-2.49693412066866,4.17563861537656,-0.104590716835945,"Converged",0.5,0.5
546,-2.89877760057757,4.09071315193253,-0.0386412943357021,"Converged",0.5,0.5
547,-1.89413058998021,1.18807507532945,-0.0334957146293723,"Converged",0.5,0.5
548,-2.8664358350949,4.15854635357674,-0.0558878024420866,"Converged",0.5,0.5
549,-1.49656580721541,0.360579893739956,-0.0547040418586281,"Converged",0.5,0.5
550,-2.44218973083456,3.48957194475828,-0.127555530308782,"Converged",0.5,0.5
551,-1.84674744035192,1.44621898209893,-0.134788058856274,"Converged",0.5,0.5
552,-1.35942035253772,0.632862575451311,-0.127974933999899,"Converged",0.5,0.5
553,-1.5812769624199,1.01874388791867,-0.157098556367383,"Converged",0.5,0.5
554,NA,NA,NA,"B-spline error",0.5,0.5
555,-2.41862950153861,3.79450681640127,-0.119701865129406,"Converged",0.5,0.5
556,-2.75658211068098,3.5799785892884,-0.0406254633924075,"Converged",0.5,0.5
557,-2.85126089718384,3.33115586000573,-0.0263344223106253,"Converged",0.5,0.5
558,-2.86981004636734,4.79153470118678,-0.0861161789491997,"Converged",0.5,0.5
559,-1.94838793826938,1.07522463150574,-0.0486294331527671,"Converged",0.5,0.5
560,-2.61664463806391,3.67338519678137,-0.0607158056652605,"Converged",0.5,0.5
561,-1.55483897512659,0.885983262843546,-0.106330372882022,"Converged",0.5,0.5
562,-2.03619850990167,2.90018158708601,-0.105081164649797,"Converged",0.5,0.5
563,-2.20413240399704,3.03857973908586,-0.0802388786853464,"Converged",0.5,0.5
564,-1.352181683279,0.00427189737295932,-0.0849272583379171,"Converged",0.5,0.5
565,-2.06945016735864,2.87861056766714,-0.134854239808158,"Converged",0.5,0.5
566,-2.63884541878042,3.20545167863915,-0.0222891423962643,"Converged",0.5,0.5
567,-2.65811050798241,3.59858425306539,-0.0575399913185363,"Converged",0.5,0.5
568,-1.67888041643864,1.56511278293374,-0.118423513448619,"Converged",0.5,0.5
569,-3.3165798692319,6.42692594292858,-0.078530936512524,"Converged",0.5,0.5
570,-2.49844511564274,3.76567369691704,-0.10648133983106,"Converged",0.5,0.5
571,-2.88593722747881,5.0707711119497,-0.0918039638351243,"Converged",0.5,0.5
572,-1.89490881230674,1.21565528280812,-0.0419348305183362,"Converged",0.5,0.5
573,-2.08203261147727,2.02481733124597,-0.0760105316975471,"Converged",0.5,0.5
574,-3.27441957004962,5.8302460980585,-0.0851834174101508,"Converged",0.5,0.5
575,-3.14486782676087,4.49361087752955,-0.017164346264309,"Converged",0.5,0.5
576,-1.95137135481406,0.95348981371265,-0.057903124817044,"Converged",0.5,0.5
577,-2.10860575728915,2.3122053561378,-0.080837048134708,"Converged",0.5,0.5
578,-2.16839534782873,3.00576369923252,-0.130985245198612,"Converged",0.5,0.5
579,-1.89692317104843,1.7746099429776,-0.115444355352293,"Converged",0.5,0.5
580,-2.28627968607205,1.53246742566768,-0.00789640330109595,"Converged",0.5,0.5
581,-2.1070199239451,2.54613329067926,-0.0736587467232141,"Converged",0.5,0.5
582,-1.48571497083712,0.437379431757526,-0.0784039083588721,"Converged",0.5,0.5
583,-1.6773790473717,1.38275858467658,-0.099754838023162,"Converged",0.5,0.5
584,-2.42621729197933,3.66488523825067,-0.0996471286092715,"Converged",0.5,0.5
585,-3.61057993304243,7.08316562735151,-0.065805168364104,"Converged",0.5,0.5
586,-2.33574497224035,2.69298408351539,-0.107371434539833,"Converged",0.5,0.5
587,-0.896924444311082,-0.604614868620443,-0.179687566213344,"Converged",0.5,0.5
588,-2.05796265153488,2.52308313659213,-0.11747134137511,"Converged",0.5,0.5
589,NA,NA,NA,"MAX_ITER reached",0.5,0.5
590,-2.40268020546187,2.4546362184195,-0.020240130721563,"Converged",0.5,0.5
591,-2.0105616453814,3.10036761673687,-0.145730313462038,"Converged",0.5,0.5
592,-1.78911024088459,0.243093895010374,-0.0403114434545709,"Converged",0.5,0.5
593,-1.99596243954356,1.84405809678871,-0.060675559034272,"Converged",0.5,0.5
594,-1.96491432484362,3.30864808466601,-0.176938236793538,"Converged",0.5,0.5
595,-2.03994163267559,1.09658697688554,-0.0761228799042863,"Converged",0.5,0.5
596,-2.26111544308239,2.99542279003124,-0.0804143875973465,"Converged",0.5,0.5
597,-3.1253890787743,5.5088562658494,-0.0729205419902671,"Converged",0.5,0.5
598,-2.27921883472073,2.10324755749313,-0.026741211917793,"Converged",0.5,0.5
599,-1.92439925654074,0.929054941650504,-0.0407608624614898,"Converged",0.5,0.5
600,-0.61539862467416,-1.15313654495567,-0.150965784191151,"Converged",0.5,0.5
601,-1.86132956788311,0.789849004117422,-0.0770939429665508,"Converged",0.5,0.5
602,-2.0247267765621,1.77110418861852,-0.0725818443875631,"Converged",0.5,0.5
603,-1.49570142735075,1.35930953775454,-0.156496302359172,"Converged",0.5,0.5
604,-3.28408710578183,7.40267415445968,-0.174919522638926,"Converged",0.5,0.5
605,-1.43278655302814,0.918843167222485,-0.109964276328999,"Converged",0.5,0.5
606,-1.85766310679687,0.96646840766844,-0.045117522203964,"Converged",0.5,0.5
607,-1.52259652949359,0.710000621386773,-0.106424680965664,"Converged",0.5,0.5
608,-2.21481227845782,2.14481997911025,-0.0554144847900641,"Converged",0.5,0.5
609,-1.17631893736139,-0.272313293365971,-0.126788714252352,"Converged",0.5,0.5
610,-0.976535866842476,-1.9951930156952,-0.0150332506230629,"Converged",0.5,0.5
611,-1.74717582693136,0.803416492286467,-0.0540603517074851,"Converged",0.5,0.5
612,-0.950357225978521,-0.814765571329926,-0.14105276265255,"Converged",0.5,0.5
613,-1.21243872782769,0.018372274736868,-0.111163399100534,"Converged",0.5,0.5
614,-2.16409473686157,2.63371340551461,-0.0864218952479782,"Converged",0.5,0.5
615,-2.380722470845,3.11546822428474,-0.0949037461883376,"Converged",0.5,0.5
616,-2.88383366744556,4.17875464678624,-0.0659949554157537,"Converged",0.5,0.5
617,-2.44206395449867,3.03903608191655,-0.0572473654085652,"Converged",0.5,0.5
618,-0.299565050998854,-3.19421979165771,-0.0843811647637708,"Converged",0.5,0.5
619,NA,NA,NA,"B-spline error",0.5,0.5
620,-2.38099726862029,2.84647065388823,-0.0592544156648827,"Converged",0.5,0.5
621,-2.07397436654824,2.49011996429025,-0.108036351587353,"Converged",0.5,0.5
622,-2.35447275441356,2.92116195881856,-0.0519608547748228,"Converged",0.5,0.5
623,-2.51394413849598,2.86014231880169,-0.0867504058250779,"Converged",0.5,0.5
624,-1.9255657093052,1.17759922665805,-0.0282034869965722,"Converged",0.5,0.5
625,-1.82685997626301,0.716211273331897,-0.0499318070644654,"Converged",0.5,0.5
626,-2.05509079061672,1.60063771180668,-0.0334831879969479,"Converged",0.5,0.5
627,-3.25485544315131,6.16234546378089,-0.101684045535098,"Converged",0.5,0.5
628,-3.77819671025973,7.49412639604024,-0.0802699531167983,"Converged",0.5,0.5
629,-1.88099610647431,1.15883077219287,-0.0440008435163396,"Converged",0.5,0.5
630,-2.32767606356786,2.77302811326963,-0.106194438785171,"Converged",0.5,0.5
631,-1.92636133341886,2.38291644297873,-0.105856897584928,"Converged",0.5,0.5
632,-2.14379205923414,2.97891609925427,-0.11923143199389,"Converged",0.5,0.5
633,-1.62781882331936,1.36271275268598,-0.156386860768463,"Converged",0.5,0.5
634,NA,NA,NA,"B-spline error",0.5,0.5
635,-2.8321428359445,5.29130471263659,-0.136446355919842,"Converged",0.5,0.5
636,-0.819989391202842,-3.28675042950643,-0.0124443825413226,"Converged",0.5,0.5
637,-2.6014065811149,3.40283296245845,-0.0390308644086381,"Converged",0.5,0.5
638,-2.90964410604867,4.61463612591197,-0.0721269889605302,"Converged",0.5,0.5
639,-1.36542355336754,-0.431659054145852,-0.0668854420607647,"Converged",0.5,0.5
640,-1.49281563720484,1.51393670653594,-0.174265043926217,"Converged",0.5,0.5
641,-3.19389598313072,5.22573052586875,-0.0115910085728597,"Converged",0.5,0.5
642,-1.68632847428328,0.503457137844124,-0.0705718150997855,"Converged",0.5,0.5
643,-2.30355228888421,1.89155031791753,-0.0408602866965416,"Converged",0.5,0.5
644,-1.93940967127218,1.43121778799586,-0.0580224531853849,"Converged",0.5,0.5
645,-1.73240186959976,1.37194803454012,-0.0605818502075428,"Converged",0.5,0.5
646,-2.30845144297112,3.18270054981384,-0.103264640429383,"Converged",0.5,0.5
647,-0.382057569494203,-1.6931585120367,-0.19079378600745,"Converged",0.5,0.5
648,-1.58111457915261,-0.635699587242603,-0.035337927246637,"Converged",0.5,0.5
649,-1.38396163100719,0.21994855724437,-0.0930880104002134,"Converged",0.5,0.5
650,-0.983715054372577,0.0113744091742881,-0.178218419950162,"Converged",0.5,0.5
651,-1.1431547189003,-1.21350246569985,-0.0654636440663078,"Converged",0.5,0.5
652,-1.86075248948354,1.77501844369185,-0.136365473512288,"Converged",0.5,0.5
653,NA,NA,NA,"B-spline error",0.5,0.5
654,-0.889101441920129,-1.04983140051139,-0.111986898869115,"Converged",0.5,0.5
655,-2.8030368077959,4.45794671136145,-0.0560594300748587,"Converged",0.5,0.5
656,-2.53392657916578,3.32077929214598,-0.105542155112874,"Converged",0.5,0.5
657,-1.46732854209757,-0.23340909773761,-0.0280977024789154,"Converged",0.5,0.5
658,-1.619858058122,2.1869868050212,-0.187107141731894,"Converged",0.5,0.5
659,-1.88562347367153,1.55046005154104,-0.094277897592785,"Converged",0.5,0.5
660,-2.30484135159338,1.33385852403368,0.00282854342598757,"Converged",0.5,0.5
661,-2.64090894504898,4.03689070528105,-0.0721075693884357,"Converged",0.5,0.5
662,-2.89484522002465,4.10700973977847,0.00536485195131969,"Converged",0.5,0.5
663,-1.36287781962507,-0.738756732753099,-0.0469145799988961,"Converged",0.5,0.5
664,-2.69829162238733,4.26322944338984,-0.0633168551286366,"Converged",0.5,0.5
665,-1.95355578057126,0.90184098843957,-0.0331731387387474,"Converged",0.5,0.5
666,-1.41655965795603,0.642751067792764,-0.108162183770446,"Converged",0.5,0.5
667,-2.94034881467823,4.11135945185573,-0.0355008323956288,"Converged",0.5,0.5
668,-1.98802755256506,0.769947122853673,-0.0371279424321098,"Converged",0.5,0.5
669,-2.4030711706463,3.50015447471695,-0.0963319430006264,"Converged",0.5,0.5
670,-1.41720125192063,-0.950291678858344,-0.0176418451377646,"Converged",0.5,0.5
671,-2.53893875835544,4.00353333460699,-0.111924099612125,"Converged",0.5,0.5
672,-2.1480885152412,2.42013376225106,-0.105571312952625,"Converged",0.5,0.5
673,-1.7261250747633,1.82659854373916,-0.173071948893648,"Converged",0.5,0.5
674,-1.28022874528235,0.0249172375419748,-0.0877664762079394,"Converged",0.5,0.5
675,-2.29923021762709,2.75559071458075,-0.114665944685209,"Converged",0.5,0.5
676,-2.29725612162978,2.67175380917976,-0.0841704442874548,"Converged",0.5,0.5
677,-1.89730159492422,1.45484202186329,-0.0916461095210384,"Converged",0.5,0.5
678,-1.18929194258714,-0.210217856266213,-0.116741080909716,"Converged",0.5,0.5
679,-0.440842516543182,-1.79753589594358,-0.13158024572921,"Converged",0.5,0.5
680,-1.94071403482202,1.09653476334116,-0.0709599223104315,"Converged",0.5,0.5
681,-1.97291471174469,2.26379180312817,-0.114180852651761,"Converged",0.5,0.5
682,-2.80999752450256,3.15179744144991,-0.036744401918422,"Converged",0.5,0.5
683,NA,NA,NA,"MAX_ITER reached",0.5,0.5
684,-0.994077246922244,-1.22872714318449,-0.0550043461722374,"Converged",0.5,0.5
685,-2.75287862109244,5.03843229150621,-0.149186924000295,"Converged",0.5,0.5
686,-1.70314349482139,1.66908948681363,-0.132852297637579,"Converged",0.5,0.5
687,-1.24844221667625,-0.69921724206145,-0.0454192549956333,"Converged",0.5,0.5
688,NA,NA,NA,"MAX_ITER reached",0.5,0.5
689,-0.529292971323091,-2.62292855105329,-0.120503167441505,"Converged",0.5,0.5
690,-2.49068733896796,3.56876276965999,-0.0883442472439417,"Converged",0.5,0.5
691,-0.983800454424919,-0.619883876710569,-0.142488692925597,"Converged",0.5,0.5
692,-2.58527374318546,2.88087799843636,-0.0187213458821024,"Converged",0.5,0.5
693,-1.82123297520923,1.95975727388221,-0.154173057820438,"Converged",0.5,0.5
694,-1.45117393313545,0.591388172398698,-0.0900768383312105,"Converged",0.5,0.5
695,-1.95758967172493,2.8058986770013,-0.129679300126488,"Converged",0.5,0.5
696,-1.73200542958641,1.43302421243643,-0.135638463574741,"Converged",0.5,0.5
697,-1.65421474381831,1.42064520728617,-0.125110937978923,"Converged",0.5,0.5
698,-1.12271708575543,-0.0575173161507552,-0.121007610033082,"Converged",0.5,0.5
699,-1.42906610135794,0.220134637854047,-0.0944756688917838,"Converged",0.5,0.5
700,-1.76332956615715,0.663632275119733,-0.0392161442871791,"Converged",0.5,0.5
701,-2.46963279726826,4.73531963531298,-0.195933534533854,"Converged",0.5,0.5
702,-1.73158848224481,1.72716840988294,-0.147181160775075,"Converged",0.5,0.5
703,-2.10297084502496,1.6433515342169,-0.0463923738199158,"Converged",0.5,0.5
704,-2.95444075581867,5.00474635876523,-0.0890279811785472,"Converged",0.5,0.5
705,-1.36689639580701,0.261649818015984,-0.124406736446446,"Converged",0.5,0.5
706,-1.3644128137087,-0.220866058494126,-0.0795548870680612,"Converged",0.5,0.5
707,-3.00136982536783,4.64216977401882,-0.0888035015684911,"Converged",0.5,0.5
708,-2.82485247674835,4.07617753506239,-0.0954324468311255,"Converged",0.5,0.5
709,-2.0912768583636,2.35638736831177,-0.131612763683966,"Converged",0.5,0.5
710,-1.41763656384753,1.49146305117676,-0.181324422952272,"Converged",0.5,0.5
711,-1.94114916868979,2.09385962080358,-0.129368812588517,"Converged",0.5,0.5
712,-2.11132936990234,2.17469371201836,-0.105215293147526,"Converged",0.5,0.5
713,-1.11819222328839,-0.248891426233209,-0.132908626022096,"Converged",0.5,0.5
714,-1.86253484502702,2.24154075152336,-0.099320290591383,"Converged",0.5,0.5
715,-2.02503762761133,3.31529496541576,-0.156229846643148,"Converged",0.5,0.5
716,-1.39459592306593,0.920767265487987,-0.0972273569526384,"Converged",0.5,0.5
717,-2.59448231564009,3.73136422630073,-0.102345465089403,"Converged",0.5,0.5
718,-2.19432397656081,2.88764521250955,-0.104877878453705,"Converged",0.5,0.5
719,-1.06122460221297,-1.43505866741326,-0.06119536777529,"Converged",0.5,0.5
720,-1.27414048225189,0.623065791190209,-0.154513239989732,"Converged",0.5,0.5
721,-2.48821309274032,2.97948127391205,-0.0409240109380805,"Converged",0.5,0.5
722,-1.89106510736487,2.24734695514155,-0.121118641204382,"Converged",0.5,0.5
723,-1.95103626288557,1.13025154762996,-0.092484004830871,"Converged",0.5,0.5
724,-2.8870216900947,5.17456596685587,-0.135036017430626,"Converged",0.5,0.5
725,-2.64900892014946,3.50978332635311,-0.0536712424329026,"Converged",0.5,0.5
726,-2.48894671261444,3.49752848554658,-0.114329770090269,"Converged",0.5,0.5
727,-3.24018807299524,5.17075014059643,-0.0773225325246342,"Converged",0.5,0.5
728,-2.42478660143945,4.02027017802695,-0.132204214429327,"Converged",0.5,0.5
729,-1.47741316479349,-0.403622477773657,-0.0321085619482542,"Converged",0.5,0.5
730,-1.83709004801385,0.675999738613445,-0.0532606533548407,"Converged",0.5,0.5
731,-2.2112423477673,3.4224065719842,-0.146063315083048,"Converged",0.5,0.5
732,-0.995591336262659,-0.594139592681607,-0.164755855918891,"Converged",0.5,0.5
733,-1.69995409871602,1.18336256959861,-0.133018878615715,"Converged",0.5,0.5
734,-2.37211199807312,3.04281735885616,-0.121657612295648,"Converged",0.5,0.5
735,-1.93938399492954,2.85304672638592,-0.177218306813276,"Converged",0.5,0.5
736,-2.18708214622407,3.51797780534317,-0.199276871310998,"Converged",0.5,0.5
737,NA,NA,NA,"B-spline error",0.5,0.5
738,-2.70917066822354,3.81996587630746,-0.0734731067465216,"Converged",0.5,0.5
739,-2.12128008633739,1.49796906624371,-0.0471145129906161,"Converged",0.5,0.5
740,-1.20278873675189,-0.169062146832272,-0.100592620518114,"Converged",0.5,0.5
741,-2.64577903640036,3.5507169887005,-0.0938330727901838,"Converged",0.5,0.5
742,-1.55640732579337,0.736901962585138,-0.091919380675862,"Converged",0.5,0.5
743,-2.09904296514695,2.56713608090581,-0.127434312395996,"Converged",0.5,0.5
744,-2.03127774523057,2.04801132404441,-0.109369194615848,"Converged",0.5,0.5
745,-2.60538549909796,3.64811355438878,-0.107620564204132,"Converged",0.5,0.5
746,-1.98799585647538,2.12235076119039,-0.0943680919693441,"Converged",0.5,0.5
747,-2.4711149800894,2.68156678221796,-0.0522252489022437,"Converged",0.5,0.5
748,-2.66805824023824,3.2860960019616,-0.0584244865215683,"Converged",0.5,0.5
749,-3.5118263460219,6.12659764363814,-0.0603593247850286,"Converged",0.5,0.5
750,-2.37899864395953,3.81252712137303,-0.126379365298449,"Converged",0.5,0.5
751,-1.74600204303019,1.51185569089135,-0.0931936542637365,"Converged",0.5,0.5
752,-1.61823026805603,2.17299715645511,-0.183906713866337,"Converged",0.5,0.5
753,-1.02546355658453,-0.95914768821316,-0.141595281588538,"Converged",0.5,0.5
754,-2.17652062361966,1.84922569171031,-0.0373515943003334,"Converged",0.5,0.5
755,-1.19988167743108,-0.382514875710567,-0.101763224919219,"Converged",0.5,0.5
756,-1.53322338328518,0.307423267124545,-0.0725252471035102,"Converged",0.5,0.5
757,-2.64851092325901,3.49456564688475,-0.0481922129100291,"Converged",0.5,0.5
758,-2.27886532362565,2.09879497180762,-0.0641148558343442,"Converged",0.5,0.5
759,NA,NA,NA,"B-spline error",0.5,0.5
760,-2.15281775115399,3.51532439198116,-0.166987989392377,"Converged",0.5,0.5
761,-1.92691137360654,0.577196739874668,-0.0609758242408839,"Converged",0.5,0.5
762,-1.91166452934099,1.85806833342459,-0.120075122313657,"Converged",0.5,0.5
763,-2.14695240029052,3.44362522803039,-0.164197240131063,"Converged",0.5,0.5
764,-1.6853837937706,-0.0203083521801052,-0.0129167825250754,"Converged",0.5,0.5
765,-0.897478415457886,-1.44017647627062,-0.0992969543281778,"Converged",0.5,0.5
766,-2.05497666745646,3.60108645504439,-0.139267724802481,"Converged",0.5,0.5
767,-1.36243710945502,-0.768518373774461,-0.0533482309519968,"Converged",0.5,0.5
768,-2.491338133803,4.36258150426249,-0.165767410673144,"Converged",0.5,0.5
769,-2.60979149756983,4.13177620995547,-0.0843100621865859,"Converged",0.5,0.5
770,-1.75232764958639,1.76496299186696,-0.121640115321371,"Converged",0.5,0.5
771,NA,NA,NA,"MAX_ITER reached",0.5,0.5
772,-2.39537822888553,2.75033579897442,-0.056662907846959,"Converged",0.5,0.5
773,-1.90268725361215,0.778059368785479,-0.0505767391731179,"Converged",0.5,0.5
774,-1.51451993931661,0.346086277327953,-0.0759058920546678,"Converged",0.5,0.5
775,-0.652545981706411,-1.54165824188486,-0.104702837352311,"Converged",0.5,0.5
776,-1.944937970433,1.91564803228981,-0.0915350714307025,"Converged",0.5,0.5
777,-2.73370918540722,3.77018110263155,-0.0522482001499365,"Converged",0.5,0.5
778,-1.7644305614081,2.28968143503852,-0.183376723516703,"Converged",0.5,0.5
779,-2.17868932448676,2.60059668425587,-0.0976287665743992,"Converged",0.5,0.5
780,-1.48811993057026,1.16049953530731,-0.115215729351763,"Converged",0.5,0.5
781,-3.0378461412485,4.84561991546816,-0.0613514451426175,"Converged",0.5,0.5
782,-1.08966724605399,0.108081554719055,-0.151096745163965,"Converged",0.5,0.5
783,-2.6313662188587,5.23712843925494,-0.183433419027654,"Converged",0.5,0.5
784,-2.4747802239106,3.75697516137129,-0.0959963865172743,"Converged",0.5,0.5
785,-2.28968461948029,1.38666149591295,0.00354013881045092,"Converged",0.5,0.5
786,-2.2687755258841,1.99050270095048,-0.0533989696258852,"Converged",0.5,0.5
787,-1.87549408894049,0.981948000473845,-0.0576895005804207,"Converged",0.5,0.5
788,-2.02109815984251,2.59657869852657,-0.135765321600393,"Converged",0.5,0.5
789,-2.07974594734551,1.97622450878451,-0.0700946810475336,"Converged",0.5,0.5
790,-1.72361443742883,1.69311453096986,-0.130325984990638,"Converged",0.5,0.5
791,-2.00119765799784,1.89607046880218,-0.0915068508324128,"Converged",0.5,0.5
792,-2.31426780825918,3.87670846829341,-0.140274460202499,"Converged",0.5,0.5
793,-1.81684967240636,1.61900014642263,-0.108204153696467,"Converged",0.5,0.5
794,-2.08058615180294,1.92589270742241,-0.0613980789549485,"Converged",0.5,0.5
795,-2.11871485396964,1.88879449527971,-0.080751885071812,"Converged",0.5,0.5
796,-1.57348082605298,1.32190807208299,-0.134220744905293,"Converged",0.5,0.5
797,-2.55476986373987,3.93263764689034,-0.11295812646077,"Converged",0.5,0.5
798,-0.1548608199656,-2.79874748205848,-0.146717297720253,"Converged",0.5,0.5
799,-2.66307510928346,3.66461110709571,-0.0864168933814667,"Converged",0.5,0.5
800,-1.34238814180354,0.00958907623330939,-0.114787743050768,"Converged",0.5,0.5
801,-0.981030546721439,-0.239691218478914,-0.180859234094018,"Converged",0.5,0.5
802,-2.6845711399219,5.15293580586677,-0.120971316016913,"Converged",0.5,0.5
803,-2.44027851715703,3.03102836996017,-0.10123546985617,"Converged",0.5,0.5
804,0.094477058428499,-4.8620584976722,-0.110597562967139,"Converged",0.5,0.5
805,-1.87052719175701,1.85779967644297,-0.139026474482625,"Converged",0.5,0.5
806,-1.75311577631735,3.16734992581784,-0.189009948322515,"Converged",0.5,0.5
807,-1.04223522716348,-0.556263947434691,-0.136788884426374,"Converged",0.5,0.5
808,-1.12963100951922,-1.08790241809158,-0.0805107307308481,"Converged",0.5,0.5
809,-1.88923639514016,1.91384356316712,-0.114946929179475,"Converged",0.5,0.5
810,-1.95726902407656,1.3204791223343,-0.0757173491666695,"Converged",0.5,0.5
811,-2.38160310511773,2.44694823329142,-0.0503221694594038,"Converged",0.5,0.5
812,-2.22436340116603,2.1172785012282,-0.0699320245718162,"Converged",0.5,0.5
813,-1.69391307934734,1.91034088687808,-0.155589524195523,"Converged",0.5,0.5
814,-1.00950409929891,-2.70272122401343,0.0110944909689237,"Converged",0.5,0.5
815,-0.84797377466021,-0.58537687373263,-0.129511852539163,"Converged",0.5,0.5
816,-0.923667170395943,-0.90186714566544,-0.142374756664429,"Converged",0.5,0.5
817,-1.89282242770387,2.63117422368109,-0.150744058563234,"Converged",0.5,0.5
818,-2.07814303815021,0.831137185659513,-0.006392613960683,"Converged",0.5,0.5
819,-0.33709011764723,-2.81783481574801,-0.0793626710275889,"Converged",0.5,0.5
820,-2.16278477351253,2.47173304434023,-0.0880176286844445,"Converged",0.5,0.5
821,-2.95283658211036,4.8643782492277,-0.0962811908943365,"Converged",0.5,0.5
822,-1.52083053255256,0.312034506969935,-0.0888970520489479,"Converged",0.5,0.5
823,-2.39103094201613,3.40485521739295,-0.0987660076230338,"Converged",0.5,0.5
824,-1.34643307318973,0.548555157013726,-0.114977663612505,"Converged",0.5,0.5
825,-1.18220098806942,-0.230823179630631,-0.124043218163929,"Converged",0.5,0.5
826,-2.12301435555056,0.953081237065855,-0.0340661627639559,"Converged",0.5,0.5
827,-3.58194015188558,6.39684003645796,-0.073883332116173,"Converged",0.5,0.5
828,-1.87379870465399,0.454507667361519,-0.0237341552245396,"Converged",0.5,0.5
829,-1.4834338327709,1.26946789572515,-0.194257158442122,"Converged",0.5,0.5
830,-2.31849424738059,3.73549807384632,-0.159296064340777,"Converged",0.5,0.5
831,-2.37688098966017,3.15254902578096,-0.0885323829881418,"Converged",0.5,0.5
832,-1.39321673023305,1.10846849607847,-0.14543344175734,"Converged",0.5,0.5
833,-2.33348185935394,3.53950792525722,-0.129782024027085,"Converged",0.5,0.5
834,-2.29243363299368,2.93857641385357,-0.105373781905739,"Converged",0.5,0.5
835,-2.05771673364743,2.63382156607621,-0.113515243031817,"Converged",0.5,0.5
836,-1.73831022571618,1.44699113346304,-0.134903893753974,"Converged",0.5,0.5
837,-0.793737215889414,-0.14158683075541,-0.224682599077751,"Converged",0.5,0.5
838,-1.51433213135217,0.189366781354177,-0.0899722303606384,"Converged",0.5,0.5
839,-2.14228158668383,2.4453393693147,-0.076822907877159,"Converged",0.5,0.5
840,-1.26543244291186,-0.185640455785398,-0.141534454744141,"Converged",0.5,0.5
841,-2.40491346186374,2.63357155791144,-0.0842589485507798,"Converged",0.5,0.5
842,-1.92678716855429,2.17503781802788,-0.123049531959614,"Converged",0.5,0.5
843,-2.43017602264791,3.24578540307698,-0.121501543701647,"Converged",0.5,0.5
844,-2.44022798953058,3.1218913629682,-0.0796516818003114,"Converged",0.5,0.5
845,-2.4705357003753,3.18248064168978,-0.0699571897845354,"Converged",0.5,0.5
846,-1.59732769497448,0.691225318287202,-0.0841831690418044,"Converged",0.5,0.5
847,-2.14001116697255,2.51344455681783,-0.121131255880239,"Converged",0.5,0.5
848,-2.42274543120103,3.55566094022987,-0.119689631954283,"Converged",0.5,0.5
849,-1.26681497069924,-0.816328361765213,-0.0812508800054758,"Converged",0.5,0.5
850,-2.24250605456719,1.26992719497518,-0.0566540801396147,"Converged",0.5,0.5
851,-2.06518097696274,2.01629588614309,-0.140422354821138,"Converged",0.5,0.5
852,-2.30567155872439,3.23399780153084,-0.120499727491885,"Converged",0.5,0.5
853,-1.69938900344168,1.38771207374579,-0.138255071365358,"Converged",0.5,0.5
854,NA,NA,NA,"MAX_ITER reached",0.5,0.5
855,-2.67620347719835,4.2216998249366,-0.0727121822970898,"Converged",0.5,0.5
856,-2.35419015452198,3.18512221908966,-0.0928710302911334,"Converged",0.5,0.5
857,-1.69517846097008,1.9129354596342,-0.155637165611439,"Converged",0.5,0.5
858,-0.82585016918359,-1.42755072716182,-0.118663694605346,"Converged",0.5,0.5
859,-0.674480263792501,-3.65386371755613,0.000235308663547787,"Converged",0.5,0.5
860,-2.59295508004922,3.44185902194974,-0.0619864497183602,"Converged",0.5,0.5
861,-0.657188575764518,-1.73104968181453,-0.132815793225371,"Converged",0.5,0.5
862,-1.96618028894351,3.34866226834432,-0.161206216169636,"Converged",0.5,0.5
863,-1.08300861861758,-0.571051055244919,-0.109455202142642,"Converged",0.5,0.5
864,-2.5592976975461,3.4132970684388,-0.0890287192339264,"Converged",0.5,0.5
865,-1.97330269093848,2.10711196549993,-0.0984787512107054,"Converged",0.5,0.5
866,-1.13217911206984,0.0595150809575497,-0.149969953842127,"Converged",0.5,0.5
867,-2.98487054759701,5.18498254770362,-0.0969653319549832,"Converged",0.5,0.5
868,-2.46883655065997,2.73104225620696,-0.0440679112337966,"Converged",0.5,0.5
869,-0.916775208836528,-0.850860624305856,-0.128415127260885,"Converged",0.5,0.5
870,-1.83423844785178,1.95276898195228,-0.133597263210053,"Converged",0.5,0.5
871,-1.89011800509935,2.80759195227862,-0.16640207453791,"Converged",0.5,0.5
872,-1.73224239395566,1.4467797230567,-0.127253467414679,"Converged",0.5,0.5
873,-2.78660682083152,3.53512627133773,-0.0675831752407246,"Converged",0.5,0.5
874,-2.14803140492758,3.21244926649738,-0.150174860892879,"Converged",0.5,0.5
875,-2.55070523552721,2.47453163128402,0.00345967060930101,"Converged",0.5,0.5
876,-2.61827546357558,2.41375036265729,-0.0127498929155349,"Converged",0.5,0.5
877,-0.793636314899666,-2.17470941131869,-0.0911133274370123,"Converged",0.5,0.5
878,-1.76338311456854,1.23841097391529,-0.0919150809554016,"Converged",0.5,0.5
879,-2.37076105033008,2.76381383256926,-0.0654555800948595,"Converged",0.5,0.5
880,-1.10881873364986,-0.557818957056615,-0.109773789917498,"Converged",0.5,0.5
881,-2.99173253664774,3.38116376464415,0.00218932808178113,"Converged",0.5,0.5
882,-1.33762910082342,0.0474997807589349,-0.103590501429696,"Converged",0.5,0.5
883,-3.08403862334773,4.48417068909845,-0.0855930214197646,"Converged",0.5,0.5
884,-1.94998105986011,1.43275348646593,-0.0795987051458905,"Converged",0.5,0.5
885,-1.61768944141131,1.85625845055743,-0.160133626002707,"Converged",0.5,0.5
886,-0.817501241010023,-1.11453838116976,-0.0958308373945182,"Converged",0.5,0.5
887,-2.59039724773419,3.11957865374978,-0.0470257239412966,"Converged",0.5,0.5
888,-1.70285039565325,0.675096794253927,-0.0817449342008855,"Converged",0.5,0.5
889,-1.93396246693191,2.37308216238841,-0.124354271954726,"Converged",0.5,0.5
890,-1.85933442046286,1.58822142868182,-0.0885406987076175,"Converged",0.5,0.5
891,-1.68949526160355,0.747056154766143,-0.0638949948754268,"Converged",0.5,0.5
892,-2.03027306833668,1.442948121007,-0.0602821726172126,"Converged",0.5,0.5
893,-2.71698804404716,4.37525473685111,-0.1118356504945,"Converged",0.5,0.5
894,-2.21761307339591,1.83457673645359,-0.0324340480215863,"Converged",0.5,0.5
895,-2.72466210135139,5.31395692388878,-0.186286113062425,"Converged",0.5,0.5
896,-1.88827846594204,1.51003419087821,-0.0934304047035904,"Converged",0.5,0.5
897,-2.43196028922159,4.02051526603185,-0.139099139108311,"Converged",0.5,0.5
898,-2.17570585086837,3.49436822886517,-0.2219897178102,"Converged",0.5,0.5
899,-0.911737185713632,-1.63255862598904,-0.0655249769923048,"Converged",0.5,0.5
900,-2.29582513453953,2.9951878043259,-0.123686378502526,"Converged",0.5,0.5
901,-1.83239513326827,1.1588760335085,-0.0802701776896665,"Converged",0.5,0.5
902,-2.24228902921226,2.87409198077389,-0.0950467957894062,"Converged",0.5,0.5
903,-1.9762797758806,1.36739921103964,-0.0955841123719577,"Converged",0.5,0.5
904,-1.2569996879425,-0.23451833935279,-0.0819000733377696,"Converged",0.5,0.5
905,-1.08066142725163,-0.165501247469071,-0.161888059090422,"Converged",0.5,0.5
906,-2.60244000327018,3.67093492941488,-0.0504540309465646,"Converged",0.5,0.5
907,-2.08396036831745,2.60275472236926,-0.102451516890245,"Converged",0.5,0.5
908,-2.63511313107059,4.91663285205526,-0.158677447306263,"Converged",0.5,0.5
909,-2.58860004693296,3.49346260256624,-0.0593650844714161,"Converged",0.5,0.5
910,-1.99780297387763,3.03963676949991,-0.132924463890547,"Converged",0.5,0.5
911,-2.78491548875151,4.20766296318476,-0.0932074999883042,"Converged",0.5,0.5
912,-0.843455322320359,-0.072340993958337,-0.198506849359177,"Converged",0.5,0.5
913,-1.46241288937463,0.780131097596375,-0.152120189683077,"Converged",0.5,0.5
914,-0.919987753971977,-1.06348774605355,-0.108031112628801,"Converged",0.5,0.5
915,-2.42507414663879,2.22636443847569,-0.0159327276304291,"Converged",0.5,0.5
916,-3.34924303049053,6.03712674425979,-0.107469919729015,"Converged",0.5,0.5
917,-2.11770047717703,1.03116485776773,0.00424751241956344,"Converged",0.5,0.5
918,-2.6632528712091,2.38571374520936,0.00395076788946934,"Converged",0.5,0.5
919,-1.22698003691143,0.081597101506558,-0.116696894888115,"Converged",0.5,0.5
920,-2.02887389431581,1.71430108190258,-0.0720911384522967,"Converged",0.5,0.5
921,-2.06911083649475,2.11882896340884,-0.0595307101890236,"Converged",0.5,0.5
922,-2.37291740594132,2.97757663121354,-0.0888197636989564,"Converged",0.5,0.5
923,-2.44496694103801,3.35071715110268,-0.119456484079728,"Converged",0.5,0.5
924,-1.00747960629078,-0.704238285818273,-0.140468968307837,"Converged",0.5,0.5
925,-0.188020595337102,-2.56531152854952,-0.171177647453135,"Converged",0.5,0.5
926,-2.47461226955144,3.70166007796552,-0.115414109318149,"Converged",0.5,0.5
927,-2.82860114831508,3.65020119331843,-0.0165998190723406,"Converged",0.5,0.5
928,-2.58033702160746,3.77471736110616,-0.0832921958149121,"Converged",0.5,0.5
929,-0.953407432313768,-0.254648355764896,-0.176556043815231,"Converged",0.5,0.5
930,-1.69230780393996,0.561631604119621,-0.113362935728313,"Converged",0.5,0.5
931,-1.59352014317749,0.449561649797788,-0.0926721278646954,"Converged",0.5,0.5
932,-1.29304045656335,-0.699904932875859,-0.0304717417019452,"Converged",0.5,0.5
933,-1.76378309434369,2.77183078629337,-0.184304539180646,"Converged",0.5,0.5
934,NA,NA,NA,"MAX_ITER reached",0.5,0.5
935,-1.98251677044406,1.49868728833303,-0.0930271933323669,"Converged",0.5,0.5
936,-2.79328526678883,3.63203559543755,-0.0530012102883149,"Converged",0.5,0.5
937,-2.53824790003963,4.15656520399217,-0.10779334781045,"Converged",0.5,0.5
938,-1.54194885786177,-0.0311576485556957,-0.046396853279337,"Converged",0.5,0.5
939,-1.94035955372792,2.35902808668193,-0.0963875034505612,"Converged",0.5,0.5
940,-2.22087962161509,3.85602784632101,-0.101074202274786,"Converged",0.5,0.5
941,-1.04731651932224,-1.28530090711949,-0.0446862707202388,"Converged",0.5,0.5
942,-2.11057071385846,1.24109945680177,-0.0253727122500031,"Converged",0.5,0.5
943,-2.36336196149859,3.97708558944633,-0.135759048004382,"Converged",0.5,0.5
944,-1.23932306083427,0.714137379275084,-0.182011566757806,"Converged",0.5,0.5
945,-2.2156413938605,2.56488350908735,-0.0967227785544397,"Converged",0.5,0.5
946,-2.82297463776513,4.37504800452117,-0.111417480694941,"Converged",0.5,0.5
947,-2.64682986009721,4.727299781489,-0.189992562652725,"Converged",0.5,0.5
948,-2.68816568218083,4.14306623573341,-0.0696430300369717,"Converged",0.5,0.5
949,-0.500439912917154,-2.29097033433454,-0.143723833503756,"Converged",0.5,0.5
950,NA,NA,NA,"B-spline error",0.5,0.5
951,-3.57060312149413,7.17344783372972,-0.057720323880407,"Converged",0.5,0.5
952,-1.92013031029506,2.09397903929034,-0.0907999827983618,"Converged",0.5,0.5
953,-2.47733344809936,3.74231387616696,-0.109375434842429,"Converged",0.5,0.5
954,-1.34372447926846,1.77838588886886,-0.215454959895128,"Converged",0.5,0.5
955,-1.85581396169899,2.06733218850697,-0.113915815045466,"Converged",0.5,0.5
956,-0.554007011016742,-3.06621496612017,-0.058219163889322,"Converged",0.5,0.5
957,-1.76771837963732,0.926222640156984,-0.11327024775907,"Converged",0.5,0.5
958,-1.55416953818146,1.12592915985106,-0.104805758433058,"Converged",0.5,0.5
959,-3.20805383774377,5.12301029332551,-0.078816035280011,"Converged",0.5,0.5
960,-0.444909623491695,-2.40827684419276,-0.147389801309799,"Converged",0.5,0.5
961,-1.38456758073549,0.532117921618462,-0.102292323445419,"Converged",0.5,0.5
962,-1.69519785599162,0.85151858515464,-0.105262275695384,"Converged",0.5,0.5
963,-1.41374938629332,1.51743998743249,-0.166041252266915,"Converged",0.5,0.5
964,-1.82228246743874,2.02740202699334,-0.136455099004792,"Converged",0.5,0.5
965,-3.06004210399364,3.97152958733347,-0.03483179528839,"Converged",0.5,0.5
966,-3.18454530818866,5.00112146355894,-0.0618901293419202,"Converged",0.5,0.5
967,NA,NA,NA,"B-spline error",0.5,0.5
968,-2.28148744615786,1.93401827327382,-0.0347285268481433,"Converged",0.5,0.5
969,-1.62951575415362,0.55564547181826,-0.0760139191449522,"Converged",0.5,0.5
970,-2.49551509024021,2.3918761693376,-0.0293356711664377,"Converged",0.5,0.5
971,-1.27200139885575,1.43748150308388,-0.231508309965649,"Converged",0.5,0.5
972,-1.68439847210073,1.11393593912482,-0.113005883093008,"Converged",0.5,0.5
973,-2.70640264896834,3.98815157279444,-0.0386671092339859,"Converged",0.5,0.5
974,-3.13372416955628,5.69157685235438,-0.0827368627024264,"Converged",0.5,0.5
975,-1.18395931604459,-0.63821829706442,-0.105189095007136,"Converged",0.5,0.5
976,-1.05165764159839,-1.1241340796669,-0.0808132927108269,"Converged",0.5,0.5
977,-0.583138062751788,-3.09748173378015,-0.0717861600730182,"Converged",0.5,0.5
978,-1.77280595516066,0.294949089530167,-0.0293547871201746,"Converged",0.5,0.5
979,-2.23738636094817,2.61768366949657,-0.102028741597185,"Converged",0.5,0.5
980,-3.31160632132692,5.90262954833987,-0.110586734347231,"Converged",0.5,0.5
981,-1.65970058103727,1.36502643871964,-0.11647667932764,"Converged",0.5,0.5
982,-1.47978490881554,0.954087819306622,-0.148987523181027,"Converged",0.5,0.5
983,-2.28751366473925,3.11951846028606,-0.0780960255707978,"Converged",0.5,0.5
984,-1.85588138442792,0.941188828876974,-0.0559275854887179,"Converged",0.5,0.5
985,-1.43050706180686,-0.583863488135014,-0.0762641708355826,"Converged",0.5,0.5
986,NA,NA,NA,"B-spline error",0.5,0.5
987,-2.29155818170311,4.04867465799281,-0.161801206164699,"Converged",0.5,0.5
988,-2.56243637198025,3.73939949273421,-0.0895519267072344,"Converged",0.5,0.5
989,-1.296192412682,-0.0298140872508326,-0.142237736677141,"Converged",0.5,0.5
990,-2.16176483104428,2.22467193624533,-0.0481213195929709,"Converged",0.5,0.5
991,-1.33516301635243,-0.215050642693608,-0.0974974865309194,"Converged",0.5,0.5
992,-1.25924562335113,-0.315203825510877,-0.0780099788457607,"Converged",0.5,0.5
993,-1.96343139358084,2.30156055002714,-0.163780813231722,"Converged",0.5,0.5
994,-2.09779173013655,2.78718674219644,-0.133767629063711,"Converged",0.5,0.5
995,-1.50183570015809,0.14458925877641,-0.105253632366608,"Converged",0.5,0.5
996,-2.53629019175197,3.89596211592052,-0.0990075678366492,"Converged",0.5,0.5
997,-2.7917732429781,4.83529994695817,-0.0869516656515865,"Converged",0.5,0.5
998,-1.98505746035935,2.99088143258511,-0.18869692884732,"Converged",0.5,0.5
999,-2.0265944074341,1.68522853186207,-0.0672411379172915,"Converged",0.5,0.5
1000,-1.10924418962275,-0.0710662160190752,-0.137378219438197,"Converged",0.5,0.5
