"sim","srs_beta0","srs_beta1","srs_beta2","srs_conv_msg","tpr","fpr"
1,-1.83350375272772,2.16412539954642,-0.128533977851019,"Converged",0.95,0.05
2,-1.32144346361785,0.508623960141247,-0.12555039150561,"Converged",0.95,0.05
3,-2.26895653328123,2.69921633354974,-0.0544631440219153,"Converged",0.95,0.05
4,-1.96305781142994,1.91885482246576,-0.0752477440859194,"Converged",0.95,0.05
5,-1.84843349297409,2.37069496203404,-0.154745819160467,"Converged",0.95,0.05
6,-1.57906602779295,0.928004457185272,-0.0955174075737009,"Converged",0.95,0.05
7,-1.95775888942585,1.57070891165865,-0.0918130746662626,"Converged",0.95,0.05
8,-2.20273352396144,1.95346122937111,-0.0621111899889958,"Converged",0.95,0.05
9,-2.13475333982314,1.35198556355662,-0.0497372097289493,"Converged",0.95,0.05
10,-1.70348068354743,1.91708203726756,-0.172640104813312,"Converged",0.95,0.05
11,-1.34373531491936,0.48881683297164,-0.142773705876708,"Converged",0.95,0.05
12,-1.68890503843602,0.687245896633259,-0.0963399497354563,"Converged",0.95,0.05
13,-2.45441509047865,3.1475593455627,-0.121284422782224,"Converged",0.95,0.05
14,-2.18821489910707,2.39840932487977,-0.0833435799750152,"Converged",0.95,0.05
15,-1.79172082508564,0.747424904367229,-0.0560810075819639,"Converged",0.95,0.05
16,-1.96387796584657,2.06798742248806,-0.09961420171518,"Converged",0.95,0.05
17,-1.57121548075121,1.31775706364729,-0.141963278322609,"Converged",0.95,0.05
18,-2.22305112396728,1.84749759851777,-0.0385329341039025,"Converged",0.95,0.05
19,-1.26941078120408,1.41023976122151,-0.181713777847464,"Converged",0.95,0.05
20,-1.84983506662861,2.07331827374848,-0.134154227625086,"Converged",0.95,0.05
21,-1.87592503395947,2.16734833674787,-0.098505443390768,"Converged",0.95,0.05
22,-2.6417570707463,2.58914086364151,-0.0174066793785774,"Converged",0.95,0.05
23,-1.87683528256114,1.63544522407544,-0.0803799386054146,"Converged",0.95,0.05
24,-1.84858228314408,1.9189422434644,-0.113701939063618,"Converged",0.95,0.05
25,-2.04693794149305,1.51737426946048,-0.0432548343753657,"Converged",0.95,0.05
26,-1.8000969174496,1.01915593589553,-0.0883829790585711,"Converged",0.95,0.05
27,-1.66251822831694,1.16982501622795,-0.0829508057378567,"Converged",0.95,0.05
28,-1.62549037150277,1.46584221669176,-0.156077584164818,"Converged",0.95,0.05
29,-2.15620291455069,2.07196793228448,-0.0399389172887145,"Converged",0.95,0.05
30,-1.86901008420159,1.45666839757133,-0.0655796846953143,"Converged",0.95,0.05
31,-2.34014017438336,2.49025394483665,-0.0672432085997442,"Converged",0.95,0.05
32,-2.13581181912197,1.49416204528267,-0.03914811776167,"Converged",0.95,0.05
33,-2.18271225712454,2.36227144017856,-0.112581901201065,"Converged",0.95,0.05
34,-2.40563675238643,2.45123515961809,-0.0501329253959536,"Converged",0.95,0.05
35,-1.64117300987156,1.30171955436935,-0.0994901184971946,"Converged",0.95,0.05
36,NA,NA,NA,"B-spline error",0.95,0.05
37,-2.38669935864912,2.55156637517862,-0.0467866368327165,"Converged",0.95,0.05
38,-1.51594668589466,0.0336604296165958,-0.0612703908359599,"Converged",0.95,0.05
39,-1.34361783553694,0.673949018688843,-0.124763278648171,"Converged",0.95,0.05
40,-1.5822406371943,0.980429949574943,-0.122109388876778,"Converged",0.95,0.05
41,-1.77321040010078,2.13282322712705,-0.176811440104014,"Converged",0.95,0.05
42,-2.61230708694673,3.45804662029979,-0.0378957818731388,"Converged",0.95,0.05
43,-1.62938325214632,1.25301906822231,-0.154596631667275,"Converged",0.95,0.05
44,-1.52574120897195,1.48065523284237,-0.153185328019284,"Converged",0.95,0.05
45,-2.45192330437598,2.68058146956379,-0.0669807532397617,"Converged",0.95,0.05
46,-1.89123094791652,2.06800743870426,-0.124530081328979,"Converged",0.95,0.05
47,-1.87587101206797,2.01952048607293,-0.13583696004559,"Converged",0.95,0.05
48,-1.83186044239138,1.52816957488071,-0.0842612153097984,"Converged",0.95,0.05
49,-3.50790719691359,6.17233615538884,-0.0949835985519186,"Converged",0.95,0.05
50,-2.42570817138202,3.08703548865921,-0.0814913112268124,"Converged",0.95,0.05
51,-2.04992183928916,1.73812462985464,-0.0534192575951864,"Converged",0.95,0.05
52,-1.2082257654086,0.363973435142417,-0.191942921817112,"Converged",0.95,0.05
53,-1.67229255230059,1.42117819025336,-0.125374365941805,"Converged",0.95,0.05
54,-1.58372393964234,0.14521271623686,-0.0367947518493159,"Converged",0.95,0.05
55,-2.39440528896041,3.59583504206792,-0.137493510286286,"Converged",0.95,0.05
56,-1.46013846545194,1.67026349705402,-0.190662870554521,"Converged",0.95,0.05
57,-1.25256892404733,0.80349594482692,-0.176017339851513,"Converged",0.95,0.05
58,-2.62032149506951,4.09130307705863,-0.141148812137078,"Converged",0.95,0.05
59,-2.40885400702095,2.46106073309983,-0.0427195550293914,"Converged",0.95,0.05
60,-2.17787664745266,2.25822223428193,-0.0978435398784218,"Converged",0.95,0.05
61,-2.63972036525445,2.79655254292738,-0.000131651982558906,"Converged",0.95,0.05
62,-2.15976634924534,1.7345868921154,-0.0118671487073145,"Converged",0.95,0.05
63,-2.01296709229363,2.26579465768753,-0.118577391329417,"Converged",0.95,0.05
64,-2.08902696946362,2.16130871335825,-0.107634461811055,"Converged",0.95,0.05
65,-1.53955372811562,1.01572372213131,-0.109752050797061,"Converged",0.95,0.05
66,-2.42452171166541,3.54664103053543,-0.0996814672929126,"Converged",0.95,0.05
67,-1.81103303023863,1.54324968864056,-0.0969478831415764,"Converged",0.95,0.05
68,-2.71432087305646,3.81851282847744,-0.041385466510099,"Converged",0.95,0.05
69,-2.57888517381734,4.0010916395052,-0.139398916593925,"Converged",0.95,0.05
70,NA,NA,NA,"B-spline error",0.95,0.05
71,-2.57165845126151,3.75581736781182,-0.111900980932958,"Converged",0.95,0.05
72,-1.51681133130626,0.208472752399507,-0.0913932912636979,"Converged",0.95,0.05
73,-2.12899366430457,2.5241374852797,-0.13395548755875,"Converged",0.95,0.05
74,-1.88387412378658,2.30065947232351,-0.159596660884658,"Converged",0.95,0.05
75,-1.23088091835348,-0.0879821944640022,-0.0910368041491279,"Converged",0.95,0.05
76,-1.9314389905649,2.13620936862816,-0.110891239571755,"Converged",0.95,0.05
77,-1.55409860600441,0.357873774462147,-0.0595713785429078,"Converged",0.95,0.05
78,-1.76508863443111,1.11230177813875,-0.0929802623866143,"Converged",0.95,0.05
79,-1.83241700068006,1.54577019103046,-0.0731916334594093,"Converged",0.95,0.05
80,-1.17897986427396,-0.26345886634743,-0.0823365736807987,"Converged",0.95,0.05
81,-2.60647339841287,4.53412519731068,-0.159451145101272,"Converged",0.95,0.05
82,-1.80526220630567,1.25630829783868,-0.0665599067473343,"Converged",0.95,0.05
83,-2.32725320135957,1.39191298203573,0.0349794680523798,"Converged",0.95,0.05
84,-2.10847196087873,2.04760689087594,-0.076275882569395,"Converged",0.95,0.05
85,-1.66963329842324,1.62162047229939,-0.122760437056101,"Converged",0.95,0.05
86,-1.90234639611064,1.3883827480687,-0.0595085833495505,"Converged",0.95,0.05
87,-2.78035771928675,4.73829629449348,-0.0976990838802343,"Converged",0.95,0.05
88,-2.23052837618194,1.65122429784859,-0.0331528564957703,"Converged",0.95,0.05
89,-2.09032124020872,2.51300888146072,-0.0841017531002569,"Converged",0.95,0.05
90,-1.39187722911076,0.653489597187005,-0.144593506451729,"Converged",0.95,0.05
91,-1.88632104609992,2.2443179992522,-0.109949150631972,"Converged",0.95,0.05
92,-1.56477358034044,1.31341647836089,-0.141760420856925,"Converged",0.95,0.05
93,-2.21954116422137,4.00090318853568,-0.182921108655441,"Converged",0.95,0.05
94,-1.86651394753746,1.65228396488538,-0.0866588619297851,"Converged",0.95,0.05
95,-1.86080238353681,1.0227268801693,-0.0471002673561711,"Converged",0.95,0.05
96,-2.45717054361105,2.99980915395083,-0.0801427221218408,"Converged",0.95,0.05
97,-1.58630637610625,1.12577768007134,-0.08862906907481,"Converged",0.95,0.05
98,-2.36972725306153,3.32257621381696,-0.0960237236411761,"Converged",0.95,0.05
99,-1.82231574818064,1.8970499534982,-0.1113863965317,"Converged",0.95,0.05
100,-2.03107757303461,2.66082135048934,-0.132888817382955,"Converged",0.95,0.05
101,-1.52453718052522,0.649813344664983,-0.0844586391064907,"Converged",0.95,0.05
102,-2.31030884582341,3.40731069030274,-0.10916998483892,"Converged",0.95,0.05
103,-1.54925995291548,1.14111149423521,-0.125134809076021,"Converged",0.95,0.05
104,-1.93614435324064,1.6999512158014,-0.0863836265634066,"Converged",0.95,0.05
105,-2.05672859714063,2.68512436886951,-0.11634252001726,"Converged",0.95,0.05
106,-2.37878003196479,3.27084898570509,-0.117407580559935,"Converged",0.95,0.05
107,-1.96810581797464,2.80152388878607,-0.156138266478496,"Converged",0.95,0.05
108,-1.19841467856461,0.344314323236328,-0.183372847525786,"Converged",0.95,0.05
109,-1.89328662312955,2.11784419088034,-0.116997060506432,"Converged",0.95,0.05
110,-1.29418821118603,-0.0790232317106776,-0.0997385817061062,"Converged",0.95,0.05
111,-3.00845799555585,4.50339369725261,-0.083351571697925,"Converged",0.95,0.05
112,NA,NA,NA,"B-spline error",0.95,0.05
113,-1.80227611829961,1.90729840742302,-0.145586028556327,"Converged",0.95,0.05
114,-1.18045673167991,0.284638296020619,-0.136648864010591,"Converged",0.95,0.05
115,NA,NA,NA,"B-spline error",0.95,0.05
116,-2.19263938512895,2.44627087208359,-0.0762203123792205,"Converged",0.95,0.05
117,-2.20760140971831,2.11303534230161,-0.0652636304299986,"Converged",0.95,0.05
118,-1.89736263003287,1.30344840308594,-0.0600465062456798,"Converged",0.95,0.05
119,-1.53648197475095,1.36501981696121,-0.141036859314716,"Converged",0.95,0.05
120,-1.86749180397808,1.9542131327022,-0.0796833868881285,"Converged",0.95,0.05
121,-2.11148624051127,1.64580200393483,-0.0480672764617169,"Converged",0.95,0.05
122,-1.67874678153813,2.24252142184604,-0.170757521429873,"Converged",0.95,0.05
123,-2.22466494581188,2.3233577991175,-0.0686556426074666,"Converged",0.95,0.05
124,-2.50785473307049,2.74940147245274,-0.0259672280322538,"Converged",0.95,0.05
125,-2.31286607005572,2.45358449206471,-0.0670352572947064,"Converged",0.95,0.05
126,-1.9454516408937,2.37071434182421,-0.166328895632808,"Converged",0.95,0.05
127,-2.18317726744148,2.32386898202685,-0.0765824340120256,"Converged",0.95,0.05
128,-1.94521957055405,2.33943877772833,-0.150897535761527,"Converged",0.95,0.05
129,-2.40735512839784,1.87998187050389,0.0172010708261572,"Converged",0.95,0.05
130,-1.59291345418351,0.496330247704452,-0.0565274963465663,"Converged",0.95,0.05
131,-1.80780059763269,2.52323503501384,-0.148965990199107,"Converged",0.95,0.05
132,-1.73169180738887,0.843609879306545,-0.100813925052121,"Converged",0.95,0.05
133,-1.88340432261177,1.94600780500251,-0.166993590378733,"Converged",0.95,0.05
134,-2.36346882473737,3.89526453161394,-0.0926163328536078,"Converged",0.95,0.05
135,-2.78781344271018,3.92315654419872,-0.0552965522822035,"Converged",0.95,0.05
136,-2.16836496812383,2.2561184828338,-0.0490362151170478,"Converged",0.95,0.05
137,NA,NA,NA,"B-spline error",0.95,0.05
138,-2.66051494083333,3.38757748313708,-0.096150446057069,"Converged",0.95,0.05
139,-1.92492246048864,1.69149982365279,-0.0508101908844182,"Converged",0.95,0.05
140,-2.22765041143674,2.25905468468323,-0.0217175881103754,"Converged",0.95,0.05
141,-1.91193423441663,1.24094347422593,-0.0690318117243604,"Converged",0.95,0.05
142,-1.97743276918779,2.48593419258377,-0.151769808214394,"Converged",0.95,0.05
143,-2.20995609321589,2.76801061869778,-0.111727205245881,"Converged",0.95,0.05
144,-1.17363519821601,0.158477912271879,-0.134623529114751,"Converged",0.95,0.05
145,-2.26648571601813,2.67446887749914,-0.0557465960421643,"Converged",0.95,0.05
146,NA,NA,NA,"B-spline error",0.95,0.05
147,-2.09679218474765,3.10308732023804,-0.147142418694599,"Converged",0.95,0.05
148,-1.58420124111944,1.42026543336458,-0.125823963821886,"Converged",0.95,0.05
149,-1.73226720013678,2.77649185311348,-0.207816587406929,"Converged",0.95,0.05
150,-1.96591361916947,1.3233502203369,-0.0807298931682541,"Converged",0.95,0.05
151,-2.20443194231786,2.91644165141339,-0.0928747850515211,"Converged",0.95,0.05
152,-2.20253368154093,2.17478200996894,-0.0529178136549171,"Converged",0.95,0.05
153,-2.59153797733421,4.27759638493619,-0.127180720427731,"Converged",0.95,0.05
154,-2.01708377209357,1.9302244741941,-0.0563789588430909,"Converged",0.95,0.05
155,-2.50868571083603,3.30019217893852,-0.0952956360363803,"Converged",0.95,0.05
156,NA,NA,NA,"MAX_ITER reached",0.95,0.05
157,-2.43684359068739,2.8725879478744,-0.0646365217826685,"Converged",0.95,0.05
158,-1.72220828739329,1.67671960437652,-0.10931585048576,"Converged",0.95,0.05
159,-1.88042787515558,1.62902898034457,-0.109466985184719,"Converged",0.95,0.05
160,-1.48380841719185,1.4954037705189,-0.151739633797323,"Converged",0.95,0.05
161,-2.34778828995749,2.17902996905802,-0.0426145844361995,"Converged",0.95,0.05
162,-2.05226474883707,1.57329814240594,-0.0551719953083486,"Converged",0.95,0.05
163,-2.54737465598801,2.71977187960417,-0.0407473462878276,"Converged",0.95,0.05
164,-1.47718787292472,1.7893193523318,-0.178750246372476,"Converged",0.95,0.05
165,-1.57516414342576,1.03787689017165,-0.109716902578904,"Converged",0.95,0.05
166,-1.62009893850611,1.11567053781254,-0.130920820157793,"Converged",0.95,0.05
167,-1.7330393708187,1.60918772182812,-0.110319982772959,"Converged",0.95,0.05
168,-2.23328801628646,2.32484862986616,-0.0861760916537957,"Converged",0.95,0.05
169,-1.84656461330179,1.52265637946595,-0.0909468333064793,"Converged",0.95,0.05
170,-1.52146445720879,0.149976128581526,-0.0939601808582105,"Converged",0.95,0.05
171,-2.18561496228123,2.23924352659257,-0.0678871986349543,"Converged",0.95,0.05
172,-1.98561500570412,1.82548657845366,-0.0693278922691119,"Converged",0.95,0.05
173,-1.80846073976522,1.0954738142843,-0.104958181895878,"Converged",0.95,0.05
174,-1.36595413923164,-0.0627427387870599,-0.107922756687607,"Converged",0.95,0.05
175,-1.81404434769311,2.24425425421146,-0.115071319814731,"Converged",0.95,0.05
176,-2.4734324155474,4.14811174861482,-0.128910996255294,"Converged",0.95,0.05
177,-2.61981768385006,3.40045837410767,-0.0273071798757212,"Converged",0.95,0.05
178,-1.12120152975559,0.569141613514593,-0.152792653874542,"Converged",0.95,0.05
179,-1.80623601699076,0.956221086209108,-0.0387700526223331,"Converged",0.95,0.05
180,-2.48343616933548,2.52315781069853,-0.0513771806290258,"Converged",0.95,0.05
181,-2.41293192677964,4.22986222023793,-0.150791435391411,"Converged",0.95,0.05
182,-1.43136105127692,0.661228940101196,-0.130234938449328,"Converged",0.95,0.05
183,NA,NA,NA,"B-spline error",0.95,0.05
184,-2.11357086014088,1.41632309678455,-0.0679491975189861,"Converged",0.95,0.05
185,-1.41291270229343,1.03259917769196,-0.165387348955493,"Converged",0.95,0.05
186,-2.23879222244805,1.80156953885935,-0.0654302544617586,"Converged",0.95,0.05
187,-1.40560660883323,0.161855857552536,-0.101970284782236,"Converged",0.95,0.05
188,-2.2648589814335,4.36587994231602,-0.156833076038578,"Converged",0.95,0.05
189,-1.74380886752675,2.01624756166743,-0.141878661000043,"Converged",0.95,0.05
190,-2.96356445557861,4.49351318660088,-0.0456899878309204,"Converged",0.95,0.05
191,-2.00669663883398,2.70213579755112,-0.10821848001511,"Converged",0.95,0.05
192,-1.83219855793089,1.76195609683999,-0.104154327602764,"Converged",0.95,0.05
193,-1.72990234747902,0.986649760249403,-0.0828624647315738,"Converged",0.95,0.05
194,-2.08488504099576,2.92335806771404,-0.127043060893395,"Converged",0.95,0.05
195,-1.69102344017028,0.987071063182511,-0.0991200796733023,"Converged",0.95,0.05
196,-2.09433610679745,1.24821955584691,-0.0200573270263201,"Converged",0.95,0.05
197,-2.07654618017933,1.76733405243982,-0.0708964570072422,"Converged",0.95,0.05
198,-1.27723932209928,0.483456744726035,-0.10276720191393,"Converged",0.95,0.05
199,-2.23785972588113,2.4282562060152,-0.0630138033345908,"Converged",0.95,0.05
200,-1.59345332304965,1.28024161001573,-0.128109692964323,"Converged",0.95,0.05
201,-2.08521342746381,1.68023731592426,-0.0617863938776559,"Converged",0.95,0.05
202,-1.20298657548214,0.234157864365964,-0.118312397622781,"Converged",0.95,0.05
203,-2.67648348663816,4.5639759785622,-0.11338746905157,"Converged",0.95,0.05
204,-1.62582416190833,1.23536777154251,-0.123571574317614,"Converged",0.95,0.05
205,-1.45673354470171,0.0989817168910057,-0.0719759801209127,"Converged",0.95,0.05
206,-2.23159148113699,2.06247678563545,-0.0282241546136243,"Converged",0.95,0.05
207,-2.31867580505086,2.59109065118055,-0.118412845709302,"Converged",0.95,0.05
208,-2.2838416225174,1.98550751545516,-0.0383180544251879,"Converged",0.95,0.05
209,-1.84770652510942,1.31400242703468,-0.107201565000051,"Converged",0.95,0.05
210,-1.50928593892296,1.34550861704325,-0.13466206677811,"Converged",0.95,0.05
211,-2.44593379762171,3.595701748353,-0.127366338858527,"Converged",0.95,0.05
212,-2.04332153225841,2.91635660164332,-0.161394276864521,"Converged",0.95,0.05
213,-1.80403873306921,1.87422317580302,-0.0879795115111453,"Converged",0.95,0.05
214,-1.74633450588393,0.917858202402233,-0.0978843635179006,"Converged",0.95,0.05
215,-2.24050527964144,2.10202939402195,-0.0287225320636784,"Converged",0.95,0.05
216,-1.89613833734448,2.42837152503001,-0.149540305965517,"Converged",0.95,0.05
217,-1.92796137002722,1.61956728892209,-0.101214199600303,"Converged",0.95,0.05
218,-1.51318757697597,0.841394165126399,-0.123765501103172,"Converged",0.95,0.05
219,-1.86370231897545,1.73377663681903,-0.104914258666913,"Converged",0.95,0.05
220,-2.01121987675912,1.97550821008156,-0.0935989641441339,"Converged",0.95,0.05
221,NA,NA,NA,"MAX_ITER reached",0.95,0.05
222,-1.94318138907449,1.687858481987,-0.0625665989772445,"Converged",0.95,0.05
223,-1.87480458907144,1.8900353761405,-0.109722159930471,"Converged",0.95,0.05
224,-2.13056773132694,2.47873502209924,-0.116323283291732,"Converged",0.95,0.05
225,-2.22801213255949,2.74941848901568,-0.095763793256616,"Converged",0.95,0.05
226,-3.08530331734716,4.86687279473281,-0.0697312341554558,"Converged",0.95,0.05
227,-1.74071015049369,0.914426609820783,-0.079960437926608,"Converged",0.95,0.05
228,-1.84748755095606,1.70419624092716,-0.0970905267245363,"Converged",0.95,0.05
229,-0.26326324482728,-2.41431901067606,-0.171832125642836,"Converged",0.95,0.05
230,-2.48272367360063,2.31350361406026,-0.03630985165666,"Converged",0.95,0.05
231,-2.22841249424294,2.73415120903513,-0.100979826362535,"Converged",0.95,0.05
232,-2.38939144445797,2.68875560995911,-0.0857321132934036,"Converged",0.95,0.05
233,-1.94753148531574,1.93323476351141,-0.0743958595619432,"Converged",0.95,0.05
234,-2.06513369160802,1.77324728511893,-0.090314885915507,"Converged",0.95,0.05
235,-3.00654030805863,4.45214796276275,-0.0695626051479988,"Converged",0.95,0.05
236,-2.15391022203255,3.13307127252157,-0.15903379671447,"Converged",0.95,0.05
237,-1.3603565332401,0.4877296632152,-0.133292061023913,"Converged",0.95,0.05
238,-1.89799519140445,1.54007462381492,-0.0853959219500229,"Converged",0.95,0.05
239,-1.52704289575143,0.57565370488537,-0.123885704074935,"Converged",0.95,0.05
240,-1.2127926938312,1.06849063199639,-0.213228723523349,"Converged",0.95,0.05
241,-2.57846210343545,3.54469421501632,-0.0524471988630611,"Converged",0.95,0.05
242,-2.17068912308096,2.51818499589731,-0.0957881954247437,"Converged",0.95,0.05
243,-1.41627269670378,-0.0662685821261755,-0.0883829755187441,"Converged",0.95,0.05
244,-1.43874723015974,0.456894850126221,-0.104381630460543,"Converged",0.95,0.05
245,-1.97655585053842,1.58686455351751,-0.0524455423968214,"Converged",0.95,0.05
246,-1.47609921678329,0.485415475461802,-0.130921187146575,"Converged",0.95,0.05
247,-2.49707359716219,3.77350781587474,-0.103850844601604,"Converged",0.95,0.05
248,-2.41981522121231,2.95179205155803,-0.0639214105262799,"Converged",0.95,0.05
249,-2.99329729185974,4.62289319754523,-0.0514382726094952,"Converged",0.95,0.05
250,-2.31958927107059,3.18932003223484,-0.107570017520057,"Converged",0.95,0.05
251,-2.20210989297181,2.32979965694077,-0.0798452470706438,"Converged",0.95,0.05
252,-2.15052265507267,2.9282320823051,-0.103066150419649,"Converged",0.95,0.05
253,-1.87395932908839,1.66211625815556,-0.101512999883946,"Converged",0.95,0.05
254,-1.41129394391655,0.299963264867259,-0.106308796901608,"Converged",0.95,0.05
255,-1.49070274133955,0.685201221491026,-0.0892419143418306,"Converged",0.95,0.05
256,-1.49114883593328,0.784517751628869,-0.103914540914406,"Converged",0.95,0.05
257,-1.88862921662851,1.40003799635485,-0.0828543127677756,"Converged",0.95,0.05
258,NA,NA,NA,"B-spline error",0.95,0.05
259,-2.14876688304853,2.46872967228316,-0.107538062769781,"Converged",0.95,0.05
260,-1.51662334812354,-0.557399670112603,-0.021300801538565,"Converged",0.95,0.05
261,-1.77256591566018,0.96317263288353,-0.0788883415880723,"Converged",0.95,0.05
262,-2.75889800613168,3.67266554689429,-0.0601453295438093,"Converged",0.95,0.05
263,-1.8032912979016,1.97594342593706,-0.149013562902603,"Converged",0.95,0.05
264,-1.65446141089832,2.14002352024492,-0.177437063195124,"Converged",0.95,0.05
265,-1.63659039416547,1.19734774670347,-0.112687688712878,"Converged",0.95,0.05
266,-2.09731264564373,2.04744681344434,-0.0907152378717774,"Converged",0.95,0.05
267,-2.16364934576944,2.39746588136899,-0.151285011598899,"Converged",0.95,0.05
268,-1.74016091450944,0.421012480593335,-0.0310180723316065,"Converged",0.95,0.05
269,NA,NA,NA,"B-spline error",0.95,0.05
270,-2.6207691583225,4.71227186470419,-0.163980869817845,"Converged",0.95,0.05
271,NA,NA,NA,"B-spline error",0.95,0.05
272,-2.37022300670645,2.21366503496738,-0.0545130023259583,"Converged",0.95,0.05
273,-2.22738056021463,3.008913488755,-0.103372768511994,"Converged",0.95,0.05
274,-2.06990085510689,2.11525777086273,-0.105060874218074,"Converged",0.95,0.05
275,-1.73735906418492,1.43257175797137,-0.12501988649495,"Converged",0.95,0.05
276,-1.84148629255644,2.47135872105484,-0.174098953691131,"Converged",0.95,0.05
277,NA,NA,NA,"B-spline error",0.95,0.05
278,-2.22865947940878,2.39478761409162,-0.0761488402568021,"Converged",0.95,0.05
279,-2.02113466092335,2.14511977585648,-0.0465763603073773,"Converged",0.95,0.05
280,-1.88166157809821,1.82703474123944,-0.0730704698179297,"Converged",0.95,0.05
281,NA,NA,NA,"B-spline error",0.95,0.05
282,-2.51269083528442,3.27224760094629,-0.0959295621179119,"Converged",0.95,0.05
283,-1.4931923490778,0.562462186318102,-0.136027601102845,"Converged",0.95,0.05
284,-1.88268087908945,1.68116084026967,-0.129674297779914,"Converged",0.95,0.05
285,-1.43376232483293,0.171515871846068,-0.129941006008486,"Converged",0.95,0.05
286,-2.17172624951985,2.68434814624688,-0.11860958128698,"Converged",0.95,0.05
287,-1.69425535217568,1.65176756047348,-0.0872571854135421,"Converged",0.95,0.05
288,-1.4346974238403,-0.097852679203666,-0.0403287199482774,"Converged",0.95,0.05
289,-2.04753899330547,1.80362598168082,-0.0554397137085457,"Converged",0.95,0.05
290,-1.53690497661131,0.877165549364138,-0.115373055757601,"Converged",0.95,0.05
291,-2.06076617237135,2.04775094132315,-0.0752849581580038,"Converged",0.95,0.05
292,-2.44886857737524,2.75675450395485,-0.0450748188356157,"Converged",0.95,0.05
293,-1.85837330916216,1.50119892224663,-0.0796143916853451,"Converged",0.95,0.05
294,-1.11954945339596,1.5314291738221,-0.238694266864715,"Converged",0.95,0.05
295,-2.24244642056213,3.08117566040927,-0.114117252365669,"Converged",0.95,0.05
296,-2.28081241639044,2.80132900078061,-0.124463003989414,"Converged",0.95,0.05
297,-1.85190578011942,1.90224813851284,-0.115851726551042,"Converged",0.95,0.05
298,-1.82679802100116,1.56503199781125,-0.0708612668932903,"Converged",0.95,0.05
299,-2.40844787883044,3.457804115422,-0.0930144330433195,"Converged",0.95,0.05
300,-2.07834616916443,2.99753641115729,-0.139380122825543,"Converged",0.95,0.05
301,-1.88317454057433,1.12560417982635,-0.0760122259597391,"Converged",0.95,0.05
302,-2.25461605510805,2.34207945995372,-0.0768285283394316,"Converged",0.95,0.05
303,-2.0152856314242,2.56995282295133,-0.133975372417326,"Converged",0.95,0.05
304,-1.62199028071204,2.06820441003583,-0.176928540454382,"Converged",0.95,0.05
305,-1.94314784877283,2.76090633268673,-0.144788082280707,"Converged",0.95,0.05
306,-2.01744608927587,1.87337257049038,-0.0873192405621582,"Converged",0.95,0.05
307,-2.98347217301925,5.28017940602607,-0.157572396262999,"Converged",0.95,0.05
308,-1.75440592314239,1.32160718753795,-0.132894310381864,"Converged",0.95,0.05
309,-1.68447636488403,1.54599420502999,-0.105626437647885,"Converged",0.95,0.05
310,-2.25164628264688,2.93352846648143,-0.119125524089947,"Converged",0.95,0.05
311,-1.63650432439157,1.63525491374783,-0.138740023537066,"Converged",0.95,0.05
312,-1.89601185207378,0.507202721866582,-0.0380813911542892,"Converged",0.95,0.05
313,-1.77639430229289,1.48528569969717,-0.110718103899478,"Converged",0.95,0.05
314,-2.61960871422463,3.53794858034062,-0.0922049644515224,"Converged",0.95,0.05
315,-1.61820909672499,1.07410618958269,-0.0934432604838581,"Converged",0.95,0.05
316,-2.42752560071822,2.75685367308078,-0.0693700239126694,"Converged",0.95,0.05
317,-2.12069376670031,3.25756114808869,-0.159076845909868,"Converged",0.95,0.05
318,-1.42186885003507,1.09388044857554,-0.165360170102268,"Converged",0.95,0.05
319,-2.57098534250479,3.16600525873402,-0.0952716119820726,"Converged",0.95,0.05
320,-1.79674045846444,1.70686040334986,-0.135362615572827,"Converged",0.95,0.05
321,-2.35541894895698,1.48612527041789,0.0134282828421928,"Converged",0.95,0.05
322,-1.97773462611651,0.781988926968828,-0.0213979213359378,"Converged",0.95,0.05
323,-1.69374264719428,1.52813372773394,-0.148939910882345,"Converged",0.95,0.05
324,-2.73452724313563,4.03878518308266,-0.0773277617280296,"Converged",0.95,0.05
325,-1.96430798346993,1.24352602387448,-0.0662592011400037,"Converged",0.95,0.05
326,-2.38150925865218,4.4590155523512,-0.19618196887979,"Converged",0.95,0.05
327,-1.55775046300017,0.0398630206940662,-0.085529563862545,"Converged",0.95,0.05
328,-2.33189222324642,3.28824350662127,-0.136068702378568,"Converged",0.95,0.05
329,-2.24124793544316,1.94720782973862,-0.0159545966657762,"Converged",0.95,0.05
330,-1.53900080165321,0.694663820177417,-0.124957611839778,"Converged",0.95,0.05
331,-1.71694994959414,1.12150564165584,-0.0674769455757728,"Converged",0.95,0.05
332,-2.84462512948012,3.15581761394438,-0.00588297480713557,"Converged",0.95,0.05
333,-2.15286668010374,2.52965138927533,-0.0596778087073139,"Converged",0.95,0.05
334,-2.47430006255164,3.12509450301048,-0.0938955069292562,"Converged",0.95,0.05
335,-3.0983165344506,6.23395359368876,-0.1637878079594,"Converged",0.95,0.05
336,-2.12691983741801,1.85202540157499,-0.045731721047983,"Converged",0.95,0.05
337,-1.89608263475826,2.43883386742121,-0.145283806689911,"Converged",0.95,0.05
338,-0.924220710184599,0.221672116561942,-0.211602906316086,"Converged",0.95,0.05
339,-1.56060612471239,1.57410974332683,-0.163183476213069,"Converged",0.95,0.05
340,-2.15825275389209,2.82793555742117,-0.146097723522412,"Converged",0.95,0.05
341,-2.36374602960823,2.46290777487706,-0.0709591294684517,"Converged",0.95,0.05
342,-1.20596099604907,-0.00569323248150415,-0.125327662508451,"Converged",0.95,0.05
343,-1.96688333001725,2.13678970077132,-0.125927106607663,"Converged",0.95,0.05
344,-2.07354587296719,0.669702354707024,-0.012532349464398,"Converged",0.95,0.05
345,-1.44109557790612,0.931842461313534,-0.110067639585274,"Converged",0.95,0.05
346,-1.85736246901939,1.55915712401332,-0.118964502013595,"Converged",0.95,0.05
347,-1.89452850096803,1.41830595146516,-0.0644486865752786,"Converged",0.95,0.05
348,-2.12630673197082,1.75680270721695,-0.0666671086085047,"Converged",0.95,0.05
349,-1.65206909406244,1.42499856788065,-0.132886006017973,"Converged",0.95,0.05
350,-2.20566497060407,1.54124589545484,-0.0352615525415067,"Converged",0.95,0.05
351,-1.81082751408917,2.12647496511464,-0.161454515828764,"Converged",0.95,0.05
352,-2.06752411807048,2.38024592142526,-0.0943121542319386,"Converged",0.95,0.05
353,-1.60979989077715,0.932551623155879,-0.103866860418254,"Converged",0.95,0.05
354,-1.88193649595777,1.61517443379171,-0.111846252894358,"Converged",0.95,0.05
355,-1.95795507533983,1.40348029800592,-0.0488852248700535,"Converged",0.95,0.05
356,-1.84038948990703,1.36428738238453,-0.0690292945491856,"Converged",0.95,0.05
357,-1.53524959012322,1.36235354081177,-0.162211797911375,"Converged",0.95,0.05
358,-1.12903404501977,0.804242908110967,-0.213208290896347,"Converged",0.95,0.05
359,-2.13778927799889,2.70298149436842,-0.145580646820887,"Converged",0.95,0.05
360,NA,NA,NA,"B-spline error",0.95,0.05
361,-1.39727821241237,0.552033933476047,-0.11577286238995,"Converged",0.95,0.05
362,-1.79686395540915,0.819577213191557,-0.0725244499374463,"Converged",0.95,0.05
363,-1.99127674977704,2.39299613893431,-0.11685935256659,"Converged",0.95,0.05
364,NA,NA,NA,"B-spline error",0.95,0.05
365,-1.78491655149566,1.08992537670389,-0.0816256599029342,"Converged",0.95,0.05
366,-1.39909307861974,-0.304375345266294,-0.0762898235508323,"Converged",0.95,0.05
367,NA,NA,NA,"B-spline error",0.95,0.05
368,-1.26163230537228,-0.341861329232417,-0.0829539612511517,"Converged",0.95,0.05
369,-2.20247576774783,2.33650781500879,-0.0844705651230449,"Converged",0.95,0.05
370,-1.7552213440973,1.73065928706829,-0.109729178604198,"Converged",0.95,0.05
371,-1.4397772544017,0.751733548861837,-0.139478925647232,"Converged",0.95,0.05
372,-1.82035221413824,1.53578253480774,-0.0880400186746145,"Converged",0.95,0.05
373,-1.64341312026507,1.48219462571006,-0.11673732718344,"Converged",0.95,0.05
374,-2.23781978557593,2.14106786352893,-0.0489834853059871,"Converged",0.95,0.05
375,-1.85709841817956,2.09872980227301,-0.123023744006791,"Converged",0.95,0.05
376,-1.64056037350734,0.0333825528191267,-0.0569267767098688,"Converged",0.95,0.05
377,-1.85303922673923,1.75568942369534,-0.125447702587329,"Converged",0.95,0.05
378,-1.42377906892932,1.39330095221583,-0.180631084568077,"Converged",0.95,0.05
379,-1.91919517584186,1.32693595561568,-0.0443663271350095,"Converged",0.95,0.05
380,-1.75463320312952,0.936932884716104,-0.056173729252975,"Converged",0.95,0.05
381,-1.32970759890144,0.43123781482504,-0.12284628471424,"Converged",0.95,0.05
382,-2.34452076863181,2.75600572260137,-0.0522325376522357,"Converged",0.95,0.05
383,-1.61592738259234,1.6628248738331,-0.168289485665016,"Converged",0.95,0.05
384,-2.03881905303737,2.75907142886314,-0.157577266564296,"Converged",0.95,0.05
385,-2.6716943435399,3.52821782980886,-0.0668700349988958,"Converged",0.95,0.05
386,-2.96633474556241,3.70202784870978,-0.024838200226478,"Converged",0.95,0.05
387,-2.0032207596119,1.49016643604919,-0.0293850427150497,"Converged",0.95,0.05
388,-2.60071493952191,4.06579385090539,-0.114517997404455,"Converged",0.95,0.05
389,-2.55931825974295,3.32183702936385,-0.0777947992747782,"Converged",0.95,0.05
390,-2.10396128269787,2.74998736925395,-0.118447263092903,"Converged",0.95,0.05
391,-1.92648458889871,1.76362083965815,-0.0787607417021355,"Converged",0.95,0.05
392,-2.32451403966118,2.88467349055222,-0.120536625382759,"Converged",0.95,0.05
393,-2.37407979489803,3.3459888525564,-0.106200111707163,"Converged",0.95,0.05
394,-2.07689480036816,2.6703868548585,-0.115514037519291,"Converged",0.95,0.05
395,-1.58998712832145,0.74098734551553,-0.0924921120521046,"Converged",0.95,0.05
396,-2.48617589633724,2.37937808120409,-0.0228874080687655,"Converged",0.95,0.05
397,-1.43830753708462,0.387480007709594,-0.0917795198053563,"Converged",0.95,0.05
398,-1.78349564959936,1.87808251807578,-0.123982279531944,"Converged",0.95,0.05
399,-1.86756796857907,1.32864151896261,-0.0814944523567471,"Converged",0.95,0.05
400,-1.39136059340826,0.888981567226903,-0.108035788382485,"Converged",0.95,0.05
401,-2.02425020589066,1.25772864900116,-0.0351891634565411,"Converged",0.95,0.05
402,-1.78507380204568,1.06968755319343,-0.092023183883995,"Converged",0.95,0.05
403,-1.93851405068792,2.7993671724314,-0.132896456425312,"Converged",0.95,0.05
404,-2.60130387178326,3.5001842511171,-0.0571141128031407,"Converged",0.95,0.05
405,-2.1455456596643,3.10573320744417,-0.0901726070021445,"Converged",0.95,0.05
406,-1.6303758760452,1.2095325035779,-0.0983945605975241,"Converged",0.95,0.05
407,-2.95102299683841,3.24174759646028,-0.0129480739036257,"Converged",0.95,0.05
408,-2.53777931124216,3.27637038523918,-0.0515513691917701,"Converged",0.95,0.05
409,-2.13868835586464,3.1064142490654,-0.117399073205462,"Converged",0.95,0.05
410,-2.34857431352261,3.34774178110775,-0.109156449959026,"Converged",0.95,0.05
411,-1.86012661597395,1.76862321082092,-0.108569524671178,"Converged",0.95,0.05
412,-1.70487607752959,1.20085241184058,-0.100122552096175,"Converged",0.95,0.05
413,-1.78208312451169,1.66054424272986,-0.1231475208012,"Converged",0.95,0.05
414,-2.3385043877091,3.811319160768,-0.106182750196096,"Converged",0.95,0.05
415,-1.81408471789455,0.793546764154054,-0.0724031468522691,"Converged",0.95,0.05
416,-1.76395060236745,1.42914440859506,-0.107332106059673,"Converged",0.95,0.05
417,-2.58813659899946,2.45894066220673,-0.0137868709890328,"Converged",0.95,0.05
418,-2.92412016995457,3.84601940346192,-0.018760589028693,"Converged",0.95,0.05
419,-2.51582580448639,3.27746833931197,-0.0898546231710338,"Converged",0.95,0.05
420,-2.31730719260078,3.54108134512397,-0.12288455673958,"Converged",0.95,0.05
421,-2.44638323943686,2.61142568066171,-0.0600218430180161,"Converged",0.95,0.05
422,-2.35242164254004,2.03625195541108,-0.0155485297033458,"Converged",0.95,0.05
423,-1.69866980426743,1.01901754691155,-0.0776669163482956,"Converged",0.95,0.05
424,-1.50977520269854,1.36512388416919,-0.164392557074118,"Converged",0.95,0.05
425,-2.05028299068648,1.90832291398097,-0.0574924655521088,"Converged",0.95,0.05
426,-1.19142947974425,-0.0850795874793631,-0.137681199602238,"Converged",0.95,0.05
427,-2.124000187495,1.64140014293659,-0.0304504123197631,"Converged",0.95,0.05
428,-1.63228378615527,1.50123543806025,-0.139831737962111,"Converged",0.95,0.05
429,-2.06677073750471,2.83404531943382,-0.103086895343065,"Converged",0.95,0.05
430,-1.84992839763184,1.3090429389538,-0.0744645472022312,"Converged",0.95,0.05
431,-1.51921799040543,1.01119055879558,-0.139394779063992,"Converged",0.95,0.05
432,-2.1060747909065,3.68137348240142,-0.162380740589909,"Converged",0.95,0.05
433,-1.814665519753,2.00317088896368,-0.110593661203852,"Converged",0.95,0.05
434,-1.63130203563251,1.20933753723648,-0.110770154915761,"Converged",0.95,0.05
435,-1.84937123030325,1.65835096398211,-0.0943649519016522,"Converged",0.95,0.05
436,-2.12481479050918,1.61409452754953,-0.0691224687327851,"Converged",0.95,0.05
437,-1.54965737095334,0.328750298690135,-0.065161767559679,"Converged",0.95,0.05
438,-1.92739499388316,1.6473748825915,-0.0772142044166267,"Converged",0.95,0.05
439,-2.14801467787122,2.24260849737871,-0.0606021010029304,"Converged",0.95,0.05
440,-2.24142858351279,2.91405604718355,-0.10539775942363,"Converged",0.95,0.05
441,-2.16429040620426,2.78872213820268,-0.112646790290312,"Converged",0.95,0.05
442,-2.37987607678446,2.77870768539104,-0.0641584371925472,"Converged",0.95,0.05
443,-2.21860805670313,2.43100036501428,-0.0761625730227701,"Converged",0.95,0.05
444,-1.99583806068734,1.32202311312646,-0.0205072016930682,"Converged",0.95,0.05
445,-2.29166254427882,2.40426590481151,-0.0464902360100877,"Converged",0.95,0.05
446,-2.55601063775113,3.84824486312685,-0.0979395661410528,"Converged",0.95,0.05
447,-2.4593177749439,2.74104914018864,-0.0218876666274493,"Converged",0.95,0.05
448,-2.78719495611728,3.74576549884137,-0.0654911137511524,"Converged",0.95,0.05
449,-2.03471799522894,1.57144619467004,-0.0386960327658168,"Converged",0.95,0.05
450,-2.06439936571551,1.54977019909863,-0.0610531261537319,"Converged",0.95,0.05
451,-1.1564487352764,-0.867498527844642,-0.100720146754267,"Converged",0.95,0.05
452,-2.05864006983711,2.50827354395948,-0.0949648880374287,"Converged",0.95,0.05
453,-2.29150437278174,2.6919773786623,-0.0683213939833524,"Converged",0.95,0.05
454,-2.90730726130771,3.96187005929895,-0.0218430713889293,"Converged",0.95,0.05
455,-1.95097235819771,0.64782760703433,-0.0307148315899727,"Converged",0.95,0.05
456,-2.33918869666762,2.92496235701736,-0.0700661838346665,"Converged",0.95,0.05
457,-1.45080750979226,0.221526255513331,-0.0881417225793117,"Converged",0.95,0.05
458,-2.11764825575683,2.87897904184158,-0.123203876037467,"Converged",0.95,0.05
459,-2.28204237768819,2.02930602413328,-0.0325544929213422,"Converged",0.95,0.05
460,-2.49414341559985,4.27797458317964,-0.124202425933091,"Converged",0.95,0.05
461,-2.276765621927,2.56722064842148,-0.0963181337105101,"Converged",0.95,0.05
462,-1.31286802951835,-0.160652667978662,-0.102091806435825,"Converged",0.95,0.05
463,-1.88933104862553,2.63335413019416,-0.165365000850717,"Converged",0.95,0.05
464,-2.24504413636341,2.72063117947156,-0.12132841839909,"Converged",0.95,0.05
465,-2.29141220086356,3.27080384346766,-0.0760105547520184,"Converged",0.95,0.05
466,-2.41191418772221,3.04480111491824,-0.0548109511326597,"Converged",0.95,0.05
467,-2.97122893221571,4.32290029338228,-0.0605309442280194,"Converged",0.95,0.05
468,-2.10199060133409,1.55189596911495,-0.0390511433119078,"Converged",0.95,0.05
469,-1.53149391213752,1.14325634839063,-0.172796616030444,"Converged",0.95,0.05
470,-2.06961002231526,1.95093968534152,-0.0793826533543459,"Converged",0.95,0.05
471,-1.73372641888793,1.3307147724586,-0.0929764691622068,"Converged",0.95,0.05
472,-1.84668821495459,1.39889192227283,-0.0893782960910794,"Converged",0.95,0.05
473,-1.90240071609458,0.621159689401102,-0.043606571201822,"Converged",0.95,0.05
474,-1.71267699015079,2.28355967148473,-0.190502137803287,"Converged",0.95,0.05
475,-1.59905886787669,-0.173960373355649,-0.0216838331536141,"Converged",0.95,0.05
476,-1.8355093873128,1.06174582211115,-0.0569898953997105,"Converged",0.95,0.05
477,-1.6037648186474,0.271171114169175,-0.0579096096075203,"Converged",0.95,0.05
478,-2.30421198265435,1.467893193821,0.0139550304394849,"Converged",0.95,0.05
479,-1.84377322034771,2.1819613734661,-0.132719516183806,"Converged",0.95,0.05
480,-1.87985652487669,0.749141013730298,-0.0232386671602365,"Converged",0.95,0.05
481,-1.15051751464972,0.0681231899247574,-0.128777445038127,"Converged",0.95,0.05
482,-1.27887594559439,0.228855380318938,-0.140234414811876,"Converged",0.95,0.05
483,-1.67401062843494,1.17613972423183,-0.0975248222378685,"Converged",0.95,0.05
484,-2.32836014788161,1.98845873279901,-0.0345438218353266,"Converged",0.95,0.05
485,-1.47236494528903,1.53537851769188,-0.154394508877134,"Converged",0.95,0.05
486,-1.34258467146616,1.49970849432447,-0.195365181664597,"Converged",0.95,0.05
487,-2.52285728008597,3.6703519173821,-0.0796793790871155,"Converged",0.95,0.05
488,-2.91357962984159,4.66177731532403,-0.0748173902856324,"Converged",0.95,0.05
489,NA,NA,NA,"B-spline error",0.95,0.05
490,-2.55652759659432,3.55246079484554,-0.0850383389134896,"Converged",0.95,0.05
491,-2.44680517672589,4.06414705509845,-0.1585987776426,"Converged",0.95,0.05
492,-2.80431376082132,4.8849823316483,-0.134821650111571,"Converged",0.95,0.05
493,-1.80210396626813,1.69672343476919,-0.142822483730893,"Converged",0.95,0.05
494,-1.56177169284988,1.09943691893691,-0.118111419868649,"Converged",0.95,0.05
495,-2.44008664061661,3.17554363307575,-0.0932302952507538,"Converged",0.95,0.05
496,-2.10075142620048,2.39537331267729,-0.111720686795688,"Converged",0.95,0.05
497,-1.93384232790593,1.83241761636093,-0.119732115931023,"Converged",0.95,0.05
498,-2.38412136457987,2.51316264651431,-0.0473504323124151,"Converged",0.95,0.05
499,-1.74674422408679,1.34333643236802,-0.113081506619535,"Converged",0.95,0.05
500,-1.32220742487203,0.206626300934628,-0.0735287630221231,"Converged",0.95,0.05
501,-2.38222344867521,2.87595211971403,-0.0989503460672848,"Converged",0.95,0.05
502,-1.15762123262382,-0.953319445852274,-0.0803608408965206,"Converged",0.95,0.05
503,-2.31331362374151,2.43930059144181,-0.0597988571705789,"Converged",0.95,0.05
504,-2.06219090574371,3.05419895590478,-0.132297801292876,"Converged",0.95,0.05
505,-1.96972560763328,2.01084823565411,-0.122419126279439,"Converged",0.95,0.05
506,-2.49973362093385,3.66694504470325,-0.11045970600816,"Converged",0.95,0.05
507,-2.12559125263676,2.18054537161648,-0.0805458363840931,"Converged",0.95,0.05
508,-1.39151508654924,0.434775508067856,-0.118737616227591,"Converged",0.95,0.05
509,-2.88640495234773,4.31390929735382,-0.0784911466029211,"Converged",0.95,0.05
510,-2.12531910168064,2.62344794619349,-0.134553818429666,"Converged",0.95,0.05
511,-2.11983301493945,2.1447331258976,-0.0991928610223441,"Converged",0.95,0.05
512,-2.34469327933702,2.65489458112504,-0.0491615464564095,"Converged",0.95,0.05
513,-2.16186559872272,2.02968906824201,-0.0418341200895441,"Converged",0.95,0.05
514,-1.78037795004912,1.46448993268827,-0.0789499227660588,"Converged",0.95,0.05
515,-1.73705282477476,0.715094009000351,-0.0768386165018433,"Converged",0.95,0.05
516,-2.44522699552633,3.52061174427608,-0.117526037090746,"Converged",0.95,0.05
517,-2.02123224168256,2.26937561270626,-0.120512015619777,"Converged",0.95,0.05
518,-2.01081348198269,2.04256457022783,-0.129604771448242,"Converged",0.95,0.05
519,-2.26887131526366,2.67362544460109,-0.0964406816672027,"Converged",0.95,0.05
520,-1.94126778527547,2.54647277376656,-0.131187926502886,"Converged",0.95,0.05
521,NA,NA,NA,"B-spline error",0.95,0.05
522,-2.85462092070207,3.52205686529151,-0.0113626832493075,"Converged",0.95,0.05
523,-1.03224599828352,-0.19229492027053,-0.14202332346077,"Converged",0.95,0.05
524,-2.31819144609551,2.87455971871862,-0.0827141754514644,"Converged",0.95,0.05
525,-2.10895563501682,1.6769811377671,-0.060007028731181,"Converged",0.95,0.05
526,NA,NA,NA,"B-spline error",0.95,0.05
527,-1.01188172014959,-0.347186146971475,-0.132955416865025,"Converged",0.95,0.05
528,-2.25818533311222,2.47381508148915,-0.0577292159516383,"Converged",0.95,0.05
529,NA,NA,NA,"B-spline error",0.95,0.05
530,-1.65564575595026,1.10733946533242,-0.0937870926356916,"Converged",0.95,0.05
531,-2.71871538843167,4.28934540703766,-0.109003826464032,"Converged",0.95,0.05
532,-2.62844097565929,2.89633638899946,-0.0158784739014481,"Converged",0.95,0.05
533,-1.37614854405878,0.93865959795239,-0.110495549461852,"Converged",0.95,0.05
534,-3.04794572276898,4.10580401398743,-0.0291672792321033,"Converged",0.95,0.05
535,-2.12059047601676,2.60738922537539,-0.127056886175524,"Converged",0.95,0.05
536,-1.99102442915409,2.12555848209875,-0.138864045950548,"Converged",0.95,0.05
537,-2.38913470257724,2.96291126771196,-0.0800334213271877,"Converged",0.95,0.05
538,-1.87090986352345,1.69230203127504,-0.119082624618005,"Converged",0.95,0.05
539,-2.05919965845078,2.25212923113224,-0.141933835131004,"Converged",0.95,0.05
540,-1.62434886606569,1.29986400552054,-0.118780487460167,"Converged",0.95,0.05
541,-2.11134227931211,1.70162463115372,-0.0520388311317187,"Converged",0.95,0.05
542,-1.75446067288141,1.68019140405441,-0.12138342840377,"Converged",0.95,0.05
543,-1.37641904497415,0.867572626200969,-0.171566476304412,"Converged",0.95,0.05
544,-1.37092099566339,1.41528653258777,-0.14555723648245,"Converged",0.95,0.05
545,-1.98866376040544,1.36534600316842,-0.0358035265625816,"Converged",0.95,0.05
546,NA,NA,NA,"B-spline error",0.95,0.05
547,-1.63632958132582,1.18875783774468,-0.133468177430573,"Converged",0.95,0.05
548,-2.79000950055478,3.84791531923724,-0.071230060641627,"Converged",0.95,0.05
549,-1.80316846033388,0.860393280551364,-0.0507008290802926,"Converged",0.95,0.05
550,-1.83683865275019,1.66283491020989,-0.142195994042123,"Converged",0.95,0.05
551,-2.07022567882169,1.42558621201272,-0.0406040434763107,"Converged",0.95,0.05
552,-2.3537168026524,2.9173592030466,-0.0986588268768062,"Converged",0.95,0.05
553,-2.26379640700696,1.76536811875245,-0.0490307963642716,"Converged",0.95,0.05
554,-2.71406359428071,2.48639681744662,0.02561570094187,"Converged",0.95,0.05
555,-2.34390396240445,3.06434455038498,-0.111306888678861,"Converged",0.95,0.05
556,-1.63958015627295,1.21928595052156,-0.134721784566834,"Converged",0.95,0.05
557,-1.47971561823864,1.55426531789738,-0.171036123691423,"Converged",0.95,0.05
558,-1.79658189327793,0.631987783694856,-0.0583320103218885,"Converged",0.95,0.05
559,-2.27542080345893,2.86099098151793,-0.0554951674534864,"Converged",0.95,0.05
560,-2.2359038934138,2.56632180221144,-0.0832933753501454,"Converged",0.95,0.05
561,-2.21522366093899,2.52600885248195,-0.106698805200454,"Converged",0.95,0.05
562,-2.18737331394643,2.04036972816974,-0.0484572769051198,"Converged",0.95,0.05
563,-2.65482001955452,3.57327908146285,-0.0611973508460582,"Converged",0.95,0.05
564,-1.89309510431292,2.42965483577595,-0.159141710728952,"Converged",0.95,0.05
565,-2.14863699928479,1.88130952377924,-0.114581679275961,"Converged",0.95,0.05
566,-2.22540679794596,3.4260211210048,-0.15147222479996,"Converged",0.95,0.05
567,-1.17214857654869,-0.18686517871773,-0.126971028590855,"Converged",0.95,0.05
568,-3.16573814333423,4.84339497955659,-0.0923196507985801,"Converged",0.95,0.05
569,-2.3671751987973,3.95542691013304,-0.16410168327104,"Converged",0.95,0.05
570,-2.50622318126612,2.7914967422121,-0.0367039248408586,"Converged",0.95,0.05
571,-3.16689164286418,4.87332188386937,-0.0534913580751199,"Converged",0.95,0.05
572,-2.07631824280828,1.4059019598606,-0.0367405171564389,"Converged",0.95,0.05
573,-1.59343196893782,0.972224491425743,-0.0954386248613179,"Converged",0.95,0.05
574,-1.72255568601503,1.45037578132321,-0.12881011985883,"Converged",0.95,0.05
575,-1.70158820348288,0.994792780734168,-0.070545799722555,"Converged",0.95,0.05
576,-2.1773413941167,2.87207022704296,-0.113688394840259,"Converged",0.95,0.05
577,-1.85044924347669,2.44276502535661,-0.153639806782235,"Converged",0.95,0.05
578,NA,NA,NA,"B-spline error",0.95,0.05
579,-2.20092435433007,1.99825411514268,-0.0407935241232917,"Converged",0.95,0.05
580,-1.19519051278262,-0.161154980761817,-0.109378464147718,"Converged",0.95,0.05
581,-1.74748555628903,1.953042126379,-0.145206318279008,"Converged",0.95,0.05
582,-2.18620736689989,3.2485225479876,-0.148501932911827,"Converged",0.95,0.05
583,-1.65152964812847,0.560267259284865,-0.0871375846199184,"Converged",0.95,0.05
584,-2.06660196297849,2.46315774634119,-0.0975812418767975,"Converged",0.95,0.05
585,-1.72736213069386,1.25992069867178,-0.081516118567332,"Converged",0.95,0.05
586,-2.09897932808666,1.96926025338488,-0.0642640517924053,"Converged",0.95,0.05
587,-1.43870894771794,1.6973327956194,-0.198200745191235,"Converged",0.95,0.05
588,-1.96951251240746,2.74050163209573,-0.154607903934444,"Converged",0.95,0.05
589,-1.99069470106596,1.44136466186869,-0.0467844028404579,"Converged",0.95,0.05
590,-1.75582840695215,1.57463485884038,-0.116014509205827,"Converged",0.95,0.05
591,-1.85576124202022,2.16880524854211,-0.110580551070095,"Converged",0.95,0.05
592,-2.39420760261177,3.27115936463513,-0.115073727314524,"Converged",0.95,0.05
593,-2.21440994232413,2.36797691193123,-0.0673301501798049,"Converged",0.95,0.05
594,-1.84632864591856,0.392108269484616,-0.038331284442764,"Converged",0.95,0.05
595,-2.22628970776742,2.86465535987265,-0.104865408437116,"Converged",0.95,0.05
596,-1.81903633119288,0.467001341040173,-0.0383275850536861,"Converged",0.95,0.05
597,-2.48626808422409,4.07412022188461,-0.1317523493892,"Converged",0.95,0.05
598,-2.06579208817867,1.33174821070301,-0.0490170453907155,"Converged",0.95,0.05
599,-2.00168189623312,2.36293689853415,-0.102192567385209,"Converged",0.95,0.05
600,-1.40940851993426,0.441200490692982,-0.122455922628616,"Converged",0.95,0.05
601,-2.0972791943421,1.98170213741192,-0.0599583956149933,"Converged",0.95,0.05
602,-3.27161541438036,5.17305921883277,-0.0258912598468436,"Converged",0.95,0.05
603,-1.94650335517697,1.60290058692198,-0.0952471834021889,"Converged",0.95,0.05
604,-2.30422183989243,3.43638853877169,-0.112546180843204,"Converged",0.95,0.05
605,-2.30481749173405,2.26116402618962,-0.0690976477894406,"Converged",0.95,0.05
606,-1.85328555917062,1.54439841437975,-0.0773219060105834,"Converged",0.95,0.05
607,-2.2183742946145,3.15802542245707,-0.109662323287307,"Converged",0.95,0.05
608,-2.3553892186329,2.480673357593,-0.0712218873513413,"Converged",0.95,0.05
609,-2.4765202126468,2.81420403346015,-0.0658779905881199,"Converged",0.95,0.05
610,-1.72728582283797,2.39261984287478,-0.161923534785991,"Converged",0.95,0.05
611,-1.76763399285153,1.10926177931402,-0.0843556164577821,"Converged",0.95,0.05
612,-0.904651054268146,-0.748006416090663,-0.169439197176026,"Converged",0.95,0.05
613,-1.37437640812205,-0.0509243065397753,-0.0905436414131891,"Converged",0.95,0.05
614,-2.13439229587875,3.20274088587725,-0.109873582220336,"Converged",0.95,0.05
615,-1.84842555288657,1.08584950173918,-0.0592595635063443,"Converged",0.95,0.05
616,-2.46989950747822,2.91901491115078,-0.0784697634418987,"Converged",0.95,0.05
617,-2.2879723801696,3.26107095404771,-0.118363704914489,"Converged",0.95,0.05
618,-2.61049528628548,4.38569636537059,-0.150292096346846,"Converged",0.95,0.05
619,-1.71726943114781,2.34189311897897,-0.151600447495461,"Converged",0.95,0.05
620,-2.02956939252538,2.13574972536989,-0.0855712525909412,"Converged",0.95,0.05
621,-1.64152444543743,1.21118983544915,-0.122794700946576,"Converged",0.95,0.05
622,-1.78636709724658,1.21706670667877,-0.0833617955786738,"Converged",0.95,0.05
623,-2.1776577853091,3.25339532142127,-0.207196734437536,"Converged",0.95,0.05
624,-2.35808479097653,3.33337823389495,-0.101579477273656,"Converged",0.95,0.05
625,-2.35150728658855,3.27335013336384,-0.123662050498295,"Converged",0.95,0.05
626,-1.73239638932522,1.21661802572401,-0.078144316874837,"Converged",0.95,0.05
627,-2.29849632527437,2.3049516233976,-0.0675382943196329,"Converged",0.95,0.05
628,-2.39547314427177,2.89704771696385,-0.0912620125099288,"Converged",0.95,0.05
629,NA,NA,NA,"B-spline error",0.95,0.05
630,-2.25837565973534,2.40482639126916,-0.0741826102823614,"Converged",0.95,0.05
631,-2.10775516823364,2.03237138122128,-0.0704850117174901,"Converged",0.95,0.05
632,-2.23825726319271,2.42078139952789,-0.0649373427658183,"Converged",0.95,0.05
633,-1.52764253367542,0.147526266631345,-0.0638355557824645,"Converged",0.95,0.05
634,-2.23708817915616,3.26571732090611,-0.11686555769692,"Converged",0.95,0.05
635,-1.94794183212365,1.55061131107637,-0.100262921145713,"Converged",0.95,0.05
636,-1.84010628792478,2.26265607581585,-0.147391875594523,"Converged",0.95,0.05
637,-1.50795160678379,0.960035507712424,-0.100964564180523,"Converged",0.95,0.05
638,-2.1045868155076,1.88060975304476,-0.075425823683377,"Converged",0.95,0.05
639,-2.37566304785803,3.5428045901549,-0.0794990724450374,"Converged",0.95,0.05
640,-3.43869897060704,6.25496601655661,-0.10897770851504,"Converged",0.95,0.05
641,-2.12308652299548,2.36221522657868,-0.0939847663282333,"Converged",0.95,0.05
642,-2.45581173816131,3.9559858261725,-0.126812455134426,"Converged",0.95,0.05
643,-2.49379824606286,3.78604779984142,-0.0935375411591109,"Converged",0.95,0.05
644,-1.91310911391784,1.32857783428378,-0.0558515248978192,"Converged",0.95,0.05
645,-2.5668545457965,3.12178310677363,-0.073887074847993,"Converged",0.95,0.05
646,-2.10220769919026,2.60808105478083,-0.107870625024314,"Converged",0.95,0.05
647,-2.62017682278996,4.3791077448051,-0.113207055174313,"Converged",0.95,0.05
648,-1.46414509399801,0.219282097026383,-0.0668441937020124,"Converged",0.95,0.05
649,-2.01862256262762,1.64165494648843,-0.0587117302913427,"Converged",0.95,0.05
650,-2.02835267411175,1.24978185897652,-0.0772054429085509,"Converged",0.95,0.05
651,-1.06256474393254,0.0638168191719445,-0.175246210855592,"Converged",0.95,0.05
652,-2.19989072280964,2.38453523269494,-0.08234793089727,"Converged",0.95,0.05
653,-2.92612592258311,5.52294420281417,-0.169842549892596,"Converged",0.95,0.05
654,-1.98967398997932,1.75139410090571,-0.0608505669327176,"Converged",0.95,0.05
655,-1.3893167971863,0.273619977189091,-0.1010312101737,"Converged",0.95,0.05
656,-2.21889891532802,2.2353742517767,-0.0670760052947558,"Converged",0.95,0.05
657,NA,NA,NA,"B-spline error",0.95,0.05
658,-2.00587841178328,1.9460296150291,-0.104784768745277,"Converged",0.95,0.05
659,-1.98487939860852,0.77470059360242,0.00550479947482835,"Converged",0.95,0.05
660,-2.23110332380907,2.09799478233994,-0.0544827415008762,"Converged",0.95,0.05
661,-2.63228321986006,3.58676397336047,-0.0861911402691042,"Converged",0.95,0.05
662,-1.16280224316041,-0.875708138771766,-0.0737166728336223,"Converged",0.95,0.05
663,-1.74358968013936,2.11747825813316,-0.127341756091546,"Converged",0.95,0.05
664,-1.41524404962286,0.361769282997348,-0.117929484921946,"Converged",0.95,0.05
665,-3.03415487406944,3.92122718799198,-0.0519766421999297,"Converged",0.95,0.05
666,-1.80610100120534,2.24235021176432,-0.14684981054615,"Converged",0.95,0.05
667,-1.70545857744014,1.39647333281284,-0.0958149977136831,"Converged",0.95,0.05
668,-1.29456292500793,-0.26322614673644,-0.0857444273075696,"Converged",0.95,0.05
669,-1.28703770277219,0.438031369529862,-0.180696828692006,"Converged",0.95,0.05
670,-1.80760265629661,2.43155641539306,-0.152899595776237,"Converged",0.95,0.05
671,-1.83700109037924,1.99337448531334,-0.128628677884548,"Converged",0.95,0.05
672,-1.81990923801745,0.868554188476061,-0.0794158354633343,"Converged",0.95,0.05
673,-3.0829507312686,4.22679736471417,-0.0462054318801307,"Converged",0.95,0.05
674,-1.9102269866636,1.17489014257104,-0.0844880620837551,"Converged",0.95,0.05
675,-1.64671952404367,0.394843510317575,-0.0536432417524738,"Converged",0.95,0.05
676,-2.10740611584095,2.6289555414958,-0.105199125049609,"Converged",0.95,0.05
677,-1.80530115367901,0.445184578250187,-0.0749337898231718,"Converged",0.95,0.05
678,-1.90424560795727,1.25144762524393,-0.0654632285021322,"Converged",0.95,0.05
679,-1.56685480243397,1.66785163298234,-0.175860105948231,"Converged",0.95,0.05
680,-2.14639212820676,2.49277074051741,-0.0865723899845799,"Converged",0.95,0.05
681,-2.15202693007671,3.17925891633426,-0.138566809995386,"Converged",0.95,0.05
682,-1.50942446812823,1.17073276916462,-0.147751330565963,"Converged",0.95,0.05
683,-1.91991232868149,1.6294845130049,-0.0893699792296999,"Converged",0.95,0.05
684,-2.00549826598809,1.21980520674628,-0.00939383178173533,"Converged",0.95,0.05
685,-1.68394916660486,1.14449807007386,-0.116503353070789,"Converged",0.95,0.05
686,-2.9524425500632,4.79780134477083,-0.0895551717727402,"Converged",0.95,0.05
687,-2.09436780635325,2.21911690940422,-0.108409373196186,"Converged",0.95,0.05
688,-2.24789112834613,2.3129049097311,-0.0859909801393865,"Converged",0.95,0.05
689,-1.9175123065095,2.26469073133532,-0.155514412636065,"Converged",0.95,0.05
690,-2.13627061082335,2.54267349206478,-0.123487659433,"Converged",0.95,0.05
691,-2.13669210333749,1.65406866936899,-0.0303861934253141,"Converged",0.95,0.05
692,-1.30071253653084,0.642412935630071,-0.122030155828013,"Converged",0.95,0.05
693,NA,NA,NA,"B-spline error",0.95,0.05
694,-2.27205129123024,3.12809375164012,-0.128552015193848,"Converged",0.95,0.05
695,-2.40529112223817,2.78482903725636,-0.0513350101183215,"Converged",0.95,0.05
696,-2.01106989027097,1.92561334820124,-0.0993858105701008,"Converged",0.95,0.05
697,-2.09785493960936,2.45633713988364,-0.109716537217793,"Converged",0.95,0.05
698,-2.60494992460823,4.38002143650398,-0.137907088288087,"Converged",0.95,0.05
699,-1.34568502588046,-0.248543790309142,-0.069833135201068,"Converged",0.95,0.05
700,-1.85270941933108,2.02988171179365,-0.130981249444317,"Converged",0.95,0.05
701,-2.11043280674381,2.32351359498045,-0.0718610722315725,"Converged",0.95,0.05
702,-1.71948926233052,1.33803253890136,-0.10051105097034,"Converged",0.95,0.05
703,-1.60748677651525,0.648372688023937,-0.0638810209405666,"Converged",0.95,0.05
704,-1.65068927409183,1.33181778245194,-0.106007452780973,"Converged",0.95,0.05
705,-1.73944160116657,1.83471824959928,-0.16208670072806,"Converged",0.95,0.05
706,-2.1091471252073,2.85734370385044,-0.120095846356142,"Converged",0.95,0.05
707,-1.52768629199688,0.377130268057549,-0.109317804474682,"Converged",0.95,0.05
708,-2.27043377410952,2.25181696925195,-0.054202096537833,"Converged",0.95,0.05
709,-2.81954389131184,3.76454565425396,-0.099867233163567,"Converged",0.95,0.05
710,-1.87408334036152,2.51611968607025,-0.140013200125392,"Converged",0.95,0.05
711,-1.52172840015769,-0.2325952843637,-0.0171706823524215,"Converged",0.95,0.05
712,-2.59408137077328,5.55511021169534,-0.210988762681271,"Converged",0.95,0.05
713,NA,NA,NA,"B-spline error",0.95,0.05
714,-2.08063123208329,2.20743569355634,-0.0614771864316875,"Converged",0.95,0.05
715,-1.54160853621586,0.889274633758716,-0.0906539436222859,"Converged",0.95,0.05
716,-1.57117329170733,1.19209658322704,-0.153587388196138,"Converged",0.95,0.05
717,-1.66264729223442,1.11195585031179,-0.0628031892618403,"Converged",0.95,0.05
718,-2.24376154258775,2.97443749541217,-0.120660986557936,"Converged",0.95,0.05
719,-1.65721518779227,1.65871531755789,-0.154174246986363,"Converged",0.95,0.05
720,-1.45958810510697,0.550811019472917,-0.108472265221379,"Converged",0.95,0.05
721,-2.10614778925723,2.64491394214895,-0.112101168410983,"Converged",0.95,0.05
722,-2.15024305724955,3.29354599328558,-0.121753510090797,"Converged",0.95,0.05
723,-1.48427294158384,0.0686295127437747,-0.0683644689991259,"Converged",0.95,0.05
724,-2.00957256030037,1.70645312885083,-0.0595885772494346,"Converged",0.95,0.05
725,-2.18395194029046,2.08216494471653,-0.0686766581389618,"Converged",0.95,0.05
726,-1.78385233539446,0.965850786633736,-0.108392094831163,"Converged",0.95,0.05
727,-2.94332764868573,4.83246620155673,-0.089545073160861,"Converged",0.95,0.05
728,-2.05557459307406,1.2201355100772,-0.05044424657425,"Converged",0.95,0.05
729,-2.98001222993539,4.29713393824075,-0.0655663287165592,"Converged",0.95,0.05
730,-1.69855890426738,1.01694298283388,-0.100063873854795,"Converged",0.95,0.05
731,-1.9910989047391,1.76620943041471,-0.0700721974235983,"Converged",0.95,0.05
732,-2.21429762598097,2.09461600717571,-0.0567602142018226,"Converged",0.95,0.05
733,-2.18468754057905,2.91909181556448,-0.11479663765619,"Converged",0.95,0.05
734,-3.38610073039713,5.23948351307535,-0.070233616787044,"Converged",0.95,0.05
735,-2.64638331869874,4.10246777686155,-0.112321174126825,"Converged",0.95,0.05
736,-1.9224828120003,2.27177312955213,-0.130496841420283,"Converged",0.95,0.05
737,-1.64736868992687,1.57481390291398,-0.136539189643787,"Converged",0.95,0.05
738,-1.12104555487834,-0.515429792783158,-0.118245991984065,"Converged",0.95,0.05
739,-0.77715790750539,-1.69597025539659,-0.149195240839979,"Converged",0.95,0.05
740,-1.83628370456276,0.852938746981796,-0.0490287425516017,"Converged",0.95,0.05
741,-1.68819302225139,1.28675690357481,-0.0965349074198958,"Converged",0.95,0.05
742,-2.03446356823426,1.70960862461517,-0.0509436344528387,"Converged",0.95,0.05
743,-1.87193329862638,2.15150145558862,-0.108233445435053,"Converged",0.95,0.05
744,-1.14305913142756,-0.112923193492802,-0.157868046603891,"Converged",0.95,0.05
745,-1.88138596247396,1.98193911375288,-0.127205312270501,"Converged",0.95,0.05
746,-2.48035772169109,2.99459540417095,-0.0505746280273195,"Converged",0.95,0.05
747,-1.87009688557051,1.63423523539013,-0.0746298610283277,"Converged",0.95,0.05
748,-1.92669241209074,1.59681860878884,-0.0668433201441518,"Converged",0.95,0.05
749,-2.40067336698072,2.89877423781436,-0.0953331232341128,"Converged",0.95,0.05
750,-1.91633339234287,1.63314173800784,-0.0532013562065236,"Converged",0.95,0.05
751,-1.81122150077517,1.25472008497581,-0.0736895946650921,"Converged",0.95,0.05
752,-1.5819352991418,0.368704209874853,-0.0590553764480055,"Converged",0.95,0.05
753,-1.68678824508212,1.11091840324455,-0.103816644304063,"Converged",0.95,0.05
754,-1.64213893446613,1.46181499968604,-0.132350713506556,"Converged",0.95,0.05
755,-2.18502718172177,2.66875227279063,-0.0839276719945251,"Converged",0.95,0.05
756,-1.82742852163918,1.92751545179459,-0.124243962802726,"Converged",0.95,0.05
757,-2.099202400646,1.68712975135585,-0.0426873213765894,"Converged",0.95,0.05
758,-2.05955868178422,2.08814727475507,-0.114924506015502,"Converged",0.95,0.05
759,-1.64088146294416,1.29030767120253,-0.118984603821722,"Converged",0.95,0.05
760,-1.63547220357619,-0.329306136888908,-0.0152551889161696,"Converged",0.95,0.05
761,-1.67036704626354,1.82545336207268,-0.116890179732534,"Converged",0.95,0.05
762,-1.77633993687601,0.663166543019503,-0.0632779888463944,"Converged",0.95,0.05
763,-1.77398060104322,1.18234351589643,-0.117774955701902,"Converged",0.95,0.05
764,-1.740511239966,1.59363428518563,-0.115567119391312,"Converged",0.95,0.05
765,-1.68001065786804,0.766005890610404,-0.0630634413316515,"Converged",0.95,0.05
766,-1.58864050296187,2.25227720135797,-0.167380543572758,"Converged",0.95,0.05
767,NA,NA,NA,"B-spline error",0.95,0.05
768,-1.59570274148112,0.283912733114715,-0.090697777467094,"Converged",0.95,0.05
769,-1.52882851749256,0.351036518954729,-0.0659220062180278,"Converged",0.95,0.05
770,-1.62693153828331,1.0056995298093,-0.0911587115162478,"Converged",0.95,0.05
771,-2.51175786366594,1.94943895648741,-0.0264856329517623,"Converged",0.95,0.05
772,-2.32308428667499,2.50023633905989,-0.0870011576914093,"Converged",0.95,0.05
773,-1.88761537932406,2.3453923973802,-0.120255284893166,"Converged",0.95,0.05
774,-1.5933557674161,1.53891623695785,-0.166555773631217,"Converged",0.95,0.05
775,-1.81023308306966,1.28259120964506,-0.083552445230554,"Converged",0.95,0.05
776,-1.72145114210021,2.02715102680134,-0.127452409066843,"Converged",0.95,0.05
777,-2.01788011281383,2.16581402975644,-0.110866470217871,"Converged",0.95,0.05
778,-2.33374196127626,2.00502610308823,-0.0594074321279458,"Converged",0.95,0.05
779,-1.84197438541032,1.92037840088697,-0.11654265433956,"Converged",0.95,0.05
780,-1.74130329607809,1.04621481388991,-0.103121449149935,"Converged",0.95,0.05
781,-1.67201788054727,1.18573903235882,-0.119867254288068,"Converged",0.95,0.05
782,-1.98859959136572,2.41269046691643,-0.097397831703474,"Converged",0.95,0.05
783,-1.84846367858256,2.02781985439248,-0.141594996753667,"Converged",0.95,0.05
784,-2.13493867069838,1.05427288807301,-0.0382443586421004,"Converged",0.95,0.05
785,-1.75396004034549,1.4607225230891,-0.0987869689498083,"Converged",0.95,0.05
786,-1.19993095887303,0.194060738287576,-0.147972612289101,"Converged",0.95,0.05
787,-1.93160292642453,1.0455416889919,-0.0405914856873439,"Converged",0.95,0.05
788,-2.57903170149292,3.0341378655803,-0.0859721534407593,"Converged",0.95,0.05
789,NA,NA,NA,"B-spline error",0.95,0.05
790,-2.11038698254702,2.88048172203841,-0.114756903855493,"Converged",0.95,0.05
791,-2.52245891201128,3.82653077400042,-0.11618013478248,"Converged",0.95,0.05
792,-1.65075677985859,0.835599286736076,-0.0798425942119616,"Converged",0.95,0.05
793,-1.71114388249896,0.43788966747543,-0.0496978620222477,"Converged",0.95,0.05
794,-1.97205520740341,1.45339993452729,-0.0499999671293175,"Converged",0.95,0.05
795,-1.73079207695847,1.31305149026876,-0.100153142658063,"Converged",0.95,0.05
796,-0.923833842296051,-0.505498565666091,-0.172046245249644,"Converged",0.95,0.05
797,-1.59011365850065,1.74392694242099,-0.133060918237808,"Converged",0.95,0.05
798,-1.79451501567365,1.17411920770072,-0.100511508259744,"Converged",0.95,0.05
799,-1.98089007359198,2.43998489191442,-0.171503531696204,"Converged",0.95,0.05
800,-2.49543223726137,3.45106018656561,-0.0718177174896096,"Converged",0.95,0.05
801,-2.52431838608766,3.06383489899443,-0.0527743820359861,"Converged",0.95,0.05
802,NA,NA,NA,"B-spline error",0.95,0.05
803,-1.70014497585385,1.18042929210013,-0.109731537747465,"Converged",0.95,0.05
804,-1.46735235262673,-0.0450350986194229,-0.0732950231010428,"Converged",0.95,0.05
805,-1.783587576306,2.33632183199554,-0.163209898915517,"Converged",0.95,0.05
806,-1.53900450236295,0.633252002666705,-0.093437316133975,"Converged",0.95,0.05
807,-1.37557035020926,0.410570098229189,-0.109538602831412,"Converged",0.95,0.05
808,-2.05859178506299,1.69476642128202,-0.0429954298791686,"Converged",0.95,0.05
809,-2.05727039517724,1.72011307121187,-0.117048710243295,"Converged",0.95,0.05
810,NA,NA,NA,"B-spline error",0.95,0.05
811,-2.6129535733589,3.50501641256042,-0.042539211092335,"Converged",0.95,0.05
812,-2.94995534715007,4.90903660702978,-0.0836489890591309,"Converged",0.95,0.05
813,NA,NA,NA,"B-spline error",0.95,0.05
814,-1.83290056043334,1.5544846571415,-0.082797230182333,"Converged",0.95,0.05
815,-1.85437031667839,1.51877296001719,-0.0977998472936754,"Converged",0.95,0.05
816,-1.90874687298744,3.81681221202755,-0.285383966802264,"Converged",0.95,0.05
817,-1.50206699508335,0.160370452005163,-0.0564601816085865,"Converged",0.95,0.05
818,-1.55898016530584,1.62315419565997,-0.186743187545826,"Converged",0.95,0.05
819,-2.35597292550633,3.10439560237639,-0.0969614697772551,"Converged",0.95,0.05
820,-1.85943202760012,1.3298005321703,-0.0914543537866919,"Converged",0.95,0.05
821,-2.06304317801121,3.05333600262052,-0.131713363202293,"Converged",0.95,0.05
822,-0.891128457334795,0.0496281136512021,-0.145634758388885,"Converged",0.95,0.05
823,-2.113743922956,1.78131549407154,-0.0679053359435818,"Converged",0.95,0.05
824,-1.91678825726999,3.0088338461724,-0.148388392025358,"Converged",0.95,0.05
825,-2.0525582683899,2.68075736072589,-0.126298185985379,"Converged",0.95,0.05
826,-1.44395971908273,0.745138914863737,-0.113757790041727,"Converged",0.95,0.05
827,-1.73092799770485,1.78145478166315,-0.138161290133266,"Converged",0.95,0.05
828,NA,NA,NA,"B-spline error",0.95,0.05
829,-1.7459684460781,2.01924003902907,-0.169953207637579,"Converged",0.95,0.05
830,-1.94743130534606,2.34207969146952,-0.130337180204215,"Converged",0.95,0.05
831,-1.80609628845814,1.96567894094215,-0.140248294505315,"Converged",0.95,0.05
832,-1.83629877874776,2.09570762594336,-0.130855975475176,"Converged",0.95,0.05
833,-2.0823066333461,2.73806056675982,-0.117402913525422,"Converged",0.95,0.05
834,-2.02403970483366,0.945937374288223,0.00525988272729754,"Converged",0.95,0.05
835,-1.53283187725244,1.72512618645882,-0.173233684814745,"Converged",0.95,0.05
836,-1.87735741896473,1.93240738240076,-0.140915710925825,"Converged",0.95,0.05
837,-1.73528348214291,1.07155865753686,-0.0979390590296488,"Converged",0.95,0.05
838,-2.28024291615301,2.10160420121462,-0.0559132531305095,"Converged",0.95,0.05
839,-2.46859946124253,1.96216698927195,-0.00177667983732244,"Converged",0.95,0.05
840,-1.45882236973155,0.721853287786999,-0.126192771609626,"Converged",0.95,0.05
841,-1.88547087107518,1.09521981165447,-0.0673678483508077,"Converged",0.95,0.05
842,-1.97752466988668,1.30358828809801,-0.0852062585228094,"Converged",0.95,0.05
843,-1.8252351119763,1.81098190485317,-0.12893112680189,"Converged",0.95,0.05
844,-1.98613963124848,2.17666840726215,-0.120902426152861,"Converged",0.95,0.05
845,-2.21903946163732,0.616883774032346,0.0377281990231313,"Converged",0.95,0.05
846,-1.98273366762776,2.09968222955275,-0.0968643577594472,"Converged",0.95,0.05
847,-1.94524621585603,1.53205715853786,-0.0749419139415224,"Converged",0.95,0.05
848,-1.53910981854403,1.3817996193109,-0.140475237450293,"Converged",0.95,0.05
849,-3.18873145612469,4.40045235235229,-0.00202665655248783,"Converged",0.95,0.05
850,-2.0101092227784,2.30943296410559,-0.0895515868463466,"Converged",0.95,0.05
851,NA,NA,NA,"B-spline error",0.95,0.05
852,-1.9401919685582,2.96661198765072,-0.187282014430607,"Converged",0.95,0.05
853,-2.03398094740145,1.55117101178129,-0.0429770148796779,"Converged",0.95,0.05
854,-1.58326798309848,1.36298392343811,-0.1288845196874,"Converged",0.95,0.05
855,-1.81053990217517,1.3510261963328,-0.0832679933151773,"Converged",0.95,0.05
856,-1.88047716848176,1.27825703897165,-0.0633812801000607,"Converged",0.95,0.05
857,-1.53800300867102,0.815928194288757,-0.111376163967771,"Converged",0.95,0.05
858,-2.34014804402096,1.66264967999027,-0.0217653545423234,"Converged",0.95,0.05
859,-2.98374879759882,3.82279273732972,-0.0533340469401836,"Converged",0.95,0.05
860,-2.12635422757645,2.49548118256531,-0.149133228838925,"Converged",0.95,0.05
861,-2.2023090180528,3.240171097882,-0.166709772228416,"Converged",0.95,0.05
862,-1.62690223119402,1.68128112641281,-0.140046124459569,"Converged",0.95,0.05
863,-1.91001166234464,1.16277924367114,-0.075674062981072,"Converged",0.95,0.05
864,-1.7952509402613,1.63150693977393,-0.120138867649956,"Converged",0.95,0.05
865,-1.39861875843831,-0.00896006459924178,-0.0647917154213899,"Converged",0.95,0.05
866,-1.98164213989099,2.17551330665903,-0.113514046843911,"Converged",0.95,0.05
867,-2.14929664018615,2.45828028931469,-0.101083225660446,"Converged",0.95,0.05
868,-2.97537514941605,4.01156110124641,-0.0393767494323919,"Converged",0.95,0.05
869,-2.24987897953264,2.32425559119205,-0.0745410402503986,"Converged",0.95,0.05
870,-1.55982688448019,2.05753527663176,-0.150006482307632,"Converged",0.95,0.05
871,-2.3142194626344,3.10320854205402,-0.100091400425742,"Converged",0.95,0.05
872,-1.57451325894525,0.377517468332102,-0.0944719633877067,"Converged",0.95,0.05
873,-1.90022829913423,1.27054111053145,-0.0813056083272337,"Converged",0.95,0.05
874,-2.52506534284084,3.37024850342116,-0.0963859546779582,"Converged",0.95,0.05
875,-1.80355447518412,0.018429255032874,-0.0171513592968778,"Converged",0.95,0.05
876,-2.35787910997897,2.3917797194426,-0.0368925075229806,"Converged",0.95,0.05
877,-1.90816529880324,1.81445513763903,-0.106358341268743,"Converged",0.95,0.05
878,-1.61346432043862,1.14142810834232,-0.0824158380110283,"Converged",0.95,0.05
879,-1.21186263413268,0.446220403592474,-0.152748845831571,"Converged",0.95,0.05
880,-2.21510134892631,3.402046545089,-0.197420286400639,"Converged",0.95,0.05
881,-1.45815397520007,0.471501873720166,-0.105080511031751,"Converged",0.95,0.05
882,-1.97190728429182,1.38341905482977,-0.0723349044725343,"Converged",0.95,0.05
883,-2.1103510866477,2.23966345405555,-0.101196821989005,"Converged",0.95,0.05
884,-1.18774507759665,0.576512484505954,-0.171502126194603,"Converged",0.95,0.05
885,-2.39161897164538,3.11386647309019,-0.0892294241903639,"Converged",0.95,0.05
886,-1.68437799612206,2.09456545215303,-0.158071765112207,"Converged",0.95,0.05
887,-1.449190571115,-0.0385849232125522,-0.0774000609293843,"Converged",0.95,0.05
888,-2.12287225105497,2.03750296152384,-0.0740988734021801,"Converged",0.95,0.05
889,-1.5972385043962,1.75447896737818,-0.159315037988644,"Converged",0.95,0.05
890,-2.18135364959362,2.9324793901716,-0.0963007714975289,"Converged",0.95,0.05
891,-1.88188247121145,2.11235713410066,-0.141843624822385,"Converged",0.95,0.05
892,-2.56541486817872,2.64110267598904,-0.0552408361648684,"Converged",0.95,0.05
893,-1.74369652088796,1.50536984957128,-0.11187166664475,"Converged",0.95,0.05
894,-2.0319665522183,1.31368117915365,-0.0489337094363022,"Converged",0.95,0.05
895,-1.98227925025962,1.77806848453556,-0.0855190247687883,"Converged",0.95,0.05
896,-2.061569205927,2.20888480187849,-0.0812041286451728,"Converged",0.95,0.05
897,-2.13784758017697,2.91450546333677,-0.148162256413169,"Converged",0.95,0.05
898,-2.19973512683735,2.32468776760381,-0.0740824282004337,"Converged",0.95,0.05
899,NA,NA,NA,"B-spline error",0.95,0.05
900,-1.58145070299458,0.613090031700465,-0.100047153193072,"Converged",0.95,0.05
901,-2.26464689487044,2.7102141858783,-0.0767584173232605,"Converged",0.95,0.05
902,-0.952539187476889,-1.35075893238976,-0.0828594260967566,"Converged",0.95,0.05
903,NA,NA,NA,"B-spline error",0.95,0.05
904,-1.4542549431669,1.39453858971482,-0.141087181188706,"Converged",0.95,0.05
905,-2.49682746958104,3.18502689279986,-0.0786744238629187,"Converged",0.95,0.05
906,-1.89882080187935,2.80851547230562,-0.133227987262585,"Converged",0.95,0.05
907,-1.86836351373327,1.2006128703131,-0.0905763907660057,"Converged",0.95,0.05
908,NA,NA,NA,"B-spline error",0.95,0.05
909,-2.3241649518093,1.66503004507416,-0.0287711841070452,"Converged",0.95,0.05
910,-2.01557491875707,3.37553086331745,-0.145398168179787,"Converged",0.95,0.05
911,-2.1472030786432,2.18299663926885,-0.0577757906341276,"Converged",0.95,0.05
912,-2.34975953912463,2.32140501080498,-0.0786126466090499,"Converged",0.95,0.05
913,-1.52492041118569,1.19048868981949,-0.14429856757465,"Converged",0.95,0.05
914,-2.04856452774031,2.02407974342991,-0.0911401262777335,"Converged",0.95,0.05
915,-2.07822609161958,2.75113715130178,-0.169022256412001,"Converged",0.95,0.05
916,-2.18830107312434,3.01150474039336,-0.135288896727392,"Converged",0.95,0.05
917,-1.77830600870249,1.18858317537711,-0.08747638458166,"Converged",0.95,0.05
918,-2.08879388103015,1.93666787427931,-0.0782653786901393,"Converged",0.95,0.05
919,-1.99006426800391,2.75055813587737,-0.168436144636326,"Converged",0.95,0.05
920,-1.9392003869216,2.10722982886966,-0.126945489934937,"Converged",0.95,0.05
921,NA,NA,NA,"B-spline error",0.95,0.05
922,-2.04028110842798,2.8864700228111,-0.149175738150612,"Converged",0.95,0.05
923,-2.32636567519629,2.9693286114944,-0.086234814889092,"Converged",0.95,0.05
924,-3.25243945534278,5.8831336537249,-0.129034657508169,"Converged",0.95,0.05
925,-2.4330802641371,4.26214655491258,-0.146110848058803,"Converged",0.95,0.05
926,-2.01160390586846,2.07817533008614,-0.100875747331812,"Converged",0.95,0.05
927,-2.35841064849739,2.70590027489515,-0.062575631523928,"Converged",0.95,0.05
928,-1.59050695098692,1.29016895207485,-0.12250532718892,"Converged",0.95,0.05
929,-1.99542579224037,1.58080913255868,-0.0508351561319956,"Converged",0.95,0.05
930,-2.67300539042386,2.71697699888075,-0.00891072385261661,"Converged",0.95,0.05
931,-2.06919914406304,1.77503624050201,-0.0529308361225208,"Converged",0.95,0.05
932,-1.30231387585789,0.118519827485151,-0.130524145315634,"Converged",0.95,0.05
933,-1.78143882657037,1.78738841405444,-0.0974338793457732,"Converged",0.95,0.05
934,-1.98819881920187,1.36986389786972,-0.0293549768004887,"Converged",0.95,0.05
935,-2.78999688705092,3.77824219050605,-0.0612557906641944,"Converged",0.95,0.05
936,-2.93215620457426,3.97631311144058,-0.0646751062266625,"Converged",0.95,0.05
937,-2.10038858046653,1.71985822844499,-0.10947674759443,"Converged",0.95,0.05
938,-1.04786210173229,1.15833764506539,-0.276637057605206,"Converged",0.95,0.05
939,-1.70836406821483,1.80333206581467,-0.150693323049501,"Converged",0.95,0.05
940,NA,NA,NA,"B-spline error",0.95,0.05
941,-2.37366783233384,3.96274664795443,-0.127651922015833,"Converged",0.95,0.05
942,-2.1400622338343,2.54958278213307,-0.114398616203856,"Converged",0.95,0.05
943,-1.17443887849201,0.507205111650407,-0.196643856380538,"Converged",0.95,0.05
944,-1.968442198928,2.46217024240528,-0.138093080470828,"Converged",0.95,0.05
945,-1.57691446716189,1.2538703623893,-0.152733414272938,"Converged",0.95,0.05
946,-1.92773762120567,2.68031998104187,-0.143054692555755,"Converged",0.95,0.05
947,-2.34311406418566,2.29430760914552,-0.0318562373984256,"Converged",0.95,0.05
948,-1.56607599874041,1.04592549032871,-0.101580569988184,"Converged",0.95,0.05
949,-1.62227267556136,1.2846253429958,-0.130076400418022,"Converged",0.95,0.05
950,-1.65151800691645,1.17504076481801,-0.133964648896821,"Converged",0.95,0.05
951,-2.56760622315618,3.52211686336043,-0.117585886067253,"Converged",0.95,0.05
952,-2.05399921560948,3.0878461472484,-0.150842836389633,"Converged",0.95,0.05
953,-1.62266037697951,1.91189316777717,-0.181118624739018,"Converged",0.95,0.05
954,-2.34697738991649,3.51560163464969,-0.15706114079061,"Converged",0.95,0.05
955,-2.06242493939703,2.17014040237881,-0.102864886772044,"Converged",0.95,0.05
956,-2.11002407388925,2.05531779864529,-0.0329177212418373,"Converged",0.95,0.05
957,-1.55556780326203,1.75880599197167,-0.14857326263968,"Converged",0.95,0.05
958,-1.56844312861242,1.47556260890698,-0.149827385781682,"Converged",0.95,0.05
959,-1.46012844224103,0.878012558674045,-0.124053860469067,"Converged",0.95,0.05
960,-1.8765978274121,2.08987029835161,-0.120789582824637,"Converged",0.95,0.05
961,-2.44684269014132,2.71514007398788,-0.0600921557035269,"Converged",0.95,0.05
962,-2.64893876450389,3.04636282172988,-0.0312022926743175,"Converged",0.95,0.05
963,-1.21082161211292,-0.22271120729973,-0.104692235528061,"Converged",0.95,0.05
964,-1.73967038829615,1.00467690549818,-0.0826829625248939,"Converged",0.95,0.05
965,-2.16052178670462,0.877942295812963,-0.0294745553403908,"Converged",0.95,0.05
966,-1.7464115136536,1.85539555009479,-0.131565725080211,"Converged",0.95,0.05
967,-1.66658271806549,1.83409408795512,-0.16078267869308,"Converged",0.95,0.05
968,-2.76594887161503,4.04438857239926,-0.115923660606378,"Converged",0.95,0.05
969,-2.23473508398087,2.33614320372763,-0.0758542476218806,"Converged",0.95,0.05
970,-2.23837906441014,3.26672497582874,-0.125563833944916,"Converged",0.95,0.05
971,-1.70178774224656,2.31564747289677,-0.169218365765267,"Converged",0.95,0.05
972,-1.41245101305899,0.946111899280925,-0.16582981130509,"Converged",0.95,0.05
973,NA,NA,NA,"B-spline error",0.95,0.05
974,-1.51200845836064,1.63751458431218,-0.174053423651966,"Converged",0.95,0.05
975,-1.47666819327501,1.28024119732604,-0.150615035804484,"Converged",0.95,0.05
976,-1.37610969448097,1.27427133863636,-0.158837217977792,"Converged",0.95,0.05
977,-2.97473034841224,4.19633183547759,-0.0617481237528355,"Converged",0.95,0.05
978,-2.09775059663877,1.72503114444453,-0.0692059868935453,"Converged",0.95,0.05
979,-2.17462241765546,1.76527422974065,-0.0748568541175896,"Converged",0.95,0.05
980,-1.87066047418574,0.536207537678674,-0.0507944737736856,"Converged",0.95,0.05
981,-2.02754180352793,2.67128927534728,-0.110869003754651,"Converged",0.95,0.05
982,-2.129853501126,2.1854043819382,-0.113381963588599,"Converged",0.95,0.05
983,-2.13532986171112,2.46564259756697,-0.0891868223499952,"Converged",0.95,0.05
984,-1.82554042793104,1.16276844088196,-0.0915230626578282,"Converged",0.95,0.05
985,-1.99562991296092,1.83024499717156,-0.115841236301737,"Converged",0.95,0.05
986,-1.74624538258204,0.851131603920517,-0.0601871525874339,"Converged",0.95,0.05
987,-0.975469473248114,-0.688429059134956,-0.113452916138132,"Converged",0.95,0.05
988,-2.19862789565814,3.0911890693656,-0.100851045189667,"Converged",0.95,0.05
989,-1.20773681195377,0.20813664016832,-0.141896471030889,"Converged",0.95,0.05
990,NA,NA,NA,"B-spline error",0.95,0.05
991,-2.21363475129252,2.4283405775858,-0.0824977555100536,"Converged",0.95,0.05
992,-2.64788751033287,3.2761698802782,-0.0434200277113685,"Converged",0.95,0.05
993,-2.65165020418745,3.62110398676186,-0.0751710232487955,"Converged",0.95,0.05
994,-1.85620363430781,2.71824530233452,-0.155039999028224,"Converged",0.95,0.05
995,-2.00410948773289,0.989368307172374,-0.0624697585432985,"Converged",0.95,0.05
996,-2.42926524366731,3.55782005736477,-0.110359364159748,"Converged",0.95,0.05
997,-2.29884881109298,3.27400200442238,-0.12826814947253,"Converged",0.95,0.05
998,-2.52420819310833,2.50559064257115,-0.000825646959604189,"Converged",0.95,0.05
999,-1.69164456751649,1.41791318055599,-0.185727875952948,"Converged",0.95,0.05
1000,-1.62686593183453,1.69754667772304,-0.12955788122133,"Converged",0.95,0.05
