"sim","resid_beta0","resid_beta1","resid_beta2","resid_conv_msg","tpr","fpr"
1,NA,NA,NA,"MAX_ITER reached",0.5,0.5
2,-2.21656026575002,3.34881817644231,-0.161438723321681,"Converged",0.5,0.5
3,-0.796771942577413,-1.58749941798541,-0.0779239703895964,"Converged",0.5,0.5
4,-1.58159878576766,1.35225195021216,-0.120747717011547,"Converged",0.5,0.5
5,-0.556621204575164,-2.9563876245561,-0.0647708915417935,"Converged",0.5,0.5
6,-2.21417117054723,2.0479442955057,-0.0537388017789665,"Converged",0.5,0.5
7,-2.01756490718118,1.68631044052834,-0.11242009183975,"Converged",0.5,0.5
8,-1.59013128649463,1.63179882481989,-0.157716108749736,"Converged",0.5,0.5
9,-2.45554169817269,2.38306700588295,-0.0506977285431441,"Converged",0.5,0.5
10,-2.39607137319534,3.92184645755664,-0.132737714396558,"Converged",0.5,0.5
11,-1.90891956356695,1.75368541545199,-0.0805138486625526,"Converged",0.5,0.5
12,-1.96773827579834,1.45824544102528,-0.0631467540213264,"Converged",0.5,0.5
13,-1.83615427406409,1.0448041414642,-0.0675451854708423,"Converged",0.5,0.5
14,-2.54581588100226,3.74570599046564,-0.0904850294688903,"Converged",0.5,0.5
15,-1.89710279040135,1.80100998200779,-0.108682830571926,"Converged",0.5,0.5
16,-2.71960181164506,3.3437293607602,-0.0401437001942939,"Converged",0.5,0.5
17,-2.3771753803794,3.89402079467835,-0.114794639190652,"Converged",0.5,0.5
18,-2.77583672561599,3.86665251150827,-0.0508800756898489,"Converged",0.5,0.5
19,-2.21702727471031,2.63028875966591,-0.110780424164306,"Converged",0.5,0.5
20,-1.76715415183724,2.50113337733643,-0.144051188958441,"Converged",0.5,0.5
21,NA,NA,NA,"MAX_ITER reached",0.5,0.5
22,-2.36050223213313,2.78523234722,-0.0721614544892832,"Converged",0.5,0.5
23,-2.8257506240769,3.45512667592235,-0.0217678395614855,"Converged",0.5,0.5
24,-2.06278514321918,2.67767765912442,-0.0885793011089129,"Converged",0.5,0.5
25,-2.38211951495093,2.87054765251043,-0.0800616355655558,"Converged",0.5,0.5
26,-2.07267421971202,3.21077809306211,-0.153811628884662,"Converged",0.5,0.5
27,-1.30945389486944,0.275238177172547,-0.111494085732597,"Converged",0.5,0.5
28,-2.20580579623837,2.59139831405036,-0.101506786828367,"Converged",0.5,0.5
29,-2.39806408737309,4.21591435025154,-0.113632399369611,"Converged",0.5,0.5
30,-2.78288687179455,3.54445407238288,-0.0599901804063515,"Converged",0.5,0.5
31,-2.31610714333732,3.22422203997864,-0.0829367258260652,"Converged",0.5,0.5
32,-2.89283870537787,5.15521020805622,-0.0852156523296923,"Converged",0.5,0.5
33,-2.44710620090828,3.36423447867941,-0.100120628147921,"Converged",0.5,0.5
34,-2.07688199369666,1.74666230793488,-0.0709613813034154,"Converged",0.5,0.5
35,-2.00101178894438,1.87146819325388,-0.083508674823438,"Converged",0.5,0.5
36,-0.535844290097288,-1.54296682683842,-0.146376232084307,"Converged",0.5,0.5
37,-2.69955081667991,4.06324764705573,-0.0636834329651469,"Converged",0.5,0.5
38,-2.6408652830436,3.57237751665174,-0.0692052069544137,"Converged",0.5,0.5
39,-2.12746696694655,3.16153796794838,-0.123614133815631,"Converged",0.5,0.5
40,-2.4667332702176,3.51359728953654,-0.102016742879464,"Converged",0.5,0.5
41,-0.587904723103157,-2.37866003285037,-0.115342515874198,"Converged",0.5,0.5
42,-2.05599604937689,1.46762999435228,-0.0867461520913029,"Converged",0.5,0.5
43,-3.55763485089055,6.53765067172248,-0.103522677566193,"Converged",0.5,0.5
44,-1.81276405099327,2.02877313723175,-0.150824491734426,"Converged",0.5,0.5
45,-2.04872631779077,2.32056119226445,-0.110094572573503,"Converged",0.5,0.5
46,-1.95940253906377,2.03059190124059,-0.157535827174661,"Converged",0.5,0.5
47,-1.87498551376999,2.08537209189688,-0.093282686282538,"Converged",0.5,0.5
48,-2.47562545376126,4.09604441383499,-0.12009280064406,"Converged",0.5,0.5
49,-2.65774053623583,3.61536830896445,-0.0213627931608919,"Converged",0.5,0.5
50,-2.36467785130794,3.18537605948813,-0.0950254030065457,"Converged",0.5,0.5
51,-1.83147773439086,2.22593197833356,-0.139908898615918,"Converged",0.5,0.5
52,-3.06971746156776,4.38050671750856,-0.0399401185844147,"Converged",0.5,0.5
53,-3.03930008806785,4.6058333561032,-0.102099470818276,"Converged",0.5,0.5
54,-1.2691604587951,0.233316719839768,-0.145585549386653,"Converged",0.5,0.5
55,-1.54782217124547,0.701758605711703,-0.0972680709846309,"Converged",0.5,0.5
56,-2.02248314094019,1.2913720418149,-0.0238573630051612,"Converged",0.5,0.5
57,-1.48896822614864,2.26981868801092,-0.229406825036876,"Converged",0.5,0.5
58,-1.42908019611402,0.810789173897508,-0.133628232988383,"Converged",0.5,0.5
59,-3.92779951898955,8.00538940611745,-0.095388109952775,"Converged",0.5,0.5
60,-2.83369821281792,4.3612079463074,-0.0630381758767626,"Converged",0.5,0.5
61,-2.05349090806235,2.32224253801124,-0.106846747661124,"Converged",0.5,0.5
62,-2.77172264577689,4.5916627621394,-0.0888562833356642,"Converged",0.5,0.5
63,-2.42099080749936,3.00837045837091,-0.0794193752528257,"Converged",0.5,0.5
64,-2.78073248114468,5.07991952362637,-0.161045669692533,"Converged",0.5,0.5
65,-2.40950743349771,3.75028055945731,-0.123597939195803,"Converged",0.5,0.5
66,-1.29556603836781,0.272532724363043,-0.111953208331254,"Converged",0.5,0.5
67,-1.3851345198425,0.184985778942631,-0.0648446751148618,"Converged",0.5,0.5
68,-3.01457670137488,5.78503898816932,-0.168452637575763,"Converged",0.5,0.5
69,-3.14766893064967,5.23867767172188,-0.053722598007073,"Converged",0.5,0.5
70,-1.19339283135631,-0.523666012532154,-0.0947384767390384,"Converged",0.5,0.5
71,-1.07578595127373,-0.803493062632565,-0.0880559946362899,"Converged",0.5,0.5
72,-1.9137466037909,1.24888296437982,-0.077675861703036,"Converged",0.5,0.5
73,-1.57896333945662,0.783737625433783,-0.095187477105026,"Converged",0.5,0.5
74,-1.9635996623392,1.43868600660291,-0.0913603808030517,"Converged",0.5,0.5
75,-0.890054631892638,-0.740670584790839,-0.135745591976789,"Converged",0.5,0.5
76,-2.61189181998411,3.94435497502669,-0.071362801174425,"Converged",0.5,0.5
77,-2.2600759404961,3.51628478214955,-0.108210020084597,"Converged",0.5,0.5
78,-3.22503061982373,5.54209911080328,-0.0774558802275228,"Converged",0.5,0.5
79,-2.24744330327366,2.60896348875318,-0.0782462318039635,"Converged",0.5,0.5
80,-2.71233040647161,5.3590208322103,-0.149916719011258,"Converged",0.5,0.5
81,-2.12767204119041,3.2792374678348,-0.142763244114405,"Converged",0.5,0.5
82,-0.947765366149161,0.0167011350576515,-0.178627489267009,"Converged",0.5,0.5
83,-1.81456629057386,2.32550579961946,-0.118822588645018,"Converged",0.5,0.5
84,-2.69075594297528,3.86808444528442,-0.082211327759181,"Converged",0.5,0.5
85,-1.19389933080687,0.375806689629537,-0.140859130580491,"Converged",0.5,0.5
86,-0.542938458548807,-2.3077868411511,-0.100306112981515,"Converged",0.5,0.5
87,-2.47287119451377,3.51076347268406,-0.088990707569762,"Converged",0.5,0.5
88,-1.69092263864219,1.1944684272905,-0.0860365911408307,"Converged",0.5,0.5
89,-2.49002070634425,2.75404328145579,-0.0249993399857881,"Converged",0.5,0.5
90,-0.987520468995297,0.115345397150442,-0.191116355197321,"Converged",0.5,0.5
91,-2.7358697670532,5.39865311963917,-0.111801041414549,"Converged",0.5,0.5
92,-2.61937536805965,3.58273764150918,-0.1239818283308,"Converged",0.5,0.5
93,-2.52262675150196,4.37261181198281,-0.12515970343017,"Converged",0.5,0.5
94,-2.16313439619507,2.15975815214531,-0.0684190728627633,"Converged",0.5,0.5
95,-1.52355429539459,0.0783469612162202,-0.0551135571486317,"Converged",0.5,0.5
96,-2.04550692356789,2.38136057374877,-0.0775104222114856,"Converged",0.5,0.5
97,-3.13734818891515,4.16863331082111,-0.0253418149420134,"Converged",0.5,0.5
98,-1.46094220165224,-0.482218183908285,-0.0582104731676817,"Converged",0.5,0.5
99,-2.98725519810369,4.75390685178244,-0.0922430189092247,"Converged",0.5,0.5
100,-1.3631168427036,0.196631884832662,-0.102297701368487,"Converged",0.5,0.5
101,-1.5509374760255,0.25069164369326,-0.109901368594792,"Converged",0.5,0.5
102,-1.8837784631042,1.47842583059577,-0.0726239704082699,"Converged",0.5,0.5
103,-1.20382150207959,0.367302053674907,-0.126168280642566,"Converged",0.5,0.5
104,-1.65295601166557,2.45405176095935,-0.195717843622103,"Converged",0.5,0.5
105,-1.7111338823016,0.00533812832386296,-0.00726188732427196,"Converged",0.5,0.5
106,-2.4966975464963,2.19007859353075,-0.0267886400364742,"Converged",0.5,0.5
107,-2.59718112176185,3.87640713133691,-0.112653284029044,"Converged",0.5,0.5
108,-2.05052390011153,2.13701913140174,-0.13895136474752,"Converged",0.5,0.5
109,-1.83029096099013,1.63040647612473,-0.102460873969416,"Converged",0.5,0.5
110,-1.93009075584843,2.09858375597655,-0.138990962034922,"Converged",0.5,0.5
111,-2.12219591761341,2.13473529557915,-0.0802846077547651,"Converged",0.5,0.5
112,-2.26095825405144,3.16981795633314,-0.109132618416513,"Converged",0.5,0.5
113,-1.38831374759071,0.266913231843705,-0.114562736541973,"Converged",0.5,0.5
114,-1.38520659768057,0.394525158917313,-0.125906430863177,"Converged",0.5,0.5
115,-2.86346054803502,5.34500538144414,-0.132069191347141,"Converged",0.5,0.5
116,-0.206946056211107,-3.14308794139777,-0.136630348234915,"Converged",0.5,0.5
117,-2.11746369551386,2.25724743559022,-0.105970728059652,"Converged",0.5,0.5
118,-2.99144464422959,4.36223918882461,-0.0677188366866414,"Converged",0.5,0.5
119,-1.08812970875634,0.475746880531274,-0.165506299311484,"Converged",0.5,0.5
120,-1.54788468880594,1.8465173599216,-0.147260887149604,"Converged",0.5,0.5
121,-1.74979495274743,2.63503989897221,-0.162295838558183,"Converged",0.5,0.5
122,-2.79510752887198,3.80204967419757,-0.0378660418406169,"Converged",0.5,0.5
123,-2.92946637528964,3.03348281820559,0.0375313887987421,"Converged",0.5,0.5
124,-1.36796629990723,0.869334792319552,-0.147354379231806,"Converged",0.5,0.5
125,-2.18808778278733,1.65987072845725,-0.0418137577755714,"Converged",0.5,0.5
126,-0.787719851710989,-0.871728338486671,-0.165076608962986,"Converged",0.5,0.5
127,-0.78415235268437,-1.29779116313673,-0.116511229986035,"Converged",0.5,0.5
128,-2.61322387746919,5.07183375197363,-0.151525278122692,"Converged",0.5,0.5
129,-3.00413763242672,5.47649283908734,-0.101777412282502,"Converged",0.5,0.5
130,-2.53254705807021,4.42357988435702,-0.144648471213036,"Converged",0.5,0.5
131,-1.77416994392672,2.31455450587205,-0.157602238902032,"Converged",0.5,0.5
132,-2.36571886877049,3.44734873120705,-0.109136228930774,"Converged",0.5,0.5
133,-2.52747833640789,3.55403753866466,-0.105118443961715,"Converged",0.5,0.5
134,-2.50366369713876,3.39101971538904,-0.079020531435605,"Converged",0.5,0.5
135,-2.43954827659952,4.3994361350008,-0.150124396578941,"Converged",0.5,0.5
136,-2.89210255778107,3.81442966483412,-0.0473921483264457,"Converged",0.5,0.5
137,-2.4257824926638,4.5059161636837,-0.221605286408211,"Converged",0.5,0.5
138,-1.79350605377947,2.17740751387994,-0.152232111536388,"Converged",0.5,0.5
139,-1.13643086669145,-1.22948247588259,-0.0769297101500741,"Converged",0.5,0.5
140,-3.3468854946208,5.78765682160222,-0.0631985315028195,"Converged",0.5,0.5
141,-0.604607857214377,-2.33855021974175,-0.0832862932038721,"Converged",0.5,0.5
142,-2.08340138323,2.21716245287472,-0.101608747737679,"Converged",0.5,0.5
143,-2.94502255402291,4.48211241218037,-0.0416854421124718,"Converged",0.5,0.5
144,-0.938414413993621,-0.964148308631182,-0.118417201711349,"Converged",0.5,0.5
145,-1.03798315190455,-0.697556610772158,-0.106388843658949,"Converged",0.5,0.5
146,-2.63102080682863,4.49597950784403,-0.150419371898495,"Converged",0.5,0.5
147,-1.94192231162159,2.43248801526644,-0.131981798397862,"Converged",0.5,0.5
148,-2.78021489190308,4.34100665743507,-0.0785601109481943,"Converged",0.5,0.5
149,-2.92733311519234,5.255114283055,-0.122594384542391,"Converged",0.5,0.5
150,-0.568896840559831,-1.24862516831755,-0.133837342719116,"Converged",0.5,0.5
151,-1.86567576485034,2.75647594869866,-0.174295077885469,"Converged",0.5,0.5
152,-2.31915675445801,3.43550977036034,-0.117271458496544,"Converged",0.5,0.5
153,-1.51175992580625,-0.241107177712514,-0.0719572862502083,"Converged",0.5,0.5
154,-1.72418399879134,0.917669927435186,-0.0892638747806847,"Converged",0.5,0.5
155,-1.11086005038549,-0.996996319851287,-0.0937626267580345,"Converged",0.5,0.5
156,-2.40808423197459,4.56247688603971,-0.160195804366426,"Converged",0.5,0.5
157,-2.61188165271533,3.10662391919055,-0.0854992019414771,"Converged",0.5,0.5
158,-1.99160386238129,1.97173934158467,-0.128942913729141,"Converged",0.5,0.5
159,-0.425955110688177,-2.31221492555643,-0.167960447893218,"Converged",0.5,0.5
160,-1.95011992803246,2.20992793719211,-0.149381416633861,"Converged",0.5,0.5
161,-2.64917014881749,5.87202272937306,-0.160025783581535,"Converged",0.5,0.5
162,-2.27302278921792,2.64637036766716,-0.0800383203934298,"Converged",0.5,0.5
163,-2.27248590521208,2.90981114227845,-0.0678316821973248,"Converged",0.5,0.5
164,-3.15814975021889,5.30141854471335,-0.0930754042420477,"Converged",0.5,0.5
165,-2.49354476709511,3.12350231689971,-0.0924013597465778,"Converged",0.5,0.5
166,-1.57529510244357,1.92631226023947,-0.173156902285383,"Converged",0.5,0.5
167,-1.33946896814894,-0.516721399558501,-0.0553926939790537,"Converged",0.5,0.5
168,-2.24723567656049,3.76826497247391,-0.145487101310099,"Converged",0.5,0.5
169,-2.89824132383611,5.60643112657246,-0.165920595438299,"Converged",0.5,0.5
170,-0.426928630534816,-3.16182964601181,-0.069879108350709,"Converged",0.5,0.5
171,-1.74739936413895,1.87439561153592,-0.119329332466932,"Converged",0.5,0.5
172,-1.83550721055607,1.2928959183904,-0.0953380418368885,"Converged",0.5,0.5
173,-0.348787668877658,-2.36904390104679,-0.109895328874918,"Converged",0.5,0.5
174,-2.90283826947924,4.4791578202176,-0.0507394765165202,"Converged",0.5,0.5
175,-0.936849328632966,-1.07314489389023,-0.0808569352812111,"Converged",0.5,0.5
176,-3.21933150011309,5.42891751574611,-0.0405407636146759,"Converged",0.5,0.5
177,-2.06533548498286,2.26920008878921,-0.107237719310613,"Converged",0.5,0.5
178,-2.12660108850422,3.3649348065415,-0.151190641927624,"Converged",0.5,0.5
179,-1.17912777421904,-0.0142747358099917,-0.141445125091328,"Converged",0.5,0.5
180,-1.40345267460505,0.820388261614243,-0.147588659657603,"Converged",0.5,0.5
181,-2.59418460975867,3.86034578923591,-0.0895445724263712,"Converged",0.5,0.5
182,-1.97623972858657,2.39515685396499,-0.111498257082394,"Converged",0.5,0.5
183,-2.03280966716761,3.25327023781035,-0.154029223910595,"Converged",0.5,0.5
184,-1.40634764528686,0.0213063730728378,-0.0819252524617498,"Converged",0.5,0.5
185,-1.78500711807116,1.72923486393227,-0.142868627675136,"Converged",0.5,0.5
186,-1.45294800089194,0.983197032817728,-0.120979969911618,"Converged",0.5,0.5
187,-2.57782099873157,3.85577623586477,-0.102906014172199,"Converged",0.5,0.5
188,-1.58249380321296,1.41384384608372,-0.122599158273344,"Converged",0.5,0.5
189,-1.2033203387525,0.743478994954504,-0.153327601515808,"Converged",0.5,0.5
190,-2.0824161875624,1.80252694213031,-0.0781809097576364,"Converged",0.5,0.5
191,-1.63777499482831,1.02539556923252,-0.135775566446645,"Converged",0.5,0.5
192,-2.64919822962373,3.94403710456548,-0.0928416060466093,"Converged",0.5,0.5
193,-1.26310043678165,-0.143289873299046,-0.108298333546676,"Converged",0.5,0.5
194,-2.1049782663107,1.94510877691317,-0.093514159312513,"Converged",0.5,0.5
195,-2.27968085880769,2.35338008268766,-0.0438690717856534,"Converged",0.5,0.5
196,-2.60748671094413,3.9191933045162,-0.0993196112677805,"Converged",0.5,0.5
197,-2.41975750445298,4.05266703577065,-0.152680270867586,"Converged",0.5,0.5
198,-1.77676023113355,1.21941308013086,-0.118124376444406,"Converged",0.5,0.5
199,-0.686080205630058,-1.72883598006648,-0.10050767294603,"Converged",0.5,0.5
200,-3.52491694821244,5.74764748145923,-0.0728639227099209,"Converged",0.5,0.5
201,-1.70667890649859,1.5861466967014,-0.113656045449554,"Converged",0.5,0.5
202,-1.6967356391678,-0.11457431032843,-0.0347778730192565,"Converged",0.5,0.5
203,-2.63229928950997,3.38335712990909,-0.0331090096304864,"Converged",0.5,0.5
204,-2.10086177017213,3.51386716762559,-0.174435272681757,"Converged",0.5,0.5
205,-1.37762997798652,0.0561287021671682,-0.0620997408667597,"Converged",0.5,0.5
206,-1.55750216913524,0.769471886208017,-0.0945929008747565,"Converged",0.5,0.5
207,-1.83981199221932,0.492607165583185,-0.0670377717461177,"Converged",0.5,0.5
208,-2.12026572890382,1.36331525239297,-0.0132164138377438,"Converged",0.5,0.5
209,-1.39437416230351,-0.374017713837958,-0.0560087737229047,"Converged",0.5,0.5
210,-1.80200439728929,2.05795355260247,-0.147488943007841,"Converged",0.5,0.5
211,-1.23203455759504,-1.06727756140386,-0.048303484411098,"Converged",0.5,0.5
212,-1.45895245226746,0.682261307618166,-0.109775560914738,"Converged",0.5,0.5
213,-2.65381253546598,4.60934006937726,-0.111240636759152,"Converged",0.5,0.5
214,-2.22417499884765,1.99843788363663,-0.0726359231343761,"Converged",0.5,0.5
215,-1.06508618544444,-1.13570936148441,-0.0894644859950786,"Converged",0.5,0.5
216,-3.01546293457598,5.86471730377788,-0.0945349169930037,"Converged",0.5,0.5
217,-2.83681563920292,4.81966509387792,-0.101389145850342,"Converged",0.5,0.5
218,-3.47005522034264,6.67369959292035,-0.0811639222134625,"Converged",0.5,0.5
219,-2.19436988059396,2.70947329275882,-0.103474863090616,"Converged",0.5,0.5
220,-2.8091319614524,3.80505479253736,-0.0226775513492758,"Converged",0.5,0.5
221,-1.12304985277194,-0.64212375101335,-0.0770177608791102,"Converged",0.5,0.5
222,-1.44665168067866,0.559399296195328,-0.126079491750896,"Converged",0.5,0.5
223,NA,NA,NA,"B-spline error",0.5,0.5
224,0.130261701041777,-4.74464522147352,-0.0904174568503031,"Converged",0.5,0.5
225,-1.62529915011483,0.690543934789827,-0.103215791527051,"Converged",0.5,0.5
226,-1.28891483165018,0.328917379033244,-0.182931698001371,"Converged",0.5,0.5
227,-0.837713687436181,-0.97177915743914,-0.0983053963985621,"Converged",0.5,0.5
228,-1.40643728123063,0.185855405187462,-0.122747269538596,"Converged",0.5,0.5
229,-2.52343699123052,2.55283227057928,-0.0412995173632315,"Converged",0.5,0.5
230,-2.74882413651065,4.97507428016059,-0.149046532839959,"Converged",0.5,0.5
231,NA,NA,NA,"MAX_ITER reached",0.5,0.5
232,-3.18282444853312,5.3987334390198,-0.0819293297446724,"Converged",0.5,0.5
233,-1.53017646792912,2.43578221227973,-0.216814434240859,"Converged",0.5,0.5
234,-1.63955802451476,2.11767225914129,-0.195429545294728,"Converged",0.5,0.5
235,-2.41440265554552,4.15685324821697,-0.111941874607635,"Converged",0.5,0.5
236,-2.70964946601555,3.8369838139298,-0.0802703365470606,"Converged",0.5,0.5
237,-1.14687436927912,-0.836991679623369,-0.0816179818767463,"Converged",0.5,0.5
238,-1.28254047797805,-0.813594663410366,-0.0629950128093987,"Converged",0.5,0.5
239,-2.44895513848831,3.75601827185064,-0.112768032186334,"Converged",0.5,0.5
240,-1.66434547694345,1.14717911276984,-0.128014324487515,"Converged",0.5,0.5
241,-2.94227368322132,4.92194710773221,-0.0769391441308244,"Converged",0.5,0.5
242,-2.24752915073986,2.28414564672265,-0.0390017515298193,"Converged",0.5,0.5
243,-2.81541669832243,5.56661844098275,-0.116926713561435,"Converged",0.5,0.5
244,-2.11563487966054,2.19803013172445,-0.0802666701855086,"Converged",0.5,0.5
245,-1.39500778830404,0.0768483138814093,-0.0921227083499093,"Converged",0.5,0.5
246,-2.33230515591528,3.84239084310898,-0.153270922858818,"Converged",0.5,0.5
247,NA,NA,NA,"B-spline error",0.5,0.5
248,-3.05083555890105,3.81374067532286,-0.00987224370138763,"Converged",0.5,0.5
249,-2.49437482919896,2.50018482539611,-0.0282745882528196,"Converged",0.5,0.5
250,-1.28270181907062,-0.315281956462004,-0.0998552414218448,"Converged",0.5,0.5
251,-1.93287644597377,1.21450067741309,-0.0774117017369826,"Converged",0.5,0.5
252,-1.92179538798759,1.35769318108824,-0.0641297634555251,"Converged",0.5,0.5
253,-1.40555164627563,0.503651687006316,-0.112042659947169,"Converged",0.5,0.5
254,-1.42912288205439,-0.1053122283974,-0.0668173968528983,"Converged",0.5,0.5
255,-2.26189745016303,3.27021777659629,-0.105586366627117,"Converged",0.5,0.5
256,-2.45082743038923,4.03757706926622,-0.135409619499073,"Converged",0.5,0.5
257,-3.09547711435402,5.23961583208433,-0.0763970516398381,"Converged",0.5,0.5
258,-2.54051864132845,2.37651195626028,-0.0369334938812832,"Converged",0.5,0.5
259,-2.68651389554245,3.81129059323473,-0.0990711021373653,"Converged",0.5,0.5
260,-2.38296015671757,2.61922054577809,-0.00946961947811637,"Converged",0.5,0.5
261,-2.89424852218864,4.46944167948718,-0.0833171302939709,"Converged",0.5,0.5
262,-2.09709269565757,1.73633766084227,-0.0600502336664432,"Converged",0.5,0.5
263,-2.20880690641386,2.49843231938879,-0.0814661584203722,"Converged",0.5,0.5
264,-2.02914932599534,2.82731947033818,-0.17043356387822,"Converged",0.5,0.5
265,-2.10579874705978,2.01089304160785,-0.0386770234618917,"Converged",0.5,0.5
266,-2.32211937104344,3.20346224747448,-0.104870541970028,"Converged",0.5,0.5
267,-1.71898927634992,0.945356787537336,-0.0617096683756382,"Converged",0.5,0.5
268,-0.985943117947271,0.173103813559201,-0.221864116805078,"Converged",0.5,0.5
269,-2.03884050616657,2.16467370675537,-0.101194587773231,"Converged",0.5,0.5
270,-0.892050633187533,-0.838696860580115,-0.130721770303848,"Converged",0.5,0.5
271,NA,NA,NA,"B-spline error",0.5,0.5
272,-1.77695658580566,1.66682872774772,-0.117692114666617,"Converged",0.5,0.5
273,-1.78592124160148,1.78894403193894,-0.131272491554574,"Converged",0.5,0.5
274,-2.43445797783322,2.74057309689677,-0.0675415826454532,"Converged",0.5,0.5
275,-1.60963680718296,1.78511550573549,-0.125722705591637,"Converged",0.5,0.5
276,-2.95825597337137,3.21556525951782,0.0149608190368878,"Converged",0.5,0.5
277,-1.65134560637129,1.60147089969465,-0.154671160605209,"Converged",0.5,0.5
278,-0.792477271843896,-2.01538415139661,-0.0415570821211674,"Converged",0.5,0.5
279,-3.56446894345668,7.10678524013731,-0.112166581886416,"Converged",0.5,0.5
280,-1.53809439979268,0.990694578154064,-0.0877491666429309,"Converged",0.5,0.5
281,-1.4502795871162,0.127477549681308,-0.113620799348082,"Converged",0.5,0.5
282,-1.71771638092502,1.51279890154856,-0.103093363557436,"Converged",0.5,0.5
283,-2.44298397469979,3.47215878030374,-0.115648391780017,"Converged",0.5,0.5
284,-2.28111612010709,2.52070207327889,-0.0488774072438922,"Converged",0.5,0.5
285,-1.21106331393598,0.286017493914637,-0.113383808763424,"Converged",0.5,0.5
286,-1.4754683321037,-0.0461578188525813,-0.0813235747611296,"Converged",0.5,0.5
287,-2.77191612748283,3.71200476950423,-0.0416431981908607,"Converged",0.5,0.5
288,-3.2379152382657,5.41461792373549,-0.109332424418705,"Converged",0.5,0.5
289,-2.21855963581472,2.9267484563753,-0.0910468163845302,"Converged",0.5,0.5
290,-1.40454503182828,0.445639417177117,-0.132175883486325,"Converged",0.5,0.5
291,-2.86204001014539,5.0925448112709,-0.109385934373902,"Converged",0.5,0.5
292,-1.79337991734037,0.915154867830574,-0.0458324006274344,"Converged",0.5,0.5
293,-2.08323314488429,1.95431678192097,-0.081126281834089,"Converged",0.5,0.5
294,-1.64028367521545,1.1575092367456,-0.103218016772304,"Converged",0.5,0.5
295,-2.74117391008374,3.69514067722846,-0.0339270001998717,"Converged",0.5,0.5
296,-0.654541828844178,-1.11588513416131,-0.17205352336436,"Converged",0.5,0.5
297,-1.48251600229994,0.844936582001274,-0.0958493937406201,"Converged",0.5,0.5
298,-1.75691706491107,1.86496137556135,-0.153218656338015,"Converged",0.5,0.5
299,-0.800950779935992,-0.223933619490632,-0.184035221226396,"Converged",0.5,0.5
300,-1.87808382805538,1.60651844641442,-0.0955697766756118,"Converged",0.5,0.5
301,-2.02934527100653,2.56297334243359,-0.127097230300742,"Converged",0.5,0.5
302,-2.27578834863291,1.75392308264345,-0.0289673706627926,"Converged",0.5,0.5
303,NA,NA,NA,"MAX_ITER reached",0.5,0.5
304,-1.46947124960835,1.23909164134732,-0.132188050403096,"Converged",0.5,0.5
305,-2.0296851905867,1.782626265089,-0.0849327289515784,"Converged",0.5,0.5
306,-1.74586718779236,0.00507254533915002,-0.0286969534905149,"Converged",0.5,0.5
307,-1.37811534383507,0.124722240911239,-0.10640256254726,"Converged",0.5,0.5
308,-1.59779564430846,1.39422154688724,-0.143381163967557,"Converged",0.5,0.5
309,-1.01941972695819,-0.907845494820214,-0.0905488262353448,"Converged",0.5,0.5
310,-1.23995091748098,0.687577820293442,-0.168601621726714,"Converged",0.5,0.5
311,-1.14193870624258,-1.34975751092364,-0.0833018726875679,"Converged",0.5,0.5
312,-1.01014970721009,-0.772633455144617,-0.110989808722435,"Converged",0.5,0.5
313,-2.60257977394585,3.89147720732088,-0.122619641568255,"Converged",0.5,0.5
314,-1.75968661076996,2.59735634260824,-0.18293313373819,"Converged",0.5,0.5
315,-1.4074665445197,0.168995241343155,-0.0742378197240121,"Converged",0.5,0.5
316,-1.21780214173911,-0.117629394224923,-0.120200900231555,"Converged",0.5,0.5
317,-1.46892159936919,-0.600360607456419,-0.000687260987509962,"Converged",0.5,0.5
318,-2.59236236139636,3.13489836436518,-0.0425493211320123,"Converged",0.5,0.5
319,-2.05162675800291,1.37455909599794,-0.0337091937989299,"Converged",0.5,0.5
320,-1.37820321271284,-0.242896578032309,-0.0928429007540445,"Converged",0.5,0.5
321,-1.29313577592015,-1.0196982416807,-0.0083904654892902,"Converged",0.5,0.5
322,-2.55244492189433,4.15806480954978,-0.137056318388529,"Converged",0.5,0.5
323,-2.82705933601335,2.07007147987463,0.0256022405613831,"Converged",0.5,0.5
324,-2.12622929699365,1.50772667856652,-0.0416394906230934,"Converged",0.5,0.5
325,-2.03265455479991,2.52129828758284,-0.109194961594805,"Converged",0.5,0.5
326,-1.42919964095762,0.578501997898365,-0.139899511019274,"Converged",0.5,0.5
327,-2.71939031791636,4.13099267162076,-0.0833341560098473,"Converged",0.5,0.5
328,-2.94231694094717,4.10526161111929,-0.0455905455535715,"Converged",0.5,0.5
329,-3.11363326366146,5.01877609019292,-0.0795441239935103,"Converged",0.5,0.5
330,-2.6163238132406,4.09222612892863,-0.0722541094148908,"Converged",0.5,0.5
331,-2.28694233393133,3.22832769741416,-0.111849186308152,"Converged",0.5,0.5
332,-1.62823731535106,0.869408242101347,-0.104733546954903,"Converged",0.5,0.5
333,-1.40882590702756,-0.0264085090017656,-0.0754611589554183,"Converged",0.5,0.5
334,-2.08511818766155,2.57981716469385,-0.0922581101356187,"Converged",0.5,0.5
335,-2.09176829373178,2.84627046450335,-0.102846707895056,"Converged",0.5,0.5
336,-1.97539087156335,2.17933660913893,-0.106614407604784,"Converged",0.5,0.5
337,-3.04494621101747,4.69744590493235,-0.0432325069455664,"Converged",0.5,0.5
338,NA,NA,NA,"MAX_ITER reached",0.5,0.5
339,-1.93185133609039,1.62493953862083,-0.0764133826566472,"Converged",0.5,0.5
340,-1.52575142533225,0.82396884087476,-0.123417327560133,"Converged",0.5,0.5
341,-0.953442004072043,-0.769942842343662,-0.144730232672207,"Converged",0.5,0.5
342,-1.61202652507771,1.24550617917827,-0.1316619132801,"Converged",0.5,0.5
343,-2.91230433743135,5.60982211706014,-0.141973864259867,"Converged",0.5,0.5
344,-3.24056740765133,5.46326978419829,-0.050036941766583,"Converged",0.5,0.5
345,-1.91630848189757,1.64065305794387,-0.0548017044233414,"Converged",0.5,0.5
346,-2.36648924282032,3.31149852778428,-0.120299605361883,"Converged",0.5,0.5
347,-1.540738749178,0.485319981297347,-0.106356966388807,"Converged",0.5,0.5
348,-1.4495867780062,1.47010042329789,-0.184271287954767,"Converged",0.5,0.5
349,-2.16696442892479,2.47152396851111,-0.0555224448495881,"Converged",0.5,0.5
350,-2.04657205563385,3.57113731478912,-0.196794413149866,"Converged",0.5,0.5
351,-2.76667264506475,5.5984924906397,-0.170171427628555,"Converged",0.5,0.5
352,-1.8730882953219,1.36807125679592,-0.0886948838127918,"Converged",0.5,0.5
353,-1.82506768549575,2.48784136118208,-0.148548379414996,"Converged",0.5,0.5
354,-2.30057394900629,3.39017301703514,-0.0977972910186044,"Converged",0.5,0.5
355,-2.19766723493088,2.99602944143712,-0.130688152529072,"Converged",0.5,0.5
356,-2.38704901434697,3.09950685640021,-0.0724277137524326,"Converged",0.5,0.5
357,-2.67615172705444,4.65678805520925,-0.10245809536661,"Converged",0.5,0.5
358,-2.75887774687784,4.44847638007902,-0.0816391785228759,"Converged",0.5,0.5
359,-3.29007157393398,5.29408054568971,-0.0709172866006445,"Converged",0.5,0.5
360,-2.7939767814,4.14518527816326,-0.0509693512104447,"Converged",0.5,0.5
361,-2.36097661161536,3.35591054459563,-0.0962167082856903,"Converged",0.5,0.5
362,-2.8693357240061,5.46078204898288,-0.199762063530469,"Converged",0.5,0.5
363,-1.26569288112894,0.197025602131522,-0.126268943030104,"Converged",0.5,0.5
364,-1.61970038765564,0.169877888535755,-0.0509813260484382,"Converged",0.5,0.5
365,-2.36584554671148,2.65143162071002,-0.0831939177544397,"Converged",0.5,0.5
366,-2.50245384206329,3.89570505314958,-0.0695456554403694,"Converged",0.5,0.5
367,-2.45901621843745,2.60094673640076,-0.0510466010320048,"Converged",0.5,0.5
368,-1.84253056196094,0.389416513067475,-0.0278725855122952,"Converged",0.5,0.5
369,-1.90284592975865,1.83878057935534,-0.0908412692596006,"Converged",0.5,0.5
370,-1.54383600561206,-0.136170313158001,-0.0395963321003429,"Converged",0.5,0.5
371,-1.7120843371126,0.910435478275216,-0.0753681436823963,"Converged",0.5,0.5
372,-1.79220581742304,2.27658993289151,-0.117052648698612,"Converged",0.5,0.5
373,-2.49955168169185,3.63918740630629,-0.103757463367642,"Converged",0.5,0.5
374,-0.717813303097281,-0.578908968794562,-0.2192647452604,"Converged",0.5,0.5
375,-2.67695849411549,3.65623452737006,-0.0752889470072349,"Converged",0.5,0.5
376,-1.29280230838417,1.18731057165569,-0.162450100666286,"Converged",0.5,0.5
377,-1.34492711449896,-0.80351575282424,-0.0449811944011043,"Converged",0.5,0.5
378,-1.27492758826977,0.215702489464988,-0.160796407763259,"Converged",0.5,0.5
379,-0.907159762788315,-1.34584412883517,-0.115169541121038,"Converged",0.5,0.5
380,-2.4953966755561,2.13971193212773,-0.0603473919600536,"Converged",0.5,0.5
381,-1.35296634498434,-0.31159056123591,-0.0683688894120848,"Converged",0.5,0.5
382,-1.37743933999803,0.16972422319847,-0.108947007756926,"Converged",0.5,0.5
383,-2.88254923788365,4.37669078351589,-0.0472917390335457,"Converged",0.5,0.5
384,-2.00173142580938,2.00202141223261,-0.0891582319501997,"Converged",0.5,0.5
385,-2.12781144561133,3.04782115611938,-0.146018143571639,"Converged",0.5,0.5
386,-2.30461621316803,2.78210792342889,-0.0742347061366075,"Converged",0.5,0.5
387,-1.82110005243592,1.71945945603521,-0.0912645930891077,"Converged",0.5,0.5
388,-1.90607526674143,1.88937378989481,-0.105055535400252,"Converged",0.5,0.5
389,-0.449786830703794,-2.31814806924562,-0.153389496850071,"Converged",0.5,0.5
390,-1.60058934206049,1.26958805813448,-0.122412465226586,"Converged",0.5,0.5
391,-0.589201155603819,-2.64112364441093,-0.127944467548072,"Converged",0.5,0.5
392,-2.0662201760091,3.04747921633868,-0.139090698768005,"Converged",0.5,0.5
393,-2.76677946528933,4.06599057411773,-0.0789543264470701,"Converged",0.5,0.5
394,-1.80490146705098,2.50923684342941,-0.165275858267438,"Converged",0.5,0.5
395,-1.47423095727547,1.34747052374579,-0.144081044213277,"Converged",0.5,0.5
396,-1.73050180803486,1.05359157461087,-0.10236410306866,"Converged",0.5,0.5
397,-1.76764783658123,1.33999037813569,-0.0978545578722839,"Converged",0.5,0.5
398,-2.62033049464325,3.66332311567121,-0.093647626729437,"Converged",0.5,0.5
399,-0.90087118794189,-1.00786262334373,-0.113021484838008,"Converged",0.5,0.5
400,-0.909635091795967,-0.65375228237424,-0.172372237398267,"Converged",0.5,0.5
401,-1.11334184437719,-1.60282716508451,-0.0410893528625962,"Converged",0.5,0.5
402,-1.87992602472892,1.6251256192201,-0.0894936670930243,"Converged",0.5,0.5
403,-1.7284853647461,0.0455085402169306,-0.0120148821945579,"Converged",0.5,0.5
404,-1.7857241491102,2.51754468629146,-0.148272164220081,"Converged",0.5,0.5
405,-1.97104927406574,1.14730952952674,-0.033692063675048,"Converged",0.5,0.5
406,-1.48624517243816,0.541437642030541,-0.0967866574481418,"Converged",0.5,0.5
407,-1.35708135728584,1.44696263557261,-0.17793420459514,"Converged",0.5,0.5
408,-1.6358548715394,1.11839545133402,-0.126044203086177,"Converged",0.5,0.5
409,-1.00915640526241,-0.816497497436523,-0.0834967391254415,"Converged",0.5,0.5
410,-1.16015188391878,-0.344170577482836,-0.116085893877421,"Converged",0.5,0.5
411,-2.13077853012714,3.33850638292622,-0.156880200858099,"Converged",0.5,0.5
412,-2.99622590650799,5.50255539680773,-0.11186918118101,"Converged",0.5,0.5
413,-2.13367359339055,2.37853304622661,-0.12537869440365,"Converged",0.5,0.5
414,-2.2296992220812,2.29406108106467,-0.044703850683441,"Converged",0.5,0.5
415,-2.82222219502252,5.39061004642173,-0.147313425034173,"Converged",0.5,0.5
416,-1.66183470288782,1.78776761131093,-0.139911796101813,"Converged",0.5,0.5
417,-2.41841429915586,3.58041382285537,-0.0732527214257566,"Converged",0.5,0.5
418,-1.54049109868573,0.824500089437931,-0.149455653179511,"Converged",0.5,0.5
419,-2.00007749079532,3.06947663090807,-0.163863982841741,"Converged",0.5,0.5
420,-2.65240618117822,4.08857955248136,-0.0902224260892086,"Converged",0.5,0.5
421,-2.29761917937895,3.95261121233661,-0.146624595310207,"Converged",0.5,0.5
422,-1.36335633731167,-0.396685045981392,-0.0944438341732714,"Converged",0.5,0.5
423,-1.95031623389253,3.38911550654736,-0.208622988241362,"Converged",0.5,0.5
424,-1.10882964439919,0.514604299002294,-0.17338096699517,"Converged",0.5,0.5
425,-1.11548385114174,0.801189264356721,-0.154795641860735,"Converged",0.5,0.5
426,-1.76947716893341,1.52985422361998,-0.0960615109074765,"Converged",0.5,0.5
427,-2.0764236139266,2.67994278376246,-0.137909823589638,"Converged",0.5,0.5
428,-1.44517473364574,0.822560943019888,-0.130374457985462,"Converged",0.5,0.5
429,-2.2925849528074,2.98975060706787,-0.046969560011248,"Converged",0.5,0.5
430,-1.79616098828114,1.6761741589483,-0.110328952351285,"Converged",0.5,0.5
431,-1.50388006445647,0.43069048930426,-0.0836308075962712,"Converged",0.5,0.5
432,-2.8186936414687,4.38300044055042,-0.0803389408389276,"Converged",0.5,0.5
433,-1.20944422261633,0.191999257908698,-0.126200383770759,"Converged",0.5,0.5
434,-1.90469703385088,0.91004602509435,-0.044778265912796,"Converged",0.5,0.5
435,-2.13620403199047,2.73963269148627,-0.0829654649023509,"Converged",0.5,0.5
436,-1.22518296642393,0.646597911020199,-0.148544414069601,"Converged",0.5,0.5
437,-1.50063208736221,0.462847880697357,-0.067915986902379,"Converged",0.5,0.5
438,-3.22843310579708,5.88315790000399,-0.137637106088874,"Converged",0.5,0.5
439,-2.70673077593794,4.87421523076496,-0.136603850758053,"Converged",0.5,0.5
440,-2.16482441825825,2.43610560404266,-0.102020610488584,"Converged",0.5,0.5
441,-2.81595588427756,4.0783708746187,-0.0854830759158522,"Converged",0.5,0.5
442,-2.75237601193324,4.32213701050899,-0.0796519691363969,"Converged",0.5,0.5
443,-2.17546404912553,3.04488755807233,-0.102705228814322,"Converged",0.5,0.5
444,-1.34507890839751,0.615966558737731,-0.134852805552405,"Converged",0.5,0.5
445,-1.55565304118734,0.635896879467298,-0.0994546617161514,"Converged",0.5,0.5
446,-2.72674957472858,3.41947748721275,-0.0177224260286089,"Converged",0.5,0.5
447,-2.65749915519754,3.75840680524845,-0.0609495125887143,"Converged",0.5,0.5
448,-1.91392541569272,1.56532841869787,-0.0752705849390499,"Converged",0.5,0.5
449,-2.0567698324369,1.82746824728603,-0.119824076958164,"Converged",0.5,0.5
450,-1.27558041159958,0.607486936879637,-0.16836191961269,"Converged",0.5,0.5
451,-2.00895676944272,2.37186369483829,-0.100095701805062,"Converged",0.5,0.5
452,-1.29568495812403,-0.840505253245715,-0.0223759194398397,"Converged",0.5,0.5
453,-1.83918365976427,1.33142827254675,-0.069280183449762,"Converged",0.5,0.5
454,-2.25647480156752,1.61766338318324,-0.0209192426992743,"Converged",0.5,0.5
455,-1.17072251013457,-0.207891065020866,-0.122323969802599,"Converged",0.5,0.5
456,-2.25266412154666,2.2774969962002,-0.068410021388299,"Converged",0.5,0.5
457,-1.80767831669511,1.11214263825273,-0.0982541127136995,"Converged",0.5,0.5
458,-2.89726002866994,4.88711663769969,-0.0946520765944567,"Converged",0.5,0.5
459,0.0618632853132827,-3.8549579735274,-0.131001947354262,"Converged",0.5,0.5
460,-0.878273561446922,-2.00998610981165,-0.0850914836216724,"Converged",0.5,0.5
461,-2.80168267990163,4.57643528613844,-0.123526602276109,"Converged",0.5,0.5
462,-2.06213846800363,1.98944793988507,-0.0868259183425365,"Converged",0.5,0.5
463,-2.25432597710657,3.50019997121687,-0.0937343878520788,"Converged",0.5,0.5
464,-1.19209592433066,0.557533641395001,-0.178156732164266,"Converged",0.5,0.5
465,-2.52183217318937,4.22293350402493,-0.134521603742448,"Converged",0.5,0.5
466,-0.790325442705153,-1.34826089186749,-0.110383840616829,"Converged",0.5,0.5
467,-1.37931536516899,0.758535847320239,-0.130975298637075,"Converged",0.5,0.5
468,-1.76612730381092,2.1815798200603,-0.153899020765754,"Converged",0.5,0.5
469,NA,NA,NA,"B-spline error",0.5,0.5
470,-0.3651197831841,-4.49372829401956,-0.0208977588826011,"Converged",0.5,0.5
471,-1.36390433044838,-0.36495083703624,-0.0752878880177556,"Converged",0.5,0.5
472,NA,NA,NA,"B-spline error",0.5,0.5
473,-1.67400015964006,0.672603545439633,-0.0484491114780752,"Converged",0.5,0.5
474,-1.92411668615858,2.90072143293306,-0.131549765388397,"Converged",0.5,0.5
475,-1.50027498365804,0.733042741079792,-0.116779739013895,"Converged",0.5,0.5
476,NA,NA,NA,"MAX_ITER reached",0.5,0.5
477,-2.37584059118115,2.29787331566518,-0.0498978314700696,"Converged",0.5,0.5
478,-2.23263441240303,3.06190946579325,-0.102044657897177,"Converged",0.5,0.5
479,-1.98503904072417,2.45196715576412,-0.160986609707124,"Converged",0.5,0.5
480,-3.68307258052676,5.63623434405811,0.0233817956087778,"Converged",0.5,0.5
481,-1.63495162510431,-0.646303398049755,-0.0365373570702693,"Converged",0.5,0.5
482,-2.83777322464032,5.22092327690736,-0.145216529914619,"Converged",0.5,0.5
483,0.0218145151995216,-3.73085098939293,-0.113058514555156,"Converged",0.5,0.5
484,-0.818233491504071,-0.408710353423067,-0.198378701998944,"Converged",0.5,0.5
485,-1.57090863301874,0.520587816086516,-0.0761913408293062,"Converged",0.5,0.5
486,-2.43039335521131,3.32509071233849,-0.0945203636499901,"Converged",0.5,0.5
487,-3.16752755402869,4.52433467713415,-0.0132314585854844,"Converged",0.5,0.5
488,-1.36095781469901,0.516565555771485,-0.161730535321825,"Converged",0.5,0.5
489,-1.61965910759242,1.83367001579635,-0.142737886925145,"Converged",0.5,0.5
490,-2.02059211247423,1.70659975154775,-0.0627186496661353,"Converged",0.5,0.5
491,-0.819701567817512,-1.6812331064268,-0.104654012207166,"Converged",0.5,0.5
492,-2.79724342930453,4.19328646535217,-0.0523813628777567,"Converged",0.5,0.5
493,-1.20314227497193,0.173755532125989,-0.170134007902257,"Converged",0.5,0.5
494,-2.04934089911002,1.55120839515523,-0.0631259484386488,"Converged",0.5,0.5
495,-1.64478685768289,1.57421378469127,-0.132413179000762,"Converged",0.5,0.5
496,-0.473986220761591,-3.1306736699664,-0.0804727831295024,"Converged",0.5,0.5
497,-3.43052310756254,5.50356402580515,-0.0605493012170769,"Converged",0.5,0.5
498,-2.03197415918833,2.39212208145047,-0.110553828540453,"Converged",0.5,0.5
499,-1.21070005290801,0.516697526086568,-0.170241393895575,"Converged",0.5,0.5
500,-1.32297096067115,-1.18525494968145,-0.0164134985393453,"Converged",0.5,0.5
501,-1.35608466855723,0.72107864743407,-0.158358906101643,"Converged",0.5,0.5
502,-1.82397270480166,1.36338475432173,-0.0764253701505153,"Converged",0.5,0.5
503,-1.87056409494685,2.80173245971778,-0.212417303444162,"Converged",0.5,0.5
504,-3.47127911077831,7.0453758189247,-0.108062317283822,"Converged",0.5,0.5
505,-2.18669296109157,3.52517605149908,-0.184886301015729,"Converged",0.5,0.5
506,-2.09665100217717,2.77138686881144,-0.105585843893196,"Converged",0.5,0.5
507,-1.39800342701253,0.196340437412579,-0.0941940515284044,"Converged",0.5,0.5
508,-1.92926959053789,1.25985920289459,-0.0322965757554769,"Converged",0.5,0.5
509,-3.63840222386917,7.42301876250539,-0.109333705633525,"Converged",0.5,0.5
510,-1.53953976323582,2.12951176896167,-0.165430795256104,"Converged",0.5,0.5
511,-1.86358240478056,1.31878933169627,-0.0986051394700551,"Converged",0.5,0.5
512,-2.3159418470724,3.46612116518706,-0.105568193720013,"Converged",0.5,0.5
513,-2.36489285566679,3.62218597721219,-0.117045306996337,"Converged",0.5,0.5
514,-0.00295348554620462,-4.24269929777422,-0.124961232213127,"Converged",0.5,0.5
515,-2.27854759410328,3.1792336443941,-0.0859884946756274,"Converged",0.5,0.5
516,-2.29197946451642,3.30843771303432,-0.126343028361495,"Converged",0.5,0.5
517,-1.40489756075611,-0.0896440439662269,-0.0735721102082339,"Converged",0.5,0.5
518,-1.67309665503451,0.194364587055787,-0.0209846951204451,"Converged",0.5,0.5
519,-2.16936339978246,2.3902751578345,-0.125501079755324,"Converged",0.5,0.5
520,-1.99365765473361,2.19717029283095,-0.109257740052424,"Converged",0.5,0.5
521,-2.59185291618565,4.32965699640854,-0.137732882193217,"Converged",0.5,0.5
522,-1.99780705972123,2.24528573582211,-0.126245165710832,"Converged",0.5,0.5
523,-1.24327778810473,1.1264775426384,-0.193676786628072,"Converged",0.5,0.5
524,-1.88354234907299,3.02835890096332,-0.158525295942477,"Converged",0.5,0.5
525,-1.46196592700321,0.761087936214884,-0.169955987945866,"Converged",0.5,0.5
526,-2.08759342629384,1.57791275890921,-0.0345064341566017,"Converged",0.5,0.5
527,-0.944804545267407,-1.05938056016443,-0.101227641892758,"Converged",0.5,0.5
528,-1.51801349548635,0.748345108280994,-0.1538401350571,"Converged",0.5,0.5
529,-0.982184734686276,-0.265629555625126,-0.130739677285272,"Converged",0.5,0.5
530,-1.72327342338542,1.72765911555222,-0.131414196857898,"Converged",0.5,0.5
531,-2.0715497413079,2.4269359180638,-0.108684270394192,"Converged",0.5,0.5
532,-1.81517695511974,1.30023808538669,-0.0738925914835897,"Converged",0.5,0.5
533,-2.47010185068089,2.88058746555728,-0.0961370769141602,"Converged",0.5,0.5
534,-2.11056428923674,1.88436481646321,-0.0574468095337949,"Converged",0.5,0.5
535,-1.30344145992538,-0.670577578488577,-0.0416907512820465,"Converged",0.5,0.5
536,-2.06464495559192,1.21587060926269,-0.0321214165393467,"Converged",0.5,0.5
537,NA,NA,NA,"B-spline error",0.5,0.5
538,-2.50086554890327,4.63589886940434,-0.14929714498691,"Converged",0.5,0.5
539,-1.9472429274122,2.42499302616842,-0.169763153500728,"Converged",0.5,0.5
540,-1.72918535145093,0.596273679961746,-0.0626343675587892,"Converged",0.5,0.5
541,-0.529478801099242,-2.87784520650946,-0.0613919419922107,"Converged",0.5,0.5
542,-2.52170565181897,4.60495107346107,-0.126888346662304,"Converged",0.5,0.5
543,-2.09342648562005,3.20192783627015,-0.168048030016657,"Converged",0.5,0.5
544,-1.18059736252021,-1.91627071292386,0.00596518807990736,"Converged",0.5,0.5
545,-2.26411966042246,2.33957408346574,-0.0747121056994603,"Converged",0.5,0.5
546,-2.55859734497241,4.34288177087946,-0.12256588379566,"Converged",0.5,0.5
547,-0.868865248929761,-1.19514288713759,-0.111798826972509,"Converged",0.5,0.5
548,-1.5519671583572,-0.351406458575523,0.019219605833991,"Converged",0.5,0.5
549,-2.3843062744991,4.42745600067298,-0.165285340494252,"Converged",0.5,0.5
550,-1.1009737352762,0.2061041375107,-0.141480873693741,"Converged",0.5,0.5
551,-2.28142946614083,2.44015520877799,-0.0592983520144462,"Converged",0.5,0.5
552,-1.87257104001039,1.34241630296295,-0.0791602799767119,"Converged",0.5,0.5
553,-1.51481021640774,-1.28208944765566,0.00901157602537001,"Converged",0.5,0.5
554,-1.65498174013554,0.754967617156971,-0.0968647533855976,"Converged",0.5,0.5
555,-1.27701883264308,-0.0379271242653898,-0.082297485576515,"Converged",0.5,0.5
556,-3.07529108010195,5.66752878177456,-0.0857001879326287,"Converged",0.5,0.5
557,-2.84188485830453,5.20140382039018,-0.140352828998552,"Converged",0.5,0.5
558,-0.841883856758983,-1.063313819964,-0.148319057044696,"Converged",0.5,0.5
559,-1.06378599317555,-0.594648625741392,-0.0782771371218588,"Converged",0.5,0.5
560,-2.44477487372005,2.55990166576065,-0.0288297644482299,"Converged",0.5,0.5
561,-2.54212140785653,4.66582980064957,-0.15778680278324,"Converged",0.5,0.5
562,-2.04851232799055,2.11011978032996,-0.0893446347736863,"Converged",0.5,0.5
563,-2.34133564207544,3.50390910395735,-0.1250422605817,"Converged",0.5,0.5
564,-2.18670142820959,2.4428995382163,-0.0568217495731483,"Converged",0.5,0.5
565,-1.40321942049132,-0.0559883913919475,-0.0718022358230192,"Converged",0.5,0.5
566,-1.47468372437013,1.03146670046429,-0.130306517459709,"Converged",0.5,0.5
567,-1.73340859012078,1.58102755672505,-0.132678757891091,"Converged",0.5,0.5
568,-3.64128602723179,7.44247407160496,-0.077974615753561,"Converged",0.5,0.5
569,-1.0143933041721,0.145835210092817,-0.172231944764953,"Converged",0.5,0.5
570,-1.87769576792502,2.72578775101336,-0.15890978904323,"Converged",0.5,0.5
571,-2.50540858633145,3.71911461381462,-0.0995286415198438,"Converged",0.5,0.5
572,-2.91176922290838,5.06097651545486,-0.0926676820230127,"Converged",0.5,0.5
573,-1.39913777781843,0.484133429042291,-0.1207300768899,"Converged",0.5,0.5
574,-3.76867384086,6.61416149454259,-0.0544033240327663,"Converged",0.5,0.5
575,-2.03734069567909,2.92729981660562,-0.171046148533542,"Converged",0.5,0.5
576,-2.72217942423486,3.75504469574479,-0.0496388030910453,"Converged",0.5,0.5
577,-2.93633812841744,3.78374411666829,-0.0359031538139079,"Converged",0.5,0.5
578,-1.00342213678758,-0.18886910056994,-0.154985856260662,"Converged",0.5,0.5
579,-2.31739062671092,3.56762635433964,-0.11351863417608,"Converged",0.5,0.5
580,-1.86113812283716,2.72408844227277,-0.205867059631424,"Converged",0.5,0.5
581,-2.05926813187667,3.17645974385594,-0.148081907464703,"Converged",0.5,0.5
582,-1.9687337399505,2.26676332446145,-0.125596659675267,"Converged",0.5,0.5
583,-1.09300967957167,-2.10736830318915,-0.0337342793341785,"Converged",0.5,0.5
584,-1.47246835400443,0.686802936975236,-0.143673572160407,"Converged",0.5,0.5
585,-2.45432021488419,2.76228970931497,-0.0208888492214196,"Converged",0.5,0.5
586,-2.02122532506583,3.21587890811008,-0.14654319197395,"Converged",0.5,0.5
587,-1.25136247992509,0.19376006852577,-0.0908521327401951,"Converged",0.5,0.5
588,-1.35415883600915,0.0540969572831572,-0.0896557386175169,"Converged",0.5,0.5
589,-2.10906599343559,2.79713347668494,-0.146353331863645,"Converged",0.5,0.5
590,-2.20007999691112,2.98879791663015,-0.126689973733507,"Converged",0.5,0.5
591,-1.53953431454524,0.100537957738926,-0.0765343345056082,"Converged",0.5,0.5
592,-0.734592355320009,-2.2632290468901,-0.115724816119445,"Converged",0.5,0.5
593,-1.39408937114324,-0.0439759143259927,-0.0871824238797865,"Converged",0.5,0.5
594,-2.71061472034554,4.92021818920474,-0.16856482090657,"Converged",0.5,0.5
595,-3.34322084338591,5.5045063460497,-0.00494503192214517,"Converged",0.5,0.5
596,-0.639205033617979,-0.951358577408409,-0.20743652475742,"Converged",0.5,0.5
597,-2.66299681842581,4.23556191903445,-0.12262585111478,"Converged",0.5,0.5
598,-2.23457232624057,3.15020920447113,-0.176983253871902,"Converged",0.5,0.5
599,-1.8324246429448,0.690932454520866,-0.0156478096021621,"Converged",0.5,0.5
600,-1.24405036931185,0.454465829021443,-0.141603889923972,"Converged",0.5,0.5
601,-1.31387996119072,-1.15807115832879,-0.0478866490117999,"Converged",0.5,0.5
602,-2.15782393981509,2.21783620570774,-0.120467351332212,"Converged",0.5,0.5
603,-1.15524582349791,-0.97858315525681,-0.116219715291964,"Converged",0.5,0.5
604,-2.87696007375713,4.29644959533705,-0.107305511999813,"Converged",0.5,0.5
605,-2.35083944725491,2.77709117053127,-0.0644240285133746,"Converged",0.5,0.5
606,-0.479002451615758,-2.42725149539371,-0.128070506589495,"Converged",0.5,0.5
607,-2.46472228345121,4.38640433263005,-0.150979708326048,"Converged",0.5,0.5
608,-2.35220430387495,2.15388463587034,-0.0451306840590064,"Converged",0.5,0.5
609,-3.15172862106567,5.51044585247123,-0.0625835971126937,"Converged",0.5,0.5
610,-2.32278668555555,3.56425571185753,-0.109880850834342,"Converged",0.5,0.5
611,-4.21673966100803,7.75650657751509,-0.0243783474670925,"Converged",0.5,0.5
612,-3.50310888978362,5.98427616890911,-0.0548025976548283,"Converged",0.5,0.5
613,-2.6214179308422,3.27260870537789,-0.046577093350617,"Converged",0.5,0.5
614,-2.18430997819513,1.94673092649979,-0.0751525014310602,"Converged",0.5,0.5
615,-1.70393248675725,1.83456125803896,-0.14018856107535,"Converged",0.5,0.5
616,-1.16037029130626,-0.446039030634437,-0.0976094772119919,"Converged",0.5,0.5
617,-1.33461503923853,-0.638806461672445,-0.07617477159944,"Converged",0.5,0.5
618,-1.37263511569918,0.570220749777284,-0.140612023180896,"Converged",0.5,0.5
619,-1.34479377426185,0.841681776978293,-0.112671570413609,"Converged",0.5,0.5
620,-3.74185142745302,6.34315849825943,-0.0702642780695287,"Converged",0.5,0.5
621,-0.917905052210327,-0.298517390698131,-0.155934923243802,"Converged",0.5,0.5
622,-1.73779678426547,1.36881316943416,-0.118736171410941,"Converged",0.5,0.5
623,-1.65319040901663,1.51816041438557,-0.139400084866249,"Converged",0.5,0.5
624,-2.41988996318525,2.88441607180718,-0.0829442894995737,"Converged",0.5,0.5
625,-1.95526747527014,2.7785127213985,-0.155179424951315,"Converged",0.5,0.5
626,-2.27683978200395,2.91516660218169,-0.0873061202274364,"Converged",0.5,0.5
627,-1.99000677990548,2.21946176628501,-0.141934626165918,"Converged",0.5,0.5
628,-0.846249313816178,-1.03529094813049,-0.108727589790624,"Converged",0.5,0.5
629,-1.36830659178085,-0.629070740506317,-0.0475626383038488,"Converged",0.5,0.5
630,-1.92975636119135,2.41664753146987,-0.132380873322479,"Converged",0.5,0.5
631,-2.67156982095916,2.86578119431253,-0.0138300881391378,"Converged",0.5,0.5
632,-1.30126769782659,-0.215363995437512,-0.0880351839461836,"Converged",0.5,0.5
633,-1.70390945518829,1.86681838156841,-0.146233046224619,"Converged",0.5,0.5
634,-1.80169194669997,2.59367914849076,-0.155957499917877,"Converged",0.5,0.5
635,-2.5235419001338,3.75976443197049,-0.0724713365299453,"Converged",0.5,0.5
636,-1.86344314652238,1.04510900046084,-0.0817358779685986,"Converged",0.5,0.5
637,-1.49367051175326,0.977612316219178,-0.126180476055787,"Converged",0.5,0.5
638,-1.8387975391695,1.21941445690362,-0.0911428877282698,"Converged",0.5,0.5
639,-3.40349397850277,5.56676072635599,-0.0243181952742224,"Converged",0.5,0.5
640,-1.87603887113472,1.82835699911584,-0.136612936620451,"Converged",0.5,0.5
641,-1.24609958331444,-0.0125229193913945,-0.0974161094494546,"Converged",0.5,0.5
642,-3.07117561075722,6.19987556553204,-0.135285878697375,"Converged",0.5,0.5
643,-1.09571301634065,0.434006833238369,-0.176266099830156,"Converged",0.5,0.5
644,-2.05685725668683,2.23991137034931,-0.0891628008594407,"Converged",0.5,0.5
645,-2.23188741038103,3.32955250255391,-0.11993691548432,"Converged",0.5,0.5
646,-2.4756878593188,3.75594390787712,-0.108664800972586,"Converged",0.5,0.5
647,-3.25553956622389,6.14494434409128,-0.132056606515154,"Converged",0.5,0.5
648,-3.7237179995795,7.16774467536855,-0.0921908427446621,"Converged",0.5,0.5
649,-3.06555174928343,4.36016944121001,-0.0363140372778645,"Converged",0.5,0.5
650,-2.54235840690757,3.25928420062089,-0.0370630076015982,"Converged",0.5,0.5
651,-2.0486120967678,1.15191161882193,-0.0208928862342271,"Converged",0.5,0.5
652,-1.04237560301548,-1.38596555237219,-0.0804330490959662,"Converged",0.5,0.5
653,-2.06774896162611,1.92984454951877,-0.0921082184013249,"Converged",0.5,0.5
654,-2.15004534013225,3.08553293483075,-0.110513621992613,"Converged",0.5,0.5
655,-1.87455897172511,1.64495225757688,-0.0732746078680117,"Converged",0.5,0.5
656,-1.09163655738979,0.184577690151722,-0.165062800274844,"Converged",0.5,0.5
657,-1.59239976939149,1.12617362625107,-0.0980395996731387,"Converged",0.5,0.5
658,-1.04838266269386,-1.30245092837479,-0.082294761632875,"Converged",0.5,0.5
659,-2.88851198774251,3.61834723004799,-0.0310478525276816,"Converged",0.5,0.5
660,-0.996340699372231,-1.34716070270219,-0.0563857628384659,"Converged",0.5,0.5
661,-2.26770615936067,3.0488103294363,-0.0934177001396153,"Converged",0.5,0.5
662,-1.12336982656131,-0.782957851717019,-0.120516061191746,"Converged",0.5,0.5
663,-3.6835217011799,6.20236732195449,-0.0438678214088362,"Converged",0.5,0.5
664,NA,NA,NA,"MAX_ITER reached",0.5,0.5
665,-2.78867654131124,5.33381302708253,-0.168848538467792,"Converged",0.5,0.5
666,-1.23091583063797,-1.57452389547471,-0.0456023690323468,"Converged",0.5,0.5
667,-1.20182197843231,0.329478670417011,-0.153488660141058,"Converged",0.5,0.5
668,-2.57647553452903,4.22096452413597,-0.101847092755484,"Converged",0.5,0.5
669,-2.02549300785721,2.53655944194271,-0.142795138982671,"Converged",0.5,0.5
670,-2.48874726895627,3.45964452483451,-0.121988303777094,"Converged",0.5,0.5
671,-0.507506122275039,-1.60229122674363,-0.174957485203318,"Converged",0.5,0.5
672,-1.27661735110292,0.672066567937407,-0.172061748512569,"Converged",0.5,0.5
673,-3.62074033295684,6.61013371172625,-0.103163470327177,"Converged",0.5,0.5
674,-2.70975021987878,4.25947898051936,-0.105487325978785,"Converged",0.5,0.5
675,-0.291923497570038,-3.74139628059376,-0.0927105957732865,"Converged",0.5,0.5
676,-2.41275766622187,3.69903362650409,-0.106221182490629,"Converged",0.5,0.5
677,-2.18907231032322,2.77179037053335,-0.101110444903355,"Converged",0.5,0.5
678,-2.300847747029,3.27138671098097,-0.122713853658869,"Converged",0.5,0.5
679,-2.81012410566436,3.17317215954536,0.0128149081207938,"Converged",0.5,0.5
680,-0.634279430844379,-1.5975202205713,-0.129759373953093,"Converged",0.5,0.5
681,-2.33855623833288,2.69990664407965,-0.0763723126929746,"Converged",0.5,0.5
682,-2.25301960151226,3.49023585087639,-0.115064390137942,"Converged",0.5,0.5
683,-1.49860546067715,1.3692814448626,-0.128526381952831,"Converged",0.5,0.5
684,-2.76545920855814,5.27086068245025,-0.129465681334704,"Converged",0.5,0.5
685,-2.19387331395275,2.30682198425914,-0.0610041458515023,"Converged",0.5,0.5
686,-1.56329629998925,1.11769648292629,-0.138201192469787,"Converged",0.5,0.5
687,-0.731041216850267,-2.01892918300073,-0.0847961637718933,"Converged",0.5,0.5
688,-1.21576315135662,0.000992609501387038,-0.116056561726423,"Converged",0.5,0.5
689,-1.75162856224487,1.62037148276144,-0.117540346893034,"Converged",0.5,0.5
690,-1.14981021161272,-1.35108263176824,-0.0602211062582398,"Converged",0.5,0.5
691,-1.83441138921027,2.19218687297412,-0.133311787897485,"Converged",0.5,0.5
692,-0.389895792462503,-2.72425285238426,-0.117927475599003,"Converged",0.5,0.5
693,-2.09796456252721,1.59606766025172,-0.0687132620256766,"Converged",0.5,0.5
694,-1.77723972381553,1.36408639717126,-0.0908224745577582,"Converged",0.5,0.5
695,-2.46751043467943,3.61456665649859,-0.121275161252514,"Converged",0.5,0.5
696,-0.740109665795165,-1.46287738799755,-0.116216748980322,"Converged",0.5,0.5
697,-0.797918609013526,-0.578481628966209,-0.183762294309065,"Converged",0.5,0.5
698,-2.96036879814657,5.02096532085481,-0.0888173106033294,"Converged",0.5,0.5
699,-2.4003370472808,3.14822576407451,-0.0631058698936839,"Converged",0.5,0.5
700,-2.14338920912942,2.03641163608533,-0.0714388105806924,"Converged",0.5,0.5
701,-1.70031303357067,0.297535896788612,-0.0227833531357244,"Converged",0.5,0.5
702,-1.45589356196972,0.239961144850975,-0.10194635384404,"Converged",0.5,0.5
703,-2.91341331807141,4.31412344584419,-0.0689953774509141,"Converged",0.5,0.5
704,-2.369523728646,3.50100058747185,-0.144287105554375,"Converged",0.5,0.5
705,-1.01874186478455,-0.942406633461863,-0.125720475376615,"Converged",0.5,0.5
706,-1.15728725835783,-0.99614557631143,-0.0342269494841641,"Converged",0.5,0.5
707,-0.856048146581773,-1.20340858016084,-0.108087563476863,"Converged",0.5,0.5
708,-0.426748911679861,-3.57257594223287,-0.0808651102373543,"Converged",0.5,0.5
709,-2.19851652217359,1.69666524533459,-0.0281338283211841,"Converged",0.5,0.5
710,-1.80984085035368,2.01876519696286,-0.101504808074251,"Converged",0.5,0.5
711,-1.96929100033238,2.59044491648293,-0.145554369166007,"Converged",0.5,0.5
712,-1.98735535561664,1.75099602659187,-0.0753893324328358,"Converged",0.5,0.5
713,-1.63797525585252,1.06416814665706,-0.0943506409715572,"Converged",0.5,0.5
714,-1.75558453756282,0.815204624472704,-0.0926306905329634,"Converged",0.5,0.5
715,-3.08762482230509,5.85448315951066,-0.102516531817017,"Converged",0.5,0.5
716,-1.68223293317398,0.59851833451941,-0.0441812410571316,"Converged",0.5,0.5
717,-2.74488070644455,4.03893818962513,-0.0466665057212708,"Converged",0.5,0.5
718,-2.35924865000666,2.50525693113127,-0.0526061653100405,"Converged",0.5,0.5
719,-1.17056595145965,-0.629668712705552,-0.104374881707563,"Converged",0.5,0.5
720,-3.43279727256885,6.30670886633497,-0.0871615923274557,"Converged",0.5,0.5
721,-2.77671165713077,6.11520653388609,-0.195552544522055,"Converged",0.5,0.5
722,NA,NA,NA,"B-spline error",0.5,0.5
723,-1.80210966153111,0.289215750584404,-0.0469471640956241,"Converged",0.5,0.5
724,-1.33258583371433,-0.744431541363094,-0.0486447237264125,"Converged",0.5,0.5
725,-1.90231670893401,1.9068666002095,-0.0813541341296183,"Converged",0.5,0.5
726,-2.61013297631065,5.16241557924951,-0.13656668475162,"Converged",0.5,0.5
727,-1.34903125442467,-0.285318384847109,-0.0989342746452275,"Converged",0.5,0.5
728,-1.90638494946202,0.932089676236231,-0.0324820285958521,"Converged",0.5,0.5
729,-1.21912844221937,-1.39676267585623,-0.0291006866014707,"Converged",0.5,0.5
730,-0.246149072387561,-2.90044468986673,-0.143927668633533,"Converged",0.5,0.5
731,-3.62634220179321,7.28872226019686,-0.0723069537555703,"Converged",0.5,0.5
732,-0.851994542558994,-1.19454088820364,-0.0994505026102728,"Converged",0.5,0.5
733,-2.07405684401549,1.62423375264527,-0.0623618920086743,"Converged",0.5,0.5
734,-0.743206472918107,-1.60157770281712,-0.136979539754243,"Converged",0.5,0.5
735,-0.979094100322893,-1.16387331789364,-0.0818329453373192,"Converged",0.5,0.5
736,-2.15165531497022,2.21214349709539,-0.0520114950172042,"Converged",0.5,0.5
737,-1.76461666678399,0.849540199775034,-0.060599574756428,"Converged",0.5,0.5
738,0.14829698145145,-4.50672380150923,-0.0830479489226667,"Converged",0.5,0.5
739,-2.31146758296194,3.45698813591544,-0.100903324317942,"Converged",0.5,0.5
740,-2.86357719297289,4.86179203225632,-0.137915041871297,"Converged",0.5,0.5
741,-1.60909994452076,0.391441825753775,-0.0727301487986986,"Converged",0.5,0.5
742,-3.01530860965004,5.37812129696882,-0.143384272642532,"Converged",0.5,0.5
743,-1.63800293930748,0.586060401939286,-0.0734389350802084,"Converged",0.5,0.5
744,-2.64987271786464,4.49288271864834,-0.118945534270489,"Converged",0.5,0.5
745,-2.77923124912479,4.69116268887876,-0.105996128328083,"Converged",0.5,0.5
746,-0.724943522566922,-1.54937358073319,-0.141308900616042,"Converged",0.5,0.5
747,-2.58061824090747,4.23636044015519,-0.119242230164166,"Converged",0.5,0.5
748,-1.7386532687398,2.0147549725752,-0.167309433731413,"Converged",0.5,0.5
749,-0.699541652869766,-2.19573306848805,-0.0512048704366617,"Converged",0.5,0.5
750,-0.960742275700458,-1.00424382306049,-0.0993255525384458,"Converged",0.5,0.5
751,-2.32567757711261,3.86420964657619,-0.14762478502297,"Converged",0.5,0.5
752,-1.98440329516439,2.10270590870642,-0.0893442031858579,"Converged",0.5,0.5
753,-2.02888195249827,3.36337010036132,-0.187326102313379,"Converged",0.5,0.5
754,-1.73038520033962,1.1180230527952,-0.100865704454811,"Converged",0.5,0.5
755,-1.62216417198068,1.19624578673445,-0.123639232445059,"Converged",0.5,0.5
756,-2.13203363032788,2.5126388009609,-0.104731010031301,"Converged",0.5,0.5
757,-1.46825473548492,0.936591558821529,-0.120510980478496,"Converged",0.5,0.5
758,-2.45749491108101,2.98752476855295,-0.0417138814021809,"Converged",0.5,0.5
759,-1.38199480413976,0.489367522946836,-0.106835711755238,"Converged",0.5,0.5
760,-3.02759916180023,5.41991891614405,-0.128796031927248,"Converged",0.5,0.5
761,-1.59416133349797,1.06546154640072,-0.106050975757428,"Converged",0.5,0.5
762,-1.49282047196301,0.997968405907942,-0.119213717861653,"Converged",0.5,0.5
763,-1.31849520786627,0.809664693620715,-0.171741221690116,"Converged",0.5,0.5
764,-0.948029431070505,-1.16034944861157,-0.1117917880487,"Converged",0.5,0.5
765,-2.30556202972315,3.94303534593822,-0.168667154224333,"Converged",0.5,0.5
766,-2.18648264664106,2.21939821650842,-0.10727161421009,"Converged",0.5,0.5
767,-1.06608034386803,-0.545977173312131,-0.148824868991958,"Converged",0.5,0.5
768,-2.7935877597591,5.18093763074009,-0.0892440223413014,"Converged",0.5,0.5
769,-2.78303456251652,4.02434676011938,-0.075605010728282,"Converged",0.5,0.5
770,-1.88300847972447,1.71210118351108,-0.113032817833522,"Converged",0.5,0.5
771,-1.78214383339667,1.51552584257563,-0.0983491694128647,"Converged",0.5,0.5
772,-1.46546349838054,-0.662321535434233,-0.0405192532264721,"Converged",0.5,0.5
773,-2.05026788869517,1.65822608380002,-0.0449989743943551,"Converged",0.5,0.5
774,-3.08125690424937,6.06074041414161,-0.144541466667877,"Converged",0.5,0.5
775,-1.97448990412501,3.55060011786672,-0.178483464953046,"Converged",0.5,0.5
776,-2.63516692185409,3.12762590148314,-0.0331900234751566,"Converged",0.5,0.5
777,-0.325613380354593,-2.51076330358442,-0.135316525593366,"Converged",0.5,0.5
778,-1.98285349381482,2.40413294521191,-0.0982580807798542,"Converged",0.5,0.5
779,-1.83789270649317,1.34131601616342,-0.0684743966106265,"Converged",0.5,0.5
780,-1.81491992842028,1.20888585529643,-0.0556518507105514,"Converged",0.5,0.5
781,-1.48583453275704,0.110719980625764,-0.0719763617543929,"Converged",0.5,0.5
782,-3.82790823913661,7.52831396893866,-0.0848252507471935,"Converged",0.5,0.5
783,-1.85294687768907,0.771715491542103,-0.0727790701308197,"Converged",0.5,0.5
784,-1.91719705953827,1.9963686394682,-0.076526586770671,"Converged",0.5,0.5
785,-3.02729841546457,5.05919355633927,-0.0689754722257176,"Converged",0.5,0.5
786,-3.10097180190802,5.55667442747019,-0.0650755818651141,"Converged",0.5,0.5
787,-1.62097449955138,0.306231161254371,-0.058405856910776,"Converged",0.5,0.5
788,-1.03390814963307,-0.521692557300379,-0.129465607882851,"Converged",0.5,0.5
789,-2.53625844473451,4.53579058284602,-0.1428994920966,"Converged",0.5,0.5
790,NA,NA,NA,"MAX_ITER reached",0.5,0.5
791,-3.20454477587337,6.99761822917413,-0.165551805061264,"Converged",0.5,0.5
792,-1.4296521421216,0.749924402770918,-0.129685552521321,"Converged",0.5,0.5
793,-1.55605993775154,0.456235433149995,-0.065094693793575,"Converged",0.5,0.5
794,NA,NA,NA,"MAX_ITER reached",0.5,0.5
795,-0.61722306246982,-2.25834843968584,-0.0748607665260051,"Converged",0.5,0.5
796,-1.65884647419007,1.01511780459575,-0.0874215676423238,"Converged",0.5,0.5
797,-1.93168279223947,1.60663053118387,-0.0985256193703586,"Converged",0.5,0.5
798,-1.37505172254944,-0.103702055791861,-0.0846528306773451,"Converged",0.5,0.5
799,-3.23626729083247,6.56888944914704,-0.153610114844265,"Converged",0.5,0.5
800,-2.75612031142945,4.58941305854515,-0.10296724912357,"Converged",0.5,0.5
801,-0.536292429250922,-1.96739596132519,-0.161356802859719,"Converged",0.5,0.5
802,-2.0261096591055,2.45617058818649,-0.0774063766117474,"Converged",0.5,0.5
803,-0.212736862482616,-2.63702572187461,-0.147580838440183,"Converged",0.5,0.5
804,-1.89464290129063,2.84792080564885,-0.158882916328105,"Converged",0.5,0.5
805,-0.46032909888564,-2.97881908222931,-0.0585304656153808,"Converged",0.5,0.5
806,-3.44757843269205,6.29575496427296,-0.0656999392268236,"Converged",0.5,0.5
807,-2.2570320081346,2.81466627702476,-0.0734446812206594,"Converged",0.5,0.5
808,-2.67305030711398,4.57637360129982,-0.138024857745449,"Converged",0.5,0.5
809,-0.765809392455384,-1.27602000181234,-0.13356712789124,"Converged",0.5,0.5
810,-0.0857375719079542,-3.46787681971747,-0.133395285143337,"Converged",0.5,0.5
811,-3.14011549215129,5.91325147462473,-0.145463403458773,"Converged",0.5,0.5
812,-0.0196952289882901,-5.06870926517881,-0.0570794980024968,"Converged",0.5,0.5
813,-1.05712419141562,-0.884185637201507,-0.0962689150882864,"Converged",0.5,0.5
814,-1.91793644764494,1.7574051652716,-0.0681704876047057,"Converged",0.5,0.5
815,-1.11390834230157,-0.582610078291765,-0.134653108097611,"Converged",0.5,0.5
816,-1.17840100936441,-0.702260594704809,-0.10689966432806,"Converged",0.5,0.5
817,-2.97214031050636,5.44171760932222,-0.094324588961738,"Converged",0.5,0.5
818,-1.55953659967736,0.77074540368579,-0.107201631104025,"Converged",0.5,0.5
819,-2.46932074724152,3.46396813619098,-0.103131505236544,"Converged",0.5,0.5
820,-2.27782702339685,1.87050290551077,-0.0146665703295329,"Converged",0.5,0.5
821,-1.56753352285843,0.698064186198381,-0.0849420479281251,"Converged",0.5,0.5
822,-3.36146536692318,8.04903810894175,-0.199947836690114,"Converged",0.5,0.5
823,-1.65492491865587,1.25298478172004,-0.117184257843088,"Converged",0.5,0.5
824,-2.13443978778899,3.58908618175785,-0.157597799588275,"Converged",0.5,0.5
825,-3.15030383972629,4.48193823644995,-0.0207185477940754,"Converged",0.5,0.5
826,-1.39301980068119,0.786194441221824,-0.134534766287313,"Converged",0.5,0.5
827,-2.53161586879186,4.34871728907076,-0.118036854378533,"Converged",0.5,0.5
828,-2.55861119463353,3.6906551715935,-0.112973772468597,"Converged",0.5,0.5
829,-3.1172681175025,6.21611835976832,-0.129634454492392,"Converged",0.5,0.5
830,-0.731408421523371,-1.03284314719924,-0.149461022734772,"Converged",0.5,0.5
831,-0.351015041733985,-2.13019390603407,-0.16349802310461,"Converged",0.5,0.5
832,-0.955641671607204,-1.12776712841857,-0.0744009452122601,"Converged",0.5,0.5
833,-2.71703614368019,3.80035395201461,-0.0659079655684579,"Converged",0.5,0.5
834,-2.3957046155382,1.93247882421901,-0.0155204114112594,"Converged",0.5,0.5
835,-1.78079177215563,2.55617348725563,-0.176583902612243,"Converged",0.5,0.5
836,-2.17659296118187,2.10277996692541,-0.0723507270772624,"Converged",0.5,0.5
837,-1.36673883262102,-0.0556628437801254,-0.0626244551675428,"Converged",0.5,0.5
838,-2.13431132625243,2.61562899027743,-0.084057394692755,"Converged",0.5,0.5
839,-2.94029759074297,5.31786965086327,-0.0991876507159424,"Converged",0.5,0.5
840,-2.73419051505405,4.65189755374983,-0.138722216732265,"Converged",0.5,0.5
841,-2.07016869133275,2.19391895607905,-0.0927155254989188,"Converged",0.5,0.5
842,-2.2705278090638,2.97389660147143,-0.0951791564581771,"Converged",0.5,0.5
843,-2.78904781792646,5.08558460092894,-0.0892970737262644,"Converged",0.5,0.5
844,-1.27934639925072,0.472015890189279,-0.160340584931518,"Converged",0.5,0.5
845,-1.38453565808715,0.989033790431771,-0.173140158408084,"Converged",0.5,0.5
846,-2.33757066237034,1.6290420122082,-0.00892457401185945,"Converged",0.5,0.5
847,-0.844977599172948,-1.70125092202423,-0.0748132430041069,"Converged",0.5,0.5
848,-2.08670272949567,3.19136753632683,-0.186416259320348,"Converged",0.5,0.5
849,-2.06781910826042,1.96004131466434,-0.0718444938063946,"Converged",0.5,0.5
850,-2.45651895925196,4.34968866261287,-0.123779283120692,"Converged",0.5,0.5
851,-1.77136321638286,0.519531883561812,-0.0563016636243335,"Converged",0.5,0.5
852,-2.56139027847536,3.57911191999839,-0.0941048969395081,"Converged",0.5,0.5
853,-2.26903039993734,2.47466401346561,-0.0697722917918994,"Converged",0.5,0.5
854,-2.23411352491224,2.50390399002131,-0.097037930197799,"Converged",0.5,0.5
855,-1.76537334338432,0.811307581416493,-0.0658408300917405,"Converged",0.5,0.5
856,-1.68781419688724,1.85917331039862,-0.13684339747311,"Converged",0.5,0.5
857,-1.46764264938508,1.20411155428685,-0.158597585292725,"Converged",0.5,0.5
858,-0.611198595741975,-1.98882556501013,-0.101817578013962,"Converged",0.5,0.5
859,-0.4867825072793,-2.51784343693966,-0.0676028880223988,"Converged",0.5,0.5
860,-2.95027168959215,4.2570339466934,-0.0771348984684675,"Converged",0.5,0.5
861,-2.49562697945774,3.16950732721652,-0.0754399229087928,"Converged",0.5,0.5
862,-1.41569812461271,0.289259902750214,-0.0906745117767984,"Converged",0.5,0.5
863,-2.38023279284191,3.63423330682985,-0.125411428653504,"Converged",0.5,0.5
864,-2.03684471000235,1.47533277071795,-0.0645312321189309,"Converged",0.5,0.5
865,-2.54014257001185,2.05609848848618,-0.00339946658987768,"Converged",0.5,0.5
866,-0.470032256038328,-2.39006653143791,-0.115311103681299,"Converged",0.5,0.5
867,-1.24545267481059,0.656981528923311,-0.159821437254269,"Converged",0.5,0.5
868,-0.980344101336098,-1.01312181905099,-0.105467614435382,"Converged",0.5,0.5
869,-1.54455882749974,1.15956128650069,-0.150690289707399,"Converged",0.5,0.5
870,-1.3020391191835,0.128050425880434,-0.0971546114189441,"Converged",0.5,0.5
871,-1.67588801469017,1.59953685951877,-0.0988842636938546,"Converged",0.5,0.5
872,-1.98368775059494,1.49319297247349,-0.0813655923789718,"Converged",0.5,0.5
873,-2.69378961594233,4.90924137159111,-0.125540945938092,"Converged",0.5,0.5
874,-1.51845687273508,1.17642764452457,-0.125022640384426,"Converged",0.5,0.5
875,-2.67795934045136,5.01597275985753,-0.160159652652852,"Converged",0.5,0.5
876,-2.4968250268065,3.6800405491878,-0.115037915077501,"Converged",0.5,0.5
877,-0.971263908217155,-1.04751921744584,-0.13046376637586,"Converged",0.5,0.5
878,-2.84318484890475,4.82408782385783,-0.0809348127541744,"Converged",0.5,0.5
879,-2.26670517159905,2.29810348417264,-0.0703547644623492,"Converged",0.5,0.5
880,-2.47387270802708,2.61962160002327,-0.0205815072266368,"Converged",0.5,0.5
881,-2.38530494309817,2.73191793638999,-0.0776451333550831,"Converged",0.5,0.5
882,-1.35843654833483,-0.607152059391744,-0.0664903171362408,"Converged",0.5,0.5
883,-2.62447130417579,3.60804248118306,-0.0530949686060467,"Converged",0.5,0.5
884,-1.45222734177919,0.942757163340168,-0.121709518466291,"Converged",0.5,0.5
885,-1.07758334729584,-1.19770091323494,-0.0806721177630134,"Converged",0.5,0.5
886,-2.38795499309122,3.41894830375,-0.0931834116801933,"Converged",0.5,0.5
887,-2.16072090090722,1.98364030875059,-0.0740558315673577,"Converged",0.5,0.5
888,-1.12098175154253,-0.527953131389796,-0.113537769776751,"Converged",0.5,0.5
889,-2.19367513507302,2.03509235297463,-0.0703067981615184,"Converged",0.5,0.5
890,-2.63350616315526,4.61696716157423,-0.124121856953828,"Converged",0.5,0.5
891,-1.51072758977685,1.14097580239028,-0.114457579625999,"Converged",0.5,0.5
892,-2.66519273703578,4.65150538988575,-0.146862249675561,"Converged",0.5,0.5
893,-2.57066304489437,3.37516828121329,-0.051310442652095,"Converged",0.5,0.5
894,-2.18735259077574,1.92534195062004,-0.0822765487182493,"Converged",0.5,0.5
895,-1.16823187105813,0.162509694258267,-0.135575100455193,"Converged",0.5,0.5
896,-2.27385111951859,3.70832659671266,-0.140679411700869,"Converged",0.5,0.5
897,-3.19396491566952,5.5400393486767,-0.128503398349864,"Converged",0.5,0.5
898,-0.766984386500206,-1.37936926774561,-0.0874341783557332,"Converged",0.5,0.5
899,-2.85609664422458,4.61786239195108,-0.0915835305139623,"Converged",0.5,0.5
900,-3.13523297572691,3.96092039806188,0.0030978440737589,"Converged",0.5,0.5
901,-1.66863821331235,1.53855249206151,-0.167315958430476,"Converged",0.5,0.5
902,-1.56550165717935,-0.329997578278755,-0.0353939567499862,"Converged",0.5,0.5
903,-2.55607887631358,2.48741470053865,-0.00946987969970372,"Converged",0.5,0.5
904,-2.04984138418642,1.57414028333821,-0.0424684361050708,"Converged",0.5,0.5
905,-2.52575982213978,2.78421922088641,-0.0790199972686607,"Converged",0.5,0.5
906,-0.924861337226016,-0.942598747713101,-0.11246188283473,"Converged",0.5,0.5
907,-2.64897531486923,3.81512223328036,-0.073209972152212,"Converged",0.5,0.5
908,-2.05309582629654,1.75601961637141,-0.0872582636280567,"Converged",0.5,0.5
909,-1.96167507958542,2.16169584707464,-0.082047073694794,"Converged",0.5,0.5
910,-1.08083725178418,-0.534396982810975,-0.0980967853559385,"Converged",0.5,0.5
911,-1.84839854898025,1.53574161850519,-0.099789047194067,"Converged",0.5,0.5
912,-2.88620070750055,5.32306971591966,-0.107955738791558,"Converged",0.5,0.5
913,-2.87535919580001,4.04981511451806,-0.0258510095168007,"Converged",0.5,0.5
914,-0.677484438702096,-1.23576092785203,-0.184408157536115,"Converged",0.5,0.5
915,-2.06858497434286,2.36233039858825,-0.127698151590809,"Converged",0.5,0.5
916,-1.59960532706913,2.27479779905693,-0.168046953515426,"Converged",0.5,0.5
917,-2.42446878359971,4.4144784559728,-0.155151188902096,"Converged",0.5,0.5
918,-2.88912625023961,4.64507511975958,-0.0907041183903083,"Converged",0.5,0.5
919,-1.90789339834439,2.77999098350926,-0.164608908422402,"Converged",0.5,0.5
920,-2.41095918922616,3.20421733352438,-0.0823541811758844,"Converged",0.5,0.5
921,-2.08954988015879,1.48676087996488,-0.0522618559527715,"Converged",0.5,0.5
922,-1.10109240792456,-0.188187666441661,-0.116369542691342,"Converged",0.5,0.5
923,-2.36495802007073,3.20297032582829,-0.109403496432985,"Converged",0.5,0.5
924,-3.29156046335064,5.95925868928334,-0.0758165102238815,"Converged",0.5,0.5
925,-1.21483327415397,-0.340762394477273,-0.122658925995912,"Converged",0.5,0.5
926,-1.73677900730578,0.66900721919999,-0.0748197933716931,"Converged",0.5,0.5
927,-1.50075767387433,0.320328739410424,-0.079363040464358,"Converged",0.5,0.5
928,-1.72152592672783,0.928155491960361,-0.0815243350948732,"Converged",0.5,0.5
929,-1.49953294535488,-0.393809265029207,-0.053959799968216,"Converged",0.5,0.5
930,-2.20840666798048,3.36958678457321,-0.104780804420177,"Converged",0.5,0.5
931,-1.40547826883924,1.37436093396237,-0.141765488360341,"Converged",0.5,0.5
932,-2.05770100162327,2.45287836549944,-0.137553166969401,"Converged",0.5,0.5
933,-1.39817068658062,1.09870128733661,-0.142357060212311,"Converged",0.5,0.5
934,-2.94252166259279,4.01713289643751,-0.0497639002777236,"Converged",0.5,0.5
935,-1.86974283402559,2.68089000856047,-0.168641807865957,"Converged",0.5,0.5
936,-2.73203086419243,3.85534732059652,-0.0613358723514358,"Converged",0.5,0.5
937,-2.23704000013361,2.04536123305826,-0.0396923960695916,"Converged",0.5,0.5
938,-2.0649425815428,2.59766081734948,-0.073942833980787,"Converged",0.5,0.5
939,-2.30870741318585,3.63340999472926,-0.1500145792194,"Converged",0.5,0.5
940,-1.13920054557123,0.915877619277249,-0.206300720771068,"Converged",0.5,0.5
941,-2.07426251006166,2.14737055184249,-0.0946313794168424,"Converged",0.5,0.5
942,-1.40580916530312,0.523416627882782,-0.132868272193708,"Converged",0.5,0.5
943,-1.5004246411455,0.537973336584062,-0.128841286749354,"Converged",0.5,0.5
944,-1.78593045366063,0.450375248747597,-0.0372403480654567,"Converged",0.5,0.5
945,-1.91783593005554,1.49093804308071,-0.0600216034510303,"Converged",0.5,0.5
946,-1.46101023818516,0.913904163978489,-0.121259246439696,"Converged",0.5,0.5
947,-1.34967020472997,0.545024088542772,-0.137921908646677,"Converged",0.5,0.5
948,-2.27684609807323,3.18500865127966,-0.112811473463809,"Converged",0.5,0.5
949,-2.10294432249063,3.35575089022544,-0.131085785026065,"Converged",0.5,0.5
950,-3.04793186537229,5.14937215250044,-0.0362071328291094,"Converged",0.5,0.5
951,-1.40998532098892,-0.347631655888883,-0.04687984833917,"Converged",0.5,0.5
952,-1.95793477851317,2.92072774647853,-0.144735542513544,"Converged",0.5,0.5
953,-2.01406710529902,2.11039122415231,-0.127612903672519,"Converged",0.5,0.5
954,-1.57345505016585,1.38879998025114,-0.159466269543963,"Converged",0.5,0.5
955,-2.45675252717286,4.43150401113227,-0.173573455598251,"Converged",0.5,0.5
956,-2.19518296817828,2.53367260239025,-0.0896888389704076,"Converged",0.5,0.5
957,-1.01139320713889,-1.60741491846906,-0.0608153730750612,"Converged",0.5,0.5
958,-3.00744694562368,6.53757565677793,-0.168354638422473,"Converged",0.5,0.5
959,-2.12884514203405,2.35530449975798,-0.111088589377757,"Converged",0.5,0.5
960,-2.62866329143999,4.18700757843527,-0.0756861964068896,"Converged",0.5,0.5
961,-2.14011791482378,2.31698639644751,-0.0791489385547123,"Converged",0.5,0.5
962,-1.99023607338957,2.67467872144257,-0.146094672259779,"Converged",0.5,0.5
963,-2.32875233738283,2.5705500417333,-0.0290086377698844,"Converged",0.5,0.5
964,-1.22921072769998,-0.244283876863428,-0.0969301300688065,"Converged",0.5,0.5
965,-2.03959111548219,2.58124144153896,-0.152281080013936,"Converged",0.5,0.5
966,-1.53972402105194,1.14326640473392,-0.120341429368409,"Converged",0.5,0.5
967,-1.63784737280103,0.921033124510606,-0.0983921025331298,"Converged",0.5,0.5
968,-2.30192804057497,3.52301970774252,-0.132449096179469,"Converged",0.5,0.5
969,-1.54042657407864,-0.0106101486893244,-0.0861934165424976,"Converged",0.5,0.5
970,-3.36930534704681,6.71708630178107,-0.0476342271172371,"Converged",0.5,0.5
971,-1.83342558031862,2.73609946102649,-0.16531765155394,"Converged",0.5,0.5
972,-2.93349491643657,4.5848683970453,-0.0601580735299572,"Converged",0.5,0.5
973,-2.71873035508438,4.2794484809533,-0.118328927331045,"Converged",0.5,0.5
974,-2.35541141906626,3.35789930866595,-0.109242481270251,"Converged",0.5,0.5
975,-1.47980784410673,0.326606041958665,-0.0983510962494768,"Converged",0.5,0.5
976,-3.1186694899273,5.77189129264772,-0.149420726176831,"Converged",0.5,0.5
977,-1.32528242194525,-0.475242704960103,-0.0718443491985015,"Converged",0.5,0.5
978,-2.00505800974788,1.83471881921587,-0.0967323596895077,"Converged",0.5,0.5
979,-0.40501600522002,-2.41438559400418,-0.116219417010455,"Converged",0.5,0.5
980,-3.06416968403153,3.46714174947161,-0.00714516162319681,"Converged",0.5,0.5
981,-2.6870962047753,5.29831470077287,-0.125189138479981,"Converged",0.5,0.5
982,-1.99225085937601,2.91813468589152,-0.180211228610511,"Converged",0.5,0.5
983,-1.96299794390197,1.19563357741163,-0.0874891715173122,"Converged",0.5,0.5
984,-2.7335105566259,3.98076610263113,-0.0493657622229891,"Converged",0.5,0.5
985,-1.8423899501076,2.04297588561566,-0.110808290386089,"Converged",0.5,0.5
986,-2.67942167617068,4.15848965115496,-0.0918885472782267,"Converged",0.5,0.5
987,-1.85285571788952,2.28657037930197,-0.129668265621719,"Converged",0.5,0.5
988,-1.98949359728339,1.71240488793147,-0.0817849253955495,"Converged",0.5,0.5
989,NA,NA,NA,"B-spline error",0.5,0.5
990,-3.0598689213129,5.57268855214502,-0.128111200871755,"Converged",0.5,0.5
991,-1.79640254081202,3.34742311429513,-0.191356648063984,"Converged",0.5,0.5
992,-2.81332577710568,4.66230259357245,-0.0630552192066168,"Converged",0.5,0.5
993,-2.03400723744084,2.16043165005739,-0.123951524706556,"Converged",0.5,0.5
994,-2.12285071448552,3.19833055813255,-0.155228050862364,"Converged",0.5,0.5
995,-2.7487305655569,4.67080523368869,-0.115662612093324,"Converged",0.5,0.5
996,-1.55799932464455,1.38842690040882,-0.150455898113742,"Converged",0.5,0.5
997,-2.10567450490563,3.5334168315061,-0.198136041156268,"Converged",0.5,0.5
998,-1.89678552332834,1.27574749835653,-0.0731317908882013,"Converged",0.5,0.5
999,-3.16784698514908,5.21616192972938,-0.0267764465511869,"Converged",0.5,0.5
1000,-1.17434096764102,0.0413760674083355,-0.119440075469812,"Converged",0.5,0.5
