"sim","srs_beta0","srs_beta1","srs_beta2","srs_conv_msg","srs_data_resampled","audit_recovery"
1,-2.16518062396509,2.99332587508994,-0.130056067245078,"Converged",FALSE,0.5
2,-1.96211985425671,2.28430834502404,-0.0888660436134767,"Converged",FALSE,0.5
3,-1.48320941848546,1.10820299591062,-0.151877257211265,"Converged",TRUE,0.5
4,-1.82355679231389,2.10180991046691,-0.16140329277108,"Converged",FALSE,0.5
5,-2.03491296842726,2.48422606079962,-0.135447569218819,"Converged",FALSE,0.5
6,-1.22389968673008,0.801134224367313,-0.179820143050711,"Converged",FALSE,0.5
7,-1.72118568481483,0.89338822239546,-0.0980363167804266,"Converged",FALSE,0.5
8,-1.51741758519602,0.966624082346118,-0.145898128368033,"Converged",FALSE,0.5
9,-2.55767586511967,3.00039829767465,-0.0855722846436206,"Converged",FALSE,0.5
10,-1.75928062763509,1.38720209094661,-0.112525059230528,"Converged",FALSE,0.5
11,-2.25356887690212,1.85562081342449,-0.0419134965586643,"Converged",FALSE,0.5
12,-1.31446739828716,0.0733892537051146,-0.149693452172862,"Converged",FALSE,0.5
13,-2.03822544242123,2.27763230906084,-0.147308093537198,"Converged",FALSE,0.5
14,-1.50138416853905,0.326273555403119,-0.0954813069019912,"Converged",FALSE,0.5
15,-1.92183082045617,1.56939065451794,-0.0894315060337356,"Converged",FALSE,0.5
16,-2.49433059165596,3.20822345690679,-0.0858371422430452,"Converged",FALSE,0.5
17,-1.84019240191735,0.770801607966523,-0.053152497589379,"Converged",FALSE,0.5
18,-1.47024754537559,-0.158160146726283,-0.0407829365894337,"Converged",FALSE,0.5
19,-1.79265662813696,0.582706615098946,-0.0652896502875421,"Converged",FALSE,0.5
20,-1.60419009086312,1.0701777857615,-0.120110354780159,"Converged",FALSE,0.5
21,-1.70683427532317,1.34456615212471,-0.0884733092342307,"Converged",FALSE,0.5
22,-1.9138782184857,1.23935600077901,-0.049904589549406,"Converged",FALSE,0.5
23,-1.54688273953665,1.08485893936069,-0.109171768403502,"Converged",FALSE,0.5
24,-2.38102240592157,3.4790833866323,-0.122829134767852,"Converged",FALSE,0.5
25,-2.37272991012468,2.7291788138544,-0.0727261142910868,"Converged",FALSE,0.5
26,-0.969492447147579,-0.0179885113918685,-0.158090918711976,"Converged",FALSE,0.5
27,-2.1201410492272,1.70098642627222,-0.0425827516457591,"Converged",FALSE,0.5
28,-1.65030190068108,1.17529612752927,-0.113757573708278,"Converged",FALSE,0.5
29,-2.2445713764946,3.3887908032776,-0.143659986908388,"Converged",FALSE,0.5
30,-1.55076894097455,1.42931950579821,-0.159141678738927,"Converged",FALSE,0.5
31,-2.22668411734662,1.98151743544364,-0.0458180093926623,"Converged",FALSE,0.5
32,-2.18865786250548,1.56806939490391,-0.0104391252783296,"Converged",FALSE,0.5
33,-1.63049926425246,1.23612762413961,-0.126889624865825,"Converged",FALSE,0.5
34,-1.33636288558537,0.735337902889056,-0.13935187925777,"Converged",FALSE,0.5
35,-1.95306276109722,1.00467093771794,-0.0206778153816544,"Converged",FALSE,0.5
36,-1.58902200653634,1.14777226503851,-0.0918216847711984,"Converged",FALSE,0.5
37,-1.40697588757261,1.07152621287043,-0.170931517405833,"Converged",FALSE,0.5
38,-1.44929979839794,1.2893537132887,-0.14644684981892,"Converged",FALSE,0.5
39,-1.09637187014858,-0.139777184398223,-0.118091780285593,"Converged",FALSE,0.5
40,-1.83827354964413,1.31362711832088,-0.0631915402907373,"Converged",FALSE,0.5
41,-1.50152776478979,1.05544417110911,-0.136785660540386,"Converged",FALSE,0.5
42,-1.46066061122771,0.185359482293587,-0.0983175553515137,"Converged",FALSE,0.5
43,-2.23048768760375,2.49675184222442,-0.105645414360353,"Converged",FALSE,0.5
44,-1.67282576506123,1.18797637973923,-0.148551967661141,"Converged",FALSE,0.5
45,-1.80857940169508,1.27173733638738,-0.104364417498747,"Converged",FALSE,0.5
46,-2.34606292970963,2.77344721809477,-0.0779608979189286,"Converged",TRUE,0.5
47,-1.9422309778267,1.55947723693737,-0.121592021608879,"Converged",FALSE,0.5
48,-1.93661715845993,1.96005781483797,-0.118535772221246,"Converged",FALSE,0.5
49,-1.83174184192924,0.862003407585401,-0.0345261036220948,"Converged",FALSE,0.5
50,-1.23185048350256,0.596294380298527,-0.151124604133325,"Converged",FALSE,0.5
51,-1.80386122622593,0.896624776529261,-0.0709910747958434,"Converged",FALSE,0.5
52,-1.69261736145954,1.0577252308484,-0.128660315135981,"Converged",FALSE,0.5
53,-1.9039089717682,1.59623367885614,-0.0634531121814241,"Converged",FALSE,0.5
54,-1.21541013910302,-0.478516504161604,-0.0777758262685081,"Converged",FALSE,0.5
55,-2.00964935975097,1.07582001861289,-0.0654177834453058,"Converged",FALSE,0.5
56,-2.38178389252686,2.19209103959863,-0.022319190118109,"Converged",FALSE,0.5
57,-2.08044219228206,1.73946758449752,-0.0374584909559013,"Converged",FALSE,0.5
58,-2.1562599075575,2.60075942789899,-0.159855251967666,"Converged",FALSE,0.5
59,-2.08628402679499,2.32541534162723,-0.110526429755619,"Converged",FALSE,0.5
60,-2.08499122929551,3.22144931239553,-0.158063723454123,"Converged",FALSE,0.5
61,-1.75685521656553,1.23585124998112,-0.109705465684644,"Converged",TRUE,0.5
62,-1.59531470011034,0.980522232268382,-0.0909541934127195,"Converged",FALSE,0.5
63,-2.05886131918933,1.99577794360336,-0.122579264415102,"Converged",FALSE,0.5
64,-1.54784875289747,0.0731010032091572,-0.0492477539446898,"Converged",FALSE,0.5
65,-1.60113618163672,1.11838933920926,-0.0852839337699725,"Converged",FALSE,0.5
66,-1.49537659341846,0.985171072337349,-0.140437696795171,"Converged",FALSE,0.5
67,-2.0064883547183,1.88544815864724,-0.0603092233033048,"Converged",FALSE,0.5
68,-1.71292373951301,1.35848646579223,-0.128856399464057,"Converged",FALSE,0.5
69,-1.89179836785743,1.96292504300811,-0.131162700366616,"Converged",FALSE,0.5
70,-1.91141922693389,0.896632520284743,-0.0472204035917058,"Converged",FALSE,0.5
71,-1.50577813303298,0.243831001479221,-0.101601564747178,"Converged",FALSE,0.5
72,-1.6118783893267,1.00416211187822,-0.145715976892139,"Converged",FALSE,0.5
73,-1.3776848045439,0.712350897676749,-0.152758314848077,"Converged",FALSE,0.5
74,-1.74935834558174,1.27065243335063,-0.0904898750344429,"Converged",FALSE,0.5
75,-1.68722290079248,0.956759891026096,-0.110118088418834,"Converged",FALSE,0.5
76,-1.5724320563279,0.78346748769633,-0.108850201545376,"Converged",FALSE,0.5
77,-2.14855182962441,1.4877564311466,-0.0861282422589954,"Converged",FALSE,0.5
78,-1.77074845419026,2.35257605036873,-0.178018023917688,"Converged",FALSE,0.5
79,-1.9696885495746,1.2540339237891,-0.0473626937981196,"Converged",FALSE,0.5
80,-2.15083634803585,1.79093124297929,-0.0798474677636058,"Converged",FALSE,0.5
81,-1.77168204976191,1.22322675645125,-0.0682532479833309,"Converged",FALSE,0.5
82,-2.22229561761536,1.9704041790917,-0.0646459975730751,"Converged",FALSE,0.5
83,-2.42405952720626,2.645059883254,-0.0791780024034615,"Converged",FALSE,0.5
84,-1.79160012529159,0.541870290347842,-0.0601997749284354,"Converged",FALSE,0.5
85,-2.72713758177053,4.36674294604909,-0.101907446982818,"Converged",FALSE,0.5
86,-1.71240768446207,2.30090011613403,-0.191797477038553,"Converged",FALSE,0.5
87,-1.3901938057761,1.15280193470917,-0.140299075469823,"Converged",FALSE,0.5
88,-1.82001286339763,1.28617232090575,-0.118453337184329,"Converged",FALSE,0.5
89,-1.5668894054171,0.224883570692896,-0.0515153263195893,"Converged",FALSE,0.5
90,-2.21156166023369,2.3459829684774,-0.0857053058202313,"Converged",FALSE,0.5
91,-1.20921896834602,1.19357312510012,-0.226013589003529,"Converged",FALSE,0.5
92,-2.34682333525258,3.56324745146218,-0.15307063730549,"Converged",FALSE,0.5
93,-1.42638990269856,0.0295986734730012,-0.102476230961977,"Converged",FALSE,0.5
94,-2.27476687844098,1.52132589064607,-0.0383376788185155,"Converged",FALSE,0.5
95,-1.27209695327921,0.67836277840345,-0.157127613514746,"Converged",FALSE,0.5
96,-2.20821589001275,1.98816915744484,-0.0740912669343303,"Converged",FALSE,0.5
97,-2.08556908962814,1.35007529327509,-0.0555466372134604,"Converged",FALSE,0.5
98,-1.70302044418312,1.34802696174933,-0.114293112201659,"Converged",FALSE,0.5
99,-1.47253081303809,1.09496454364259,-0.132772114681163,"Converged",FALSE,0.5
100,-2.15694660395714,2.55879366199924,-0.133605162282518,"Converged",FALSE,0.5
101,-1.93523001811873,1.70908868026682,-0.0952535941804575,"Converged",FALSE,0.5
102,-1.31688281335747,0.734368914813827,-0.132417887041235,"Converged",FALSE,0.5
103,-1.98454606143069,2.44223081528695,-0.178732515617779,"Converged",FALSE,0.5
104,-1.58137362599328,1.17020364024839,-0.122368499637042,"Converged",FALSE,0.5
105,-1.72291182312802,1.48470301879807,-0.118533371432842,"Converged",FALSE,0.5
106,-1.74825472916461,2.19168599031569,-0.150956838611833,"Converged",FALSE,0.5
107,-1.59350415100537,0.807349402277812,-0.0841320748457707,"Converged",FALSE,0.5
108,-2.01257674131051,2.17466881407763,-0.0531164211054465,"Converged",FALSE,0.5
109,-1.04074016298362,-0.630884045514561,-0.084851531911111,"Converged",FALSE,0.5
110,-1.7446461722079,1.25716560607829,-0.100380164985122,"Converged",FALSE,0.5
111,-1.84971423189204,0.896239844983464,-0.0567674207665722,"Converged",FALSE,0.5
112,-2.14671635703912,2.46403224286212,-0.102316953258979,"Converged",FALSE,0.5
113,-2.52025020963138,3.71865767703103,-0.162830190262198,"Converged",FALSE,0.5
114,-1.51285362355476,0.938324911803541,-0.120049214495537,"Converged",FALSE,0.5
115,-2.65113453426235,2.24615900532118,-0.0347870616346979,"Converged",FALSE,0.5
116,-2.24691298638585,1.9488384633382,-0.0638045923145893,"Converged",FALSE,0.5
117,-2.38597247408214,2.20582449869438,-0.0438690271570981,"Converged",FALSE,0.5
118,-1.56185213600146,0.784746339329172,-0.127989228799373,"Converged",FALSE,0.5
119,-2.08635957964079,2.14654227448143,-0.0711403495261749,"Converged",FALSE,0.5
120,-2.34836725902157,2.43526419241106,-0.0723025928833101,"Converged",FALSE,0.5
121,-1.91904974721611,2.24768376389482,-0.11917072691002,"Converged",FALSE,0.5
122,-1.54339520076208,1.34044053781423,-0.134907359418765,"Converged",FALSE,0.5
123,-1.57642077308181,0.995710544065046,-0.104541734191067,"Converged",FALSE,0.5
124,-1.67608617189115,0.383871990018871,-0.0426663132932979,"Converged",FALSE,0.5
125,-1.55605237207547,1.14576766035191,-0.146594317088102,"Converged",FALSE,0.5
126,-1.72570463604311,1.10976834991208,-0.0770052387422537,"Converged",FALSE,0.5
127,-1.86916269519359,2.33962790166634,-0.157304345953296,"Converged",FALSE,0.5
128,-1.77065415910081,1.10573782523454,-0.0907545290592344,"Converged",FALSE,0.5
129,-1.71791584484352,1.43098942796752,-0.109828397850358,"Converged",FALSE,0.5
130,-1.43216166895272,1.56551877683936,-0.20981609579849,"Converged",FALSE,0.5
131,-1.69331021629333,0.498024608338733,-0.0772374155285615,"Converged",FALSE,0.5
132,-2.04482293749471,2.79965519084514,-0.171309031333191,"Converged",FALSE,0.5
133,-1.83283910075976,0.449433619307864,-0.0382188320635809,"Converged",FALSE,0.5
134,-1.79892827165504,1.91883535624482,-0.125585802368718,"Converged",FALSE,0.5
135,-2.08488528287662,1.77003583046093,-0.0600056262320286,"Converged",FALSE,0.5
136,-1.77709656520501,0.258281365037347,-0.0410707515703382,"Converged",TRUE,0.5
137,-2.23089786612256,2.54909419863157,-0.0942283339701574,"Converged",FALSE,0.5
138,-1.21944764245645,0.205723464418364,-0.133701432865725,"Converged",FALSE,0.5
139,-2.21006189476069,1.96229787228783,-0.0834073883836104,"Converged",FALSE,0.5
140,-1.59565289925908,0.609624505857591,-0.104199671152316,"Converged",FALSE,0.5
141,-1.63920873170427,0.445078141199252,-0.0640927002405376,"Converged",TRUE,0.5
142,-1.32826788981768,-0.315077390960955,-0.0804483609599154,"Converged",FALSE,0.5
143,-1.38676353558461,1.03747988646849,-0.180126159967503,"Converged",FALSE,0.5
144,-1.42189372745372,1.67957595041533,-0.218895285673137,"Converged",FALSE,0.5
145,-1.85894825223843,0.434064689151417,-0.0259013963938582,"Converged",FALSE,0.5
146,-1.51503322266709,0.757646277395849,-0.0880779420293354,"Converged",FALSE,0.5
147,-2.70411356810426,2.57516774425511,-0.0101804479992417,"Converged",FALSE,0.5
148,-1.88360842126296,1.82099157968921,-0.0801052629731677,"Converged",FALSE,0.5
149,-1.60300851313328,1.21047797048072,-0.146138397096939,"Converged",FALSE,0.5
150,-1.21663881320829,0.568292547869207,-0.146786256864773,"Converged",FALSE,0.5
151,-2.09746682382432,1.6286811447917,-0.0770450539110196,"Converged",FALSE,0.5
152,-1.76178823897161,0.47109606170371,-0.0369731249865523,"Converged",FALSE,0.5
153,-1.77810832192655,0.803785358336016,-0.0602832869653125,"Converged",FALSE,0.5
154,-1.92340314930904,0.894075070235159,-0.053360846342966,"Converged",FALSE,0.5
155,-2.32010640956031,2.08013423339161,-0.0453944826903846,"Converged",FALSE,0.5
156,-2.25678997858444,2.42978874715685,-0.0778395400402463,"Converged",FALSE,0.5
157,-2.59942866451473,2.69764015389835,-0.0508918673034131,"Converged",TRUE,0.5
158,-2.03157944732994,1.73147067836589,-0.0817162152144811,"Converged",FALSE,0.5
159,-1.54705475478421,0.183370574457974,-0.0803333625052034,"Converged",FALSE,0.5
160,-1.6196605439556,0.0292019593718145,-0.0793956757698207,"Converged",FALSE,0.5
161,-1.66822629824227,0.942552544913261,-0.0859383418139159,"Converged",FALSE,0.5
162,-1.78959248679084,0.772941046153802,-0.0715517720367569,"Converged",FALSE,0.5
163,-2.73056149834621,3.61414911979768,-0.105454674562591,"Converged",FALSE,0.5
164,-1.00413566457047,-0.629069973140851,-0.136462280090634,"Converged",FALSE,0.5
165,-2.23219976559315,3.39583276952728,-0.192859453252548,"Converged",FALSE,0.5
166,-2.32944309040724,3.24107098349762,-0.127478671777913,"Converged",FALSE,0.5
167,-1.53932939628925,1.08345018958414,-0.145990142212759,"Converged",FALSE,0.5
168,-1.37790802865229,0.779391303155278,-0.156585047271449,"Converged",FALSE,0.5
169,-1.36453075927676,0.108366916277404,-0.10192767528755,"Converged",FALSE,0.5
170,-2.43918902737999,3.23527020020356,-0.0895093736033536,"Converged",FALSE,0.5
171,-1.53734504008981,0.704178797637677,-0.130563935404568,"Converged",FALSE,0.5
172,-1.58290246246883,1.46105031621444,-0.143912262477809,"Converged",FALSE,0.5
173,-1.99364113367638,1.24177849090759,-0.059109255381793,"Converged",FALSE,0.5
174,-1.6205686180222,0.505265578147883,-0.061114479680841,"Converged",FALSE,0.5
175,-1.53580430339309,0.848839826266949,-0.100386932054787,"Converged",FALSE,0.5
176,-1.98308294276106,1.20413639993537,-0.0416512388048733,"Converged",FALSE,0.5
177,-2.5125737402435,2.9907158816677,-0.054022455709788,"Converged",FALSE,0.5
178,-2.44777520775795,3.11240862322553,-0.104982920192719,"Converged",FALSE,0.5
179,-1.81376562835965,1.69144282773024,-0.122457281758158,"Converged",FALSE,0.5
180,-2.26736125172458,1.97498411608978,-0.0921507425078676,"Converged",FALSE,0.5
181,-1.9407921996991,1.93690974935345,-0.104624168853224,"Converged",FALSE,0.5
182,-1.76361418154923,1.37798823952219,-0.128795533047682,"Converged",FALSE,0.5
183,-1.35021185356282,0.813747718412495,-0.134686546716397,"Converged",FALSE,0.5
184,-1.49431502154936,1.42083756973651,-0.170238214983484,"Converged",FALSE,0.5
185,-2.01813493167063,1.72584717031614,-0.0896341058235026,"Converged",FALSE,0.5
186,-2.02017425910852,2.7769267666906,-0.136268842602377,"Converged",FALSE,0.5
187,-2.29919286433424,2.58725232468815,-0.0584384885577129,"Converged",FALSE,0.5
188,-1.79869589810602,0.544398090053446,-0.0603888505364821,"Converged",FALSE,0.5
189,-2.32055369765676,2.55798419784514,-0.0826017460906991,"Converged",FALSE,0.5
190,-2.39802627847096,1.60929985761968,0.00236214626812563,"Converged",FALSE,0.5
191,-2.47043705453943,2.62817342571678,-0.021199321452006,"Converged",FALSE,0.5
192,-2.04048815930178,2.81763102225923,-0.132648531425286,"Converged",FALSE,0.5
193,-1.4493435937732,1.83424348500172,-0.243113499445081,"Converged",FALSE,0.5
194,-1.76292556888111,1.73334180382807,-0.159833322938438,"Converged",FALSE,0.5
195,-2.19897732522055,2.24681472718688,-0.0810331915325165,"Converged",FALSE,0.5
196,-2.41407908101844,1.8620428153156,-0.0207045921542591,"Converged",TRUE,0.5
197,-1.29214195644135,0.24406910685918,-0.0850043073091815,"Converged",FALSE,0.5
198,-1.74064920867967,1.95463782735882,-0.144875777344244,"Converged",FALSE,0.5
199,-2.55034709333361,2.84506510615297,-0.0824656006997698,"Converged",FALSE,0.5
200,NA,NA,NA,"MAX_ITER reached",FALSE,0.5
201,-1.9933411162768,1.85016767087246,-0.0898262056616921,"Converged",FALSE,0.5
202,-1.28567169065767,0.939807387296015,-0.17129121395545,"Converged",FALSE,0.5
203,-1.58236576735774,0.713457886582005,-0.116781208087865,"Converged",FALSE,0.5
204,-1.75048317027915,1.05649818665622,-0.0804704036057448,"Converged",FALSE,0.5
205,-1.92938373511618,3.09656548208217,-0.188668537742386,"Converged",FALSE,0.5
206,-1.42149166975508,0.348302805901946,-0.0929400920798591,"Converged",FALSE,0.5
207,-1.87458647633997,1.08908279938018,-0.0584199624864497,"Converged",FALSE,0.5
208,-2.00610617415631,0.846477523566962,-0.0356393293866672,"Converged",FALSE,0.5
209,-2.3586603924087,1.22956697488281,0.0194924344116594,"Converged",FALSE,0.5
210,-1.3867658966411,0.827559244741051,-0.150550108202148,"Converged",FALSE,0.5
211,-1.78377339407302,1.70715700096427,-0.106906436879562,"Converged",FALSE,0.5
212,-2.02882686780141,1.42032928511882,-0.0369603325487637,"Converged",FALSE,0.5
213,-1.853120166974,1.51806719372166,-0.06145344096879,"Converged",FALSE,0.5
214,-1.27152057820262,1.03190306125497,-0.176744725272537,"Converged",FALSE,0.5
215,-1.90722861183972,2.57283381413095,-0.179871624223758,"Converged",FALSE,0.5
216,-1.91872579003842,2.35803970989858,-0.119213629845508,"Converged",FALSE,0.5
217,-1.75357106061942,0.487008329986195,-0.026026931212019,"Converged",FALSE,0.5
218,-1.98419013342947,2.3674765556526,-0.142868486043591,"Converged",FALSE,0.5
219,-1.70821922929121,1.48652652044026,-0.119940678069775,"Converged",FALSE,0.5
220,-2.03345496767505,1.93955996243493,-0.0867651311204604,"Converged",FALSE,0.5
221,-1.59348013428321,1.82889676308808,-0.137934666997918,"Converged",FALSE,0.5
222,-1.68728492077345,1.31915850231164,-0.129220179057826,"Converged",FALSE,0.5
223,-1.73816109513898,0.621197984692036,-0.084009580983556,"Converged",FALSE,0.5
224,-1.53066403591788,1.24044526576198,-0.112376112109432,"Converged",FALSE,0.5
225,-1.72405967670986,1.83606102312712,-0.107276276043761,"Converged",FALSE,0.5
226,-1.97476157431849,2.37310100470898,-0.112723973168728,"Converged",FALSE,0.5
227,-1.61586442765171,1.19948049634072,-0.101697075655618,"Converged",FALSE,0.5
228,-1.86049940163309,1.13504530681033,-0.0701028491972911,"Converged",FALSE,0.5
229,-2.17611312034012,2.05270992407441,-0.0946050809582998,"Converged",FALSE,0.5
230,-2.05320034962228,1.30050802301323,-0.0380320588616474,"Converged",FALSE,0.5
231,-0.994905971645425,-0.0595361400545918,-0.173148656609238,"Converged",FALSE,0.5
232,-2.67729803993564,3.1836931795258,-0.0388696060610404,"Converged",FALSE,0.5
233,-1.3296761609377,0.243675804323421,-0.100086271185665,"Converged",FALSE,0.5
234,-1.66526047469613,1.45971419095008,-0.131538469284077,"Converged",FALSE,0.5
235,-1.12381850572779,-0.152695935600192,-0.106503083026033,"Converged",FALSE,0.5
236,-1.68712501076133,0.372651685547518,-0.0682477253164902,"Converged",FALSE,0.5
237,-1.23873626984191,0.534450112185527,-0.171658417393539,"Converged",FALSE,0.5
238,-2.17458199937318,1.29348673649058,0.00680408447482164,"Converged",FALSE,0.5
239,-2.29513990041184,1.24131961019301,-0.0129818433959941,"Converged",FALSE,0.5
240,-1.66336222085731,0.447882006791074,-0.0815931070123653,"Converged",FALSE,0.5
241,-1.5086125511238,0.41929092189873,-0.076453004496965,"Converged",FALSE,0.5
242,-1.46060910574899,2.11609679970597,-0.201903775206358,"Converged",FALSE,0.5
243,-1.41060594526077,0.794135390135977,-0.132370149556632,"Converged",FALSE,0.5
244,NA,NA,NA,"MAX_ITER reached",FALSE,0.5
245,-0.915796499597147,-1.33010349317005,-0.0913253296524151,"Converged",FALSE,0.5
246,-2.25763926049891,2.72831910919443,-0.130185316966044,"Converged",FALSE,0.5
247,-1.22563545091775,0.0976862229739548,-0.149240307522383,"Converged",FALSE,0.5
248,-2.25225018399155,2.73755029995208,-0.0857290232440506,"Converged",FALSE,0.5
249,-2.13206158504404,1.38200654920492,-0.0432155313866821,"Converged",FALSE,0.5
250,-1.67788856065378,-0.111503408225201,-0.00589686404324858,"Converged",FALSE,0.5
251,-1.91446447042127,0.853047862463797,-0.0330435628902358,"Converged",FALSE,0.5
252,-2.07576251608092,2.91548111087587,-0.134190299637961,"Converged",FALSE,0.5
253,-1.94006808901976,2.10159682977051,-0.117674913720693,"Converged",FALSE,0.5
254,-1.77159636893197,1.1844679099575,-0.131771263526954,"Converged",FALSE,0.5
255,-1.91871572204133,0.973329384600052,-0.0660282722120723,"Converged",TRUE,0.5
256,-1.90781934262489,1.5914259360645,-0.0809686554112871,"Converged",FALSE,0.5
257,-2.01239217966593,1.28498046894507,-0.0868939190257344,"Converged",FALSE,0.5
258,-2.14255804472087,1.92792151554215,-0.0761596355314075,"Converged",FALSE,0.5
259,-1.76837877882888,1.16271847273037,-0.0759297475901966,"Converged",FALSE,0.5
260,-2.2498959375236,2.05302401209435,-0.030308684566252,"Converged",FALSE,0.5
261,-2.20196399425224,1.25313808898223,-0.00454074810742524,"Converged",FALSE,0.5
262,-1.64924973819711,2.14219271104917,-0.187585784966971,"Converged",FALSE,0.5
263,-1.30809549945622,1.08052911316547,-0.170214149286587,"Converged",TRUE,0.5
264,-1.39828917402324,0.464536843395221,-0.143944431872199,"Converged",FALSE,0.5
265,-1.90759414945714,2.20440596629002,-0.152323698341912,"Converged",FALSE,0.5
266,-1.62581031644417,0.985185196768046,-0.0893579126903798,"Converged",FALSE,0.5
267,-1.6229233946421,2.4350064227652,-0.181386874663004,"Converged",FALSE,0.5
268,-1.87278362488946,1.69712429415916,-0.109199915028006,"Converged",FALSE,0.5
269,-1.59221879996167,0.229091040478971,-0.082215509169824,"Converged",FALSE,0.5
270,-1.48163286290553,1.32985662910669,-0.144253821332358,"Converged",FALSE,0.5
271,-2.03041152282603,1.3542642022551,-0.0836180412943423,"Converged",FALSE,0.5
272,-2.21334921678102,3.02646555903513,-0.160267154527465,"Converged",FALSE,0.5
273,-1.46172938641733,0.414096761557355,-0.103503376888603,"Converged",FALSE,0.5
274,-1.61259852760644,1.47901605171639,-0.136990100213912,"Converged",FALSE,0.5
275,-1.86236104695384,1.79191082402302,-0.119980384783059,"Converged",FALSE,0.5
276,-2.13485727957097,1.35895910900454,-0.0361080031320135,"Converged",FALSE,0.5
277,-1.84447152693559,0.916801255184219,-0.0516352106484035,"Converged",FALSE,0.5
278,-1.03475973393452,0.698808071886669,-0.208026931089365,"Converged",FALSE,0.5
279,-1.99512447790641,1.64967378139477,-0.0489991590111813,"Converged",FALSE,0.5
280,-1.73173731660245,0.0356239179684605,-0.0510414779358284,"Converged",FALSE,0.5
281,-1.71431964781546,0.950550881631316,-0.066290208957252,"Converged",FALSE,0.5
282,-2.62907222930137,3.00790158418188,-0.0507221321222408,"Converged",FALSE,0.5
283,-1.71489244373075,1.60059224610232,-0.139680921328548,"Converged",FALSE,0.5
284,-2.11168904545772,2.60218430488136,-0.0905735413351304,"Converged",FALSE,0.5
285,-1.95377042120828,2.21794040304267,-0.129007102599109,"Converged",FALSE,0.5
286,-1.78346406190795,1.70288802767496,-0.0919900483121893,"Converged",FALSE,0.5
287,-2.11447024441987,1.99631392496249,-0.0861304591593325,"Converged",FALSE,0.5
288,-1.38627917748097,0.331703884725712,-0.147366128867302,"Converged",FALSE,0.5
289,-1.62541215821058,1.60344746238925,-0.13794297933765,"Converged",FALSE,0.5
290,-1.90820755752274,2.0977011253719,-0.139149701782083,"Converged",FALSE,0.5
291,-1.62333514042924,1.53343578810259,-0.152600827553995,"Converged",FALSE,0.5
292,-2.12855174766704,2.14572792124498,-0.0809185716105773,"Converged",FALSE,0.5
293,-2.01843016332602,2.55817190622356,-0.167971604417547,"Converged",FALSE,0.5
294,-1.49833992891107,0.875959583085536,-0.112492117605333,"Converged",FALSE,0.5
295,-2.16998058998736,1.67090262733633,-0.0709881964550325,"Converged",FALSE,0.5
296,-1.58190795748291,1.09302378021834,-0.126117841834026,"Converged",TRUE,0.5
297,-2.02356142572535,2.56458449995642,-0.131734435095036,"Converged",FALSE,0.5
298,-1.79411897148392,1.17683852633107,-0.105661071824077,"Converged",FALSE,0.5
299,-1.80039227464677,1.60141781524382,-0.0965058109492523,"Converged",FALSE,0.5
300,-2.32607939257068,1.96308088379085,-0.0349737502476705,"Converged",FALSE,0.5
301,-1.58813603165219,0.856197301782657,-0.0916303559702515,"Converged",FALSE,0.5
302,-2.00481143303053,1.62236907644993,-0.0955065041720834,"Converged",FALSE,0.5
303,-1.73703894594022,0.794702351715854,-0.0676302336028976,"Converged",FALSE,0.5
304,-2.0672020065577,2.00810415162926,-0.0973126679380815,"Converged",FALSE,0.5
305,-2.27117305626903,2.10938049415245,-0.0634993522367078,"Converged",FALSE,0.5
306,-1.63169329535131,0.713009958391263,-0.0887908189136414,"Converged",FALSE,0.5
307,-2.33595223102041,2.10788020541436,-0.0302490273243179,"Converged",FALSE,0.5
308,-1.75401824968444,0.497725236772782,-0.0572152963341097,"Converged",FALSE,0.5
309,-2.52888353138584,2.50455895814878,-0.0483629560390293,"Converged",FALSE,0.5
310,-2.20330365999642,2.62085315278205,-0.0832029732366301,"Converged",FALSE,0.5
311,-1.81359924731456,1.61273892984418,-0.0895725245673758,"Converged",FALSE,0.5
312,-1.42744513583378,-0.331929790366484,-0.0472260646692521,"Converged",FALSE,0.5
313,-1.95168837220293,1.84593693657813,-0.112072343446814,"Converged",FALSE,0.5
314,-1.90922769093472,2.08842039349504,-0.123925375231043,"Converged",FALSE,0.5
315,-2.09011049312272,2.23594204048016,-0.0969691413950325,"Converged",FALSE,0.5
316,-2.09334341571489,2.26559733511939,-0.137011397287964,"Converged",FALSE,0.5
317,-2.05557036900607,2.11249558637512,-0.109964173851587,"Converged",FALSE,0.5
318,-1.60957517691269,1.07936331881248,-0.107045869066073,"Converged",FALSE,0.5
319,-2.54441294823574,2.8219016049272,-0.0498144166723861,"Converged",TRUE,0.5
320,-1.73891783866004,0.481637450150509,-0.029376600690493,"Converged",TRUE,0.5
321,-2.79883484408046,4.06594351947682,-0.125171729969086,"Converged",FALSE,0.5
322,-1.62476284705364,0.787761049273477,-0.0791857364753448,"Converged",FALSE,0.5
323,-2.08982863527246,0.976487568622628,-0.0270293805782574,"Converged",FALSE,0.5
324,-2.21676770569611,3.10076617792186,-0.137113385442305,"Converged",FALSE,0.5
325,-2.36720360298097,2.07114453023149,-0.0331321712113941,"Converged",FALSE,0.5
326,-2.12833436617772,1.33951444754461,-0.0239796871422194,"Converged",FALSE,0.5
327,-1.5392124256656,1.04772245440142,-0.147317192522833,"Converged",FALSE,0.5
328,-1.46388221776117,0.575919853301363,-0.101118975740383,"Converged",FALSE,0.5
329,-1.47796536451058,-0.0971770842809231,-0.0654101000595197,"Converged",FALSE,0.5
330,-1.73676733981638,1.19106965161704,-0.0629066293742086,"Converged",FALSE,0.5
331,-1.56694345006489,1.33977428517042,-0.128243373087459,"Converged",FALSE,0.5
332,-1.68912459146744,1.08723739418869,-0.111011383664765,"Converged",FALSE,0.5
333,-1.5284192026332,1.75538757844602,-0.21712104110439,"Converged",FALSE,0.5
334,-1.79831812804219,1.05478286185066,-0.103705931159081,"Converged",FALSE,0.5
335,-1.28435489787754,-0.487370643884878,-0.0487588259383486,"Converged",FALSE,0.5
336,-2.39888904113109,1.75564799122241,0.0163718964629392,"Converged",FALSE,0.5
337,-1.71532411047722,0.758851278890232,-0.0587301436351682,"Converged",FALSE,0.5
338,-2.43960797115651,3.00522166576674,-0.0570871672727753,"Converged",FALSE,0.5
339,-1.71451226871401,1.00947314077636,-0.0731420952602973,"Converged",FALSE,0.5
340,-1.50902111880752,0.370542216675374,-0.131966506668749,"Converged",TRUE,0.5
341,-1.51715289625679,1.41795760730607,-0.189995440250892,"Converged",FALSE,0.5
342,-1.73120534939778,1.44617930004859,-0.143321441366448,"Converged",FALSE,0.5
343,-2.25435764712142,2.43612670468537,-0.108457591691325,"Converged",FALSE,0.5
344,-1.75852608682279,1.57100873410307,-0.11412939622752,"Converged",FALSE,0.5
345,-0.902541355816074,0.18121512217643,-0.190600598637483,"Converged",FALSE,0.5
346,-1.99661067219766,1.42685435161931,-0.11163781279989,"Converged",FALSE,0.5
347,-1.68324896757122,0.848062290292427,-0.124500686037726,"Converged",FALSE,0.5
348,-1.91378543574202,1.14910403579946,-0.0485536111231176,"Converged",FALSE,0.5
349,-1.50087499231523,1.17504035904684,-0.154258556410588,"Converged",FALSE,0.5
350,-1.7308723611132,0.391355633410254,-0.0628363442194753,"Converged",FALSE,0.5
351,-1.07176541093916,-0.0914085061822377,-0.131387792898995,"Converged",FALSE,0.5
352,-1.41192994026671,0.614060233265864,-0.150736749694907,"Converged",FALSE,0.5
353,-1.93767830888189,1.07827020416078,-0.0493832358068825,"Converged",FALSE,0.5
354,NA,NA,NA,"MAX_ITER reached",FALSE,0.5
355,-2.36183738992297,3.20670187462575,-0.149953572199914,"Converged",FALSE,0.5
356,-1.52744058532923,1.00775259831808,-0.1029898807841,"Converged",FALSE,0.5
357,-1.52170053274178,2.34210540427945,-0.212899996114527,"Converged",FALSE,0.5
358,-1.90909511957364,1.486658613611,-0.0905409892398006,"Converged",FALSE,0.5
359,-2.23544069389617,1.65645264253734,-0.0104270511714782,"Converged",FALSE,0.5
360,-1.73838889883344,1.79939650110673,-0.137888689491426,"Converged",FALSE,0.5
361,-1.46225100317364,0.973613111689256,-0.109095297400938,"Converged",FALSE,0.5
362,-1.42555406998876,1.24809318879247,-0.140442817776072,"Converged",FALSE,0.5
363,-1.72416168899752,0.777224631720624,-0.0805927143023091,"Converged",FALSE,0.5
364,-1.90231262556593,1.41983082136779,-0.0972511912791356,"Converged",FALSE,0.5
365,-1.56422467503351,0.795900067543209,-0.110397147819769,"Converged",FALSE,0.5
366,-1.38412495107875,0.649948824521392,-0.148206657563403,"Converged",FALSE,0.5
367,-2.06624168577967,1.47540058614647,-0.0711356614658887,"Converged",FALSE,0.5
368,-1.97044942262884,1.89311157704305,-0.10904959131821,"Converged",FALSE,0.5
369,-1.94172761522092,2.63819065243418,-0.151599405252819,"Converged",FALSE,0.5
370,-1.36314984584289,1.7517800720129,-0.218735856655746,"Converged",FALSE,0.5
371,-1.25839802257914,0.258856398985038,-0.127229068660633,"Converged",FALSE,0.5
372,-2.09563650805588,1.80832484308449,-0.0930074894289669,"Converged",FALSE,0.5
373,-1.80862211043003,0.806765982651042,-0.0640579281213448,"Converged",FALSE,0.5
374,-2.35710145039855,1.63331792493437,-0.0223554951180744,"Converged",FALSE,0.5
375,-1.74917051513697,1.12551933851383,-0.0512686928080208,"Converged",FALSE,0.5
376,-1.5935643635738,1.1582839796494,-0.143367628973366,"Converged",FALSE,0.5
377,-2.23275685410765,2.49997702151316,-0.074862004780247,"Converged",FALSE,0.5
378,-2.18112110526945,2.32284472954019,-0.0753520907484195,"Converged",FALSE,0.5
379,-1.29390898423861,-0.0845206638272363,-0.113142559859597,"Converged",FALSE,0.5
380,-1.5355664352247,1.97631796216267,-0.149004817828853,"Converged",FALSE,0.5
381,-1.67712711123344,1.27783038685588,-0.10550833036554,"Converged",FALSE,0.5
382,-0.93587453725297,-0.800678060680882,-0.118538911223543,"Converged",FALSE,0.5
383,-1.28106617459213,0.733701203658439,-0.171500161467326,"Converged",FALSE,0.5
384,-2.17787896019552,2.22440176846707,-0.0983668667886962,"Converged",FALSE,0.5
385,-1.60355738214978,1.68829663012252,-0.148381024778627,"Converged",FALSE,0.5
386,-1.92042560594247,1.11417177936476,-0.0520177445595104,"Converged",FALSE,0.5
387,-1.4516902711451,1.04975687643877,-0.13316014072232,"Converged",FALSE,0.5
388,-2.45189250497999,2.91801770727589,-0.0697770082482252,"Converged",FALSE,0.5
389,-2.41323741246971,3.33404827190806,-0.103572151371872,"Converged",FALSE,0.5
390,-1.89173493525941,2.08044909969184,-0.123421789152161,"Converged",FALSE,0.5
391,-1.95831396906042,2.50697800076483,-0.161413534590251,"Converged",FALSE,0.5
392,-1.76795539764515,1.19501102732352,-0.0719339006865087,"Converged",FALSE,0.5
393,-1.63272510361078,0.630761372144899,-0.0984113470955353,"Converged",FALSE,0.5
394,-2.27787879910384,3.63478067823386,-0.17703079732764,"Converged",FALSE,0.5
395,-1.62905750967763,1.57308375001362,-0.169436140678077,"Converged",FALSE,0.5
396,-1.7084557597483,1.70461807303269,-0.124412320718054,"Converged",FALSE,0.5
397,-2.01875255734922,1.86904120477827,-0.0837453936533441,"Converged",FALSE,0.5
398,-1.79936671965798,1.37994198861671,-0.0716380847875263,"Converged",FALSE,0.5
399,-1.77055745307966,1.15326814870705,-0.10365894672758,"Converged",FALSE,0.5
400,-1.38571718758948,-0.11270509756493,-0.0974794936512944,"Converged",FALSE,0.5
401,-1.62338449689672,0.664173564762021,-0.105333257898648,"Converged",FALSE,0.5
402,-1.20026634931101,0.686378257752072,-0.171885671479794,"Converged",FALSE,0.5
403,-1.79988519326394,1.48051452270226,-0.140855688989504,"Converged",FALSE,0.5
404,-2.56211314455617,3.2600196058664,-0.0698985946005865,"Converged",FALSE,0.5
405,-1.48579486172384,1.65184979999801,-0.202598577589009,"Converged",FALSE,0.5
406,-2.16455377636883,1.07086714839825,-0.0217935874730245,"Converged",FALSE,0.5
407,-1.91145504413001,1.57598173870268,-0.129205923360033,"Converged",FALSE,0.5
408,-1.69363928155525,1.35159017885979,-0.0857924960050562,"Converged",FALSE,0.5
409,-1.62842153789862,1.08856296481626,-0.0898973646274923,"Converged",FALSE,0.5
410,-2.4839360915159,1.98539960923755,0.0111140889493506,"Converged",FALSE,0.5
411,-1.69534520383916,1.91180850077513,-0.163715201894124,"Converged",FALSE,0.5
412,-2.53332279699404,2.41789830763515,-0.00758843747725409,"Converged",FALSE,0.5
413,-1.82278758500384,1.2856934680748,-0.100228384931609,"Converged",FALSE,0.5
414,-1.36414582804759,0.320697789131553,-0.12648790316625,"Converged",FALSE,0.5
415,-2.19640150014507,2.37552607786189,-0.0808975340766788,"Converged",FALSE,0.5
416,-1.75533167183671,0.868823234214441,-0.0769422611089927,"Converged",FALSE,0.5
417,-2.37423040559513,2.82417524855278,-0.0902540966491038,"Converged",FALSE,0.5
418,-1.70520553016876,2.40552303168731,-0.197965652792112,"Converged",FALSE,0.5
419,-1.36605963079876,0.17814555290995,-0.0946179117208614,"Converged",FALSE,0.5
420,-2.01179007148041,2.1201285434203,-0.105173256822934,"Converged",FALSE,0.5
421,-1.98171551599913,2.00816325687074,-0.075912482639443,"Converged",FALSE,0.5
422,-1.84936408392003,1.18714064957607,-0.0822398307964708,"Converged",FALSE,0.5
423,-1.73673838052145,0.551859302458859,-0.0658667763073105,"Converged",FALSE,0.5
424,-2.30622386507854,2.75704787101654,-0.0975453470365302,"Converged",FALSE,0.5
425,-1.7278892812688,1.09930597044227,-0.0808726267571239,"Converged",FALSE,0.5
426,-2.03127569036236,1.90986184572398,-0.0396372243425012,"Converged",FALSE,0.5
427,-1.35329140685774,0.15809963647929,-0.111814088451563,"Converged",FALSE,0.5
428,-1.69597544203958,2.21476803484383,-0.167711822708379,"Converged",FALSE,0.5
429,-1.84793887866053,1.78587889129942,-0.120171794818721,"Converged",FALSE,0.5
430,-1.81561158175507,2.20588623073063,-0.14580717183148,"Converged",FALSE,0.5
431,-1.40244309890152,0.810451553062916,-0.161043531003532,"Converged",FALSE,0.5
432,-1.63204071998453,1.32284222560496,-0.151589776660479,"Converged",FALSE,0.5
433,-1.64370772633822,0.298869486894634,-0.0659449318264608,"Converged",FALSE,0.5
434,-1.76342909662892,1.52618934093014,-0.119145877369832,"Converged",FALSE,0.5
435,-2.43136829929733,1.83613919291743,-0.00958888798875329,"Converged",FALSE,0.5
436,-2.24886057610482,3.01417825014468,-0.0998323033370218,"Converged",FALSE,0.5
437,-1.84342974759494,1.97407736199719,-0.103569228083901,"Converged",FALSE,0.5
438,-1.59752048346747,0.815720585077496,-0.0976382787818416,"Converged",FALSE,0.5
439,-1.90842723466399,1.02112552651465,-0.0592399089059605,"Converged",FALSE,0.5
440,-1.54974313860943,0.796611081109038,-0.110004554539528,"Converged",FALSE,0.5
441,-1.99974689269681,1.89149168233126,-0.0773053800560837,"Converged",FALSE,0.5
442,-2.14189662388209,2.28448555749469,-0.126858908177797,"Converged",FALSE,0.5
443,-2.26656198679632,2.29773166681764,-0.0815978219241717,"Converged",FALSE,0.5
444,-2.27197336946383,2.28734548740992,-0.0495319324376837,"Converged",FALSE,0.5
445,-2.2864911924514,2.45272468233247,-0.076109301897671,"Converged",FALSE,0.5
446,-2.25835997132473,3.29375661886642,-0.171742373515532,"Converged",FALSE,0.5
447,-2.01773854816998,1.51201843440919,-0.047719084836866,"Converged",FALSE,0.5
448,-1.96149801573495,1.56686905707659,-0.110468404163031,"Converged",FALSE,0.5
449,-1.51441358464152,0.587375489193175,-0.107948040599498,"Converged",FALSE,0.5
450,-2.03469987389642,2.02193682980988,-0.08661229622792,"Converged",FALSE,0.5
451,-1.33739741283634,1.46515820519248,-0.221655318564157,"Converged",FALSE,0.5
452,-2.04192982140559,0.968300690100761,-0.0212989303321212,"Converged",FALSE,0.5
453,-2.42623567141405,2.81181622243262,-0.0476037458408226,"Converged",FALSE,0.5
454,-1.51037139977918,1.17965229916573,-0.134704337054167,"Converged",FALSE,0.5
455,-1.41591164196426,0.852265722705836,-0.149985252700373,"Converged",FALSE,0.5
456,-1.46303712474325,0.283117506608896,-0.0676707127970425,"Converged",FALSE,0.5
457,-2.02758987813883,1.41592515437065,-0.0892852243065344,"Converged",FALSE,0.5
458,-1.48732045088555,0.425323846401407,-0.123415676799945,"Converged",FALSE,0.5
459,-2.22316030509507,2.32729327751258,-0.11332404478638,"Converged",FALSE,0.5
460,-1.79384971931418,1.6318719951136,-0.152353966134047,"Converged",FALSE,0.5
461,-2.55801040395282,3.22199317972641,-0.0810633167670144,"Converged",FALSE,0.5
462,-1.72209519144475,1.08563543488234,-0.0760094805785425,"Converged",FALSE,0.5
463,NA,NA,NA,"MAX_ITER reached",FALSE,0.5
464,-1.69941130452772,1.9024664901919,-0.150525415792656,"Converged",FALSE,0.5
465,-1.78363006494265,1.43553760537555,-0.109627709602953,"Converged",FALSE,0.5
466,-1.55998404250876,0.355220079607357,-0.0676830663836501,"Converged",FALSE,0.5
467,-1.98902370006741,1.82060922725286,-0.0668230497662295,"Converged",FALSE,0.5
468,-2.14019324102178,1.84037412842875,-0.0569001121335729,"Converged",FALSE,0.5
469,-1.98198519056773,2.75834914054728,-0.13647091443291,"Converged",FALSE,0.5
470,-2.00513335505356,1.5318921067008,-0.0594974661326756,"Converged",FALSE,0.5
471,-2.4643914582587,2.14342674331493,-0.0350988108784112,"Converged",FALSE,0.5
472,-1.54192602282053,1.10501853765932,-0.106231949306108,"Converged",FALSE,0.5
473,-1.35677894611943,0.389019127507953,-0.114196423259791,"Converged",FALSE,0.5
474,-2.09734093580045,1.15262573612374,-0.0410852761469244,"Converged",FALSE,0.5
475,-1.93976211000238,1.66334299602995,-0.0696118827340015,"Converged",FALSE,0.5
476,-2.15017058053629,3.16144095146009,-0.140732539042693,"Converged",FALSE,0.5
477,-1.07355931670286,-0.634333630528,-0.114472207569761,"Converged",FALSE,0.5
478,-0.96864935264089,-0.108754019424781,-0.165000832833453,"Converged",FALSE,0.5
479,-1.91065100514811,2.35626860316686,-0.144854992942623,"Converged",FALSE,0.5
480,-1.73138522182323,1.57551550224314,-0.0989085751860821,"Converged",FALSE,0.5
481,-1.20084659115183,0.304251715073086,-0.138820331902208,"Converged",FALSE,0.5
482,-1.57478766516782,0.937646810882168,-0.136269986025944,"Converged",FALSE,0.5
483,-1.78691755005385,1.69726857044681,-0.130597289348758,"Converged",FALSE,0.5
484,-1.4690024522069,0.00095943132953762,-0.0402299745953014,"Converged",TRUE,0.5
485,-2.91505163005425,3.21335514467444,-0.018155190017385,"Converged",FALSE,0.5
486,-1.89631941080652,1.52887537419411,-0.0987084759046288,"Converged",FALSE,0.5
487,-2.18394302004713,2.85923008453389,-0.111241038397268,"Converged",FALSE,0.5
488,-1.43766814180031,0.00593840069475981,-0.0846411153464747,"Converged",FALSE,0.5
489,-2.18004525571867,1.7546869608491,-0.0495927905364091,"Converged",FALSE,0.5
490,-1.79285904109469,1.47637778515854,-0.111801423235485,"Converged",FALSE,0.5
491,-1.93507996647959,1.86711120767286,-0.100727488612163,"Converged",FALSE,0.5
492,-2.24013852101332,2.0712062423713,-0.0522836859347795,"Converged",FALSE,0.5
493,-1.77271902821531,0.978766867992005,-0.0821028726181065,"Converged",FALSE,0.5
494,-1.87469275375908,2.23784541339405,-0.153360139327377,"Converged",FALSE,0.5
495,-1.1541912520035,0.42087284096173,-0.154803444528717,"Converged",FALSE,0.5
496,-1.38948391315275,0.481525971332508,-0.102080593651595,"Converged",FALSE,0.5
497,-1.19342927983258,0.278068361398232,-0.155819551796824,"Converged",FALSE,0.5
498,-1.99003371960885,2.22631875388457,-0.103198429699123,"Converged",FALSE,0.5
499,-2.23938183819489,3.00552947121424,-0.120705567627726,"Converged",FALSE,0.5
500,-2.58918944034557,3.33660194987243,-0.0770008948271987,"Converged",FALSE,0.5
501,-1.76639656020543,1.54422661773235,-0.0945595380887273,"Converged",FALSE,0.5
502,-2.32248826974825,3.02478461849212,-0.130285878769309,"Converged",FALSE,0.5
503,NA,NA,NA,"MAX_ITER reached",FALSE,0.5
504,-1.58198890888223,1.26550640339352,-0.0893083497915201,"Converged",FALSE,0.5
505,-1.46497542745686,0.431208799152746,-0.102984243818616,"Converged",FALSE,0.5
506,-2.03238531789585,2.03786868248717,-0.111880133414102,"Converged",FALSE,0.5
507,-1.75101905456445,1.20418042987531,-0.0860172345092727,"Converged",FALSE,0.5
508,-1.99000416109908,1.45199534490255,-0.108960828398366,"Converged",FALSE,0.5
509,-2.17288372889014,2.01854240595811,-0.0703280645054993,"Converged",FALSE,0.5
510,-1.92263537004806,2.40477376487141,-0.154894457142992,"Converged",FALSE,0.5
511,-1.03900572642325,-0.273643658816473,-0.156579524632833,"Converged",FALSE,0.5
512,-1.64289422033372,0.845720920532784,-0.140927494494098,"Converged",FALSE,0.5
513,-1.62078570289192,1.67759619236643,-0.11519750354664,"Converged",FALSE,0.5
514,-1.23549625328215,0.355303177696845,-0.154489375957871,"Converged",FALSE,0.5
515,-2.0125541013157,2.21390455995451,-0.140297706379628,"Converged",FALSE,0.5
516,-1.40517671661683,0.814719465438901,-0.136554291760664,"Converged",TRUE,0.5
517,-1.93895137999693,1.50569878735829,-0.103403672009474,"Converged",FALSE,0.5
518,-1.52071840118768,0.221921313350298,-0.0991580921600537,"Converged",FALSE,0.5
519,-1.48209777218973,1.44923860240515,-0.190471485318848,"Converged",FALSE,0.5
520,-2.4663009894892,3.02459241460247,-0.0595869073936412,"Converged",FALSE,0.5
521,-1.41277604431615,0.334475577089496,-0.0682691690975082,"Converged",FALSE,0.5
522,-1.82318491926068,2.21348682445266,-0.163109424728442,"Converged",FALSE,0.5
523,-1.68369111159636,1.52426465478169,-0.118423628434041,"Converged",FALSE,0.5
524,-2.255504241625,2.7933924155836,-0.0901929639021449,"Converged",FALSE,0.5
525,-1.74352796575904,0.49434606769171,-0.0400307446210742,"Converged",FALSE,0.5
526,-1.43167387538723,0.388496528501202,-0.101544730650053,"Converged",FALSE,0.5
527,-1.77418244026705,0.291102514657227,-0.0204134961940633,"Converged",FALSE,0.5
528,-1.9496861484437,1.45109840688439,-0.121664254123918,"Converged",FALSE,0.5
529,-1.3271522870602,0.0940879404506063,-0.114157539728693,"Converged",TRUE,0.5
530,-1.3998810605161,0.726918712656209,-0.128734649838872,"Converged",FALSE,0.5
531,-2.25738821527444,2.37968447469553,-0.088944553981756,"Converged",TRUE,0.5
532,-2.2514292957631,2.00806909812629,-0.076052461404095,"Converged",FALSE,0.5
533,-1.56095229295963,0.546963859210286,-0.0932673389184079,"Converged",FALSE,0.5
534,-1.23067117666325,-0.0878254839537077,-0.116342347500673,"Converged",FALSE,0.5
535,-2.13823254070754,2.14112489046772,-0.0589120470308489,"Converged",FALSE,0.5
536,-1.71299022163025,1.3486999835322,-0.122464758225278,"Converged",FALSE,0.5
537,-1.54247014897228,1.19966819941744,-0.128789567931042,"Converged",FALSE,0.5
538,-1.95888807915814,1.14018729184376,-0.0737185450858204,"Converged",FALSE,0.5
539,-2.23748992991096,1.21812596488071,0.00652781978654946,"Converged",FALSE,0.5
540,-1.9904510556985,1.27202364098834,-0.0483161726721705,"Converged",FALSE,0.5
541,-1.8019031442741,1.67094338551265,-0.124524333856224,"Converged",FALSE,0.5
542,-1.61306474751386,1.02130146648552,-0.120574647905248,"Converged",FALSE,0.5
543,-2.17675053287068,2.04206203558451,-0.0308759657715418,"Converged",FALSE,0.5
544,-1.98107669731833,1.18257936984461,-0.030810816421317,"Converged",FALSE,0.5
545,-2.14835308332733,2.53476883699072,-0.125874783243012,"Converged",FALSE,0.5
546,-2.54382266815078,3.14133397105607,-0.0936878080158359,"Converged",FALSE,0.5
547,-2.2933628616775,1.8719545446958,-0.0627946898107796,"Converged",FALSE,0.5
548,-2.41636997432514,1.49680812516382,0.0101623120548472,"Converged",FALSE,0.5
549,-1.63454178970484,0.605700140689519,-0.0819065756863763,"Converged",FALSE,0.5
550,-1.39477920680411,-0.729237182886841,-0.041213444036293,"Converged",FALSE,0.5
551,-1.41901172145054,0.899182535794419,-0.141714911421749,"Converged",FALSE,0.5
552,-1.75100799094069,0.879561530556534,-0.0760075413065185,"Converged",FALSE,0.5
553,-1.49634509648625,-0.121315226636456,-0.0401364071911716,"Converged",FALSE,0.5
554,-1.75172687396856,1.50202564047083,-0.130635586608565,"Converged",FALSE,0.5
555,-1.6562854460515,1.18889230797111,-0.125892582454431,"Converged",FALSE,0.5
556,-1.6492904348942,0.514946577943114,-0.0586331850856865,"Converged",TRUE,0.5
557,-1.95301803368398,1.49600844496091,-0.0952185152857237,"Converged",FALSE,0.5
558,-1.62674756352772,0.689320761391973,-0.0702517575322405,"Converged",TRUE,0.5
559,-1.47711357981857,1.16845424656056,-0.151296689355578,"Converged",FALSE,0.5
560,-2.06321815086498,2.08223248806677,-0.0520202128049338,"Converged",FALSE,0.5
561,-2.12646936081578,1.95873994754838,-0.0605184793000168,"Converged",FALSE,0.5
562,-2.24070144366843,2.18885360162487,-0.0997775026381305,"Converged",FALSE,0.5
563,-1.27458457407068,0.833716167634327,-0.160715678363854,"Converged",FALSE,0.5
564,-1.69337528088614,0.811686257646754,-0.0852417166779478,"Converged",FALSE,0.5
565,-2.06899573608533,1.56937401612441,-0.063258847855946,"Converged",FALSE,0.5
566,-1.53625538201567,1.10628549158032,-0.129148363138925,"Converged",FALSE,0.5
567,-1.75717135768866,1.79266984690503,-0.167923025935838,"Converged",FALSE,0.5
568,-2.07309382662593,0.621323358215941,-0.0166712518155191,"Converged",FALSE,0.5
569,-2.00018449564414,2.29505564233619,-0.108595007509606,"Converged",FALSE,0.5
570,-2.28537791237533,1.62645515200269,-0.0048408244384819,"Converged",FALSE,0.5
571,-2.11003562951037,1.2939801783558,-0.0646898875224608,"Converged",FALSE,0.5
572,-2.01402195582255,2.69468632567498,-0.140340835422982,"Converged",FALSE,0.5
573,-1.33034013823905,0.742337585091229,-0.189941777088906,"Converged",FALSE,0.5
574,-1.22298244767185,0.155078802894982,-0.124550928553188,"Converged",FALSE,0.5
575,-1.97005694637926,1.89931731231321,-0.10520953679084,"Converged",FALSE,0.5
576,-1.6880877174844,1.59455302017905,-0.130216967160196,"Converged",FALSE,0.5
577,-1.82505227144657,2.01874582915326,-0.138407144928217,"Converged",FALSE,0.5
578,-2.09022700907321,0.55935052328676,0.00864064631238559,"Converged",FALSE,0.5
579,-2.32485940190184,1.8545085732117,-0.0156286220622614,"Converged",FALSE,0.5
580,-1.20785471988638,-0.415821893451249,-0.0938603949133533,"Converged",FALSE,0.5
581,-1.86926760013554,0.0582963827557246,-0.0172822878244574,"Converged",FALSE,0.5
582,-1.35394821928863,0.553540855955832,-0.133344073715338,"Converged",FALSE,0.5
583,-1.97418716954927,2.11807134557208,-0.129357090909796,"Converged",FALSE,0.5
584,-2.32669118486767,3.01549916878865,-0.110359955520178,"Converged",FALSE,0.5
585,-2.04599342800149,1.69728695698121,-0.0489983417369991,"Converged",FALSE,0.5
586,-1.59217947871544,0.696415370061033,-0.0700852747174563,"Converged",FALSE,0.5
587,-1.11368610884732,0.180534393495491,-0.206194130169355,"Converged",TRUE,0.5
588,-1.79529017504899,1.07141262747254,-0.0840799687683586,"Converged",FALSE,0.5
589,-1.76907860537177,1.94855121370958,-0.150062811691162,"Converged",FALSE,0.5
590,-2.15542349186659,2.63169159687121,-0.162987567133049,"Converged",FALSE,0.5
591,-2.01068848879483,2.32456085715076,-0.129172239362227,"Converged",FALSE,0.5
592,-2.14389706662678,2.12306311921549,-0.099915595194498,"Converged",FALSE,0.5
593,-1.7332899450803,1.39672002068578,-0.0897440406758605,"Converged",FALSE,0.5
594,-2.29192209158771,2.71535138033763,-0.0996852655512385,"Converged",FALSE,0.5
595,-1.87685549515342,1.34175856039198,-0.084309173054622,"Converged",FALSE,0.5
596,-1.52070127549426,0.515984062821003,-0.0834082662139582,"Converged",FALSE,0.5
597,-1.76687987045858,0.896790560227184,-0.0551214708642905,"Converged",FALSE,0.5
598,-2.28838073294305,1.44753318754461,-0.0186059115163374,"Converged",FALSE,0.5
599,-1.78036709235874,1.191379796191,-0.081034518218015,"Converged",FALSE,0.5
600,-1.26418920182736,-0.149978092211291,-0.102823493116614,"Converged",FALSE,0.5
601,-1.77938676605903,2.09066865484182,-0.146816797418972,"Converged",FALSE,0.5
602,-1.99350269392251,2.22912345293795,-0.14467898632085,"Converged",FALSE,0.5
603,-1.99844276662919,1.22215886131643,-0.020354590769306,"Converged",FALSE,0.5
604,-1.98393615508657,1.5744017913965,-0.0812431944750616,"Converged",FALSE,0.5
605,-1.57472584995136,0.911761919864665,-0.102088329892516,"Converged",FALSE,0.5
606,-2.18837148294467,1.864251471747,-0.0583209390803077,"Converged",FALSE,0.5
607,-1.88823199500363,1.42416740151861,-0.091243128311861,"Converged",FALSE,0.5
608,-2.44617319558866,3.23546233285248,-0.0743072533364517,"Converged",FALSE,0.5
609,-1.68335587633228,1.17803200170679,-0.121584632390999,"Converged",FALSE,0.5
610,-1.96138188353832,1.0284429112126,-0.050532948918292,"Converged",FALSE,0.5
611,-1.92938552172419,1.48290840561881,-0.0918425692615304,"Converged",FALSE,0.5
612,-1.7034604980842,1.11768802849677,-0.115855576846837,"Converged",FALSE,0.5
613,-1.31726160962512,0.547896718975019,-0.132681552784676,"Converged",FALSE,0.5
614,-2.07719454357948,2.76929898631556,-0.129381191040273,"Converged",FALSE,0.5
615,-1.35161433192896,0.741256549657299,-0.134134791849295,"Converged",FALSE,0.5
616,-2.08149581887178,2.17862242445784,-0.0550337164758493,"Converged",FALSE,0.5
617,-1.88629399878693,0.819025701565413,-0.0405295783609143,"Converged",TRUE,0.5
618,-2.09900935824074,2.77312629016341,-0.133466694023339,"Converged",FALSE,0.5
619,-1.99734677017249,2.71882712160405,-0.12363832870716,"Converged",FALSE,0.5
620,-1.84869887017877,1.0261201948852,-0.0814762842362019,"Converged",FALSE,0.5
621,-1.93196592899716,2.10522041990305,-0.141110106160486,"Converged",FALSE,0.5
622,-2.22418694079,2.38579817745629,-0.0926702981144889,"Converged",FALSE,0.5
623,-1.7492697334324,1.19734617132835,-0.116013962512939,"Converged",FALSE,0.5
624,-1.6477517914727,1.72692933260539,-0.136387217674425,"Converged",FALSE,0.5
625,-1.96325861556458,2.19768936174986,-0.111658624305622,"Converged",FALSE,0.5
626,-1.37705653727459,1.04420474675647,-0.173110576022336,"Converged",FALSE,0.5
627,-0.958331935632455,-0.236745381497283,-0.142937916883382,"Converged",FALSE,0.5
628,-1.44216772236426,0.86865978213638,-0.0925932767482089,"Converged",FALSE,0.5
629,-2.25653396700225,1.87781433398624,-0.065061246796403,"Converged",FALSE,0.5
630,-1.64540985939806,0.849877059190241,-0.0742925941885454,"Converged",FALSE,0.5
631,-2.45288729285116,2.70327598203927,-0.0829055614913792,"Converged",FALSE,0.5
632,NA,NA,NA,"MAX_ITER reached",FALSE,0.5
633,-2.70000234044707,2.85027284700433,-0.0227048057352582,"Converged",FALSE,0.5
634,-1.56695835579308,0.949939366615659,-0.121923452313214,"Converged",FALSE,0.5
635,-1.88885766199098,1.98993786937637,-0.158498044010944,"Converged",FALSE,0.5
636,-1.69417378136819,1.21839456134928,-0.112356563959292,"Converged",FALSE,0.5
637,-2.02422080345627,1.54574557611212,-0.0460490840157096,"Converged",FALSE,0.5
638,-2.52954572152781,2.66045998690117,-0.0433635839563081,"Converged",FALSE,0.5
639,-1.43426981225078,0.98094187017218,-0.147519709054517,"Converged",FALSE,0.5
640,-1.39150333186477,0.718215563668733,-0.127458585958097,"Converged",FALSE,0.5
641,-2.08500284167714,1.150861220562,-0.0172709000541411,"Converged",FALSE,0.5
642,-2.10850229888991,1.97815019568301,-0.0695792719856026,"Converged",FALSE,0.5
643,-2.04761038534054,1.5927592386752,-0.0666617073228608,"Converged",FALSE,0.5
644,-1.46853491143575,1.4364746704618,-0.147183638398255,"Converged",FALSE,0.5
645,-2.33902758609118,2.05316545243626,-0.0460240842534096,"Converged",FALSE,0.5
646,-1.86199387166457,0.489846625469132,-0.0358638253461048,"Converged",FALSE,0.5
647,NA,NA,NA,"MAX_ITER reached",FALSE,0.5
648,-0.936167727501452,0.173588351357932,-0.186628601335927,"Converged",FALSE,0.5
649,-1.23025526788292,0.133402257562232,-0.125840321989341,"Converged",FALSE,0.5
650,-2.60444517330401,3.16954081142374,-0.0620239454391328,"Converged",FALSE,0.5
651,-1.72730250354733,1.68305233379396,-0.11153478819793,"Converged",FALSE,0.5
652,-1.03056340622889,-1.19646326781712,-0.0575228816666315,"Converged",FALSE,0.5
653,-1.74606281535591,1.76283900559651,-0.108666845249587,"Converged",FALSE,0.5
654,-1.41649314813447,1.25564410830394,-0.18867341096826,"Converged",FALSE,0.5
655,-2.20383066333111,2.37481930461334,-0.0708727060159046,"Converged",FALSE,0.5
656,-1.37261623932198,1.03733154476434,-0.148896967387258,"Converged",FALSE,0.5
657,-1.77470453343996,1.77140431396616,-0.152548920650425,"Converged",FALSE,0.5
658,-1.61020946937723,0.980240751306754,-0.116142214234986,"Converged",FALSE,0.5
659,-1.88384614493038,1.19973194091514,-0.0528069307394852,"Converged",FALSE,0.5
660,-1.74865671048257,1.30773603614357,-0.127768802737665,"Converged",FALSE,0.5
661,-2.03743926629642,2.09471441902652,-0.0774158577913229,"Converged",TRUE,0.5
662,-1.63449749846313,1.29944564069734,-0.0994463476454843,"Converged",FALSE,0.5
663,-2.55006800487073,2.34338340905697,-0.0190569821643925,"Converged",FALSE,0.5
664,-1.46655079548012,0.385681544460052,-0.0948392492097591,"Converged",FALSE,0.5
665,-1.32232277961681,1.02567371344456,-0.168148276752973,"Converged",FALSE,0.5
666,-2.55554730099243,3.18375704875602,-0.102822214119425,"Converged",FALSE,0.5
667,-1.65662184510266,1.12978162761981,-0.0870047609480789,"Converged",FALSE,0.5
668,-1.77238906546745,0.394019114186754,-0.016497063585579,"Converged",FALSE,0.5
669,-1.44070411263169,0.600553927018092,-0.117807159934157,"Converged",FALSE,0.5
670,-1.65863795260528,1.2433725226967,-0.137603371734632,"Converged",FALSE,0.5
671,-2.14317631273942,1.77745730532564,-0.0593149804634321,"Converged",FALSE,0.5
672,-1.77625531087801,0.757036228156205,-0.0669969866317696,"Converged",FALSE,0.5
673,-2.91320084902126,4.02975051996489,-0.0992197827735649,"Converged",FALSE,0.5
674,-1.63095822385769,1.09404486832552,-0.101643992571147,"Converged",FALSE,0.5
675,-1.9316575959722,1.8875894527512,-0.114122700219849,"Converged",FALSE,0.5
676,-2.08200648943754,2.48417724110976,-0.144923848309249,"Converged",FALSE,0.5
677,-0.991058498886435,0.583626808761748,-0.170544463585475,"Converged",FALSE,0.5
678,-2.00465239035919,1.57403009716517,-0.0691798312861913,"Converged",FALSE,0.5
679,-2.16532607420197,1.01426270211374,-0.0324178935689182,"Converged",FALSE,0.5
680,-1.77457359438086,1.09032333727613,-0.0825025198557771,"Converged",FALSE,0.5
681,-1.08417879410942,0.68297097025471,-0.192508366816324,"Converged",FALSE,0.5
682,-2.3467225588358,1.61051165794315,-0.00533775329569728,"Converged",FALSE,0.5
683,-2.04028184605846,1.7139204177028,-0.0857674895638016,"Converged",FALSE,0.5
684,-1.96607125357432,1.13584142782764,-0.0449465810287798,"Converged",FALSE,0.5
685,-1.77318366024299,1.29935220644832,-0.127617260287904,"Converged",FALSE,0.5
686,-1.88266771012258,1.41041709627496,-0.0897635881589889,"Converged",FALSE,0.5
687,NA,NA,NA,"MAX_ITER reached",FALSE,0.5
688,-2.37921678132705,2.47848465821069,-0.0640237832723063,"Converged",FALSE,0.5
689,-2.15676287190139,1.59906711431337,-0.0884386963947151,"Converged",FALSE,0.5
690,-1.75571481339097,1.31626171631556,-0.126754245226487,"Converged",FALSE,0.5
691,-1.95197740583156,2.49225381820067,-0.129338540830922,"Converged",FALSE,0.5
692,-2.11648972795133,2.61163552148605,-0.103130958782891,"Converged",FALSE,0.5
693,-3.1626131297527,4.30016221805382,-0.0378117638022103,"Converged",FALSE,0.5
694,-2.32883661745097,1.76164997768554,-0.0389594918770808,"Converged",FALSE,0.5
695,-1.63150150018932,1.21694619856755,-0.102989978539499,"Converged",FALSE,0.5
696,-1.78603096196623,1.29536281291539,-0.0942143681380834,"Converged",FALSE,0.5
697,-1.43419365600535,-0.0502545874155168,-0.0834978029758416,"Converged",FALSE,0.5
698,-1.98000982714656,1.41409584961173,-0.0703575850657513,"Converged",FALSE,0.5
699,-1.2420985192888,0.458844862901894,-0.179083926609559,"Converged",FALSE,0.5
700,-1.76581614472684,1.9394901647132,-0.184749062667836,"Converged",FALSE,0.5
701,-2.07142497452454,1.37517757685263,-0.0547355498334331,"Converged",FALSE,0.5
702,-1.84379453849742,1.62810347120708,-0.107616928944851,"Converged",FALSE,0.5
703,-1.33271507372769,0.809793752781049,-0.152339564786822,"Converged",FALSE,0.5
704,-2.20231703601275,2.0870226043691,-0.0753270027057922,"Converged",FALSE,0.5
705,-1.91127476525678,1.33035089779121,-0.0497064153350937,"Converged",FALSE,0.5
706,-1.64051145082477,0.958708881726618,-0.0906250997912434,"Converged",FALSE,0.5
707,-1.23976020812317,0.921263984312044,-0.17048865160819,"Converged",FALSE,0.5
708,-1.84339695031661,1.67491671125343,-0.0781163299840595,"Converged",TRUE,0.5
709,-2.09357474703812,2.47399355391264,-0.124573023737009,"Converged",FALSE,0.5
710,-2.40123932930272,1.9962994737423,-0.0536499321824933,"Converged",FALSE,0.5
711,-2.08563698557073,1.70717653954906,-0.110303223465225,"Converged",FALSE,0.5
712,-1.82905087553065,1.60922608355514,-0.142942105644078,"Converged",FALSE,0.5
713,-0.756441205183199,-1.17180960558101,-0.151190389222198,"Converged",FALSE,0.5
714,-2.37693854237794,1.9152090960674,-0.0240393524380532,"Converged",FALSE,0.5
715,-2.21381022683646,1.42501879433749,-0.0227960138924466,"Converged",FALSE,0.5
716,-1.87123629517384,1.09612638476686,-0.075502573825385,"Converged",FALSE,0.5
717,-1.8165686159062,1.65499769773822,-0.101303524773004,"Converged",FALSE,0.5
718,-2.01643030893287,1.72021010903394,-0.0778197864141245,"Converged",FALSE,0.5
719,-1.20583016608057,0.0132107197484628,-0.135464473836085,"Converged",FALSE,0.5
720,-1.75350854871261,0.804470909217573,-0.0913202215972429,"Converged",FALSE,0.5
721,-1.7354978872465,1.51885637192816,-0.100748159066095,"Converged",FALSE,0.5
722,-2.03768674244904,1.75183941595625,-0.0748506413413405,"Converged",FALSE,0.5
723,-1.72501223718368,1.32111873410151,-0.113503464502472,"Converged",FALSE,0.5
724,-1.75415359909787,0.724796650509256,-0.0921793712090208,"Converged",FALSE,0.5
725,-1.98617705795058,1.88472502381795,-0.0628037539926604,"Converged",TRUE,0.5
726,-1.01534127307964,-0.940814747801587,-0.0832391987545038,"Converged",FALSE,0.5
727,-1.87147900860476,1.20946657687787,-0.0895322889927434,"Converged",FALSE,0.5
728,-1.41229487552288,0.175339463197512,-0.115166701365305,"Converged",FALSE,0.5
729,-2.68862271327928,3.60056524892823,-0.0579094131359256,"Converged",FALSE,0.5
730,-1.65089159709557,0.525270918579992,-0.0550818683627832,"Converged",FALSE,0.5
731,-1.68691583366067,0.687684787916904,-0.0515791257363465,"Converged",FALSE,0.5
732,-1.27416014212465,0.599784029730418,-0.132660635917209,"Converged",FALSE,0.5
733,-1.28341812730142,-0.147022896669703,-0.100167713757086,"Converged",FALSE,0.5
734,-1.84439876109456,1.02043980571933,-0.0494513402678396,"Converged",FALSE,0.5
735,-1.48909004303455,0.990652860202334,-0.104824043693393,"Converged",FALSE,0.5
736,-1.7567235124688,1.64912630767205,-0.0989066555175937,"Converged",FALSE,0.5
737,-2.40280851092622,2.09569769596027,-0.0235874206372603,"Converged",FALSE,0.5
738,-1.39008407713962,1.73711578794341,-0.220301873017118,"Converged",FALSE,0.5
739,-1.63159250655804,0.664570735518641,-0.074380165570374,"Converged",FALSE,0.5
740,-1.77039906794873,0.954226369250622,-0.0834143818776469,"Converged",FALSE,0.5
741,-3.00371352495374,3.05008440936167,0.00967003443287773,"Converged",FALSE,0.5
742,-1.81445508932267,1.41638015379051,-0.0812467293950196,"Converged",FALSE,0.5
743,-2.12029939466848,2.18120839573789,-0.0674088089386831,"Converged",FALSE,0.5
744,-2.00209319798583,1.7102971356185,-0.0899382638117041,"Converged",FALSE,0.5
745,-1.21335260157905,0.697312364060417,-0.175560536715369,"Converged",FALSE,0.5
746,-1.79821010682731,0.565532353955557,-0.0631983832566871,"Converged",FALSE,0.5
747,-2.45971270877959,3.18075420148922,-0.140512065618626,"Converged",FALSE,0.5
748,-1.60540786690502,0.383948145964589,-0.087571336603782,"Converged",FALSE,0.5
749,-2.0049459383774,2.11683984736103,-0.0950792211119002,"Converged",FALSE,0.5
750,-1.51993104624013,0.0576442176207905,-0.058599487684393,"Converged",FALSE,0.5
751,-2.42127129305053,2.25801880580418,-0.0284357241257456,"Converged",FALSE,0.5
752,-1.83306907321945,1.63593547088556,-0.0902369409513242,"Converged",FALSE,0.5
753,-2.01753952606659,1.59880900221503,-0.0599795603812565,"Converged",FALSE,0.5
754,-2.88992313736998,2.96327202291796,0.00122236147367712,"Converged",FALSE,0.5
755,-2.47621608475868,2.60445534134528,-0.0569071860218228,"Converged",FALSE,0.5
756,-1.42382656877052,-0.643905893778949,-0.0643931941347965,"Converged",FALSE,0.5
757,-2.05838133414015,0.785221077546005,-0.0196218569052277,"Converged",FALSE,0.5
758,-1.84481453091257,1.64342951968607,-0.129018083658052,"Converged",FALSE,0.5
759,-1.62831830875594,1.0893105719628,-0.112391910241146,"Converged",FALSE,0.5
760,-1.64426555210967,1.29734714227242,-0.141175312228791,"Converged",FALSE,0.5
761,-2.04085129550549,1.64271135170417,-0.0445787700485869,"Converged",FALSE,0.5
762,-2.04968964188144,2.37082915052444,-0.124329663013982,"Converged",FALSE,0.5
763,-1.68596167713587,0.684555002321917,-0.0555255380501164,"Converged",FALSE,0.5
764,-1.53026251672134,1.1922692432535,-0.117991415177049,"Converged",FALSE,0.5
765,-1.30140153936214,0.386026851956491,-0.146294381995754,"Converged",FALSE,0.5
766,-1.80650661726126,1.10605611083434,-0.0607053837378613,"Converged",FALSE,0.5
767,-1.83300735271505,1.91896273033064,-0.112279378635312,"Converged",FALSE,0.5
768,-2.01082983163136,0.989130389180449,-0.0511786858164738,"Converged",FALSE,0.5
769,-1.63682903133657,1.16595834008798,-0.102215921809061,"Converged",FALSE,0.5
770,-2.04553011312933,2.08866710928534,-0.0710183915345992,"Converged",FALSE,0.5
771,-1.8631831578388,0.958351768017187,-0.121837641858942,"Converged",FALSE,0.5
772,-2.64143848896276,2.67915257302638,-0.0402464427344056,"Converged",FALSE,0.5
773,-1.71003461372988,0.630874392177734,-0.0876653976909487,"Converged",FALSE,0.5
774,-1.39833683223369,1.24226621240167,-0.147978825239803,"Converged",FALSE,0.5
775,-2.46545503589557,3.27516845645927,-0.0744120062815118,"Converged",FALSE,0.5
776,-1.67372356130715,1.47603175254008,-0.115821771430594,"Converged",TRUE,0.5
777,-1.66011478643938,1.25406206430208,-0.0893903482693114,"Converged",TRUE,0.5
778,-1.71461810366895,0.918807209972838,-0.115840563845994,"Converged",FALSE,0.5
779,-1.82722701274617,2.0452088814506,-0.13446597423876,"Converged",FALSE,0.5
780,-1.38162057430551,1.31865602052271,-0.209449125794954,"Converged",FALSE,0.5
781,-1.95900339476759,0.539447526176667,-0.0434825200236675,"Converged",FALSE,0.5
782,-1.27417111001739,0.53002716955901,-0.120611836897888,"Converged",FALSE,0.5
783,-1.99819526613175,1.62158095871201,-0.0882800767674881,"Converged",FALSE,0.5
784,-1.86588730781623,1.80764830888255,-0.119151897525499,"Converged",FALSE,0.5
785,-1.46647709899595,0.646687783875247,-0.109457320374511,"Converged",FALSE,0.5
786,-1.28663560092778,-0.0959226850323506,-0.106234767298559,"Converged",FALSE,0.5
787,-1.12192315244638,-0.120975992481538,-0.121690591985137,"Converged",FALSE,0.5
788,-1.70100430904544,1.43420245426156,-0.149508974374249,"Converged",FALSE,0.5
789,-1.71837727359108,1.40916662670107,-0.107382459829322,"Converged",FALSE,0.5
790,-1.77575626243743,1.46620977633603,-0.112154813141218,"Converged",FALSE,0.5
791,-1.08393470553041,-0.489389565228825,-0.111859144393984,"Converged",FALSE,0.5
792,-2.27997068210674,2.64979356776087,-0.0879815673540784,"Converged",FALSE,0.5
793,-1.46499853078062,0.454481894556741,-0.082764424533609,"Converged",FALSE,0.5
794,-2.6143808782464,3.02230394076056,-0.06199013486488,"Converged",FALSE,0.5
795,-1.09735132136105,0.436105170208782,-0.189382829286061,"Converged",FALSE,0.5
796,-2.07986287956749,2.05739174653449,-0.117799847567835,"Converged",FALSE,0.5
797,-1.96575340971928,1.2740675238591,-0.0438422819934944,"Converged",FALSE,0.5
798,-1.86063202338605,2.1924079284347,-0.109795872330101,"Converged",FALSE,0.5
799,-1.00476363126862,-0.738569217911314,-0.112336425092442,"Converged",FALSE,0.5
800,-1.55743154044856,0.960839183198738,-0.0796761625946275,"Converged",FALSE,0.5
801,-1.76491105672284,1.77779638370549,-0.13586986345317,"Converged",FALSE,0.5
802,-1.82830729342151,1.99236489441525,-0.146189587635139,"Converged",FALSE,0.5
803,-1.58569031795646,0.0895998635489481,-0.0831778795911893,"Converged",FALSE,0.5
804,-0.973712754742559,-0.169755496551944,-0.163928028252715,"Converged",FALSE,0.5
805,-1.75474054615574,2.31485330109446,-0.161036207076769,"Converged",FALSE,0.5
806,-1.84659937101311,1.64245649838153,-0.0826406767998988,"Converged",FALSE,0.5
807,-1.96386944572063,1.76006046371347,-0.099338883644666,"Converged",FALSE,0.5
808,-2.09556178260958,1.93377542984126,-0.0897305014303889,"Converged",FALSE,0.5
809,-2.44884233904433,1.96487904827014,-0.0277751713885581,"Converged",FALSE,0.5
810,-1.53982969759342,0.0940842548322418,-0.0611600616747863,"Converged",FALSE,0.5
811,-1.98244124528586,1.86913817506501,-0.0927953724728495,"Converged",FALSE,0.5
812,-1.51454460573854,0.989916484207323,-0.135760814430225,"Converged",FALSE,0.5
813,-1.71804305978011,1.65415131327405,-0.110502833514152,"Converged",FALSE,0.5
814,-1.5111793921275,0.973182108830551,-0.141344618369111,"Converged",FALSE,0.5
815,-1.87060464035164,2.15992709576223,-0.1091747128937,"Converged",FALSE,0.5
816,-2.04747167098749,3.11076142493862,-0.192298366439007,"Converged",FALSE,0.5
817,-1.4860126220424,0.732843529243253,-0.139458071609138,"Converged",FALSE,0.5
818,-1.46772691547777,2.49024435630451,-0.28278269954164,"Converged",FALSE,0.5
819,-1.92623246601615,1.86073103332964,-0.116456593492508,"Converged",FALSE,0.5
820,-1.50547590197701,0.950851859037422,-0.130525400953762,"Converged",FALSE,0.5
821,-1.71104267972996,1.80905421180965,-0.138188885504329,"Converged",FALSE,0.5
822,-1.6877449069388,1.05376796316175,-0.103337660430047,"Converged",FALSE,0.5
823,-2.18579519651581,2.68566039248542,-0.127797886388471,"Converged",FALSE,0.5
824,-1.47482064519427,0.412203510896908,-0.114320025594236,"Converged",FALSE,0.5
825,-1.67428991015474,1.48374807017692,-0.129700766434183,"Converged",FALSE,0.5
826,-1.82400994861261,1.7360855990567,-0.0978165812608694,"Converged",FALSE,0.5
827,-1.65335697587901,2.19628056882703,-0.199306578045341,"Converged",FALSE,0.5
828,-1.26867212802214,0.693860115226521,-0.131355156203233,"Converged",FALSE,0.5
829,-1.48702316509702,0.48001007155267,-0.106354964947394,"Converged",FALSE,0.5
830,-1.99645748018536,1.16271586669865,-0.0538630452113959,"Converged",FALSE,0.5
831,-1.24833155352789,-0.950131005897455,-0.048220566619827,"Converged",FALSE,0.5
832,-1.85407960455865,0.601467686978932,-0.0613180802276154,"Converged",FALSE,0.5
833,-1.32485485141283,0.942690628952879,-0.164815641867386,"Converged",FALSE,0.5
834,-1.55590788526478,0.744396666453405,-0.0943856764086766,"Converged",FALSE,0.5
835,-1.81360284768646,0.782972473724481,-0.0547040980794614,"Converged",FALSE,0.5
836,-2.00375994517193,1.15626274677786,-0.0387983801300984,"Converged",FALSE,0.5
837,-2.33845489111631,2.65438625822819,-0.0823328269121125,"Converged",FALSE,0.5
838,-2.00575584833822,2.37457985711152,-0.119571567139771,"Converged",FALSE,0.5
839,-1.64359499494847,0.662682753213294,-0.0644000092350007,"Converged",FALSE,0.5
840,-1.52372084754119,0.259522060833714,-0.116196048553517,"Converged",FALSE,0.5
841,-3.17710655066477,4.77697352651526,-0.0656417530835006,"Converged",FALSE,0.5
842,-2.17232302818415,2.58912250214915,-0.0952751307346014,"Converged",FALSE,0.5
843,-1.59606368839013,0.998413848282586,-0.0738138868964515,"Converged",FALSE,0.5
844,-1.99099815404257,1.28071138098711,-0.0737738742661479,"Converged",FALSE,0.5
845,-2.16149780542493,1.78684467103905,-0.0644782105165101,"Converged",FALSE,0.5
846,-1.85407631074696,1.8416655740297,-0.0935482325839643,"Converged",FALSE,0.5
847,-2.71935186374308,3.15264092413822,-0.0901189255764027,"Converged",FALSE,0.5
848,-1.97087480543572,1.11541423668945,-0.0155651686373514,"Converged",FALSE,0.5
849,-1.69365279900332,0.946725735922378,-0.0823404768628878,"Converged",FALSE,0.5
850,-1.88130367276037,2.07082149582343,-0.105438436026324,"Converged",FALSE,0.5
851,-1.96880697994939,1.80584621121392,-0.0880500226505899,"Converged",FALSE,0.5
852,-2.11695355015161,1.935746346899,-0.0532751494717353,"Converged",FALSE,0.5
853,-1.80713566112148,0.183068199835267,-0.00635839182639884,"Converged",FALSE,0.5
854,-2.15980132421516,1.86371191112909,-0.0655453132820718,"Converged",FALSE,0.5
855,-1.28272628524597,0.261702761470346,-0.156073193783283,"Converged",FALSE,0.5
856,-2.31713889209347,1.88909286159668,-0.0433625494806589,"Converged",FALSE,0.5
857,-1.92201061150362,1.48245918479475,-0.102541923051429,"Converged",FALSE,0.5
858,-1.50328054016657,1.92191594034323,-0.176491397072708,"Converged",FALSE,0.5
859,-2.26389015938306,1.92680855610601,-0.0459866189391425,"Converged",FALSE,0.5
860,-1.77891021867755,1.41653252505999,-0.106010565736327,"Converged",FALSE,0.5
861,-2.68842759616496,3.16320329760151,-0.0263331751141053,"Converged",FALSE,0.5
862,-1.49233502173629,1.44174599831435,-0.170236424433054,"Converged",FALSE,0.5
863,-2.26798028017623,1.23836375155436,-0.0133763563015402,"Converged",FALSE,0.5
864,-2.01450365636838,2.14296555271006,-0.104218913391006,"Converged",FALSE,0.5
865,-1.71943133802559,1.07818786907535,-0.121036859450922,"Converged",FALSE,0.5
866,-1.54046257438765,0.272015977284432,-0.0528672076553981,"Converged",FALSE,0.5
867,-2.21424633127755,1.59741609398503,-0.0664837154157203,"Converged",TRUE,0.5
868,-1.59084801225794,0.951132861509131,-0.120452155160155,"Converged",FALSE,0.5
869,-1.83925332306265,2.23364136344714,-0.173221721649579,"Converged",FALSE,0.5
870,-1.8101115796941,1.34359867317315,-0.0973515321913111,"Converged",FALSE,0.5
871,-2.41760193675985,2.81591435075594,-0.0487547225830943,"Converged",FALSE,0.5
872,-1.75383512431195,-0.106627882767343,0.00859473974313359,"Converged",FALSE,0.5
873,-2.2496315936358,2.44419923783993,-0.104598206059073,"Converged",FALSE,0.5
874,-1.48566905627229,0.19102276930736,-0.0779142612315619,"Converged",FALSE,0.5
875,-1.86288444972434,1.15973358775864,-0.0535137248067204,"Converged",FALSE,0.5
876,-2.45068683870166,3.10657072207563,-0.118453658994382,"Converged",FALSE,0.5
877,-1.80292502615264,1.76462285628682,-0.117378732809176,"Converged",FALSE,0.5
878,-2.18140354304657,2.24751760512093,-0.064545929773043,"Converged",FALSE,0.5
879,-1.95718219634258,1.21207113394391,-0.0495913254770573,"Converged",FALSE,0.5
880,-1.65488928203995,1.8820588253697,-0.172290630323788,"Converged",FALSE,0.5
881,-1.67811949718764,1.89192085688894,-0.132233882824964,"Converged",FALSE,0.5
882,-1.73111494507499,1.32101438904286,-0.103842867060299,"Converged",FALSE,0.5
883,-1.73825347529809,1.21715525508234,-0.0688012742934604,"Converged",FALSE,0.5
884,-1.78710568521857,0.998434488521111,-0.0859088207517509,"Converged",FALSE,0.5
885,-1.99840964068624,1.71071027515033,-0.0758632848433357,"Converged",FALSE,0.5
886,-1.38977827757037,0.244044356976598,-0.112175133826132,"Converged",FALSE,0.5
887,-1.3595032038779,1.39719460610501,-0.184608358135948,"Converged",FALSE,0.5
888,-2.34281734239197,2.62912710179998,-0.0850235287148214,"Converged",FALSE,0.5
889,-2.20007580157073,2.34206611099924,-0.0763243564649114,"Converged",FALSE,0.5
890,-1.67934691572663,1.4717836172053,-0.159761593181689,"Converged",FALSE,0.5
891,-1.74464589815428,1.39198075822366,-0.0961332559180231,"Converged",FALSE,0.5
892,-1.43768193113918,0.852319137918311,-0.14869900005228,"Converged",FALSE,0.5
893,-2.33918532108813,2.40396308671663,-0.0316537804655342,"Converged",FALSE,0.5
894,-2.31513322044598,2.84605800660062,-0.110526420534674,"Converged",FALSE,0.5
895,-1.60231884648914,1.35205119562172,-0.115409120939403,"Converged",FALSE,0.5
896,-1.32127014239961,-0.348144914514823,-0.0650967016227682,"Converged",FALSE,0.5
897,-1.87901663361533,2.14837018268495,-0.130948429876274,"Converged",FALSE,0.5
898,-1.5791995820495,-0.0359493005613645,-0.0606294393660158,"Converged",FALSE,0.5
899,-1.26274801143919,0.666692084469541,-0.167204254518112,"Converged",FALSE,0.5
900,-1.31736117435937,0.882648668491619,-0.15873684178327,"Converged",FALSE,0.5
901,-1.5514892630757,1.14382923037844,-0.155723421777093,"Converged",FALSE,0.5
902,-1.06239196958333,0.140787683377753,-0.132733011447008,"Converged",TRUE,0.5
903,-2.03313262144208,1.45641023243226,-0.0615264767379867,"Converged",FALSE,0.5
904,-1.74918303671804,0.993810585049566,-0.0766970293247789,"Converged",FALSE,0.5
905,-2.15438182771497,2.19950398716949,-0.0788432289169949,"Converged",FALSE,0.5
906,-1.97999446609908,1.76980949552719,-0.100378401268695,"Converged",FALSE,0.5
907,-1.40026896691068,0.626214443579813,-0.0953623203291163,"Converged",FALSE,0.5
908,-2.05458185983995,3.1573505367504,-0.161480603709811,"Converged",FALSE,0.5
909,-1.92322842928744,1.37245774919516,-0.0435149110943826,"Converged",FALSE,0.5
910,-1.42788162913418,0.643318797368631,-0.109509366466528,"Converged",FALSE,0.5
911,-1.61037146004626,0.470110790198479,-0.0710761344001136,"Converged",FALSE,0.5
912,-2.01550481129769,1.09422234983122,-0.0584045956353351,"Converged",FALSE,0.5
913,-1.62585073026884,1.06706575271435,-0.0956587437117639,"Converged",FALSE,0.5
914,-1.38263608671136,0.887705838895427,-0.146319535653224,"Converged",FALSE,0.5
915,-2.12795918645969,1.31009134781746,-0.0315521513865949,"Converged",FALSE,0.5
916,-1.68217901430869,0.961095868916563,-0.0922921895704088,"Converged",FALSE,0.5
917,-1.39773848483924,1.18869530138171,-0.180054553233995,"Converged",FALSE,0.5
918,-1.409739180454,0.173809957483184,-0.160353161487475,"Converged",FALSE,0.5
919,-1.83466873122246,1.70774122200147,-0.097127606783583,"Converged",FALSE,0.5
920,-2.2713768062042,1.97095903969648,-0.0357463737925102,"Converged",FALSE,0.5
921,-1.7595880500014,1.05101754408407,-0.0389708737195631,"Converged",FALSE,0.5
922,-2.0015610964876,1.73481801348838,-0.0842604009567939,"Converged",FALSE,0.5
923,-2.12508498667898,2.23270627898066,-0.0891711500363263,"Converged",FALSE,0.5
924,-1.71251366929332,1.26379784018771,-0.0874568686099387,"Converged",FALSE,0.5
925,-1.70438831294161,0.794073648568098,-0.0939886200644507,"Converged",FALSE,0.5
926,-1.65635668591177,0.640372540307143,-0.0982749112238676,"Converged",FALSE,0.5
927,-1.47237739961066,0.40339753619555,-0.109646705540424,"Converged",FALSE,0.5
928,-1.64065910685627,1.91062265956103,-0.133599913099863,"Converged",FALSE,0.5
929,-1.74913211361282,1.62085075055277,-0.131908816811693,"Converged",FALSE,0.5
930,-1.4624257952694,1.03517314828492,-0.189087538073063,"Converged",FALSE,0.5
931,-1.75350191098446,1.58995132414825,-0.123489188449034,"Converged",FALSE,0.5
932,-2.02458422771287,1.81255550008525,-0.10276059718967,"Converged",FALSE,0.5
933,-1.69963393202554,0.180615803847602,-0.0771665405182701,"Converged",FALSE,0.5
934,-1.24304621492344,0.785434332301141,-0.170796712999653,"Converged",FALSE,0.5
935,-2.03359422477928,2.2691982959957,-0.0855454940444251,"Converged",FALSE,0.5
936,-1.78160228584621,2.01217991636041,-0.134263357129639,"Converged",FALSE,0.5
937,-2.70905493093456,3.78745331529793,-0.0425517480424238,"Converged",FALSE,0.5
938,-1.55296346953275,0.0387427075390413,-0.0944675328629984,"Converged",FALSE,0.5
939,-1.91805177079793,1.89868248419635,-0.103407709964172,"Converged",FALSE,0.5
940,-2.01481780505013,2.13992353267424,-0.104590312909869,"Converged",FALSE,0.5
941,-1.85210787979898,1.57350830445208,-0.0725795661857598,"Converged",FALSE,0.5
942,-1.73835479280622,1.57117713503948,-0.128904086488945,"Converged",FALSE,0.5
943,-1.5355106224999,1.31000195870015,-0.151943068607232,"Converged",FALSE,0.5
944,-1.6705874443158,0.11474525087572,-0.0524231704699146,"Converged",FALSE,0.5
945,-1.78317093391466,0.621867908133453,-0.0360881861612748,"Converged",FALSE,0.5
946,-2.16559910816639,2.53158885333105,-0.0928946574232454,"Converged",FALSE,0.5
947,-2.2998427396012,2.27766760151339,-0.0629813862352093,"Converged",FALSE,0.5
948,-2.50878864534708,2.95425513874866,-0.108960330579946,"Converged",FALSE,0.5
949,-1.71414329448137,1.11859710653084,-0.0644369556775393,"Converged",FALSE,0.5
950,-1.55415401385441,1.1890756076132,-0.110223007265543,"Converged",FALSE,0.5
951,-2.27834055940239,2.48294269849374,-0.073837784624856,"Converged",FALSE,0.5
952,-1.38282467746211,1.49210090054771,-0.22679382796807,"Converged",FALSE,0.5
953,-1.23065183531666,0.100149985972692,-0.139225075216482,"Converged",FALSE,0.5
954,-1.48607095718829,0.396080979375678,-0.0734582552880706,"Converged",FALSE,0.5
955,-2.26200895180656,1.50783446597469,-0.0419553993329655,"Converged",FALSE,0.5
956,-1.55162121053077,0.980069902971695,-0.115687147705121,"Converged",TRUE,0.5
957,-1.80861214005294,1.9862835220137,-0.160876223682698,"Converged",FALSE,0.5
958,-1.32011087167349,0.600884215098059,-0.171713528343656,"Converged",FALSE,0.5
959,-2.053609487359,1.91665301143607,-0.0819978668189742,"Converged",FALSE,0.5
960,-2.47461655538685,3.24315902789654,-0.093047266112353,"Converged",FALSE,0.5
961,-1.59943796737516,0.72722226204449,-0.0891859043856511,"Converged",FALSE,0.5
962,-1.5232490455968,1.30309176455733,-0.155780684012504,"Converged",TRUE,0.5
963,-1.815720619405,0.86249704174294,-0.100111688735285,"Converged",FALSE,0.5
964,-1.64463205191252,1.26877251272128,-0.128747195743855,"Converged",FALSE,0.5
965,-1.76064794873309,0.825276974834923,-0.0848670252239405,"Converged",FALSE,0.5
966,-1.94877589559108,1.02389841441252,-0.0542302971142696,"Converged",FALSE,0.5
967,-2.130159505835,2.15556429756269,-0.0487377401477096,"Converged",FALSE,0.5
968,-1.53222684285792,1.41770548222506,-0.152217425618879,"Converged",FALSE,0.5
969,-2.02934691059235,2.29761097622574,-0.155183061002156,"Converged",FALSE,0.5
970,-1.97348046448473,1.26749838649103,-0.0867939915199557,"Converged",FALSE,0.5
971,-1.39657530850736,0.43332540886634,-0.143997028996455,"Converged",FALSE,0.5
972,-1.34004300503407,0.42099247394961,-0.145127336600493,"Converged",FALSE,0.5
973,-1.30795482941561,0.77084994134732,-0.14169209532726,"Converged",FALSE,0.5
974,-1.32959397146976,0.723361786345372,-0.182466906037603,"Converged",FALSE,0.5
975,-1.29451789958236,0.272763459121384,-0.134973807550357,"Converged",FALSE,0.5
976,-1.86259968006715,1.36426185703945,-0.0984545864275458,"Converged",FALSE,0.5
977,-1.01261918690281,-0.564953603743894,-0.0945218586322657,"Converged",FALSE,0.5
978,-1.62595496259017,1.33504104743994,-0.120549776950595,"Converged",FALSE,0.5
979,-1.71553429400494,2.49802083292308,-0.192123479086854,"Converged",FALSE,0.5
980,-1.8690404340072,1.62310057742465,-0.0895148830520132,"Converged",FALSE,0.5
981,-1.6729336824024,1.61307297955289,-0.164197677436794,"Converged",FALSE,0.5
982,-1.13445145985398,-0.262542157098608,-0.129999632452781,"Converged",FALSE,0.5
983,-2.12678941171446,1.54051702398027,-0.0502132810696307,"Converged",FALSE,0.5
984,-1.54734372911589,0.801700003897668,-0.0898243781972009,"Converged",FALSE,0.5
985,-1.93987328039328,1.46193555935529,-0.0636917016367859,"Converged",FALSE,0.5
986,-1.4451756737307,-0.0909850614786448,-0.0935591954472358,"Converged",FALSE,0.5
987,-1.84902318033706,1.16269492276845,-0.0748650813289467,"Converged",FALSE,0.5
988,-1.85197945459784,1.93700823904359,-0.119639519418797,"Converged",FALSE,0.5
989,-1.4079888275514,1.3146756005948,-0.154739421091666,"Converged",TRUE,0.5
990,-1.17036659173387,-0.135956707637278,-0.127766480140194,"Converged",FALSE,0.5
991,-1.20696373357771,0.12188570461382,-0.123420432904453,"Converged",FALSE,0.5
992,-1.44653502853601,0.909395112907771,-0.127469717916669,"Converged",FALSE,0.5
993,-1.91312964551493,2.33621839338093,-0.172260232312054,"Converged",FALSE,0.5
994,-2.34078365951709,2.42239285234972,-0.0486575201249158,"Converged",FALSE,0.5
995,-1.64607156686379,0.820335506007536,-0.064278634718995,"Converged",FALSE,0.5
996,-1.52373414989694,0.993384338217819,-0.119801917169862,"Converged",FALSE,0.5
997,-1.87991215379084,2.24222062165362,-0.148550456071818,"Converged",FALSE,0.5
998,-1.64898549920505,1.25844023828323,-0.136828213211404,"Converged",FALSE,0.5
999,-2.00968650212558,1.6550018213914,-0.10918665586212,"Converged",FALSE,0.5
1000,-1.3173525359966,0.720336194016582,-0.144534070118016,"Converged",FALSE,0.5
