"sim","cc_beta0","cc_beta1","cc_beta2","cc_conv_msg","cc_data_resampled","tpr","fpr"
1,-2.15488148901195,3.21565240203382,-0.130973546942937,"Converged",FALSE,0.99,0.01
2,-1.45630420148797,1.0131069547127,-0.149269774632139,"Converged",FALSE,0.99,0.01
3,-2.15033537537332,2.13366807611467,-0.0463313586301238,"Converged",FALSE,0.99,0.01
4,-1.67965176739451,1.21454891451006,-0.098409313819596,"Converged",FALSE,0.99,0.01
5,-1.88362137332558,1.56713074891186,-0.109066046512786,"Converged",FALSE,0.99,0.01
6,-1.82735297617367,1.94298984973381,-0.116431874482716,"Converged",FALSE,0.99,0.01
7,-2.27316624157472,2.4229393468271,-0.111785660417547,"Converged",FALSE,0.99,0.01
8,-1.9609273244818,1.75160370218957,-0.0882802193792327,"Converged",FALSE,0.99,0.01
9,-2.75641996827048,2.78871120307224,-0.0242979388867188,"Converged",FALSE,0.99,0.01
10,-0.770558243932228,-1.84572394718875,-0.122704929870773,"Converged",FALSE,0.99,0.01
11,-2.91129689107571,5.38430560136646,-0.151545265201885,"Converged",FALSE,0.99,0.01
12,-2.23077799581211,2.47948619627943,-0.140650910832118,"Converged",TRUE,0.99,0.01
13,-2.1073919483065,2.10424146458285,-0.0880996351202642,"Converged",FALSE,0.99,0.01
14,-1.94890377557387,1.58510842736181,-0.0712894015446444,"Converged",FALSE,0.99,0.01
15,-1.62493720254577,0.363608232296809,-0.0565374309413801,"Converged",FALSE,0.99,0.01
16,-1.37129017392413,1.11581624161838,-0.173223039392669,"Converged",FALSE,0.99,0.01
17,-2.17074465178884,2.33908378365286,-0.0864776601135005,"Converged",FALSE,0.99,0.01
18,-1.30398080931505,1.05049046669739,-0.144103186970544,"Converged",FALSE,0.99,0.01
19,-2.29725893376266,3.23921585985868,-0.124820082790129,"Converged",FALSE,0.99,0.01
20,-2.11984270071531,1.96104015228616,-0.034864618182415,"Converged",FALSE,0.99,0.01
21,-1.90269097017331,0.820328208863765,-0.0291951832364923,"Converged",FALSE,0.99,0.01
22,-2.42032883304521,3.17472173419937,-0.0724613403866647,"Converged",FALSE,0.99,0.01
23,-2.14866895581133,2.56605303265767,-0.101349867168916,"Converged",FALSE,0.99,0.01
24,-2.07993228639606,2.00400519712179,-0.0704146806477032,"Converged",FALSE,0.99,0.01
25,-1.96133742031853,1.98814855382358,-0.111631555669253,"Converged",FALSE,0.99,0.01
26,-1.63404009832469,1.16073341766501,-0.0936264188151645,"Converged",FALSE,0.99,0.01
27,-1.69798355489995,1.66873109007247,-0.181216785649934,"Converged",FALSE,0.99,0.01
28,-2.90998446713415,4.00190579169653,-0.0403929962529687,"Converged",FALSE,0.99,0.01
29,-1.551037161026,0.919597303920926,-0.0844060944737987,"Converged",FALSE,0.99,0.01
30,-1.626881678913,1.20789856687387,-0.117758981487779,"Converged",FALSE,0.99,0.01
31,-1.80536156021954,0.148853465719604,0.00727380118797607,"Converged",FALSE,0.99,0.01
32,-1.49598632483879,0.917508314309973,-0.163638029955864,"Converged",FALSE,0.99,0.01
33,-1.49646412858434,0.381457045835406,-0.102522327742358,"Converged",FALSE,0.99,0.01
34,-1.94016190718686,1.75912640132256,-0.0853071843935498,"Converged",FALSE,0.99,0.01
35,-2.20509055557351,2.33450479233579,-0.053953327031708,"Converged",FALSE,0.99,0.01
36,-2.60451108761782,3.91332600367435,-0.0743483161353252,"Converged",FALSE,0.99,0.01
37,-2.13037450967338,1.50953521872386,-0.0620265480037836,"Converged",FALSE,0.99,0.01
38,-2.64725682540688,4.43909297936973,-0.132335246425991,"Converged",FALSE,0.99,0.01
39,-2.00574088692352,2.93380973312402,-0.159167408687615,"Converged",FALSE,0.99,0.01
40,-2.26786434013301,4.06934406172219,-0.203916573861059,"Converged",FALSE,0.99,0.01
41,-2.14842843998273,2.09780728473962,-0.0626529512713772,"Converged",FALSE,0.99,0.01
42,-1.88863813800493,1.76189545444687,-0.118359249120001,"Converged",FALSE,0.99,0.01
43,-2.29368951628681,0.974612424506594,0.0172980233294666,"Converged",TRUE,0.99,0.01
44,-1.70835255159267,1.40891036578465,-0.148013879941639,"Converged",FALSE,0.99,0.01
45,-1.28001109628126,0.945164482655669,-0.170421421088062,"Converged",FALSE,0.99,0.01
46,-1.53945616516711,1.27373102043163,-0.166610287921917,"Converged",FALSE,0.99,0.01
47,-1.68103633329745,1.0247549724826,-0.109371591364741,"Converged",FALSE,0.99,0.01
48,-1.58377177158014,1.56882277666658,-0.151902864602729,"Converged",FALSE,0.99,0.01
49,-2.41835910158442,2.41027783151915,-0.0308345222352853,"Converged",FALSE,0.99,0.01
50,-2.05137906991992,1.92727899349022,-0.115874790132107,"Converged",FALSE,0.99,0.01
51,-2.1733886054757,3.08091880336467,-0.140015918288784,"Converged",FALSE,0.99,0.01
52,-2.90876883105437,3.20416012357285,0.047070819138663,"Converged",FALSE,0.99,0.01
53,-2.02364925842282,2.37384994222629,-0.113887372901883,"Converged",FALSE,0.99,0.01
54,-1.90026478039901,2.41283522953732,-0.13695721334872,"Converged",FALSE,0.99,0.01
55,-1.41108457376562,0.680947387280547,-0.12760776042916,"Converged",FALSE,0.99,0.01
56,-2.02498948285653,1.65580334505784,-0.0461992882082012,"Converged",TRUE,0.99,0.01
57,-2.02880322140433,1.72153067642204,-0.140138322935412,"Converged",FALSE,0.99,0.01
58,-2.03659628033586,1.34418524725311,-0.012725146675169,"Converged",FALSE,0.99,0.01
59,-2.46775717978736,2.67505334062553,-0.0180497314526553,"Converged",FALSE,0.99,0.01
60,-1.84956805565198,1.68751638472727,-0.0970959751668786,"Converged",FALSE,0.99,0.01
61,-2.01490609386266,1.42102015865121,-0.0599683846352548,"Converged",FALSE,0.99,0.01
62,-1.85216897312959,1.73395309671145,-0.0693903126092663,"Converged",FALSE,0.99,0.01
63,-1.63644110628189,1.05153750392129,-0.089451277194506,"Converged",FALSE,0.99,0.01
64,-2.32620723831885,3.24853391712599,-0.124932743684649,"Converged",FALSE,0.99,0.01
65,-2.20192132191655,2.7686360763752,-0.0810657071108091,"Converged",FALSE,0.99,0.01
66,-1.84780588704062,1.07807864652198,-0.0894651061648766,"Converged",FALSE,0.99,0.01
67,-1.5413017803297,0.463528649533263,-0.0674039304901878,"Converged",FALSE,0.99,0.01
68,-2.09578799267355,1.37677838576605,-0.0410303367280829,"Converged",FALSE,0.99,0.01
69,-2.13879691393829,2.62243971015747,-0.115942792436673,"Converged",FALSE,0.99,0.01
70,-2.04218719315052,2.31874299768694,-0.0797796942334579,"Converged",TRUE,0.99,0.01
71,-2.7966008773464,4.93970978553808,-0.128124825215294,"Converged",FALSE,0.99,0.01
72,-2.31358921403375,1.77817006821996,-0.016591311431944,"Converged",FALSE,0.99,0.01
73,-2.12016323346612,1.83088941363932,-0.00957178014445472,"Converged",FALSE,0.99,0.01
74,-1.9477314898032,1.55719622879553,-0.0770496272074362,"Converged",FALSE,0.99,0.01
75,-1.86407517843786,1.83729436993703,-0.0839383022417922,"Converged",FALSE,0.99,0.01
76,-2.71933732207767,5.61989116853492,-0.194720129876587,"Converged",FALSE,0.99,0.01
77,-1.58301783635383,1.37834368259759,-0.117527912361712,"Converged",FALSE,0.99,0.01
78,-2.5531095702624,2.81225715379594,-0.0235815073945638,"Converged",FALSE,0.99,0.01
79,-2.46697214876806,3.32897216561929,-0.0544344458949773,"Converged",TRUE,0.99,0.01
80,-1.67652964294219,1.32857737400872,-0.110126635326444,"Converged",FALSE,0.99,0.01
81,-2.07418727824473,2.91059504336314,-0.139071775658696,"Converged",FALSE,0.99,0.01
82,-2.91941335329033,4.63893525438592,-0.109829374024315,"Converged",FALSE,0.99,0.01
83,-2.19017711889308,3.27127289403825,-0.10909934741366,"Converged",FALSE,0.99,0.01
84,-1.28060465096159,0.733483244097023,-0.184676088503249,"Converged",FALSE,0.99,0.01
85,-2.01313605468152,2.54004835891034,-0.099650463614789,"Converged",FALSE,0.99,0.01
86,-1.51162371122584,0.47810354075717,-0.0852239636202065,"Converged",FALSE,0.99,0.01
87,-1.78863808387603,1.28694236406344,-0.0881560208088041,"Converged",FALSE,0.99,0.01
88,-1.67770542183433,0.950129419236404,-0.129306279264249,"Converged",FALSE,0.99,0.01
89,-2.36737368469834,2.92552142140791,-0.0533457669477312,"Converged",FALSE,0.99,0.01
90,-1.91936958533302,1.64641156256364,-0.0627456221230881,"Converged",FALSE,0.99,0.01
91,-1.73839041260676,1.42414116742301,-0.135695846569337,"Converged",FALSE,0.99,0.01
92,-2.05102179122082,2.14467337264782,-0.11592765712698,"Converged",FALSE,0.99,0.01
93,-2.08674519486483,2.59310121917464,-0.117920309881445,"Converged",FALSE,0.99,0.01
94,-1.88142099815031,1.58975958084572,-0.0893173273614855,"Converged",FALSE,0.99,0.01
95,-1.90066271281697,1.70079896100527,-0.113709261255071,"Converged",FALSE,0.99,0.01
96,-1.65811655998219,1.91388413458343,-0.152292116605332,"Converged",FALSE,0.99,0.01
97,-1.53426071486291,1.5135438173326,-0.148110553649645,"Converged",FALSE,0.99,0.01
98,-2.44509084460573,4.24586180432302,-0.157930317051614,"Converged",FALSE,0.99,0.01
99,-1.69164708876771,0.386296519737346,-0.0687828163482397,"Converged",FALSE,0.99,0.01
100,-1.88343750532908,1.77308047030765,-0.0857731884442921,"Converged",FALSE,0.99,0.01
101,-1.67988597493742,0.483834970654612,-0.0632368163508215,"Converged",TRUE,0.99,0.01
102,-1.66587113262498,1.53581425849182,-0.133671763432254,"Converged",FALSE,0.99,0.01
103,-2.26128105941142,2.9750769463321,-0.138759697598724,"Converged",FALSE,0.99,0.01
104,-2.00818959465216,1.79684523264329,-0.0858846414076745,"Converged",FALSE,0.99,0.01
105,-1.45626447701067,1.39013087887391,-0.196053100834948,"Converged",FALSE,0.99,0.01
106,-1.56599627347911,1.88655732186207,-0.194233639928034,"Converged",FALSE,0.99,0.01
107,-2.18216816306939,2.85314870902482,-0.0893316437921282,"Converged",FALSE,0.99,0.01
108,-2.21604197139668,3.76346522197807,-0.15480936556786,"Converged",FALSE,0.99,0.01
109,-1.7886714009977,1.58128043484637,-0.0869961353939888,"Converged",FALSE,0.99,0.01
110,-1.49539717664951,0.423593913579752,-0.0927775220264902,"Converged",FALSE,0.99,0.01
111,-1.58403756181608,0.898215639299907,-0.105283160193581,"Converged",FALSE,0.99,0.01
112,-1.85213255791998,0.829122486015794,-0.0146837450083591,"Converged",FALSE,0.99,0.01
113,-2.14992917713366,2.2656832506113,-0.10100851522947,"Converged",FALSE,0.99,0.01
114,-1.44074053971835,0.81547433775922,-0.125269167288217,"Converged",FALSE,0.99,0.01
115,-3.0393163037265,3.64975582823454,-0.0249683743596673,"Converged",FALSE,0.99,0.01
116,-2.03886679299891,1.85994097441881,-0.0911969297966565,"Converged",FALSE,0.99,0.01
117,-2.63719302159306,3.73763420812207,-0.0862256317730811,"Converged",FALSE,0.99,0.01
118,-2.51438795579334,3.54904486758999,-0.0891351117430136,"Converged",FALSE,0.99,0.01
119,-1.69962618182912,1.38511900115181,-0.159388844086381,"Converged",FALSE,0.99,0.01
120,-2.3533823498401,2.29805601932149,-0.045048419944065,"Converged",FALSE,0.99,0.01
121,-1.54186865604559,0.652236336378596,-0.101975813896984,"Converged",FALSE,0.99,0.01
122,-2.3583360771422,4.19698930304302,-0.187908242890874,"Converged",FALSE,0.99,0.01
123,-2.04579397179595,2.22648732038059,-0.131077584290763,"Converged",FALSE,0.99,0.01
124,-1.91348320337997,2.72387182861373,-0.171461177353293,"Converged",FALSE,0.99,0.01
125,-1.86600599728888,2.59586031383267,-0.105836384751257,"Converged",FALSE,0.99,0.01
126,-2.45555022457352,4.08098074313563,-0.156053379066805,"Converged",FALSE,0.99,0.01
127,-1.94296888639386,1.87491937063166,-0.105822137723123,"Converged",FALSE,0.99,0.01
128,-1.94616363730243,2.31084726777006,-0.110227597613285,"Converged",FALSE,0.99,0.01
129,-2.23693321221704,3.12003941771245,-0.115756537853218,"Converged",FALSE,0.99,0.01
130,-2.56659150271994,3.77949976553867,-0.0853494854525052,"Converged",FALSE,0.99,0.01
131,-2.76580054684824,3.40193410807664,-0.026135171383594,"Converged",FALSE,0.99,0.01
132,-1.55793613374002,1.13697174481247,-0.142531928013941,"Converged",FALSE,0.99,0.01
133,-2.03991436399004,2.13985404381784,-0.0926821291595758,"Converged",FALSE,0.99,0.01
134,-2.06071789318603,1.97153458029338,-0.0557702306090615,"Converged",TRUE,0.99,0.01
135,-2.28140627865135,2.07423037177371,0.000208831225089876,"Converged",FALSE,0.99,0.01
136,-2.00282066372777,3.06800457713856,-0.155348811825914,"Converged",FALSE,0.99,0.01
137,-2.14381028792603,1.89490084613278,-0.0893747818748484,"Converged",FALSE,0.99,0.01
138,-2.29889915229735,3.12229460811266,-0.116196535325985,"Converged",FALSE,0.99,0.01
139,-2.35649081268633,1.41556207225649,0.00917592404793191,"Converged",FALSE,0.99,0.01
140,-1.8258094600119,2.05474841479234,-0.11960186250018,"Converged",FALSE,0.99,0.01
141,-2.28868171672143,1.79078162553915,-0.0164078972622867,"Converged",FALSE,0.99,0.01
142,-1.30653613507863,0.82312206332509,-0.14616254275358,"Converged",FALSE,0.99,0.01
143,-2.28771922401716,2.65504041914157,-0.0768617057847548,"Converged",FALSE,0.99,0.01
144,-1.97460449981619,2.09014757163992,-0.142522170845739,"Converged",FALSE,0.99,0.01
145,-1.68858387245681,1.6183119039935,-0.157668430064219,"Converged",FALSE,0.99,0.01
146,-2.02990146831961,2.18056445492699,-0.093804070976496,"Converged",FALSE,0.99,0.01
147,-1.7694092692638,1.03122107594933,-0.0889218232512002,"Converged",FALSE,0.99,0.01
148,-2.1723621895298,1.85811076794119,-0.0535873696444742,"Converged",FALSE,0.99,0.01
149,-2.3306866335303,2.51824302118394,-0.0347363607488506,"Converged",FALSE,0.99,0.01
150,-1.94353588250443,1.95453554743193,-0.0872213412231619,"Converged",FALSE,0.99,0.01
151,-2.06471673299419,1.7755714771933,-0.0460487766231352,"Converged",FALSE,0.99,0.01
152,-1.94625671419423,1.83873177363588,-0.0946134949119806,"Converged",FALSE,0.99,0.01
153,-1.93810590940839,0.984915516095879,-0.0557819266039568,"Converged",FALSE,0.99,0.01
154,-2.34307333962022,2.75287206370138,-0.0820219614737292,"Converged",FALSE,0.99,0.01
155,-1.87993327876788,2.36732648085525,-0.155263855488666,"Converged",FALSE,0.99,0.01
156,-2.32423431580967,2.74881914615257,-0.0717799537294805,"Converged",FALSE,0.99,0.01
157,-2.07351581342147,2.32331302730831,-0.114994745236357,"Converged",FALSE,0.99,0.01
158,-2.04294757957407,2.88735905765522,-0.188752632195767,"Converged",FALSE,0.99,0.01
159,-2.51136833686333,1.84282860451776,0.0189307184074488,"Converged",FALSE,0.99,0.01
160,-1.38075020661305,1.15057547386249,-0.178108723373332,"Converged",FALSE,0.99,0.01
161,-2.18996307505631,1.81421363110484,-0.0348970200384516,"Converged",FALSE,0.99,0.01
162,-1.6994740979866,0.940596512003868,-0.117536493107331,"Converged",FALSE,0.99,0.01
163,-1.90063845132346,2.28931781553115,-0.125479419702562,"Converged",FALSE,0.99,0.01
164,-1.74785273938013,1.64955406005289,-0.1005473708711,"Converged",TRUE,0.99,0.01
165,-1.81062721035643,0.0273475788422544,-0.0167023424612979,"Converged",FALSE,0.99,0.01
166,-1.55221249162126,0.65593016124547,-0.0895052989450839,"Converged",FALSE,0.99,0.01
167,-1.58283333613491,1.43262340759853,-0.134041292247118,"Converged",TRUE,0.99,0.01
168,-2.86129202584784,4.6745533954645,-0.103341746000236,"Converged",FALSE,0.99,0.01
169,-1.76718369443231,1.22071328740096,-0.12250355652451,"Converged",FALSE,0.99,0.01
170,-2.2655048917037,2.68140087683879,-0.0813376413430828,"Converged",FALSE,0.99,0.01
171,-1.79874372346097,0.61121144582134,-0.0434629755643935,"Converged",FALSE,0.99,0.01
172,-2.20331437766562,2.54112385859074,-0.0883555623668018,"Converged",FALSE,0.99,0.01
173,-1.46104658678569,1.01444888226728,-0.163896552875417,"Converged",FALSE,0.99,0.01
174,-2.05661545526156,3.3338014485445,-0.181371289270957,"Converged",FALSE,0.99,0.01
175,-1.52081931794623,1.57823810802018,-0.164995906073864,"Converged",FALSE,0.99,0.01
176,-1.90689467031712,0.943183199634746,-0.0207370264107048,"Converged",FALSE,0.99,0.01
177,-1.67049353461674,0.725786574437728,-0.081258583307255,"Converged",FALSE,0.99,0.01
178,-2.28047271990825,2.02127404740947,-0.060265446912376,"Converged",FALSE,0.99,0.01
179,-1.55023359558863,1.70188283676252,-0.150433226142017,"Converged",FALSE,0.99,0.01
180,-1.90538686664215,2.45097645827548,-0.144281477193338,"Converged",FALSE,0.99,0.01
181,-1.88168968163709,1.66682065648183,-0.0876284328697887,"Converged",FALSE,0.99,0.01
182,-1.25432128857976,0.325306375491896,-0.146240995319641,"Converged",FALSE,0.99,0.01
183,-1.98684843752652,2.89645264833561,-0.157459557436287,"Converged",FALSE,0.99,0.01
184,-2.20363591523591,2.52810253748227,-0.0921925470598319,"Converged",FALSE,0.99,0.01
185,-1.29741051974489,0.349123795561402,-0.135711689323277,"Converged",FALSE,0.99,0.01
186,-2.60150860743225,3.20140613857816,-0.0542050066328582,"Converged",FALSE,0.99,0.01
187,-1.67154616110662,1.00425174326902,-0.0794613809329639,"Converged",FALSE,0.99,0.01
188,-2.03836315355381,2.10464467939112,-0.105108588605919,"Converged",FALSE,0.99,0.01
189,-1.48724999118552,1.18911682923251,-0.151874120858289,"Converged",FALSE,0.99,0.01
190,-1.97847603571288,2.92940874909755,-0.188480321705074,"Converged",FALSE,0.99,0.01
191,-2.12172975268745,2.51479485633174,-0.095246981943467,"Converged",TRUE,0.99,0.01
192,-1.91071007110422,1.26425822626508,-0.0975535614297801,"Converged",FALSE,0.99,0.01
193,-2.02984658408871,2.67602058589606,-0.161111755958554,"Converged",FALSE,0.99,0.01
194,-1.66559949997111,1.44897245353147,-0.126185012589773,"Converged",FALSE,0.99,0.01
195,-1.38105762431261,0.183507962777629,-0.135353172760031,"Converged",FALSE,0.99,0.01
196,-1.6543958379248,1.57049939144859,-0.148846439940729,"Converged",FALSE,0.99,0.01
197,-2.17674061510123,1.32649175637719,-0.0084118561187356,"Converged",FALSE,0.99,0.01
198,-2.11064842815281,2.41011212531963,-0.133339616406331,"Converged",FALSE,0.99,0.01
199,-1.47555215820164,1.5490551982981,-0.190704837420461,"Converged",FALSE,0.99,0.01
200,-1.38543636563782,-0.0974547588366908,-0.085634611011004,"Converged",FALSE,0.99,0.01
201,-2.83336015689013,3.85668008064323,-0.0370618762867974,"Converged",FALSE,0.99,0.01
202,-1.91849019016996,1.82105628859508,-0.0684193548513605,"Converged",FALSE,0.99,0.01
203,-1.47449271323,0.430417562095428,-0.104239699316537,"Converged",FALSE,0.99,0.01
204,-2.17808202048337,3.32347906227979,-0.107280901713055,"Converged",FALSE,0.99,0.01
205,-1.43086642600405,0.248605752375394,-0.0871462241577118,"Converged",FALSE,0.99,0.01
206,-1.91629036214032,1.65904881300038,-0.0655751868518899,"Converged",FALSE,0.99,0.01
207,-2.20573080318876,2.8641398128088,-0.09484791338349,"Converged",FALSE,0.99,0.01
208,-1.77989035129984,1.52693646577162,-0.115525728679912,"Converged",FALSE,0.99,0.01
209,-2.10384187673513,0.529972249103716,0.0111444219558652,"Converged",FALSE,0.99,0.01
210,-1.98723903304651,2.70347115303299,-0.15496094727248,"Converged",FALSE,0.99,0.01
211,-1.91851353426067,0.718514871860697,-0.0247415788666535,"Converged",FALSE,0.99,0.01
212,-1.89915570297034,1.55829381256424,-0.0736964012185509,"Converged",FALSE,0.99,0.01
213,-1.64978699468433,2.24311510684274,-0.159661323522125,"Converged",FALSE,0.99,0.01
214,-1.78404203797306,1.89177642359109,-0.130732628651405,"Converged",FALSE,0.99,0.01
215,-3.00855866789824,4.42674564900314,-0.0454846883668251,"Converged",FALSE,0.99,0.01
216,-2.43847409010056,2.39279531705635,-0.031177352534234,"Converged",FALSE,0.99,0.01
217,-1.664542014615,0.774516178281713,-0.0904029526795656,"Converged",FALSE,0.99,0.01
218,-1.46887196702263,1.74481732238622,-0.163640681387546,"Converged",FALSE,0.99,0.01
219,-2.11448614740596,2.11528013642974,-0.0909389524806137,"Converged",FALSE,0.99,0.01
220,-2.12533719481427,2.737055597873,-0.127784995487875,"Converged",FALSE,0.99,0.01
221,-2.10775987481087,2.05801545114337,-0.0768533476168491,"Converged",FALSE,0.99,0.01
222,-1.70890199282319,2.51652147504276,-0.162190099778348,"Converged",FALSE,0.99,0.01
223,-2.9434140622035,3.7021031810266,-0.0387967693427109,"Converged",FALSE,0.99,0.01
224,-1.66139262948398,2.28494130629656,-0.203316158385047,"Converged",FALSE,0.99,0.01
225,-2.29822962774679,2.47199620323548,-0.0954881781416068,"Converged",FALSE,0.99,0.01
226,-2.0397953448499,1.61725248436851,-0.0786758142908483,"Converged",FALSE,0.99,0.01
227,-1.61554087946275,0.966906694605991,-0.115401956938051,"Converged",FALSE,0.99,0.01
228,-1.69819263473893,1.70192464829422,-0.137543156367261,"Converged",FALSE,0.99,0.01
229,-2.1977363011619,2.2044557622743,-0.0877121895438566,"Converged",FALSE,0.99,0.01
230,-1.44303556579363,0.657413889552594,-0.123051316865055,"Converged",FALSE,0.99,0.01
231,-2.25116542165877,2.38091130165534,-0.092534952356094,"Converged",FALSE,0.99,0.01
232,-2.11573094469256,2.50865816100207,-0.130518350417891,"Converged",TRUE,0.99,0.01
233,-1.7638203424071,1.63620526535701,-0.120026328896163,"Converged",FALSE,0.99,0.01
234,-1.6232017959339,1.86364734321406,-0.183522050629709,"Converged",FALSE,0.99,0.01
235,-2.81677186049238,4.32213970745117,-0.0958951479762592,"Converged",FALSE,0.99,0.01
236,-2.3107370561708,2.24544025253348,-0.0617410701580248,"Converged",FALSE,0.99,0.01
237,-1.92581495742157,2.38609064223936,-0.152877814081912,"Converged",FALSE,0.99,0.01
238,-1.2687640470136,1.14666222755402,-0.190753394319877,"Converged",FALSE,0.99,0.01
239,-1.3554194026544,0.671651483732195,-0.105379016116906,"Converged",FALSE,0.99,0.01
240,-1.99507483340025,2.21973759753909,-0.112961432000592,"Converged",FALSE,0.99,0.01
241,-2.28735700051158,2.17844411038548,-0.0584443976303226,"Converged",FALSE,0.99,0.01
242,-1.83615458977796,1.09160037868005,-0.069620845477861,"Converged",FALSE,0.99,0.01
243,-2.40566940694848,2.97709658909186,-0.108133375891549,"Converged",FALSE,0.99,0.01
244,-1.74594392967664,1.81686031877339,-0.119080646794514,"Converged",FALSE,0.99,0.01
245,-1.58955373689273,0.73463371899346,-0.107835321230025,"Converged",FALSE,0.99,0.01
246,-2.19147495903525,2.83178745043783,-0.0871330383990126,"Converged",FALSE,0.99,0.01
247,-2.77384581323531,3.07948990867593,-0.0351173474855428,"Converged",FALSE,0.99,0.01
248,-1.42209718495463,0.180111002170752,-0.104926646388804,"Converged",FALSE,0.99,0.01
249,-2.07771435089134,1.68201969454211,-0.075794906723713,"Converged",FALSE,0.99,0.01
250,-1.95723274417292,1.32781245308307,-0.068224417911325,"Converged",FALSE,0.99,0.01
251,-2.08562997837496,2.26724631332285,-0.0977216040313656,"Converged",FALSE,0.99,0.01
252,-1.67887777068654,1.27827338648335,-0.0912824740587146,"Converged",FALSE,0.99,0.01
253,-1.1873619477028,-0.102147967269827,-0.15540886172101,"Converged",FALSE,0.99,0.01
254,-1.65687120092523,2.41206894486824,-0.185322728474634,"Converged",FALSE,0.99,0.01
255,-1.76193945996502,1.35284032436027,-0.0956711454432946,"Converged",FALSE,0.99,0.01
256,-1.4196182191866,0.526156443090653,-0.119278604792375,"Converged",FALSE,0.99,0.01
257,-2.87721848938213,4.76140113902085,-0.08918010200692,"Converged",FALSE,0.99,0.01
258,-1.93080690986287,2.23245139768314,-0.118169416815089,"Converged",FALSE,0.99,0.01
259,-2.43668039218974,2.79889582952024,-0.0498236915524935,"Converged",FALSE,0.99,0.01
260,-2.23807681808363,3.48964098765617,-0.125998825740239,"Converged",FALSE,0.99,0.01
261,-1.83715817045158,0.907798464104526,-0.0907637908084958,"Converged",FALSE,0.99,0.01
262,-1.96744964002495,2.22887566783817,-0.115902142763875,"Converged",FALSE,0.99,0.01
263,-1.47609626723658,1.85036757897548,-0.197002712105517,"Converged",FALSE,0.99,0.01
264,-2.35786558916263,2.81289164461614,-0.0680864817978812,"Converged",FALSE,0.99,0.01
265,-2.15012343287942,2.98967754344515,-0.1352801231083,"Converged",FALSE,0.99,0.01
266,-1.82889193466655,1.06064779181238,-0.0295215032929434,"Converged",FALSE,0.99,0.01
267,-1.96262009439577,2.07985035219753,-0.118459999010352,"Converged",FALSE,0.99,0.01
268,-1.75243128598132,1.19902819012644,-0.0895236015973392,"Converged",FALSE,0.99,0.01
269,-2.01030062960973,2.52710824791133,-0.104463612002814,"Converged",FALSE,0.99,0.01
270,-2.87213094757252,3.2821415766725,-0.0129957100888415,"Converged",TRUE,0.99,0.01
271,-2.75748188616991,3.44795856108942,-0.0326700722984775,"Converged",FALSE,0.99,0.01
272,-2.51287065476917,3.35935985331697,-0.0800333559402612,"Converged",FALSE,0.99,0.01
273,-2.00750944737676,1.46063438585278,-0.0315587259486619,"Converged",FALSE,0.99,0.01
274,-2.35770914953894,3.27531330406653,-0.0904808265229486,"Converged",FALSE,0.99,0.01
275,-1.80547931712574,1.70016609751266,-0.11843965964306,"Converged",FALSE,0.99,0.01
276,-1.93526225483838,1.92879256878907,-0.102331193022537,"Converged",FALSE,0.99,0.01
277,-1.34940480335422,-0.263245835842596,-0.0813012209908965,"Converged",FALSE,0.99,0.01
278,-1.69000360013187,0.585635407236972,-0.0990891942773599,"Converged",TRUE,0.99,0.01
279,-2.05835066202839,2.80432324553921,-0.159531684451676,"Converged",FALSE,0.99,0.01
280,-2.31219601890679,2.77311271338783,-0.0917889642398602,"Converged",FALSE,0.99,0.01
281,-1.60474577261779,1.27871255916186,-0.138708093206032,"Converged",FALSE,0.99,0.01
282,-2.4469079083231,4.23320349978703,-0.136088675651282,"Converged",FALSE,0.99,0.01
283,-1.99232513989703,2.01039169239048,-0.156555552020986,"Converged",FALSE,0.99,0.01
284,-1.32925208723071,0.522432019991085,-0.164910199506332,"Converged",FALSE,0.99,0.01
285,-2.3709066783978,3.51228207557183,-0.0988790450887774,"Converged",FALSE,0.99,0.01
286,-2.1548306383868,1.86936763435898,-0.0388735388834063,"Converged",FALSE,0.99,0.01
287,-1.34367210288559,0.523417285247095,-0.19207097113303,"Converged",FALSE,0.99,0.01
288,-1.71445307728918,0.920740259991036,-0.0806869647775987,"Converged",FALSE,0.99,0.01
289,-2.02084513467124,1.89197121077571,-0.0998590907568029,"Converged",FALSE,0.99,0.01
290,-2.27804234367437,2.73239161674416,-0.10585149666872,"Converged",FALSE,0.99,0.01
291,-1.91484592733845,2.15340653508971,-0.118567330754142,"Converged",FALSE,0.99,0.01
292,-2.22221159702049,3.16555271156962,-0.111803259450479,"Converged",FALSE,0.99,0.01
293,-2.23697060946252,1.65347225498128,-0.0077444660161743,"Converged",FALSE,0.99,0.01
294,-1.58677519175228,1.6930260185899,-0.131922380272175,"Converged",FALSE,0.99,0.01
295,-2.58640164581143,4.27126347487841,-0.149663567520529,"Converged",FALSE,0.99,0.01
296,-1.62748464376086,1.53146784109893,-0.11612440584085,"Converged",FALSE,0.99,0.01
297,-2.23979706428559,3.08197316441103,-0.116453933090037,"Converged",TRUE,0.99,0.01
298,-1.94485561521937,1.97873434219262,-0.0899990355173768,"Converged",FALSE,0.99,0.01
299,-1.45927845378559,0.230639163398378,-0.073017881176377,"Converged",TRUE,0.99,0.01
300,-2.31780589509447,2.87672156746176,-0.0987450278067934,"Converged",FALSE,0.99,0.01
301,-1.36505597786258,-0.267466569996205,-0.0825237749622214,"Converged",FALSE,0.99,0.01
302,-2.01797178263457,2.94768506008715,-0.146615192423799,"Converged",FALSE,0.99,0.01
303,-1.96675512525266,2.71731509478489,-0.159335178776921,"Converged",FALSE,0.99,0.01
304,-1.90969367132264,2.20441636733125,-0.106824987179508,"Converged",TRUE,0.99,0.01
305,-2.55310671811559,2.47842627241716,-0.0376090446308294,"Converged",FALSE,0.99,0.01
306,-2.01406304666981,2.35562140801028,-0.111931823768962,"Converged",FALSE,0.99,0.01
307,-2.02798504354039,1.59271264905165,-0.0112455249666483,"Converged",FALSE,0.99,0.01
308,-1.6732155330857,0.524567543259622,-0.0746017461457973,"Converged",FALSE,0.99,0.01
309,-1.46888570885901,1.77887207337649,-0.183214321436207,"Converged",FALSE,0.99,0.01
310,-1.37305547944179,0.940929193427983,-0.203600031761139,"Converged",FALSE,0.99,0.01
311,-1.91210655064708,2.29897592476175,-0.121363498992165,"Converged",FALSE,0.99,0.01
312,-1.18438612577496,0.439004999297115,-0.17146800505426,"Converged",FALSE,0.99,0.01
313,-2.49070845764011,3.31019067889081,-0.107249641101437,"Converged",FALSE,0.99,0.01
314,-1.18158062472206,1.22349328772165,-0.175765562063361,"Converged",FALSE,0.99,0.01
315,-1.65139039537778,0.790948514911118,-0.0431094011744108,"Converged",FALSE,0.99,0.01
316,-2.17083626999892,2.8924174757776,-0.0726379876761837,"Converged",FALSE,0.99,0.01
317,-1.49688703159539,1.24525845488449,-0.186640504020206,"Converged",FALSE,0.99,0.01
318,-2.14946364946526,3.09669103735236,-0.163984438090501,"Converged",FALSE,0.99,0.01
319,-2.0860758956247,1.8238010531661,-0.100861889641498,"Converged",FALSE,0.99,0.01
320,-1.47857824852132,1.31707995271375,-0.147220568326706,"Converged",TRUE,0.99,0.01
321,-1.48571947492106,0.136962171515516,-0.0505525748751378,"Converged",FALSE,0.99,0.01
322,-1.61941719174058,1.75215777117308,-0.180068943558313,"Converged",FALSE,0.99,0.01
323,-1.75615874541377,1.63347954220951,-0.140948753992481,"Converged",FALSE,0.99,0.01
324,-1.79478469758145,1.05128219010674,-0.0644626435270399,"Converged",FALSE,0.99,0.01
325,-1.57659265572981,1.4346002391629,-0.15475195367988,"Converged",FALSE,0.99,0.01
326,-1.65315618821639,1.09492934399415,-0.124736247480269,"Converged",FALSE,0.99,0.01
327,-1.50223960419862,0.584401015077286,-0.108612370505117,"Converged",FALSE,0.99,0.01
328,-2.0848480949164,2.48590776981633,-0.0883320404112714,"Converged",FALSE,0.99,0.01
329,-1.83783672954476,0.989887738421837,-0.0755078225613188,"Converged",FALSE,0.99,0.01
330,-1.73526248401949,1.11819931175967,-0.0732186073508072,"Converged",FALSE,0.99,0.01
331,-1.64191925562249,1.26073749207668,-0.101169209364742,"Converged",FALSE,0.99,0.01
332,-2.18243559578616,2.90888089334439,-0.105929983167758,"Converged",FALSE,0.99,0.01
333,-2.48936956262303,2.7542390524061,-0.0569967933704704,"Converged",FALSE,0.99,0.01
334,-1.88886049788102,1.95820594052563,-0.134291547661181,"Converged",FALSE,0.99,0.01
335,-1.90100448700592,2.03236760230504,-0.10939579512739,"Converged",FALSE,0.99,0.01
336,-2.12575709548989,1.99123631069997,-0.0987720220697119,"Converged",FALSE,0.99,0.01
337,-1.81704836493749,1.8875518043453,-0.0777031565342746,"Converged",FALSE,0.99,0.01
338,-1.85312930761834,1.94024782076413,-0.118834638973306,"Converged",FALSE,0.99,0.01
339,-2.6733971727372,4.60702242713722,-0.120198789597851,"Converged",FALSE,0.99,0.01
340,-1.85351592885349,1.15099029951385,-0.0505118960787096,"Converged",FALSE,0.99,0.01
341,-1.26383760630237,0.0638214514403879,-0.159867086110972,"Converged",FALSE,0.99,0.01
342,-2.0298670846514,2.03159213001161,-0.107062862776543,"Converged",FALSE,0.99,0.01
343,-2.61001735810607,3.47372057705735,-0.05932930113885,"Converged",FALSE,0.99,0.01
344,-2.0085384678851,2.01545964697518,-0.0687198017047963,"Converged",FALSE,0.99,0.01
345,-1.28013518622152,0.254505958460389,-0.155123606910128,"Converged",FALSE,0.99,0.01
346,-2.33217583115691,1.9900022725927,-0.0264723820442567,"Converged",FALSE,0.99,0.01
347,-1.57566209031337,1.5966469887162,-0.156270576588371,"Converged",FALSE,0.99,0.01
348,-1.74782980214271,1.3940810877311,-0.0855115214090158,"Converged",TRUE,0.99,0.01
349,-2.30637826436188,2.40470260331899,-0.0243237790801966,"Converged",FALSE,0.99,0.01
350,-2.09044554044611,3.00551233580151,-0.119756786632192,"Converged",FALSE,0.99,0.01
351,-1.75300507422522,1.97994117597853,-0.143083107995801,"Converged",FALSE,0.99,0.01
352,-2.27875866036967,3.11010316010682,-0.135775250794606,"Converged",FALSE,0.99,0.01
353,-1.58282452953764,0.735223198303354,-0.0883016963400646,"Converged",FALSE,0.99,0.01
354,-2.33256773665199,3.42555175204538,-0.119040330172633,"Converged",FALSE,0.99,0.01
355,-1.35392223277376,1.4667736234553,-0.188497049852989,"Converged",FALSE,0.99,0.01
356,-1.88135101308867,1.57410799982386,-0.125381834542992,"Converged",FALSE,0.99,0.01
357,-1.43772047243618,1.05402034394215,-0.126725132431993,"Converged",FALSE,0.99,0.01
358,-1.66385372397791,1.34516840311109,-0.0917065158913568,"Converged",FALSE,0.99,0.01
359,-1.50720795729789,0.677359625908727,-0.0811438658793068,"Converged",TRUE,0.99,0.01
360,-1.83117875799325,2.74785495264433,-0.193567805431642,"Converged",FALSE,0.99,0.01
361,-2.30685591578713,3.04136208497535,-0.0856938317277726,"Converged",FALSE,0.99,0.01
362,-1.44435491507212,0.948541608613263,-0.13912525747352,"Converged",FALSE,0.99,0.01
363,-2.1818489215713,3.26990373092264,-0.123674777989369,"Converged",FALSE,0.99,0.01
364,-1.86927745740843,0.679439697620156,-0.0598618935943179,"Converged",FALSE,0.99,0.01
365,-1.57609964635439,1.37576491809628,-0.143410242613101,"Converged",FALSE,0.99,0.01
366,-1.60960611823514,1.71420180808888,-0.125356438278292,"Converged",FALSE,0.99,0.01
367,-2.08710265002152,2.60149259482729,-0.0861363245679464,"Converged",FALSE,0.99,0.01
368,-1.71289028419179,1.2952038273126,-0.10513413615882,"Converged",TRUE,0.99,0.01
369,-1.89898072648305,2.01203789350358,-0.122174495064566,"Converged",FALSE,0.99,0.01
370,-1.98824721014007,1.86825673454291,-0.1135118963274,"Converged",FALSE,0.99,0.01
371,-2.80408071796137,3.68617819759131,-0.0335030760927531,"Converged",FALSE,0.99,0.01
372,-1.81584735609231,1.27541269510607,-0.0803334822175329,"Converged",FALSE,0.99,0.01
373,-2.67734086143405,3.43733847866007,-0.0869223540293605,"Converged",FALSE,0.99,0.01
374,-1.98838961464349,2.57521564615234,-0.130583093569163,"Converged",FALSE,0.99,0.01
375,-2.41707621947329,2.50372422191972,-0.048564381814499,"Converged",FALSE,0.99,0.01
376,-1.83471668618251,2.30152639945907,-0.184677582868247,"Converged",FALSE,0.99,0.01
377,-1.72802753211888,1.35956657217687,-0.098295247173446,"Converged",FALSE,0.99,0.01
378,-1.8367869098002,1.43488395614743,-0.0824602057077398,"Converged",FALSE,0.99,0.01
379,-2.14199425817605,2.67020909570737,-0.124671304985574,"Converged",FALSE,0.99,0.01
380,-1.39344956769701,0.523222107985218,-0.102734390168243,"Converged",FALSE,0.99,0.01
381,-2.10363901948203,2.47660055486193,-0.0635843014272318,"Converged",FALSE,0.99,0.01
382,-3.10037232482161,4.41841519640646,-0.0653090542329955,"Converged",FALSE,0.99,0.01
383,-1.97424527999693,1.98064695668847,-0.069154655162091,"Converged",FALSE,0.99,0.01
384,-1.64274008702066,1.77787606681164,-0.157554554172997,"Converged",FALSE,0.99,0.01
385,-2.14540975500748,2.18320904831051,-0.106654146806589,"Converged",FALSE,0.99,0.01
386,-1.8233692515754,2.32568744979084,-0.126616961334244,"Converged",FALSE,0.99,0.01
387,-1.93675783891114,2.23197289307946,-0.18006995939311,"Converged",FALSE,0.99,0.01
388,-2.23491371818484,1.76829571119653,-0.0577527301539298,"Converged",FALSE,0.99,0.01
389,-1.26592517488334,-0.722978629574457,-0.0432955380588214,"Converged",FALSE,0.99,0.01
390,-1.53993570389192,1.6754604961786,-0.181056960655485,"Converged",FALSE,0.99,0.01
391,-1.77083495073242,2.02272481116249,-0.144077288458286,"Converged",FALSE,0.99,0.01
392,-1.19689699970669,0.201280759510525,-0.15695264554326,"Converged",FALSE,0.99,0.01
393,-2.16067766254125,2.31550636619255,-0.0530057895221761,"Converged",FALSE,0.99,0.01
394,-1.98432167095514,2.36280926644684,-0.139676259729255,"Converged",FALSE,0.99,0.01
395,-1.505354644981,0.912436754747383,-0.108376559106009,"Converged",FALSE,0.99,0.01
396,-1.80472965541298,1.08604171744002,-0.0701437611849934,"Converged",FALSE,0.99,0.01
397,-1.8105759863217,2.39433597681074,-0.182789805944366,"Converged",FALSE,0.99,0.01
398,-1.7875101205882,2.08716980381121,-0.157016795499578,"Converged",FALSE,0.99,0.01
399,-1.31705401294599,1.15424723604448,-0.190545392450903,"Converged",FALSE,0.99,0.01
400,-2.01199023511577,2.68784523267762,-0.136363686704119,"Converged",FALSE,0.99,0.01
401,-2.90245116125279,3.81679894923589,-0.0524695310013898,"Converged",FALSE,0.99,0.01
402,-1.80330771095312,1.90519053377921,-0.115482022229247,"Converged",FALSE,0.99,0.01
403,-2.54874410951207,3.71523122925,-0.0988168689822795,"Converged",FALSE,0.99,0.01
404,-2.50933319303579,3.18232560654158,-0.0606717784546133,"Converged",FALSE,0.99,0.01
405,-1.91274238751216,2.21936744160336,-0.162234879672692,"Converged",FALSE,0.99,0.01
406,-1.61580088959301,1.60733281758337,-0.150797453234056,"Converged",FALSE,0.99,0.01
407,-1.85384470190529,2.68169619251441,-0.20057309128558,"Converged",FALSE,0.99,0.01
408,-1.78987021581166,1.73326560703144,-0.103351152612159,"Converged",FALSE,0.99,0.01
409,-1.76413017964121,0.947963070611776,-0.0665276644772493,"Converged",FALSE,0.99,0.01
410,-1.34646091656699,-0.152576248982182,-0.116936166210389,"Converged",FALSE,0.99,0.01
411,-1.8595788312922,0.987723045126337,-0.0934754481255395,"Converged",FALSE,0.99,0.01
412,-1.35922329958304,1.27240496683682,-0.16048652714785,"Converged",FALSE,0.99,0.01
413,-1.78534513032154,0.700989926083486,-0.0855672010653861,"Converged",FALSE,0.99,0.01
414,-1.45581780706952,1.70592182390999,-0.192852322038434,"Converged",FALSE,0.99,0.01
415,-2.18491480738918,2.71853006407964,-0.0455349041835038,"Converged",FALSE,0.99,0.01
416,-2.19173171504253,3.01764696832184,-0.135080628781724,"Converged",FALSE,0.99,0.01
417,-2.17698928224365,3.51119980015512,-0.126340489479372,"Converged",FALSE,0.99,0.01
418,-2.2856854923814,3.45475229870915,-0.152700740619111,"Converged",FALSE,0.99,0.01
419,-1.65633391315834,0.338844049061818,-0.0750642712352618,"Converged",FALSE,0.99,0.01
420,-2.05935338488552,1.77816850365489,-0.0786428182817237,"Converged",FALSE,0.99,0.01
421,-1.55788245080341,0.79227597036545,-0.112944874327372,"Converged",FALSE,0.99,0.01
422,-1.67998798636856,0.743031521494769,-0.0789994394482769,"Converged",FALSE,0.99,0.01
423,-1.68279623474228,0.088746652194645,-0.0259978938228592,"Converged",FALSE,0.99,0.01
424,-1.5171033974582,0.612746277931498,-0.1096440305266,"Converged",FALSE,0.99,0.01
425,-2.76880346606432,5.11168392791743,-0.158224623386886,"Converged",FALSE,0.99,0.01
426,-2.2913572221932,2.19693743526982,-0.0555945522180156,"Converged",FALSE,0.99,0.01
427,-1.47603216834416,1.14717454367198,-0.148144601388357,"Converged",FALSE,0.99,0.01
428,-2.36450672882308,3.19280430535038,-0.105909169844876,"Converged",FALSE,0.99,0.01
429,-2.1194106363377,2.99166490888908,-0.118503892421421,"Converged",FALSE,0.99,0.01
430,-1.43455256465799,0.404477036041877,-0.16749041162571,"Converged",FALSE,0.99,0.01
431,-2.22596383997386,2.44827766148872,-0.0767815353300592,"Converged",TRUE,0.99,0.01
432,-2.15669565870845,1.35639109792626,-0.0502858255399265,"Converged",FALSE,0.99,0.01
433,-1.87174887498267,2.58209977113602,-0.174413146995038,"Converged",FALSE,0.99,0.01
434,-2.24978525348397,2.9414807132091,-0.12605004903366,"Converged",FALSE,0.99,0.01
435,-1.79132927489359,1.25186458808371,-0.102260882330076,"Converged",FALSE,0.99,0.01
436,-2.61791634429681,3.56039596807246,-0.05792856373647,"Converged",FALSE,0.99,0.01
437,-1.42510530983524,0.940709556593572,-0.117390407844786,"Converged",FALSE,0.99,0.01
438,-1.9598884625467,2.56806848821365,-0.152075912086512,"Converged",FALSE,0.99,0.01
439,-2.01625641228242,1.28554692660669,-0.060115201019945,"Converged",FALSE,0.99,0.01
440,-2.22710715824396,2.80590288600407,-0.0853642006451154,"Converged",FALSE,0.99,0.01
441,-1.94445501998831,1.23226981665008,-0.0602400821661896,"Converged",FALSE,0.99,0.01
442,-1.64669215783518,0.714867954473273,-0.100377959306219,"Converged",FALSE,0.99,0.01
443,-1.98625721992178,1.22220598299752,-0.0737886851952159,"Converged",FALSE,0.99,0.01
444,-1.99672741400553,1.94000845714164,-0.0815894657240719,"Converged",FALSE,0.99,0.01
445,-1.86062395984164,2.03782858400817,-0.102458229672235,"Converged",FALSE,0.99,0.01
446,-1.9777337804074,2.4575933251461,-0.146829212477436,"Converged",FALSE,0.99,0.01
447,-1.78436144042826,1.7360494887366,-0.109872503960248,"Converged",FALSE,0.99,0.01
448,-1.77218964856405,1.49211891137301,-0.133059805230095,"Converged",FALSE,0.99,0.01
449,-2.0512927552713,2.12798868963035,-0.0905991786310465,"Converged",FALSE,0.99,0.01
450,-2.14629260770291,2.49516898312933,-0.129527298148744,"Converged",FALSE,0.99,0.01
451,-2.05503402771894,1.53594460054427,-0.0590692058807201,"Converged",FALSE,0.99,0.01
452,-2.28422365799009,2.46680771162273,-0.0803891620234589,"Converged",FALSE,0.99,0.01
453,-2.37816928449602,2.35291216031295,-0.0386077415890344,"Converged",FALSE,0.99,0.01
454,-2.10289062394814,2.13861415024348,-0.0931535497973439,"Converged",FALSE,0.99,0.01
455,-2.03024111706005,1.50088026419585,-0.0279077365994172,"Converged",FALSE,0.99,0.01
456,-1.7853544381483,1.78643455059824,-0.0902048915895601,"Converged",FALSE,0.99,0.01
457,-1.60897289486829,2.19358228340814,-0.184276266064386,"Converged",FALSE,0.99,0.01
458,-2.86240043049218,3.37876231346415,-0.0558598008152136,"Converged",FALSE,0.99,0.01
459,-2.00873436132735,2.97474716314719,-0.138250227422628,"Converged",FALSE,0.99,0.01
460,-2.27088204284415,2.19621041937142,-0.081345013115347,"Converged",FALSE,0.99,0.01
461,-2.40763186249079,3.33394747767935,-0.105787686533741,"Converged",FALSE,0.99,0.01
462,-2.1892384226267,2.24052434434051,-0.0725046710901032,"Converged",FALSE,0.99,0.01
463,-2.06834604819608,2.25590897682775,-0.133757647672558,"Converged",FALSE,0.99,0.01
464,-1.92301698469688,0.961169370711014,-0.0894618148386738,"Converged",FALSE,0.99,0.01
465,-1.54744948500957,1.24222917142133,-0.127957653276403,"Converged",FALSE,0.99,0.01
466,-2.20681573932775,1.34586900792296,-0.0193867301784246,"Converged",FALSE,0.99,0.01
467,-1.97300981422436,1.68832961424127,-0.0968285414712624,"Converged",FALSE,0.99,0.01
468,-2.09469597867474,2.72319156576573,-0.117905141940533,"Converged",FALSE,0.99,0.01
469,-1.5463295163417,2.17101439492153,-0.201830950744319,"Converged",FALSE,0.99,0.01
470,-2.30418158319929,1.85305914337255,-0.0487187256425583,"Converged",FALSE,0.99,0.01
471,-1.65893004752015,2.5374399272302,-0.198507312637029,"Converged",FALSE,0.99,0.01
472,-1.29675619200443,0.994326189291858,-0.18677810960573,"Converged",FALSE,0.99,0.01
473,-2.4660522336485,2.7047482979765,-0.0697506018064733,"Converged",FALSE,0.99,0.01
474,-1.59451061229265,0.331967160160291,-0.0713745774710483,"Converged",FALSE,0.99,0.01
475,-1.30037927186249,0.697911871169296,-0.161430994183789,"Converged",FALSE,0.99,0.01
476,-2.25595413109641,2.73673795669741,-0.0743387761994377,"Converged",FALSE,0.99,0.01
477,-1.99918038024563,1.3786824773962,-0.0658217231569702,"Converged",FALSE,0.99,0.01
478,-1.69622492120783,1.43873446331801,-0.12282023171608,"Converged",FALSE,0.99,0.01
479,-1.90861777267154,2.94339922570299,-0.211402681073105,"Converged",FALSE,0.99,0.01
480,-1.92516494378999,1.90302466237233,-0.12899698996745,"Converged",FALSE,0.99,0.01
481,-1.91897730235043,1.36285584467918,-0.0562693951079101,"Converged",FALSE,0.99,0.01
482,-1.94838055511853,1.65035384609569,-0.0992386532085612,"Converged",FALSE,0.99,0.01
483,-2.01618445170049,2.64673507937042,-0.142132921001804,"Converged",FALSE,0.99,0.01
484,-1.89856037580967,1.23209302148218,-0.0912831441441835,"Converged",FALSE,0.99,0.01
485,-1.96231941551267,2.4353463973873,-0.141977208232917,"Converged",FALSE,0.99,0.01
486,-1.68513079900234,1.53931085403472,-0.0903670516310985,"Converged",FALSE,0.99,0.01
487,-2.5945678117367,4.1690397646992,-0.10175856529813,"Converged",FALSE,0.99,0.01
488,-1.32643216716748,0.338729828067687,-0.122103515101,"Converged",FALSE,0.99,0.01
489,-1.46968619392697,0.203570241076817,-0.103224430939359,"Converged",FALSE,0.99,0.01
490,-1.47922513085702,1.01546337182637,-0.0998029476351215,"Converged",FALSE,0.99,0.01
491,-2.29908875471413,1.92206910139203,-0.0393837434822873,"Converged",FALSE,0.99,0.01
492,-1.67188990025091,1.86503954077815,-0.131469285893528,"Converged",FALSE,0.99,0.01
493,-1.60744845643786,1.78435243511526,-0.153611205923846,"Converged",FALSE,0.99,0.01
494,-2.02922512108878,1.9453015611346,-0.10219160027715,"Converged",FALSE,0.99,0.01
495,-1.84232381230382,2.15686969765416,-0.142432870512137,"Converged",FALSE,0.99,0.01
496,-2.02957692573477,3.24754615136298,-0.197224701974603,"Converged",FALSE,0.99,0.01
497,-1.22850077780085,0.182461813159989,-0.141351991694193,"Converged",FALSE,0.99,0.01
498,-1.57129059974346,1.17676120341667,-0.122503588178555,"Converged",FALSE,0.99,0.01
499,-2.06855587380854,1.73806553045158,-0.0665436574143696,"Converged",FALSE,0.99,0.01
500,-1.98753337911577,1.59427290148831,-0.0927211528998622,"Converged",FALSE,0.99,0.01
501,-2.46417036774072,2.24439390234672,-0.0469252897036887,"Converged",FALSE,0.99,0.01
502,-0.767782967332853,-0.629410104534815,-0.178581961921791,"Converged",FALSE,0.99,0.01
503,-1.81342623258248,1.19992960292277,-0.108043395495363,"Converged",FALSE,0.99,0.01
504,-1.9253462332852,2.32572060831484,-0.144410632213238,"Converged",FALSE,0.99,0.01
505,-1.94741429717862,1.55252490846697,-0.109207759616273,"Converged",FALSE,0.99,0.01
506,-1.80788309578969,2.46153701012643,-0.168118594722332,"Converged",TRUE,0.99,0.01
507,-1.70777276208802,0.721499782692565,-0.103990466888689,"Converged",FALSE,0.99,0.01
508,-2.61692915659254,4.15258996275777,-0.103992474979247,"Converged",FALSE,0.99,0.01
509,-2.22039208437315,3.24726193676515,-0.105329384030857,"Converged",FALSE,0.99,0.01
510,-1.89672130617792,1.48436417255883,-0.0761419132804858,"Converged",FALSE,0.99,0.01
511,-2.66092607872373,4.55119241400459,-0.134522175883679,"Converged",FALSE,0.99,0.01
512,-1.64811187931765,1.38443997160275,-0.119063993662818,"Converged",FALSE,0.99,0.01
513,-1.33347658039552,0.846489294671924,-0.151763441523138,"Converged",FALSE,0.99,0.01
514,-1.61015259647848,1.47158456686354,-0.143092421010838,"Converged",FALSE,0.99,0.01
515,-1.82370985229949,1.92848468296465,-0.100507170826411,"Converged",FALSE,0.99,0.01
516,-1.55623834703951,0.574571791398141,-0.112942267751567,"Converged",FALSE,0.99,0.01
517,-2.31406439504872,2.3722044035107,-0.0426546810147853,"Converged",FALSE,0.99,0.01
518,-1.65340258193983,1.31716581767479,-0.130632098957451,"Converged",FALSE,0.99,0.01
519,-2.0966149844197,2.24679097096351,-0.0708022574409881,"Converged",FALSE,0.99,0.01
520,-1.5862318430769,1.8703145384626,-0.158159267702864,"Converged",FALSE,0.99,0.01
521,-1.55405318971242,1.363166789387,-0.131201197007225,"Converged",FALSE,0.99,0.01
522,-1.4903326559202,0.789353781553472,-0.104127415344835,"Converged",FALSE,0.99,0.01
523,-2.75849625864496,3.74696764798455,-0.0665008959530475,"Converged",FALSE,0.99,0.01
524,-2.13008600637907,1.85605132902158,-0.0199923009848741,"Converged",FALSE,0.99,0.01
525,-2.22950792095784,2.51023862678245,-0.0920695973662778,"Converged",FALSE,0.99,0.01
526,-2.05009163383317,3.15227092406686,-0.158067733271657,"Converged",FALSE,0.99,0.01
527,-1.89550113966213,1.65078732975805,-0.100230135295706,"Converged",FALSE,0.99,0.01
528,-2.03294855099796,1.90321753878366,-0.0954466946972719,"Converged",FALSE,0.99,0.01
529,-2.23730587258071,1.30592698482295,-0.0223178335037984,"Converged",FALSE,0.99,0.01
530,-2.89883624092042,4.6055794695878,-0.078869619616018,"Converged",FALSE,0.99,0.01
531,-1.76288008703294,1.50807124869985,-0.0888625097866914,"Converged",FALSE,0.99,0.01
532,-2.06950647519681,2.47094303734747,-0.09019256469397,"Converged",FALSE,0.99,0.01
533,-1.71650176125628,1.27030903323167,-0.10520057447106,"Converged",FALSE,0.99,0.01
534,-0.98346383206859,-0.0997753532303121,-0.167265286636276,"Converged",FALSE,0.99,0.01
535,-1.59237506153474,1.03706929492023,-0.0916495222044484,"Converged",FALSE,0.99,0.01
536,-2.33530048664235,2.13459392254491,-0.0248847644104072,"Converged",FALSE,0.99,0.01
537,-1.64501330374769,1.64917119636335,-0.13746141371975,"Converged",FALSE,0.99,0.01
538,-1.41045783195038,0.694836163244744,-0.135677474196731,"Converged",FALSE,0.99,0.01
539,-1.78653861216704,1.38063798096281,-0.075384633428866,"Converged",FALSE,0.99,0.01
540,-1.58416191704004,1.5091859423643,-0.148517165314085,"Converged",FALSE,0.99,0.01
541,-1.30066501950791,-0.583146526838026,-0.0753391335132609,"Converged",FALSE,0.99,0.01
542,-1.8347253627973,1.06213967036062,-0.0774598678883541,"Converged",FALSE,0.99,0.01
543,-2.05246780778469,2.19495996855422,-0.106523083181981,"Converged",FALSE,0.99,0.01
544,-2.22196771771033,2.92925665008974,-0.147389820418008,"Converged",FALSE,0.99,0.01
545,-1.96091278610094,2.36734314723235,-0.114069675339144,"Converged",FALSE,0.99,0.01
546,-1.55239859295716,1.42368077152257,-0.106977231718042,"Converged",FALSE,0.99,0.01
547,-1.76167063080072,1.02864732755189,-0.0816748707377675,"Converged",FALSE,0.99,0.01
548,-2.50967535042614,3.1883692272,-0.0768784657625063,"Converged",FALSE,0.99,0.01
549,-2.02083735445801,2.30361068183641,-0.133571032071856,"Converged",FALSE,0.99,0.01
550,-1.86217298987402,1.9726020131703,-0.0951597335469062,"Converged",FALSE,0.99,0.01
551,-0.892509457911621,-0.110131467780009,-0.157208714226658,"Converged",FALSE,0.99,0.01
552,-2.07757917840132,2.13415256924596,-0.0841181903588372,"Converged",FALSE,0.99,0.01
553,-2.88902335993686,4.46114452073045,-0.0692547412369869,"Converged",FALSE,0.99,0.01
554,-2.17949868045349,2.83532253108713,-0.0935438216529344,"Converged",FALSE,0.99,0.01
555,-2.1426150080988,1.58344966749878,-0.0128838435885356,"Converged",FALSE,0.99,0.01
556,-2.11434007962231,2.63219323102292,-0.0979991195745365,"Converged",FALSE,0.99,0.01
557,-1.53654356699937,1.55452896445421,-0.146545864293718,"Converged",FALSE,0.99,0.01
558,-2.30740875463199,1.50586092557508,0.00326943872678065,"Converged",FALSE,0.99,0.01
559,-2.69389363948876,3.02499183496225,-0.0272641171229638,"Converged",FALSE,0.99,0.01
560,-1.55285529892942,1.35475698249711,-0.117343054928737,"Converged",FALSE,0.99,0.01
561,-2.18463510942409,2.63932237625632,-0.104052585289412,"Converged",FALSE,0.99,0.01
562,-1.30615722193787,1.29165438401936,-0.166618889528125,"Converged",FALSE,0.99,0.01
563,-1.68565938563992,0.0760035477938846,-0.0562085261350478,"Converged",FALSE,0.99,0.01
564,-2.21763211719035,2.78684396234412,-0.107476375046685,"Converged",TRUE,0.99,0.01
565,-1.36498649537371,0.376849902602115,-0.096880353264117,"Converged",FALSE,0.99,0.01
566,-1.02942980026101,0.92132716369203,-0.254028122010306,"Converged",FALSE,0.99,0.01
567,-2.73259883625533,3.49566509501713,-0.0736225303411702,"Converged",FALSE,0.99,0.01
568,-1.78939590128561,2.03524872560671,-0.103079733439085,"Converged",FALSE,0.99,0.01
569,-2.1815826342467,1.60896521829425,-0.0437191708595573,"Converged",FALSE,0.99,0.01
570,-1.45278309919545,0.505429584411798,-0.120870461206052,"Converged",FALSE,0.99,0.01
571,-1.82937903519085,1.59988701641912,-0.0982932116024701,"Converged",FALSE,0.99,0.01
572,-1.75119631991084,0.949322960632501,-0.114987162484641,"Converged",FALSE,0.99,0.01
573,-2.45214165515622,2.77970560034291,-0.0739705484251266,"Converged",FALSE,0.99,0.01
574,-1.52604299906429,0.766546001689239,-0.102710944152069,"Converged",FALSE,0.99,0.01
575,-1.76571446848707,1.84736821906402,-0.119852179090267,"Converged",FALSE,0.99,0.01
576,-2.17478190058448,2.93615895962864,-0.10281418480445,"Converged",FALSE,0.99,0.01
577,-2.08603639005162,2.15604899527947,-0.108078417513738,"Converged",FALSE,0.99,0.01
578,-1.99507421717587,2.42693372394166,-0.0931791266215992,"Converged",FALSE,0.99,0.01
579,-2.51342647545506,2.74280870239396,-0.0392714302348733,"Converged",FALSE,0.99,0.01
580,-2.25005717645607,3.28092873074718,-0.144600320892015,"Converged",FALSE,0.99,0.01
581,-2.23339230851652,2.42464257526692,-0.0614550117753897,"Converged",FALSE,0.99,0.01
582,-2.08130661666628,2.26043942304816,-0.0728832413632115,"Converged",FALSE,0.99,0.01
583,-1.96628971331787,0.755162730116223,-0.0183343355310414,"Converged",FALSE,0.99,0.01
584,-2.01670101459842,1.59013846351805,-0.0862870612010449,"Converged",FALSE,0.99,0.01
585,-2.01450645480943,1.75354126931212,-0.0856922715109524,"Converged",FALSE,0.99,0.01
586,-1.88540705474633,1.96415153193809,-0.125579263175079,"Converged",FALSE,0.99,0.01
587,-2.01908179443443,2.37210945412858,-0.0983830663282984,"Converged",FALSE,0.99,0.01
588,-1.53928860902682,1.87691288692915,-0.158640273919388,"Converged",FALSE,0.99,0.01
589,-1.92771007377518,2.15667009361521,-0.129650085284288,"Converged",FALSE,0.99,0.01
590,-2.03322115874428,2.43922602184624,-0.111659276480236,"Converged",FALSE,0.99,0.01
591,-2.02755905600167,1.64693993209217,-0.077183198925098,"Converged",FALSE,0.99,0.01
592,-2.75608307671251,3.62465420226499,-0.0696838591693782,"Converged",FALSE,0.99,0.01
593,-1.93709465204048,1.22661068709909,-0.0889289536602941,"Converged",FALSE,0.99,0.01
594,-2.68868751520465,4.06602336917565,-0.106275287579988,"Converged",FALSE,0.99,0.01
595,-2.60693541716414,2.2103742761166,0.0199091727984836,"Converged",FALSE,0.99,0.01
596,-1.49991717865697,0.59956977100545,-0.111044560773041,"Converged",FALSE,0.99,0.01
597,-1.68119522570831,1.45858819651728,-0.102783120324997,"Converged",FALSE,0.99,0.01
598,-1.61686658249314,1.18228652055014,-0.126837634898024,"Converged",FALSE,0.99,0.01
599,-1.45843378336173,1.32462502530267,-0.1584590624765,"Converged",FALSE,0.99,0.01
600,-1.84598770100836,2.56667765434398,-0.152286393973817,"Converged",TRUE,0.99,0.01
601,-2.05361222854685,2.71740794352488,-0.126513180031967,"Converged",FALSE,0.99,0.01
602,-2.73315577187301,2.68704174880984,0.014077119441491,"Converged",FALSE,0.99,0.01
603,-2.18587682502025,2.30814867590198,-0.0850317390971741,"Converged",FALSE,0.99,0.01
604,-1.8529076092299,1.50505730731512,-0.11110472700807,"Converged",FALSE,0.99,0.01
605,-2.27168840821738,2.68773160405767,-0.106846385383479,"Converged",FALSE,0.99,0.01
606,-2.00249855038024,0.891785012171843,-0.00857940337340731,"Converged",FALSE,0.99,0.01
607,-1.48441042633446,0.487725296086024,-0.122080508130765,"Converged",FALSE,0.99,0.01
608,-2.27756633883857,1.83109081677712,-0.012494965981955,"Converged",FALSE,0.99,0.01
609,-1.54286226622425,0.664051637850157,-0.0910277127240623,"Converged",FALSE,0.99,0.01
610,-2.29561807216305,2.91761501695351,-0.124829433299776,"Converged",FALSE,0.99,0.01
611,-1.79204163107579,1.88460430214573,-0.0940111043919817,"Converged",FALSE,0.99,0.01
612,-2.07050435260692,2.4951320465243,-0.134848772761814,"Converged",FALSE,0.99,0.01
613,-2.00576983032176,2.51056547221113,-0.126711447593974,"Converged",FALSE,0.99,0.01
614,-1.94618617071421,2.56069417640588,-0.129931546762755,"Converged",FALSE,0.99,0.01
615,-2.10867693699641,3.07965906324985,-0.132494265888366,"Converged",FALSE,0.99,0.01
616,-1.51040450321175,0.38140374410567,-0.111456953301527,"Converged",FALSE,0.99,0.01
617,-1.94452400237396,1.61785850587252,-0.116896349918042,"Converged",FALSE,0.99,0.01
618,-1.89428083073347,2.56585831561993,-0.142209649531562,"Converged",FALSE,0.99,0.01
619,-1.86840099208432,1.13357302507281,-0.0459075562641616,"Converged",FALSE,0.99,0.01
620,-1.91290127244836,1.72456977984475,-0.0855980225082502,"Converged",FALSE,0.99,0.01
621,-1.70997391525389,1.01056779703817,-0.105415749322065,"Converged",FALSE,0.99,0.01
622,-1.92265299387473,2.32226581644571,-0.13436112962167,"Converged",FALSE,0.99,0.01
623,-2.0512905693813,1.64882491463408,-0.0652014993654541,"Converged",FALSE,0.99,0.01
624,-2.36805492570997,3.83595918628537,-0.140407838854107,"Converged",FALSE,0.99,0.01
625,-1.90819759457457,2.9733284784542,-0.215251814221724,"Converged",FALSE,0.99,0.01
626,-2.12085268638898,2.54275068829145,-0.100940422675729,"Converged",FALSE,0.99,0.01
627,-1.97818343127951,1.56359286875916,-0.0726029270666624,"Converged",FALSE,0.99,0.01
628,-1.27556762045747,0.121559665131227,-0.131464327040289,"Converged",FALSE,0.99,0.01
629,-1.19030515088938,1.02916479929322,-0.221461884974362,"Converged",FALSE,0.99,0.01
630,-1.74797143147129,1.58694685894769,-0.119374127802914,"Converged",FALSE,0.99,0.01
631,-1.79235291509879,2.25960600195662,-0.178375405630486,"Converged",FALSE,0.99,0.01
632,-1.97194368564828,2.28438035272518,-0.110767107274286,"Converged",FALSE,0.99,0.01
633,-1.3502245461478,0.374161723568447,-0.14972212277109,"Converged",FALSE,0.99,0.01
634,-2.14348555198203,2.19627725398091,-0.111398002110301,"Converged",FALSE,0.99,0.01
635,-2.25262954402457,2.43699406750045,-0.0489132129877542,"Converged",TRUE,0.99,0.01
636,-1.51404058258747,-0.00243115724126843,-0.0316582785103418,"Converged",FALSE,0.99,0.01
637,-1.39271139752303,1.06587220262497,-0.173855298474676,"Converged",FALSE,0.99,0.01
638,-2.4544635638674,3.3717711534399,-0.0898274570823098,"Converged",FALSE,0.99,0.01
639,-2.24469626692995,2.29339906336577,-0.0531867576799048,"Converged",FALSE,0.99,0.01
640,-1.78039786641924,1.88979613194432,-0.130397062454823,"Converged",FALSE,0.99,0.01
641,-2.40863965897783,2.38350636109389,-0.0354997977509786,"Converged",FALSE,0.99,0.01
642,-1.02450371280846,-1.31198274627034,-0.0874630836932893,"Converged",FALSE,0.99,0.01
643,-1.8901617495738,1.99210567097725,-0.127675783850398,"Converged",FALSE,0.99,0.01
644,-2.44829841490909,1.93631295671728,0.00966181154565838,"Converged",FALSE,0.99,0.01
645,-2.03393906776001,1.85641100713884,-0.0837461444170283,"Converged",FALSE,0.99,0.01
646,-2.58875722574102,3.42200390877041,-0.0700083290272048,"Converged",FALSE,0.99,0.01
647,-2.05588578643841,2.31725668772106,-0.0953466985415879,"Converged",FALSE,0.99,0.01
648,-1.72696292538139,1.35371990948597,-0.0917213099095618,"Converged",FALSE,0.99,0.01
649,-1.83701785700306,1.69335429728336,-0.110738628910962,"Converged",FALSE,0.99,0.01
650,-1.88092290223394,1.92385111419093,-0.10554244805219,"Converged",FALSE,0.99,0.01
651,-2.17358053209944,2.6121958061762,-0.117204080197762,"Converged",FALSE,0.99,0.01
652,-2.36449011474612,2.80280379427101,-0.113633994329345,"Converged",FALSE,0.99,0.01
653,-1.81386188331085,0.750446878854766,-0.0448065897355048,"Converged",FALSE,0.99,0.01
654,-2.41344455577276,2.26910503468327,-0.0749449176476944,"Converged",FALSE,0.99,0.01
655,-2.18228348564707,3.14193729649227,-0.139116972124724,"Converged",FALSE,0.99,0.01
656,-2.68377809291979,3.93069744778685,-0.0972581321349875,"Converged",FALSE,0.99,0.01
657,-1.16300021523754,1.00439351227777,-0.218422033979004,"Converged",FALSE,0.99,0.01
658,-1.82930911563695,2.01628135957008,-0.109245908104023,"Converged",FALSE,0.99,0.01
659,-1.69114243654746,1.12562647535147,-0.0965295383833666,"Converged",FALSE,0.99,0.01
660,-2.20435909750999,2.29029355471684,-0.0657160343078957,"Converged",FALSE,0.99,0.01
661,-1.92724219934118,2.228758394318,-0.174032147087493,"Converged",FALSE,0.99,0.01
662,-2.21988479785461,1.97654649055033,-0.0271610698011141,"Converged",FALSE,0.99,0.01
663,-1.40809986791334,1.69185827243377,-0.173046753526917,"Converged",FALSE,0.99,0.01
664,-2.19087872598558,2.08965562321019,-0.0670121927831777,"Converged",FALSE,0.99,0.01
665,-1.95100280901754,2.52471564838716,-0.145347936819589,"Converged",FALSE,0.99,0.01
666,-2.59661560766133,2.66864066173241,-0.0338772041994999,"Converged",FALSE,0.99,0.01
667,-2.1248887274405,1.5948701806503,-0.0477250416575982,"Converged",FALSE,0.99,0.01
668,-1.90500149053302,1.78629938931342,-0.100763295534252,"Converged",FALSE,0.99,0.01
669,-1.74767584864862,1.59208596314269,-0.134751807758132,"Converged",FALSE,0.99,0.01
670,-2.13244924465231,2.05766733786399,-0.0726993824532001,"Converged",FALSE,0.99,0.01
671,-2.384282873203,2.43805638349895,-0.0315947178051849,"Converged",FALSE,0.99,0.01
672,-2.0495259102622,1.23123443323113,-0.0786521014155061,"Converged",FALSE,0.99,0.01
673,-1.71646408601663,1.56379543093791,-0.103995109626169,"Converged",FALSE,0.99,0.01
674,-1.77168479927893,1.88615522433125,-0.139924164379528,"Converged",FALSE,0.99,0.01
675,-1.86947550820816,1.70969742133391,-0.106464489584115,"Converged",FALSE,0.99,0.01
676,-1.55360111665003,1.14744144767597,-0.100810428415739,"Converged",FALSE,0.99,0.01
677,-1.53091628723096,1.71896819464311,-0.16933687445623,"Converged",FALSE,0.99,0.01
678,-1.7049968009531,1.97758339377956,-0.12377648067151,"Converged",FALSE,0.99,0.01
679,-1.76340097481471,1.50388332494493,-0.133039426637169,"Converged",FALSE,0.99,0.01
680,-1.93149052523338,2.44271706738303,-0.152596203337785,"Converged",FALSE,0.99,0.01
681,-1.77817678902048,0.730047285195046,-0.0554773417319518,"Converged",FALSE,0.99,0.01
682,-1.70238501613746,1.21512447582638,-0.09717935088713,"Converged",FALSE,0.99,0.01
683,-1.92672447833825,2.50675472574135,-0.145375734633141,"Converged",FALSE,0.99,0.01
684,-1.66064563142838,1.8207041080384,-0.16846365643235,"Converged",FALSE,0.99,0.01
685,-1.25894361976603,-0.760244701738016,-0.0652606732441876,"Converged",FALSE,0.99,0.01
686,-2.25063098542977,2.86172659281803,-0.103541283895721,"Converged",FALSE,0.99,0.01
687,-2.00818756900386,2.4444597298026,-0.0912029851059281,"Converged",FALSE,0.99,0.01
688,-1.64626970566128,1.63509366195391,-0.133420205251932,"Converged",FALSE,0.99,0.01
689,-1.4127884260137,1.59702868157189,-0.217323728780412,"Converged",FALSE,0.99,0.01
690,-1.84655262485377,2.72249282800063,-0.184666641657141,"Converged",FALSE,0.99,0.01
691,-2.0887850047907,2.47236745405225,-0.129999580945096,"Converged",FALSE,0.99,0.01
692,-2.06497979007493,3.38136925332058,-0.173288547972468,"Converged",FALSE,0.99,0.01
693,-2.47893719449313,4.27399832543331,-0.168282237507904,"Converged",FALSE,0.99,0.01
694,-2.23489555728494,2.3129226405768,-0.0518419384542548,"Converged",FALSE,0.99,0.01
695,-2.01276093758267,1.9965522166035,-0.0729102470330764,"Converged",FALSE,0.99,0.01
696,-1.38755539466301,-0.0210620836510068,-0.0814324928283998,"Converged",FALSE,0.99,0.01
697,-2.10473885912094,2.26150164872176,-0.0758918894889443,"Converged",FALSE,0.99,0.01
698,-2.64028763572951,3.29608071528423,-0.0567254845851344,"Converged",FALSE,0.99,0.01
699,-2.51215022549026,3.97859118528286,-0.0704098644812376,"Converged",FALSE,0.99,0.01
700,-2.52805182775137,2.94600894877401,-0.0382084237309004,"Converged",FALSE,0.99,0.01
701,-2.26325770273104,1.62985823793512,-0.0216863218651612,"Converged",FALSE,0.99,0.01
702,-1.65029584008274,2.45441823412035,-0.171243665211752,"Converged",FALSE,0.99,0.01
703,-1.49360720324012,1.46006513375526,-0.158567047950419,"Converged",FALSE,0.99,0.01
704,-1.57131757745256,0.352374967965226,-0.0764145153997606,"Converged",FALSE,0.99,0.01
705,-1.74930552465768,1.44834429012884,-0.106087206066727,"Converged",FALSE,0.99,0.01
706,-1.95238475318343,2.70951214273645,-0.154104492579129,"Converged",FALSE,0.99,0.01
707,-1.92467313809222,1.98700407946639,-0.138451318361592,"Converged",FALSE,0.99,0.01
708,-1.39302133849203,2.0734723154676,-0.236602592625964,"Converged",FALSE,0.99,0.01
709,-2.2602108413199,2.71077585753476,-0.0856806652643854,"Converged",FALSE,0.99,0.01
710,-1.75188021538035,0.235554134564025,-0.0622724314049855,"Converged",FALSE,0.99,0.01
711,-2.070727601422,2.22985881056998,-0.0901756677259701,"Converged",FALSE,0.99,0.01
712,-2.38706617101576,3.15546379617056,-0.110921088861684,"Converged",FALSE,0.99,0.01
713,-2.45414293459578,3.73144456583884,-0.152906112545249,"Converged",FALSE,0.99,0.01
714,-1.55819378310718,1.39493425554344,-0.128797396241414,"Converged",FALSE,0.99,0.01
715,-2.18631070453101,1.3689617832952,-0.0410479210870381,"Converged",FALSE,0.99,0.01
716,-1.48421975928184,1.30207395258619,-0.126932805064294,"Converged",FALSE,0.99,0.01
717,-1.81923250697813,2.11822417000054,-0.127952518576502,"Converged",FALSE,0.99,0.01
718,-2.14370248370223,1.54541815114169,-0.0187333951124273,"Converged",FALSE,0.99,0.01
719,-1.36869427619599,0.708204991376385,-0.125425213187143,"Converged",FALSE,0.99,0.01
720,-1.87831474454405,1.45376908590131,-0.107809510319929,"Converged",FALSE,0.99,0.01
721,-1.815139883898,1.13829352785884,-0.0666772727425966,"Converged",FALSE,0.99,0.01
722,-1.80073431471507,1.07271632560778,-0.0730786261973538,"Converged",FALSE,0.99,0.01
723,-1.80362152681447,1.27864144777605,-0.106559546069818,"Converged",FALSE,0.99,0.01
724,-1.73686901848544,1.50735718113978,-0.0998636688282553,"Converged",FALSE,0.99,0.01
725,-2.11847317879872,2.64986103157384,-0.0968776895235099,"Converged",FALSE,0.99,0.01
726,-2.18286903061284,2.66829410487305,-0.13332338180184,"Converged",FALSE,0.99,0.01
727,-1.59582902473517,1.47346361237575,-0.157335933217644,"Converged",FALSE,0.99,0.01
728,-1.94689170726823,2.4837639323217,-0.127520605533644,"Converged",FALSE,0.99,0.01
729,-1.38353398822112,-0.0202529014488343,-0.0477219453415264,"Converged",FALSE,0.99,0.01
730,-1.77082069512123,0.955349405461244,-0.126814054973372,"Converged",FALSE,0.99,0.01
731,-2.62665654733106,3.1971569342595,-0.0255181215587935,"Converged",FALSE,0.99,0.01
732,-2.01889491790407,1.72028348003641,-0.0915742235211408,"Converged",FALSE,0.99,0.01
733,-2.44723853057733,2.42649606676545,-0.0455886449199866,"Converged",FALSE,0.99,0.01
734,-1.58936163535687,1.18770957742664,-0.100570893041582,"Converged",FALSE,0.99,0.01
735,-2.1433715400745,2.77661986957946,-0.0941216427496861,"Converged",FALSE,0.99,0.01
736,-1.81306353594998,1.2472697704423,-0.0903127444698879,"Converged",FALSE,0.99,0.01
737,-1.01443557254296,0.642806842127131,-0.215889959254492,"Converged",FALSE,0.99,0.01
738,-1.80361769183862,2.07605657818784,-0.124950980722753,"Converged",FALSE,0.99,0.01
739,-3.05011726494413,3.83633832780829,-0.00051375076244907,"Converged",FALSE,0.99,0.01
740,-1.97805974256385,1.87581282058754,-0.0885842137730169,"Converged",FALSE,0.99,0.01
741,-2.42289002092296,2.8820232514406,-0.0885514345190105,"Converged",FALSE,0.99,0.01
742,-2.71573345749761,3.59517918299967,-0.104488705359443,"Converged",FALSE,0.99,0.01
743,-1.40651395382819,0.310800957029398,-0.132536726910699,"Converged",FALSE,0.99,0.01
744,-2.36799265924809,3.06333178042953,-0.0964822589678067,"Converged",FALSE,0.99,0.01
745,-1.43788332985979,0.388985798685773,-0.148198243785679,"Converged",FALSE,0.99,0.01
746,-1.97610161236475,1.97434319897432,-0.136317881048148,"Converged",FALSE,0.99,0.01
747,-2.43617612510859,2.74652295647151,-0.0552213108024193,"Converged",FALSE,0.99,0.01
748,-2.06913055031197,2.06564546679684,-0.0791930660497939,"Converged",FALSE,0.99,0.01
749,-1.91246170551358,1.63112634672214,-0.0603145579312966,"Converged",FALSE,0.99,0.01
750,-1.55574761856837,0.579511610043245,-0.111043322886142,"Converged",FALSE,0.99,0.01
751,-2.08461423202246,1.80783520756926,-0.0644770680766405,"Converged",FALSE,0.99,0.01
752,-1.65811496171751,1.22561450994795,-0.106990223865786,"Converged",FALSE,0.99,0.01
753,-2.07012231801194,2.01474004178583,-0.0563983905747039,"Converged",FALSE,0.99,0.01
754,-2.36011428813191,3.41935097965476,-0.102574635692178,"Converged",FALSE,0.99,0.01
755,-1.56828763114515,0.647865789329745,-0.093003372176251,"Converged",FALSE,0.99,0.01
756,-1.73714442187912,1.22678020078149,-0.0647814401248701,"Converged",FALSE,0.99,0.01
757,-2.40178637489347,3.06147752341779,-0.0907342483487248,"Converged",FALSE,0.99,0.01
758,-1.78879587270055,1.84077031258523,-0.117815952437618,"Converged",FALSE,0.99,0.01
759,-2.38876344620505,3.03739551062633,-0.102315766711299,"Converged",FALSE,0.99,0.01
760,-1.85204094852176,2.69224304545191,-0.165913517176871,"Converged",FALSE,0.99,0.01
761,-1.31654066810154,0.738541983148205,-0.167046911855718,"Converged",FALSE,0.99,0.01
762,-2.11339535455246,2.20224348443774,-0.112605239957085,"Converged",TRUE,0.99,0.01
763,-2.30041721026535,2.9946928549521,-0.0837891552134311,"Converged",FALSE,0.99,0.01
764,-1.96140168157075,2.02464824895705,-0.0727244741371923,"Converged",FALSE,0.99,0.01
765,-1.95777932618697,2.07439058391569,-0.127316057066819,"Converged",FALSE,0.99,0.01
766,-1.73309768231644,1.72639568153264,-0.100137104560991,"Converged",FALSE,0.99,0.01
767,-2.94030454688309,2.54317448503337,0.0293732919124391,"Converged",FALSE,0.99,0.01
768,-1.90915528037241,2.96029454625779,-0.172756618979633,"Converged",FALSE,0.99,0.01
769,-1.93682798924456,1.53083919744382,-0.103783592526733,"Converged",FALSE,0.99,0.01
770,-2.3765938773395,2.82333417108423,-0.0529005227194093,"Converged",FALSE,0.99,0.01
771,-1.77560489428327,1.44104806383973,-0.129740193603748,"Converged",FALSE,0.99,0.01
772,-2.71310740011072,3.39106299983446,-0.0811706697207135,"Converged",FALSE,0.99,0.01
773,-1.72857103486193,1.14413409319196,-0.099344498300791,"Converged",FALSE,0.99,0.01
774,-2.46390844865753,3.21605008658715,-0.0384516698888849,"Converged",FALSE,0.99,0.01
775,-2.08662218238409,2.59002688521083,-0.160862129098617,"Converged",FALSE,0.99,0.01
776,-2.00526420752897,1.26494600161295,-0.0446022916974494,"Converged",FALSE,0.99,0.01
777,-2.06563932201061,2.28703838204077,-0.11560049233479,"Converged",FALSE,0.99,0.01
778,-2.05375253515722,1.79188947438737,-0.0728561076690991,"Converged",FALSE,0.99,0.01
779,-2.35657468765197,2.02601428486651,-0.0687421845949141,"Converged",FALSE,0.99,0.01
780,-1.92459911657323,2.77688137165859,-0.165626167798034,"Converged",FALSE,0.99,0.01
781,-2.08036339807024,2.9429885960241,-0.149998173622165,"Converged",FALSE,0.99,0.01
782,-2.59827865520047,3.57917912970224,-0.0628683044801787,"Converged",FALSE,0.99,0.01
783,-2.43905189470121,2.32586632691866,-0.0244550316824876,"Converged",FALSE,0.99,0.01
784,-2.26910214086821,2.47890955846123,-0.0519082372596466,"Converged",FALSE,0.99,0.01
785,-1.49904569327063,0.268160404601362,-0.0920837742198414,"Converged",FALSE,0.99,0.01
786,-2.16592078153409,2.96552951461745,-0.109533319778924,"Converged",FALSE,0.99,0.01
787,-1.54743943505007,0.520680856353229,-0.0738361257426463,"Converged",FALSE,0.99,0.01
788,-1.76697939704586,1.17711825755193,-0.0730297559796445,"Converged",FALSE,0.99,0.01
789,-2.19226588702517,2.0636229669456,-0.073702516346297,"Converged",FALSE,0.99,0.01
790,-2.05199285197952,2.31830118051239,-0.103100375509251,"Converged",FALSE,0.99,0.01
791,-1.38457459392987,1.12905891303866,-0.188945089401804,"Converged",FALSE,0.99,0.01
792,-1.74103266537948,1.62063158188264,-0.117265141034444,"Converged",FALSE,0.99,0.01
793,-2.1072310130605,3.76848190870288,-0.180552872565282,"Converged",FALSE,0.99,0.01
794,-1.85100929420683,0.888331997643997,-0.0340154446888112,"Converged",FALSE,0.99,0.01
795,-1.72454506226125,1.35057485246475,-0.103804311241853,"Converged",FALSE,0.99,0.01
796,-1.38529634938467,0.377975891545084,-0.114770677004458,"Converged",FALSE,0.99,0.01
797,-1.77123207665406,0.916858500719327,-0.0594475017444708,"Converged",FALSE,0.99,0.01
798,-1.95355447947082,2.24520641706158,-0.079727668854613,"Converged",FALSE,0.99,0.01
799,-2.60040659682596,4.17905883682066,-0.144715954568892,"Converged",FALSE,0.99,0.01
800,-1.93001845531769,2.75990196334414,-0.153990498204648,"Converged",FALSE,0.99,0.01
801,-2.3259155387468,3.50525957534858,-0.125020247167583,"Converged",FALSE,0.99,0.01
802,-1.73402019645539,1.73404687176257,-0.121013530503251,"Converged",FALSE,0.99,0.01
803,-1.7075466019942,0.94400570197235,-0.0492145163922624,"Converged",FALSE,0.99,0.01
804,-1.87510386393413,2.18869470450374,-0.141755875432646,"Converged",FALSE,0.99,0.01
805,-3.1071657327084,4.44158084383197,-0.0384735664609456,"Converged",FALSE,0.99,0.01
806,-2.07870586021573,2.18470643331352,-0.0693264305400312,"Converged",FALSE,0.99,0.01
807,-1.64269861258332,0.858039681397903,-0.106545773790227,"Converged",TRUE,0.99,0.01
808,-2.11365834332249,2.67001623127938,-0.106958644973799,"Converged",FALSE,0.99,0.01
809,-2.27026601959333,2.15560657459102,-0.0476004592097995,"Converged",FALSE,0.99,0.01
810,-1.62363183751357,1.03871533244952,-0.117451749310752,"Converged",FALSE,0.99,0.01
811,-1.9201028294492,2.19345933503979,-0.0730273934097349,"Converged",FALSE,0.99,0.01
812,-2.18000351578089,2.11445079123314,-0.0941189263117775,"Converged",FALSE,0.99,0.01
813,-1.77368612684346,2.96636828018714,-0.200092410139086,"Converged",FALSE,0.99,0.01
814,-2.90640310818631,4.19537239122652,-0.0488398344364079,"Converged",FALSE,0.99,0.01
815,-2.46154268904452,2.46159271594714,-0.0307356042783653,"Converged",FALSE,0.99,0.01
816,-1.34136990605451,0.739157539135192,-0.159526912840735,"Converged",FALSE,0.99,0.01
817,-1.41880026358496,-0.323062392078766,-0.0414590394722358,"Converged",FALSE,0.99,0.01
818,-1.55466522271187,2.19186858878324,-0.166665303187262,"Converged",FALSE,0.99,0.01
819,-1.68973745289635,2.09186148043412,-0.181830021703134,"Converged",FALSE,0.99,0.01
820,-1.72617666755644,1.38544454854595,-0.119040972526352,"Converged",FALSE,0.99,0.01
821,-2.62261397230132,3.48575517712814,-0.126226924332634,"Converged",FALSE,0.99,0.01
822,-2.35552667121463,3.07593289875418,-0.0794023339532087,"Converged",FALSE,0.99,0.01
823,-1.92635999830839,1.43898461918884,-0.0586996055243936,"Converged",TRUE,0.99,0.01
824,-1.9949041498319,2.3410694105389,-0.0909045188583901,"Converged",FALSE,0.99,0.01
825,-2.09964889343574,1.93810885828484,-0.0581506991102723,"Converged",FALSE,0.99,0.01
826,-1.98535031053058,1.32465659746038,-0.0614887267412134,"Converged",FALSE,0.99,0.01
827,-2.6945823040778,3.87693007208369,-0.10437421586681,"Converged",FALSE,0.99,0.01
828,-2.4931087793985,3.91446614737736,-0.0769912386484247,"Converged",FALSE,0.99,0.01
829,-2.22975072072014,2.86116377996225,-0.112431417377667,"Converged",FALSE,0.99,0.01
830,-1.72750055768502,1.30871669953919,-0.0975214958119709,"Converged",FALSE,0.99,0.01
831,-1.02500771637566,-0.0327994451109269,-0.163359822063619,"Converged",FALSE,0.99,0.01
832,-1.63283358360546,2.12608758302279,-0.171196466407172,"Converged",FALSE,0.99,0.01
833,-1.70346447575441,1.11211864204059,-0.0883646023144341,"Converged",FALSE,0.99,0.01
834,-2.14503441346271,2.51971693320407,-0.0941181550779948,"Converged",FALSE,0.99,0.01
835,-1.91778069716785,2.34280043935195,-0.118506902850512,"Converged",FALSE,0.99,0.01
836,-1.97950532322002,1.78982738288078,-0.072700449595674,"Converged",FALSE,0.99,0.01
837,-2.04234918061752,2.06517392970434,-0.0718676841455742,"Converged",FALSE,0.99,0.01
838,-1.69628563274427,1.88501525949453,-0.124730977565733,"Converged",FALSE,0.99,0.01
839,-1.50355243114681,1.2060671546785,-0.145330399832894,"Converged",FALSE,0.99,0.01
840,-1.47613895515536,0.847315094296901,-0.113120326668406,"Converged",FALSE,0.99,0.01
841,-1.94334929527911,1.23951590108148,-0.0726784813119735,"Converged",FALSE,0.99,0.01
842,-1.86642922429545,0.976251786798355,-0.0368973792896692,"Converged",FALSE,0.99,0.01
843,-1.55395427157659,2.11250888320234,-0.157685491567209,"Converged",FALSE,0.99,0.01
844,-2.51505097936886,2.45268642146069,-0.0516887726787316,"Converged",FALSE,0.99,0.01
845,-2.44856827264569,3.00117111318764,-0.0907313995611519,"Converged",FALSE,0.99,0.01
846,-1.17517678922636,0.860095453471056,-0.178633899819821,"Converged",FALSE,0.99,0.01
847,-2.80543392646473,3.91141026678026,-0.0403810358785208,"Converged",FALSE,0.99,0.01
848,-2.14517985985036,2.98971378604484,-0.160456062531342,"Converged",FALSE,0.99,0.01
849,-1.97995506737262,1.70083212630311,-0.0501589300276398,"Converged",FALSE,0.99,0.01
850,-1.98289536125433,1.68926474735617,-0.05355562509296,"Converged",FALSE,0.99,0.01
851,-2.30598066521995,2.49569621985287,-0.0784728786074906,"Converged",FALSE,0.99,0.01
852,-2.3484621492295,3.23648836806701,-0.09399707166675,"Converged",FALSE,0.99,0.01
853,-1.90176402251495,1.22100839896242,-0.0549640335234171,"Converged",FALSE,0.99,0.01
854,-1.70968277647863,2.00982467631373,-0.14934892537148,"Converged",FALSE,0.99,0.01
855,-1.70361477928185,1.47693136088133,-0.12161755900028,"Converged",FALSE,0.99,0.01
856,-1.96265127102728,1.98520154720158,-0.118661299945685,"Converged",FALSE,0.99,0.01
857,-1.63096559378183,0.97493963741016,-0.103129355045266,"Converged",FALSE,0.99,0.01
858,-2.80729302500827,4.0292379283671,-0.0888490349952367,"Converged",FALSE,0.99,0.01
859,-1.58961940341337,1.62544838875441,-0.151228709145398,"Converged",FALSE,0.99,0.01
860,-2.05145806291795,1.96346506747357,-0.0769092478707684,"Converged",FALSE,0.99,0.01
861,-2.36759506918132,2.95736962093647,-0.109163084144974,"Converged",FALSE,0.99,0.01
862,-1.90170253676018,1.77024898200832,-0.0974398016688061,"Converged",FALSE,0.99,0.01
863,-1.38566141509891,0.904069629139319,-0.144505209194276,"Converged",FALSE,0.99,0.01
864,-1.79117647806545,1.69308352522635,-0.131309761413258,"Converged",TRUE,0.99,0.01
865,-2.44449297598035,2.02258004649028,-0.0349693582366344,"Converged",FALSE,0.99,0.01
866,-1.7700108811952,1.2312993545889,-0.0729149229633567,"Converged",FALSE,0.99,0.01
867,-1.7915161973752,1.10545399919132,-0.0684470161287258,"Converged",FALSE,0.99,0.01
868,-2.31770333177571,2.49692103057102,-0.0420891603570702,"Converged",FALSE,0.99,0.01
869,-2.57589822400071,2.70434654701322,-0.069107223081482,"Converged",FALSE,0.99,0.01
870,-1.67178831962077,1.45456473347167,-0.0813474549655844,"Converged",FALSE,0.99,0.01
871,-1.57717823423019,0.708765845850924,-0.0868064090663769,"Converged",FALSE,0.99,0.01
872,-2.20025602971928,3.42618296076305,-0.130403043631532,"Converged",FALSE,0.99,0.01
873,-1.51963919679155,1.43524317339044,-0.125910429694062,"Converged",FALSE,0.99,0.01
874,-1.60121144160054,0.828227058309907,-0.128404923289783,"Converged",FALSE,0.99,0.01
875,-2.2286319816126,2.47424037476117,-0.0660184250930061,"Converged",FALSE,0.99,0.01
876,-1.75342606597118,1.80870470575,-0.09714270750549,"Converged",FALSE,0.99,0.01
877,-2.056706379454,2.64303478439629,-0.127377251488187,"Converged",FALSE,0.99,0.01
878,-1.6962438524489,2.36285826609737,-0.162477664841986,"Converged",FALSE,0.99,0.01
879,-1.80374714652664,2.1295607607721,-0.171187553809841,"Converged",FALSE,0.99,0.01
880,-1.54708659491405,0.419729662711472,-0.079097180183859,"Converged",FALSE,0.99,0.01
881,-2.33929890047465,3.37214240141341,-0.0821769674263605,"Converged",FALSE,0.99,0.01
882,-2.06156257788772,1.83909326229543,-0.0621387888670249,"Converged",FALSE,0.99,0.01
883,-1.97940571488008,1.55050333651175,-0.0780841689540556,"Converged",TRUE,0.99,0.01
884,-2.45003455035482,1.7100534478761,-0.0122752269136777,"Converged",FALSE,0.99,0.01
885,-1.9426943120348,1.00309838587346,-0.0586181013036096,"Converged",FALSE,0.99,0.01
886,-2.33472140994872,2.95930417521717,-0.102319560660719,"Converged",FALSE,0.99,0.01
887,-1.50613110993443,1.06446427947148,-0.147334524539991,"Converged",FALSE,0.99,0.01
888,-1.67820940457038,1.55135070318363,-0.119255071230847,"Converged",FALSE,0.99,0.01
889,-2.54875141409851,2.37210471046417,-0.00570842257676706,"Converged",FALSE,0.99,0.01
890,-1.84449640584215,2.6738410346612,-0.147808961342247,"Converged",FALSE,0.99,0.01
891,-2.29013170987186,2.42480525270325,-0.0471415283597325,"Converged",FALSE,0.99,0.01
892,-2.20701063650819,3.06106646841016,-0.135058663635536,"Converged",FALSE,0.99,0.01
893,-1.99879997673922,2.64343792484931,-0.137259381911239,"Converged",FALSE,0.99,0.01
894,-2.19058908453618,2.66882931250787,-0.138433246691286,"Converged",FALSE,0.99,0.01
895,-1.5840126568656,0.881586325731798,-0.102355958483936,"Converged",TRUE,0.99,0.01
896,-1.87906477332172,1.31225815572699,-0.0635479800234887,"Converged",FALSE,0.99,0.01
897,-1.42081042488768,2.0517884420934,-0.2327884765774,"Converged",FALSE,0.99,0.01
898,-1.46741942895242,1.12785495988192,-0.131575281333119,"Converged",FALSE,0.99,0.01
899,-2.49314094977526,2.93395486129512,-0.0581299401200778,"Converged",FALSE,0.99,0.01
900,-2.04066392215998,1.40148281719434,-0.0475642532610444,"Converged",TRUE,0.99,0.01
901,-1.89797233728591,1.52480531809107,-0.0776827692424495,"Converged",FALSE,0.99,0.01
902,-2.24249281261594,2.63545003566188,-0.0947962993239262,"Converged",FALSE,0.99,0.01
903,-2.27151035576449,2.38055759902752,-0.0902388716241126,"Converged",FALSE,0.99,0.01
904,-1.64130197447545,0.650058867667828,-0.0800383700986339,"Converged",FALSE,0.99,0.01
905,-1.20077746093873,0.885386492643696,-0.196035508580685,"Converged",FALSE,0.99,0.01
906,-1.89858653661669,1.10736634598646,-0.0471157782270536,"Converged",FALSE,0.99,0.01
907,-1.70152315311398,0.465267883953064,-0.0468846246061601,"Converged",FALSE,0.99,0.01
908,-2.00157794691837,1.9841680856057,-0.0892523542706711,"Converged",FALSE,0.99,0.01
909,-1.80050197431599,1.29577528967315,-0.148310998232427,"Converged",FALSE,0.99,0.01
910,-1.61748308940818,1.353166647074,-0.117237436115755,"Converged",FALSE,0.99,0.01
911,-1.89444735474092,1.84380587333573,-0.116650550154473,"Converged",FALSE,0.99,0.01
912,-1.4980935026992,0.747757777443141,-0.132292550418119,"Converged",FALSE,0.99,0.01
913,-1.65058995635345,2.06383627531756,-0.141850375034041,"Converged",FALSE,0.99,0.01
914,-2.27202049742527,2.87650922490733,-0.116451846805019,"Converged",FALSE,0.99,0.01
915,-2.55243943892525,2.92016794639295,-0.0536235640793775,"Converged",FALSE,0.99,0.01
916,-1.72900806207754,1.92775313101824,-0.131644675239497,"Converged",FALSE,0.99,0.01
917,-1.22481035350061,0.625299630559527,-0.162185091105217,"Converged",FALSE,0.99,0.01
918,-2.22732928607349,2.42298770161987,-0.0413570799005966,"Converged",FALSE,0.99,0.01
919,-2.330467293165,2.38583102651954,-0.0562026004190484,"Converged",FALSE,0.99,0.01
920,-2.53191725220794,2.31558914659093,0.0186954118046241,"Converged",FALSE,0.99,0.01
921,-1.55946444196767,1.98236923120505,-0.175390163372502,"Converged",FALSE,0.99,0.01
922,-1.76627442517587,0.358808013766696,-0.039978319511988,"Converged",FALSE,0.99,0.01
923,-3.05633128755892,4.42002556629498,-0.0379413930283862,"Converged",FALSE,0.99,0.01
924,-2.4676811954634,2.81416449916387,-0.0766932268952084,"Converged",FALSE,0.99,0.01
925,-1.78556083310562,1.46809452753796,-0.109662636254658,"Converged",FALSE,0.99,0.01
926,-1.76537819244579,2.16175314754597,-0.139326786627831,"Converged",FALSE,0.99,0.01
927,-2.17700046009967,1.14078203449783,0.0117225856922603,"Converged",FALSE,0.99,0.01
928,-2.20051103719038,1.72887349504196,-0.0226248947763104,"Converged",FALSE,0.99,0.01
929,-2.08253995227007,2.26590692402927,-0.058414334798134,"Converged",FALSE,0.99,0.01
930,-1.75357421474423,2.08439869331099,-0.142621728715451,"Converged",FALSE,0.99,0.01
931,-2.08927672075165,2.05292729958775,-0.117024800508852,"Converged",FALSE,0.99,0.01
932,-1.43813821424401,0.45020982845887,-0.120543351363215,"Converged",FALSE,0.99,0.01
933,-2.24047514054358,2.32728979302659,-0.0657057229645312,"Converged",FALSE,0.99,0.01
934,-2.28290930365008,2.80070953381678,-0.073761544926569,"Converged",TRUE,0.99,0.01
935,-1.6572532057196,1.38387679859076,-0.116464805443595,"Converged",FALSE,0.99,0.01
936,-2.15980852358998,1.82741936990749,-0.054123233459176,"Converged",FALSE,0.99,0.01
937,-2.14288126545285,1.97479419239205,-0.0495326890070898,"Converged",FALSE,0.99,0.01
938,-1.39400418676978,0.330528027685786,-0.0993383907697077,"Converged",FALSE,0.99,0.01
939,-1.43187660163747,1.58656926843289,-0.196672732595732,"Converged",FALSE,0.99,0.01
940,-1.6078577064018,1.19574964367415,-0.124878236671273,"Converged",FALSE,0.99,0.01
941,-1.95175677723399,1.34464263717011,-0.0690706058728438,"Converged",FALSE,0.99,0.01
942,-2.42109527978119,2.72480489906141,-0.0295032130662778,"Converged",FALSE,0.99,0.01
943,-2.24896738820043,2.34009807643162,-0.0639216006796015,"Converged",FALSE,0.99,0.01
944,-1.80591709092026,0.944382998630261,-0.0733297356407893,"Converged",FALSE,0.99,0.01
945,-2.0239360085311,2.68204241269192,-0.12239954095655,"Converged",FALSE,0.99,0.01
946,-2.06897453622307,1.67760501906284,-0.0389506805577517,"Converged",FALSE,0.99,0.01
947,-1.33296571796814,0.474008044687499,-0.136338018932016,"Converged",FALSE,0.99,0.01
948,-2.08184876913563,1.56483598798259,-0.0399860643398414,"Converged",FALSE,0.99,0.01
949,-1.90871602481824,2.82208471845853,-0.158532330644905,"Converged",FALSE,0.99,0.01
950,-1.3482301373714,0.863995697008006,-0.161668655302118,"Converged",FALSE,0.99,0.01
951,-2.43129819887289,2.67398644995906,-0.0343683214529526,"Converged",FALSE,0.99,0.01
952,-1.6287846721579,0.80430333720775,-0.0747585054441292,"Converged",TRUE,0.99,0.01
953,-2.42476705804919,3.11098227890561,-0.110450297685195,"Converged",FALSE,0.99,0.01
954,-1.73267081389342,1.09913583248773,-0.0706529150239273,"Converged",FALSE,0.99,0.01
955,-1.63166840446498,1.38868451695067,-0.101393024059477,"Converged",FALSE,0.99,0.01
956,-1.41290956496999,1.41911437999526,-0.143844381257157,"Converged",FALSE,0.99,0.01
957,-2.1381109045451,2.56611604780382,-0.0872537420129984,"Converged",FALSE,0.99,0.01
958,-2.27347207949348,2.3956675613116,-0.056198571142863,"Converged",FALSE,0.99,0.01
959,-2.27104065908849,2.72109585022223,-0.0784882124970797,"Converged",FALSE,0.99,0.01
960,-2.12472364922755,2.33303522624766,-0.107063865717525,"Converged",FALSE,0.99,0.01
961,-1.57265791111976,1.51827298278482,-0.150751137900984,"Converged",FALSE,0.99,0.01
962,-2.31785050283513,3.31419117411295,-0.125295480468334,"Converged",FALSE,0.99,0.01
963,-2.00007889948993,2.38909180191891,-0.132977798893527,"Converged",FALSE,0.99,0.01
964,-2.72517817917461,4.33886688238294,-0.106435621328368,"Converged",FALSE,0.99,0.01
965,-1.86989097372288,1.5245088410616,-0.0737223695735236,"Converged",FALSE,0.99,0.01
966,-1.64875715001162,0.863350476460784,-0.111520408120223,"Converged",FALSE,0.99,0.01
967,-1.68060543171019,1.54956768029687,-0.123061339893818,"Converged",FALSE,0.99,0.01
968,-2.89590538557051,3.37421468263108,-0.015051798738524,"Converged",FALSE,0.99,0.01
969,-2.73991928883455,3.87348274453672,-0.0786117492870658,"Converged",FALSE,0.99,0.01
970,-2.3885994126293,3.19692393792057,-0.0917754661042203,"Converged",FALSE,0.99,0.01
971,-2.43267136006894,2.75881217974669,-0.0720599834135663,"Converged",FALSE,0.99,0.01
972,-1.6192732364487,1.12963585527848,-0.131149307961456,"Converged",FALSE,0.99,0.01
973,-1.30410214705606,0.0535964878048438,-0.0749014323533642,"Converged",FALSE,0.99,0.01
974,-1.51445949557794,0.681446327704662,-0.124044184682293,"Converged",FALSE,0.99,0.01
975,-2.01009576605141,1.55157641173186,-0.034023058096551,"Converged",TRUE,0.99,0.01
976,-2.571718068799,3.81249532067097,-0.0883374338064184,"Converged",FALSE,0.99,0.01
977,-1.3003076804982,0.0497389011736557,-0.112158425182607,"Converged",FALSE,0.99,0.01
978,-1.70997323189537,1.42275122627362,-0.125292957950049,"Converged",FALSE,0.99,0.01
979,-1.68292094205547,0.671783016297174,-0.0915422814643034,"Converged",TRUE,0.99,0.01
980,-1.91792356777807,2.3289809778768,-0.120336786967644,"Converged",FALSE,0.99,0.01
981,-1.45251817690074,0.475814317602568,-0.103021636792106,"Converged",FALSE,0.99,0.01
982,-1.90365477725096,1.73267970003306,-0.10321653268874,"Converged",FALSE,0.99,0.01
983,-2.20160588492434,1.93374573265871,-0.0563610428469445,"Converged",FALSE,0.99,0.01
984,-2.09656350676313,1.74427036732853,-0.0396404007289973,"Converged",FALSE,0.99,0.01
985,-1.54915206346524,1.41769701546151,-0.14566819082271,"Converged",FALSE,0.99,0.01
986,-1.89322834991898,2.28981779086315,-0.105539397937951,"Converged",FALSE,0.99,0.01
987,-1.57876589665388,0.571337266408796,-0.075481286955027,"Converged",FALSE,0.99,0.01
988,-1.40755586331185,0.954777851441683,-0.157969513464968,"Converged",FALSE,0.99,0.01
989,-2.06151594120716,2.28192889460974,-0.111902635771532,"Converged",FALSE,0.99,0.01
990,-2.35266504098443,2.23312387134464,-0.0198588723621489,"Converged",FALSE,0.99,0.01
991,-2.46504201342374,2.55043754854861,-0.043432147780714,"Converged",FALSE,0.99,0.01
992,-1.5411978971901,0.228491440794973,-0.0782668815188094,"Converged",FALSE,0.99,0.01
993,-2.71407343724127,3.65154957955437,-0.0878637662598531,"Converged",FALSE,0.99,0.01
994,-1.39912443808774,0.393314883359438,-0.117244079141154,"Converged",FALSE,0.99,0.01
995,-1.95905007657552,3.06839585020914,-0.157156619194003,"Converged",FALSE,0.99,0.01
996,-1.4291787168067,1.0738806468832,-0.12555926070289,"Converged",FALSE,0.99,0.01
997,-1.69807189442699,0.897627491769393,-0.0447269191283654,"Converged",FALSE,0.99,0.01
998,-2.16312350810829,2.44523186043157,-0.080843604624483,"Converged",FALSE,0.99,0.01
999,-1.81306470613567,0.735698625076298,-0.014250213278339,"Converged",FALSE,0.99,0.01
1000,-1.58530484467484,1.15051053957923,-0.123240736497734,"Converged",FALSE,0.99,0.01
