"sim","q","design","beta0","beta1","beta2","conv_msg","resampled_V","des_n00","des_n01","des_n10","des_n11","tpr","fpr"
1,0.9,"SRS",-1.99121102318911,2.12278240968993,0.119289712701152,"Converged",FALSE,5,61,4,30,0.95,0.05
1,0.9,"CC",-2.12038301129422,2.70629679068264,0.121975851002343,"Converged",FALSE,4,46,3,47,0.95,0.05
1,0.9,"BCC",-1.9804921988806,2.17932836742152,0.11899155236499,"Converged",FALSE,25,25,25,25,0.95,0.05
1,0.9,"RESID",-1.9604874634386,2.12846687238678,0.118857009093432,"Converged",FALSE,20,30,0,50,0.95,0.05
1,0.9,"SFS",NA,NA,NA,"B-spline error",FALSE,28,22,25,25,0.95,0.05
2,0.9,"SRS",-1.73110679936141,0.961149399977807,0.118884340330191,"Converged",FALSE,5,65,2,28,0.95,0.05
2,0.9,"CC",-1.7877549529115,1.17418895125614,0.118836218063284,"Converged",FALSE,3,47,1,49,0.95,0.05
2,0.9,"BCC",-1.60140900469813,0.606380573717356,0.118269927630453,"Converged",FALSE,26,25,24,25,0.95,0.05
2,0.9,"RESID",-1.85910611221042,1.43271383046091,0.119267472399566,"Converged",FALSE,5,45,2,48,0.95,0.05
2,0.9,"SFS",NA,NA,NA,"B-spline error",FALSE,30,20,23,27,0.95,0.05
3,0.9,"SRS",-1.28396129452011,0.16902074874803,0.0857339613047681,"Converged",FALSE,5,66,1,28,0.95,0.05
3,0.9,"CC",-1.49387527634746,0.866795365595437,0.0856742998952924,"Converged",FALSE,6,44,5,45,0.95,0.05
3,0.9,"BCC",-1.35976797976077,0.43879155273063,0.0854356692536259,"Converged",FALSE,27,26,21,26,0.95,0.05
3,0.9,"RESID",-1.31678295171964,0.283844692633631,0.0858303093329722,"Converged",FALSE,10,40,2,48,0.95,0.05
3,0.9,"SFS",NA,NA,NA,"B-spline error",FALSE,36,14,21,29,0.95,0.05
4,0.9,"SRS",-2.2487885129757,1.70541637692288,0.164240653110072,"Converged",FALSE,7,67,2,24,0.95,0.05
4,0.9,"CC",-2.44241665967316,2.37461839289023,0.164131802185627,"Converged",FALSE,4,46,1,49,0.95,0.05
4,0.9,"BCC",-2.23628798558837,1.6060221065212,0.164411443843643,"Converged",FALSE,27,26,21,26,0.95,0.05
4,0.9,"RESID",-2.12761827398989,1.36288399149181,0.162291787301618,"Converged",FALSE,9,41,0,50,0.95,0.05
4,0.9,"SFS",NA,NA,NA,"B-spline error",FALSE,25,25,21,29,0.95,0.05
5,0.9,"SRS",-2.38435124485192,3.03073642947551,0.0887532043030227,"Converged",FALSE,3,72,2,23,0.95,0.05
5,0.9,"CC",-2.37599383783518,3.12685031492253,0.0895775918140922,"Converged",FALSE,3,47,4,46,0.95,0.05
5,0.9,"BCC",-1.98989852206705,1.87183381298296,0.0894116580467555,"Converged",FALSE,25,25,25,25,0.95,0.05
5,0.9,"RESID",-2.12823355636967,2.41302951429638,0.0888661037835295,"Converged",FALSE,19,31,0,50,0.95,0.05
5,0.9,"SFS",NA,NA,NA,"B-spline error",FALSE,33,17,30,20,0.95,0.05
6,0.9,"SRS",-2.21899279001828,3.16149091622883,0.0618885113975481,"Converged",FALSE,2,64,1,33,0.95,0.05
6,0.9,"CC",-1.7649000001091,1.8098235833956,0.0567619972162954,"Converged",FALSE,5,45,8,42,0.95,0.05
6,0.9,"BCC",-1.94444690402909,2.26634141537186,0.0570263857140265,"Converged",FALSE,25,25,25,25,0.95,0.05
6,0.9,"RESID",-2.15305549917404,2.78756194559905,0.0610556369421544,"Converged",FALSE,22,28,0,50,0.95,0.05
6,0.9,"SFS",NA,NA,NA,"B-spline error",FALSE,34,16,25,25,0.95,0.05
7,0.9,"SRS",-1.29060052059595,0.20758704177971,0.0800539476438913,"Converged",FALSE,6,72,0,22,0.95,0.05
7,0.9,"CC",-1.29685927287122,0.228239266896939,0.080127297813577,"Converged",FALSE,0,50,5,45,0.95,0.05
7,0.9,"BCC",-1.31056377120783,0.274534459197744,0.0801946940494744,"Converged",FALSE,26,25,24,25,0.95,0.05
7,0.9,"RESID",-1.37973202529665,0.487387767166777,0.080418068434076,"Converged",FALSE,3,47,4,46,0.95,0.05
7,0.9,"SFS",NA,NA,NA,"B-spline error",FALSE,38,12,24,26,0.95,0.05
8,0.9,"SRS",-2.98182326025854,4.15888114290174,0.140295390944271,"Converged",FALSE,12,64,2,22,0.95,0.05
8,0.9,"CC",-1.99798621010853,1.66582760821988,0.137795634379209,"Converged",FALSE,3,47,4,46,0.95,0.05
8,0.9,"BCC",-2.02082948151195,1.63711806823495,0.138783548541045,"Converged",FALSE,25,25,25,25,0.95,0.05
8,0.9,"RESID",-2.4157651709655,2.75616006166947,0.142273745551749,"Converged",FALSE,14,36,0,50,0.95,0.05
8,0.9,"SFS",NA,NA,NA,"B-spline error",FALSE,28,22,30,20,0.95,0.05
9,0.9,"SRS",-1.84117246212025,1.63107767825704,0.106670418601272,"Converged",FALSE,8,62,2,28,0.95,0.05
9,0.9,"CC",-1.81297278980231,1.599029994453,0.108407143317773,"Converged",FALSE,0,50,5,45,0.95,0.05
9,0.9,"BCC",-1.8048668667099,1.61165447582438,0.10871986323119,"Converged",FALSE,25,25,25,25,0.95,0.05
9,0.9,"RESID",-1.70506957943267,1.28807000651384,0.105804064746414,"Converged",FALSE,13,37,0,50,0.95,0.05
9,0.9,"SFS",NA,NA,NA,"B-spline error",FALSE,25,25,25,25,0.95,0.05
10,0.9,"SRS",-2.07446506404048,1.77097564797695,0.118444566386522,"Converged",FALSE,4,72,3,21,0.95,0.05
10,0.9,"CC",-1.9494613500581,1.30536098980792,0.120309723856403,"Converged",FALSE,3,47,2,48,0.95,0.05
10,0.9,"BCC",-1.94394036992366,1.3500096054957,0.120867453166588,"Converged",FALSE,26,25,24,25,0.95,0.05
10,0.9,"RESID",-2.02153183664005,1.57718850478065,0.120532742694355,"Converged",FALSE,9,41,1,49,0.95,0.05
10,0.9,"SFS",NA,NA,NA,"B-spline error",FALSE,26,24,23,27,0.95,0.05
11,0.9,"SRS",-1.76861865682283,1.91157294963721,0.0817356168732673,"Converged",FALSE,2,71,4,23,0.95,0.05
11,0.9,"CC",-1.89238192233198,2.20216585002124,0.082016766351851,"Converged",FALSE,5,45,2,48,0.95,0.05
11,0.9,"BCC",-1.99784099334641,2.57747491292232,0.0828553541628038,"Converged",FALSE,25,25,25,25,0.95,0.05
11,0.9,"RESID",-1.75939647655367,1.82605813043523,0.083281603356281,"Converged",FALSE,23,27,0,50,0.95,0.05
11,0.9,"SFS",NA,NA,NA,"B-spline error",FALSE,34,16,35,15,0.95,0.05
12,0.9,"SRS",-1.93964603262661,1.83120519015351,0.0964422269902573,"Converged",FALSE,8,61,4,27,0.95,0.05
12,0.9,"CC",-2.11978203045223,2.43209585342003,0.0970918648728716,"Converged",FALSE,7,43,7,43,0.95,0.05
12,0.9,"BCC",-1.86808866057448,1.67872557224999,0.0960114023061475,"Converged",FALSE,25,25,25,25,0.95,0.05
12,0.9,"RESID",-2.02735206837272,2.08701857965393,0.0965553483937916,"Converged",FALSE,21,29,0,50,0.95,0.05
12,0.9,"SFS",NA,NA,NA,"B-spline error",FALSE,41,9,35,15,0.95,0.05
13,0.9,"SRS",-1.7791519309845,1.39703204763223,0.0910910854695202,"Converged",FALSE,5,72,1,22,0.95,0.05
13,0.9,"CC",-2.03289655489991,2.24815253144281,0.0920343247341704,"Converged",FALSE,1,49,5,45,0.95,0.05
13,0.9,"BCC",-1.77987596512727,1.38922351242242,0.0890426880454816,"Converged",FALSE,25,25,25,25,0.95,0.05
13,0.9,"RESID",-2.01407336235711,2.16466252277657,0.0924294015951906,"Converged",FALSE,10,40,0,50,0.95,0.05
13,0.9,"SFS",NA,NA,NA,"B-spline error",FALSE,32,18,30,20,0.95,0.05
14,0.9,"SRS",-1.86764855576573,1.03058119488945,0.163989527623368,"Converged",FALSE,5,63,0,32,0.95,0.05
14,0.9,"CC",-1.78001552214285,0.782827936729168,0.16324149151332,"Converged",FALSE,3,47,4,46,0.95,0.05
14,0.9,"BCC",-2.28953474631393,2.09380618012725,0.165766888698918,"Converged",FALSE,25,25,25,25,0.95,0.05
14,0.9,"RESID",-1.5508203031309,0.0461277002744989,0.162970903171042,"Converged",FALSE,5,45,4,46,0.95,0.05
14,0.9,"SFS",NA,NA,NA,"B-spline error",FALSE,27,23,21,29,0.95,0.05
15,0.9,"SRS",-2.14115625866876,2.71106489871086,0.0842474052397877,"Converged",FALSE,4,77,1,18,0.95,0.05
15,0.9,"CC",-2.04316085574712,2.5308687981185,0.0819571417696351,"Converged",FALSE,8,42,5,45,0.95,0.05
15,0.9,"BCC",-2.04786608824892,2.49381517590851,0.0818389939245832,"Converged",FALSE,25,25,25,25,0.95,0.05
15,0.9,"RESID",-2.04118969613773,2.59118448163543,0.0826899705980901,"Converged",FALSE,30,20,0,50,0.95,0.05
15,0.9,"SFS",NA,NA,NA,"B-spline error",FALSE,41,9,25,25,0.95,0.05
16,0.9,"SRS",-1.5569508945091,1.8045541300234,0.0484600311859164,"Converged",FALSE,4,61,4,31,0.95,0.05
16,0.9,"CC",-1.57938263781654,1.83413694319409,0.0497885194998974,"Converged",FALSE,3,47,3,47,0.95,0.05
16,0.9,"BCC",-1.35602556116189,1.15114634778656,0.0479368639304775,"Converged",FALSE,25,25,25,25,0.95,0.05
16,0.9,"RESID",-1.57615802087658,1.85452574909341,0.0480649564091524,"Converged",FALSE,29,21,0,50,0.95,0.05
16,0.9,"SFS",NA,NA,NA,"B-spline error",FALSE,44,6,31,19,0.95,0.05
17,0.9,"SRS",-2.0460878217715,1.94171233244835,0.121484871872906,"Converged",FALSE,6,62,3,29,0.95,0.05
17,0.9,"CC",-2.2033255482226,2.54125811028036,0.121353413612148,"Converged",FALSE,3,47,10,40,0.95,0.05
17,0.9,"BCC",NA,NA,NA,"B-spline error",FALSE,25,25,25,25,0.95,0.05
17,0.9,"RESID",-2.04289169784184,1.93794866197642,0.12060065597896,"Converged",FALSE,11,39,0,50,0.95,0.05
17,0.9,"SFS",NA,NA,NA,"B-spline error",FALSE,28,22,25,25,0.95,0.05
18,0.9,"SRS",-2.19886700827977,2.72208316866926,0.110109929278891,"Converged",FALSE,6,61,8,25,0.95,0.05
18,0.9,"CC",-2.01503827261153,2.19767876837066,0.108012032996404,"Converged",FALSE,3,47,5,45,0.95,0.05
18,0.9,"BCC",-2.2747219456812,2.68941483552514,0.108789432533802,"Converged",FALSE,26,25,24,25,0.95,0.05
18,0.9,"RESID",-1.9570273399644,2.11390280756919,0.107096971181557,"Converged",FALSE,16,34,0,50,0.95,0.05
18,0.9,"SFS",NA,NA,NA,"B-spline error",FALSE,27,23,24,26,0.95,0.05
19,0.9,"SRS",-2.58557091907534,4.00646876884439,0.0906624964071957,"Converged",FALSE,4,59,4,33,0.95,0.05
19,0.9,"CC",-2.50550375778188,3.84603723452429,0.0926043822946358,"Converged",FALSE,5,45,5,45,0.95,0.05
19,0.9,"BCC",-1.9791259119626,2.23935401778518,0.0879141469037814,"Converged",FALSE,25,25,25,25,0.95,0.05
19,0.9,"RESID",-2.29024815827647,2.99609632986782,0.0922599350052105,"Converged",FALSE,19,31,0,50,0.95,0.05
19,0.9,"SFS",NA,NA,NA,"B-spline error",FALSE,35,15,27,23,0.95,0.05
20,0.9,"SRS",-1.69079412836294,1.97041337332112,0.0520160333208629,"Converged",FALSE,3,69,3,25,0.95,0.05
20,0.9,"CC",-1.94017244196763,2.64984318899743,0.0533047627860473,"Converged",FALSE,8,42,4,46,0.95,0.05
20,0.9,"BCC",-1.70374191621104,1.91238863431175,0.0513921912647067,"Converged",FALSE,25,25,25,25,0.95,0.05
20,0.9,"RESID",-1.73193677713135,1.96228196361353,0.0530389368401816,"Converged",FALSE,27,23,0,50,0.95,0.05
20,0.9,"SFS",NA,NA,NA,"B-spline error",FALSE,42,8,26,24,0.95,0.05
21,0.9,"SRS",-2.07572720850715,1.70357835049702,0.155203276952987,"Converged",FALSE,6,66,3,25,0.95,0.05
21,0.9,"CC",-1.9134875141502,1.13641233091961,0.154677400217274,"Converged",FALSE,5,45,6,44,0.95,0.05
21,0.9,"BCC",-2.36021973872085,2.56808259234332,0.158891488365831,"Converged",FALSE,25,25,25,25,0.95,0.05
21,0.9,"RESID",-2.08155608219466,1.6569428459956,0.155982214482542,"Converged",FALSE,9,41,1,49,0.95,0.05
21,0.9,"SFS",NA,NA,NA,"B-spline error",FALSE,28,22,24,26,0.95,0.05
22,0.9,"SRS",-1.26683412615806,1.34090039851221,0.025486961456858,"Converged",FALSE,4,63,4,29,0.95,0.05
22,0.9,"CC",-1.29787662068879,1.43336922152099,0.0252181404695935,"Converged",FALSE,6,44,2,48,0.95,0.05
22,0.9,"BCC",-1.37303961522696,1.65083520473258,0.0266831848808524,"Converged",FALSE,25,25,25,25,0.95,0.05
22,0.9,"RESID",NA,NA,NA,"B-spline error",FALSE,33,17,0,50,0.95,0.05
22,0.9,"SFS",NA,NA,NA,"B-spline error",FALSE,47,3,31,19,0.95,0.05
23,0.9,"SRS",-1.68923860270829,0.410955821641711,0.141237219893298,"Converged",FALSE,4,64,5,27,0.95,0.05
23,0.9,"CC",-1.55556711525838,-0.00805914765782645,0.141279133225447,"Converged",FALSE,2,48,1,49,0.95,0.05
23,0.9,"BCC",-1.7223223449238,0.511179684962261,0.141034525012974,"Converged",FALSE,25,25,25,25,0.95,0.05
23,0.9,"RESID",-1.51861536689957,-0.124853776213188,0.141282769767296,"Converged",FALSE,5,45,2,48,0.95,0.05
23,0.9,"SFS",NA,NA,NA,"B-spline error",FALSE,31,19,31,19,0.95,0.05
24,0.9,"SRS",-2.21086632476721,2.3437738318869,0.124844781436715,"Converged",FALSE,1,70,4,25,0.95,0.05
24,0.9,"CC",-2.07636949663524,1.97278930357868,0.12191216160447,"Converged",FALSE,3,47,6,44,0.95,0.05
24,0.9,"BCC",-2.1434577810606,2.13137628719529,0.124153734463952,"Converged",FALSE,25,25,25,25,0.95,0.05
24,0.9,"RESID",-2.05725147146899,1.98824374886395,0.124216953340556,"Converged",FALSE,15,35,0,50,0.95,0.05
24,0.9,"SFS",NA,NA,NA,"B-spline error",FALSE,26,24,26,24,0.95,0.05
25,0.9,"SRS",-2.03930654143825,2.81964106595995,0.0651971421737476,"Converged",FALSE,6,66,2,26,0.95,0.05
25,0.9,"CC",-1.9998702626862,2.58216548115738,0.0633113645432695,"Converged",FALSE,4,46,4,46,0.95,0.05
25,0.9,"BCC",-1.89293889790348,2.29881220173256,0.0627101990069627,"Converged",FALSE,25,25,25,25,0.95,0.05
25,0.9,"RESID",-1.9695914927039,2.6338149024681,0.0636582263522541,"Converged",FALSE,30,20,0,50,0.95,0.05
25,0.9,"SFS",NA,NA,NA,"B-spline error",FALSE,40,10,26,24,0.95,0.05
26,0.9,"SRS",-2.08521537702621,1.68698072058944,0.146651192819804,"Converged",FALSE,4,61,4,31,0.95,0.05
26,0.9,"CC",-2.0762125000361,1.81512038651188,0.145754474823646,"Converged",FALSE,5,45,3,47,0.95,0.05
26,0.9,"BCC",-2.21620605066181,2.14261966082204,0.147700240115686,"Converged",FALSE,25,25,25,25,0.95,0.05
26,0.9,"RESID",-1.89598580816545,1.16919258280736,0.142751738473887,"Converged",FALSE,11,39,0,50,0.95,0.05
26,0.9,"SFS",NA,NA,NA,"B-spline error",FALSE,25,25,34,16,0.95,0.05
27,0.9,"SRS",-1.82493239740688,1.69145048136328,0.0942773968079031,"Converged",FALSE,5,68,1,26,0.95,0.05
27,0.9,"CC",-2.15772774432677,2.71687955249863,0.0956818452956441,"Converged",FALSE,8,42,4,46,0.95,0.05
27,0.9,"BCC",-2.07666970357082,2.52886457086166,0.0956000687507031,"Converged",FALSE,25,25,25,25,0.95,0.05
27,0.9,"RESID",-1.89641316840734,1.82876778150162,0.0953167266813726,"Converged",FALSE,14,36,0,50,0.95,0.05
27,0.9,"SFS",NA,NA,NA,"B-spline error",FALSE,30,20,32,18,0.95,0.05
28,0.9,"SRS",-2.29505409899697,2.13561703410627,0.159961798931414,"Converged",FALSE,1,67,1,31,0.95,0.05
28,0.9,"CC",-2.58364523533063,3.13956834580222,0.162219960574485,"Converged",FALSE,3,47,7,43,0.95,0.05
28,0.9,"BCC",-2.11750846919161,1.62363647250036,0.158520849973387,"Converged",FALSE,25,25,25,25,0.95,0.05
28,0.9,"RESID",-2.08083833804138,1.42951695484649,0.158827486535207,"Converged",FALSE,10,40,0,50,0.95,0.05
28,0.9,"SFS",NA,NA,NA,"B-spline error",FALSE,16,34,27,23,0.95,0.05
29,0.9,"SRS",-1.58323296286583,1.68214116016356,0.0501445700605348,"Converged",FALSE,7,68,2,23,0.95,0.05
29,0.9,"CC",-1.70624991428881,2.02130617349622,0.0496565152725258,"Converged",FALSE,4,46,4,46,0.95,0.05
29,0.9,"BCC",-1.61463220992195,1.785244842992,0.0514935054943632,"Converged",FALSE,25,25,25,25,0.95,0.05
29,0.9,"RESID",-1.5565203237438,1.62821390301695,0.0517616017617575,"Converged",FALSE,26,24,0,50,0.95,0.05
29,0.9,"SFS",NA,NA,NA,"B-spline error",FALSE,44,6,31,19,0.95,0.05
30,0.9,"SRS",-1.80623451315981,1.47160960544073,0.116613081722496,"Converged",FALSE,2,68,2,28,0.95,0.05
30,0.9,"CC",-1.91664686305924,1.90120306474299,0.11763622647819,"Converged",FALSE,2,48,6,44,0.95,0.05
30,0.9,"BCC",-2.0084810979376,2.08891281030654,0.119157895731045,"Converged",FALSE,25,25,25,25,0.95,0.05
30,0.9,"RESID",-2.04579902649863,2.15600977526818,0.119018100268293,"Converged",FALSE,15,35,0,50,0.95,0.05
30,0.9,"SFS",NA,NA,NA,"B-spline error",FALSE,34,16,24,26,0.95,0.05
31,0.9,"SRS",-2.01361291645499,2.51867573609251,0.0699972176440497,"Converged",FALSE,1,69,2,28,0.95,0.05
31,0.9,"CC",-2.18027737311821,3.03562651100176,0.0687107069420786,"Converged",FALSE,2,48,1,49,0.95,0.05
31,0.9,"BCC",-1.91107333947002,2.19860574656949,0.0702801862800486,"Converged",FALSE,26,26,22,26,0.95,0.05
31,0.9,"RESID",-2.00255896507146,2.2920178463181,0.0713513622143004,"Converged",FALSE,27,23,0,50,0.95,0.05
31,0.9,"SFS",NA,NA,NA,"B-spline error",FALSE,38,12,22,28,0.95,0.05
32,0.9,"SRS",-1.48594534075785,0.822164810086501,0.10391435796295,"Converged",FALSE,5,65,0,30,0.95,0.05
32,0.9,"CC",-1.44987987378736,0.663357973955679,0.103218696511154,"Converged",FALSE,6,44,6,44,0.95,0.05
32,0.9,"BCC",-1.25724080854529,0.0905535012616301,0.101608414468681,"Converged",FALSE,27,27,20,26,0.95,0.05
32,0.9,"RESID",-1.34343565378981,0.343525771658387,0.102433934990904,"Converged",FALSE,3,47,3,47,0.95,0.05
32,0.9,"SFS",NA,NA,NA,"B-spline error",FALSE,33,17,20,30,0.95,0.05
33,0.9,"SRS",-1.82374256180254,1.26422318855367,0.134279530590705,"Converged",FALSE,11,60,3,26,0.95,0.05
33,0.9,"CC",-1.90070452118875,1.48146462974293,0.13370801464245,"Converged",FALSE,7,43,5,45,0.95,0.05
33,0.9,"BCC",-1.82907990239966,1.30036610872689,0.133839335906445,"Converged",FALSE,25,25,25,25,0.95,0.05
33,0.9,"RESID",-1.98281894207659,1.77461674922388,0.134751060344246,"Converged",FALSE,7,43,2,48,0.95,0.05
33,0.9,"SFS",NA,NA,NA,"B-spline error",FALSE,36,14,26,24,0.95,0.05
34,0.9,"SRS",-2.07964702975145,1.58870124644302,0.150164160320648,"Converged",FALSE,8,67,1,24,0.95,0.05
34,0.9,"CC",-1.74333197757812,0.543836269077604,0.150637983900875,"Converged",FALSE,4,46,4,46,0.95,0.05
34,0.9,"BCC",-2.01104709079366,1.2556516729688,0.152423823444838,"Converged",FALSE,25,25,25,25,0.95,0.05
34,0.9,"RESID",-1.93922413971077,1.16848473601389,0.151531968435908,"Converged",FALSE,13,37,0,50,0.95,0.05
34,0.9,"SFS",NA,NA,NA,"B-spline error",FALSE,27,23,23,27,0.95,0.05
35,0.9,"SRS",-2.03682927209278,2.96846761698443,0.0376928408113226,"Converged",FALSE,2,72,1,25,0.95,0.05
35,0.9,"CC",-1.61255190475818,1.73820591004957,0.0399375961669979,"Converged",FALSE,4,46,6,44,0.95,0.05
35,0.9,"BCC",-1.32375461495332,0.831745947716273,0.0405421994993673,"Converged",FALSE,25,25,25,25,0.95,0.05
35,0.9,"RESID",-1.66241301472609,1.89432764953015,0.0395692926034699,"Converged",FALSE,34,16,0,50,0.95,0.05
35,0.9,"SFS",NA,NA,NA,"B-spline error",FALSE,43,7,33,17,0.95,0.05
36,0.9,"SRS",-1.72022582557929,2.0922432251503,0.0450419685171857,"Converged",FALSE,7,70,1,22,0.95,0.05
36,0.9,"CC",-1.93843556994795,2.99879047691334,0.0434182664658363,"Converged",FALSE,2,48,4,46,0.95,0.05
36,0.9,"BCC",-1.67431696037315,2.06124409146878,0.0443084899660501,"Converged",FALSE,25,25,25,25,0.95,0.05
36,0.9,"RESID",-1.48433635896404,1.41382947530389,0.0422177416825833,"Converged",FALSE,25,25,0,50,0.95,0.05
36,0.9,"SFS",NA,NA,NA,"B-spline error",FALSE,44,6,34,16,0.95,0.05
37,0.9,"SRS",-2.29570617973679,2.5680155144704,0.138173113931621,"Converged",FALSE,4,74,1,21,0.95,0.05
37,0.9,"CC",-1.9725423402125,1.51830466154001,0.134709667522169,"Converged",FALSE,1,49,4,46,0.95,0.05
37,0.9,"BCC",-2.08646831737794,1.83180485680213,0.134159985752127,"Converged",FALSE,25,25,25,25,0.95,0.05
37,0.9,"RESID",-1.79158481835123,1.024915646746,0.134245414520777,"Converged",FALSE,4,46,1,49,0.95,0.05
37,0.9,"SFS",NA,NA,NA,"B-spline error",FALSE,26,24,27,23,0.95,0.05
38,0.9,"SRS",-2.24187562658184,3.72491033093208,0.0851674951361886,"Converged",FALSE,2,69,4,25,0.95,0.05
38,0.9,"CC",-2.07794939843368,3.15051126710304,0.0788559947731397,"Converged",FALSE,5,45,5,45,0.95,0.05
38,0.9,"BCC",-2.2439514116618,3.63375929807091,0.0808110036031308,"Converged",FALSE,25,25,25,25,0.95,0.05
38,0.9,"RESID",-2.02392605244427,3.01852321188412,0.0797976833898268,"Converged",FALSE,30,20,0,50,0.95,0.05
38,0.9,"SFS",NA,NA,NA,"B-spline error",FALSE,33,17,32,18,0.95,0.05
39,0.9,"SRS",-1.62358498910539,1.39791628147538,0.0658847136447778,"Converged",FALSE,5,69,1,25,0.95,0.05
39,0.9,"CC",-1.62591794225512,1.51394155244185,0.065513425003207,"Converged",FALSE,4,46,5,45,0.95,0.05
39,0.9,"BCC",-1.62321700195541,1.48392235731052,0.0649352731432751,"Converged",FALSE,25,25,25,25,0.95,0.05
39,0.9,"RESID",-1.69629066077302,1.69430002088588,0.0656819668717127,"Converged",FALSE,19,31,0,50,0.95,0.05
39,0.9,"SFS",NA,NA,NA,"B-spline error",FALSE,38,12,25,25,0.95,0.05
40,0.9,"SRS",-2.41223300735055,2.96722272067652,0.120955060331479,"Converged",FALSE,5,71,3,21,0.95,0.05
40,0.9,"CC",-2.02147605891349,1.77944333060045,0.118200566921282,"Converged",FALSE,3,47,4,46,0.95,0.05
40,0.9,"BCC",-2.64769286670618,3.44109252374517,0.123162843965348,"Converged",FALSE,25,25,25,25,0.95,0.05
40,0.9,"RESID",-2.14498066869045,2.02747936403227,0.12015694323211,"Converged",FALSE,9,41,0,50,0.95,0.05
40,0.9,"SFS",NA,NA,NA,"B-spline error",FALSE,27,23,27,23,0.95,0.05
41,0.9,"SRS",-1.97430573029707,2.25824273599628,0.10823721931101,"Converged",FALSE,5,73,2,20,0.95,0.05
41,0.9,"CC",-1.8467350103768,1.77144790136926,0.108192937165541,"Converged",FALSE,3,47,5,45,0.95,0.05
41,0.9,"BCC",-1.63597919868775,1.05278655725805,0.107832202828637,"Converged",FALSE,27,26,21,26,0.95,0.05
41,0.9,"RESID",-1.71412669958006,1.39788292999461,0.108314871398142,"Converged",FALSE,13,37,0,50,0.95,0.05
41,0.9,"SFS",NA,NA,NA,"B-spline error",FALSE,36,14,21,29,0.95,0.05
42,0.9,"SRS",-1.61771392878859,1.41490682262774,0.0670720132744369,"Converged",FALSE,7,71,2,20,0.95,0.05
42,0.9,"CC",-1.91060466732262,2.43752871099697,0.0665880802577058,"Converged",FALSE,5,45,4,46,0.95,0.05
42,0.9,"BCC",-1.65918435752366,1.52449352981797,0.065396658846257,"Converged",FALSE,25,25,25,25,0.95,0.05
42,0.9,"RESID",-1.72507737034834,1.77098872876144,0.0658950914760002,"Converged",FALSE,27,23,0,50,0.95,0.05
42,0.9,"SFS",NA,NA,NA,"B-spline error",FALSE,44,6,31,19,0.95,0.05
43,0.9,"SRS",-2.64460406428467,3.77481956021153,0.123141421537796,"Converged",FALSE,4,65,6,25,0.95,0.05
43,0.9,"CC",-2.2980935270241,2.92475728194649,0.119151786573833,"Converged",FALSE,1,49,10,40,0.95,0.05
43,0.9,"BCC",-2.6888316336508,3.8885201877404,0.123894283718725,"Converged",FALSE,25,25,25,25,0.95,0.05
43,0.9,"RESID",-2.35185995152204,3.20101307563931,0.118445187064175,"Converged",FALSE,19,31,0,50,0.95,0.05
43,0.9,"SFS",NA,NA,NA,"B-spline error",FALSE,22,28,32,18,0.95,0.05
44,0.9,"SRS",-2.343474904562,3.31916705997589,0.0735578328352426,"Converged",FALSE,3,73,4,20,0.95,0.05
44,0.9,"CC",-2.35548896668406,3.31028642309028,0.0737580748460084,"Converged",FALSE,5,45,3,47,0.95,0.05
44,0.9,"BCC",-2.25772198870219,3.08288191636218,0.0753661287925085,"Converged",FALSE,25,25,25,25,0.95,0.05
44,0.9,"RESID",-2.1189513246931,2.70319421291777,0.074885583079573,"Converged",FALSE,24,26,0,50,0.95,0.05
44,0.9,"SFS",NA,NA,NA,"B-spline error",FALSE,36,14,28,22,0.95,0.05
45,0.9,"SRS",-2.11148392508256,2.51606527971012,0.104963728292447,"Converged",FALSE,4,62,5,29,0.95,0.05
45,0.9,"CC",-1.79717187705121,1.66064825911996,0.103918402227181,"Converged",FALSE,1,49,7,43,0.95,0.05
45,0.9,"BCC",-1.81604592991611,1.61177509328367,0.10351282300684,"Converged",FALSE,25,25,25,25,0.95,0.05
45,0.9,"RESID",-1.84451918035954,1.72400482480578,0.104237626872392,"Converged",FALSE,11,39,0,50,0.95,0.05
45,0.9,"SFS",NA,NA,NA,"B-spline error",FALSE,29,21,27,23,0.95,0.05
46,0.9,"SRS",-2.24019559558183,2.44980241446593,0.13391188321524,"Converged",FALSE,6,69,2,23,0.95,0.05
46,0.9,"CC",-2.05996444694742,1.86608108385139,0.130450222515066,"Converged",FALSE,4,46,6,44,0.95,0.05
46,0.9,"BCC",-2.13546900776641,2.14134802708261,0.133975774896556,"Converged",FALSE,25,25,25,25,0.95,0.05
46,0.9,"RESID",-2.00144009175056,1.73745636330009,0.1315280194014,"Converged",FALSE,14,36,0,50,0.95,0.05
46,0.9,"SFS",NA,NA,NA,"B-spline error",FALSE,33,17,31,19,0.95,0.05
47,0.9,"SRS",-1.96419997902654,1.89576023484781,0.103735254504515,"Converged",FALSE,5,61,0,34,0.95,0.05
47,0.9,"CC",-1.81643954734346,1.46394145290919,0.102277880118198,"Converged",FALSE,1,49,5,45,0.95,0.05
47,0.9,"BCC",-1.9470113316555,1.88242556911275,0.103537793337869,"Converged",FALSE,26,26,22,26,0.95,0.05
47,0.9,"RESID",-1.91010650895501,1.78516932286399,0.104379551035348,"Converged",FALSE,19,31,0,50,0.95,0.05
47,0.9,"SFS",NA,NA,NA,"B-spline error",FALSE,38,12,22,28,0.95,0.05
48,0.9,"SRS",-1.94827754842959,1.64723383298468,0.143605479516358,"Converged",FALSE,5,61,6,28,0.95,0.05
48,0.9,"CC",-1.72109653015503,0.923856309193549,0.144723017266437,"Converged",FALSE,5,45,5,45,0.95,0.05
48,0.9,"BCC",-1.44193137230805,0.0793439010203582,0.145294494389521,"Converged",FALSE,25,25,25,25,0.95,0.05
48,0.9,"RESID",-1.27277607961871,-0.469662402695,0.146392494538489,"Converged",FALSE,5,45,0,50,0.95,0.05
48,0.9,"SFS",NA,NA,NA,"B-spline error",FALSE,30,20,23,27,0.95,0.05
49,0.9,"SRS",-2.02572199692364,2.36422991209379,0.0685763781441665,"Converged",FALSE,4,70,4,22,0.95,0.05
49,0.9,"CC",-2.03463922221644,2.43359548954074,0.0654384707635429,"Converged",FALSE,4,46,6,44,0.95,0.05
49,0.9,"BCC",-1.90681118340017,2.0618396632562,0.067589978101291,"Converged",FALSE,25,25,25,25,0.95,0.05
49,0.9,"RESID",-2.08813169317672,2.47953001519954,0.0690992892771929,"Converged",FALSE,25,25,0,50,0.95,0.05
49,0.9,"SFS",NA,NA,NA,"B-spline error",FALSE,43,7,25,25,0.95,0.05
50,0.9,"SRS",-1.76408565274655,1.53213505089,0.0929542449875875,"Converged",FALSE,4,70,1,25,0.95,0.05
50,0.9,"CC",-1.72674579937342,1.51148590320472,0.0931568810135783,"Converged",FALSE,2,48,4,46,0.95,0.05
50,0.9,"BCC",-1.78841614474256,1.60479038322034,0.0945927853370894,"Converged",FALSE,27,27,19,27,0.95,0.05
50,0.9,"RESID",-1.80173538623255,1.78641396292585,0.0934463260944011,"Converged",FALSE,12,38,1,49,0.95,0.05
50,0.9,"SFS",NA,NA,NA,"B-spline error",FALSE,35,15,19,31,0.95,0.05
51,0.9,"SRS",-1.25755767228788,0.0430112494258963,0.111560695144224,"Converged",FALSE,9,55,2,34,0.95,0.05
51,0.9,"CC",-1.08071894180378,-0.53782877732826,0.112275923130792,"Converged",FALSE,3,47,4,46,0.95,0.05
51,0.9,"BCC",-1.20940832006484,-0.119785368796466,0.111694509989426,"Converged",FALSE,27,26,21,26,0.95,0.05
51,0.9,"RESID",-1.00371485877578,-0.797780825072603,0.112254160019582,"Converged",FALSE,3,47,5,45,0.95,0.05
51,0.9,"SFS",NA,NA,NA,"B-spline error",FALSE,36,14,19,31,0.95,0.05
52,0.9,"SRS",-1.84005717908722,3.07320012684409,0.0127092415430901,"Converged",FALSE,3,75,1,21,0.95,0.05
52,0.9,"CC",-2.25047427502584,4.3579959492724,0.0131380092661828,"Converged",FALSE,1,49,7,43,0.95,0.05
52,0.9,"BCC",-2.41215293542891,4.64442922493454,0.00974241349463257,"Converged",FALSE,25,25,25,25,0.95,0.05
52,0.9,"RESID",NA,NA,NA,"B-spline error",FALSE,37,13,0,50,0.95,0.05
52,0.9,"SFS",NA,NA,NA,"B-spline error",FALSE,37,13,33,17,0.95,0.05
53,0.9,"SRS",-1.38025057124968,0.521691252694747,0.0738455726062539,"Converged",FALSE,4,69,3,24,0.95,0.05
53,0.9,"CC",-1.51824836587196,0.880443369991829,0.0747485750667903,"Converged",FALSE,3,47,3,47,0.95,0.05
53,0.9,"BCC",-1.57660638275623,1.07503315599806,0.07443137570783,"Converged",FALSE,25,25,25,25,0.95,0.05
53,0.9,"RESID",-1.7153965966796,1.46401451501772,0.0759615701073133,"Converged",FALSE,6,44,1,49,0.95,0.05
53,0.9,"SFS",NA,NA,NA,"B-spline error",FALSE,35,15,25,25,0.95,0.05
54,0.9,"SRS",-2.26949715127715,2.13826732754676,0.150797455891471,"Converged",FALSE,8,65,6,21,0.95,0.05
54,0.9,"CC",-1.78117851014273,0.735092463017888,0.147254618189393,"Converged",FALSE,4,46,5,45,0.95,0.05
54,0.9,"BCC",-2.00508267336516,1.41428459325177,0.146197590172014,"Converged",FALSE,25,25,25,25,0.95,0.05
54,0.9,"RESID",-1.81956658606807,0.872453907702698,0.146797995860175,"Converged",FALSE,10,40,1,49,0.95,0.05
54,0.9,"SFS",NA,NA,NA,"B-spline error",FALSE,28,22,23,27,0.95,0.05
55,0.9,"SRS",-1.73275053359908,1.59735399412649,0.0789446021389097,"Converged",FALSE,5,65,3,27,0.95,0.05
55,0.9,"CC",-1.61046970495736,1.11069473418558,0.0786453232775893,"Converged",FALSE,4,46,5,45,0.95,0.05
55,0.9,"BCC",-1.86207286401215,1.86336860093627,0.0787902120146834,"Converged",FALSE,26,25,24,25,0.95,0.05
55,0.9,"RESID",-1.66124623967663,1.27763443154701,0.0784889480258985,"Converged",FALSE,16,34,0,50,0.95,0.05
55,0.9,"SFS",NA,NA,NA,"B-spline error",FALSE,34,16,24,26,0.95,0.05
56,0.9,"SRS",-2.13044129227759,2.77242513821625,0.0671761724838507,"Converged",FALSE,6,71,2,21,0.95,0.05
56,0.9,"CC",-2.16682841236338,2.8913893112704,0.0667014197078823,"Converged",FALSE,5,45,6,44,0.95,0.05
56,0.9,"BCC",-1.80417812858398,1.76903988349964,0.06371028921489,"Converged",FALSE,26,26,22,26,0.95,0.05
56,0.9,"RESID",-1.81323309187811,1.78348580127019,0.0643280649004662,"Converged",FALSE,22,28,0,50,0.95,0.05
56,0.9,"SFS",NA,NA,NA,"B-spline error",FALSE,37,13,22,28,0.95,0.05
57,0.9,"SRS",-2.69872639461669,4.25806919795587,0.0984187984715374,"Converged",FALSE,4,64,3,29,0.95,0.05
57,0.9,"CC",-2.79761470010547,4.75355827840369,0.0994458317515465,"Converged",FALSE,3,47,8,42,0.95,0.05
57,0.9,"BCC",-2.29897544097416,3.02897913451183,0.0979325782046261,"Converged",FALSE,25,25,25,25,0.95,0.05
57,0.9,"RESID",-2.4076540556327,3.43932205585432,0.0967724274436638,"Converged",FALSE,25,25,0,50,0.95,0.05
57,0.9,"SFS",NA,NA,NA,"B-spline error",FALSE,29,21,37,13,0.95,0.05
58,0.9,"SRS",-1.86120716210654,2.02057780915382,0.0681367343222314,"Converged",FALSE,3,70,2,25,0.95,0.05
58,0.9,"CC",-2.16699145761187,2.95085631601438,0.0659978242453484,"Converged",FALSE,1,49,3,47,0.95,0.05
58,0.9,"BCC",-1.92412457375659,2.18346757382133,0.0666316093541007,"Converged",FALSE,26,26,23,25,0.95,0.05
58,0.9,"RESID",-1.82114180023325,1.96533819059182,0.0671028427631242,"Converged",FALSE,28,22,0,50,0.95,0.05
58,0.9,"SFS",NA,NA,NA,"B-spline error",FALSE,40,10,23,27,0.95,0.05
59,0.9,"SRS",-1.79937011671651,1.67989429177144,0.0939245678149582,"Converged",FALSE,7,68,3,22,0.95,0.05
59,0.9,"CC",-1.95789720017346,2.16570099295825,0.0925163915491914,"Converged",FALSE,2,48,7,43,0.95,0.05
59,0.9,"BCC",-1.95785980811289,1.97568622885475,0.0922577963911631,"Converged",FALSE,25,25,25,25,0.95,0.05
59,0.9,"RESID",-1.92639326184289,2.02105789808697,0.0931930809358334,"Converged",FALSE,15,35,0,50,0.95,0.05
59,0.9,"SFS",NA,NA,NA,"B-spline error",FALSE,26,24,29,21,0.95,0.05
60,0.9,"SRS",-1.86198561067252,1.39109265804288,0.11811560285337,"Converged",FALSE,7,64,4,25,0.95,0.05
60,0.9,"CC",-1.90615052974037,1.48853716477869,0.118718575912982,"Converged",FALSE,6,44,4,46,0.95,0.05
60,0.9,"BCC",-1.84830450293758,1.34328896320607,0.11839882255015,"Converged",FALSE,26,26,22,26,0.95,0.05
60,0.9,"RESID",-1.8033700825862,1.22348930347654,0.11653292836702,"Converged",FALSE,7,43,0,50,0.95,0.05
60,0.9,"SFS",NA,NA,NA,"B-spline error",FALSE,35,15,21,29,0.95,0.05
61,0.9,"SRS",-2.31276938635867,2.48693301345771,0.125362662920068,"Converged",FALSE,5,64,4,27,0.95,0.05
61,0.9,"CC",-2.36885836305955,2.83348310217164,0.125124278225021,"Converged",FALSE,2,48,1,49,0.95,0.05
61,0.9,"BCC",-2.27206327046308,2.42787720798029,0.124598546259009,"Converged",FALSE,25,25,25,25,0.95,0.05
61,0.9,"RESID",-2.15788367841141,2.15275101427378,0.124003182383365,"Converged",FALSE,16,34,0,50,0.95,0.05
61,0.9,"SFS",NA,NA,NA,"B-spline error",FALSE,28,22,25,25,0.95,0.05
62,0.9,"SRS",-1.97813834269422,1.84247540266361,0.110655205017699,"Converged",FALSE,3,68,1,28,0.95,0.05
62,0.9,"CC",-1.83261828102625,1.39687058480954,0.108941431528358,"Converged",FALSE,5,45,6,44,0.95,0.05
62,0.9,"BCC",-1.64146205614958,0.842967686483133,0.109047737022142,"Converged",FALSE,25,25,25,25,0.95,0.05
62,0.9,"RESID",-1.89065023566814,1.64194640703101,0.109707685327572,"Converged",FALSE,19,31,1,49,0.95,0.05
62,0.9,"SFS",NA,NA,NA,"B-spline error",FALSE,33,17,25,25,0.95,0.05
63,0.9,"SRS",-1.76304869912538,1.85187238291009,0.0565234505247149,"Converged",FALSE,4,68,3,25,0.95,0.05
63,0.9,"CC",-1.72544915834884,1.76589932598364,0.0585095001043021,"Converged",FALSE,4,46,3,47,0.95,0.05
63,0.9,"BCC",-1.6656083868018,1.47620299093867,0.0580852384051654,"Converged",FALSE,26,25,24,25,0.95,0.05
63,0.9,"RESID",-1.74514349525734,1.81794038681276,0.0564430701916079,"Converged",FALSE,19,31,0,50,0.95,0.05
63,0.9,"SFS",NA,NA,NA,"B-spline error",FALSE,38,12,24,26,0.95,0.05
64,0.9,"SRS",-1.9789700418588,1.45988309719795,0.126584558884401,"Converged",FALSE,5,64,1,30,0.95,0.05
64,0.9,"CC",-2.25097324703937,2.26783252878735,0.125669793004983,"Converged",FALSE,3,47,5,45,0.95,0.05
64,0.9,"BCC",-2.19836458629578,2.17732106152196,0.126415104303695,"Converged",FALSE,27,27,19,27,0.95,0.05
64,0.9,"RESID",-2.06937507228914,1.74065198441872,0.125665580688885,"Converged",FALSE,20,30,0,50,0.95,0.05
64,0.9,"SFS",NA,NA,NA,"B-spline error",FALSE,33,17,18,32,0.95,0.05
65,0.9,"SRS",-1.80631166704338,2.04242798435949,0.0939028473556956,"Converged",FALSE,5,57,4,34,0.95,0.05
65,0.9,"CC",-2.03976151395249,2.78748489248749,0.0963839094696948,"Converged",FALSE,4,46,2,48,0.95,0.05
65,0.9,"BCC",-1.90718611982042,2.18758854972598,0.0948065123202076,"Converged",FALSE,25,25,25,25,0.95,0.05
65,0.9,"RESID",-1.90207213766295,2.14986835288329,0.0943980478447965,"Converged",FALSE,19,31,0,50,0.95,0.05
65,0.9,"SFS",NA,NA,NA,"B-spline error",FALSE,39,11,30,20,0.95,0.05
66,0.9,"SRS",-2.06053464429336,2.26769317402668,0.095476014822055,"Converged",FALSE,3,59,6,32,0.95,0.05
66,0.9,"CC",-2.19853096734354,2.64777224495387,0.0955291791016071,"Converged",FALSE,4,46,6,44,0.95,0.05
66,0.9,"BCC",-2.06373722358399,2.18610042397933,0.0959754820310806,"Converged",FALSE,25,25,25,25,0.95,0.05
66,0.9,"RESID",-1.94259980982258,1.94294744634519,0.0957281000662738,"Converged",FALSE,15,35,0,50,0.95,0.05
66,0.9,"SFS",NA,NA,NA,"B-spline error",FALSE,34,16,31,19,0.95,0.05
67,0.9,"SRS",-2.32392025879125,2.99346389260599,0.094277347151359,"Converged",FALSE,5,70,3,22,0.95,0.05
67,0.9,"CC",-2.18043865263053,2.65341402535906,0.0939476847349222,"Converged",FALSE,3,47,5,45,0.95,0.05
67,0.9,"BCC",-1.98028974003925,1.97772195361827,0.0940227101859047,"Converged",FALSE,25,25,25,25,0.95,0.05
67,0.9,"RESID",-1.91484898250702,1.68224234581038,0.0921186000885451,"Converged",FALSE,14,36,0,50,0.95,0.05
67,0.9,"SFS",NA,NA,NA,"B-spline error",FALSE,31,19,28,22,0.95,0.05
68,0.9,"SRS",-2.09377785642339,2.35147964621261,0.082189010534519,"Converged",FALSE,1,75,1,23,0.95,0.05
68,0.9,"CC",-2.30458738521281,3.09673874511061,0.0814711400870868,"Converged",FALSE,1,49,6,44,0.95,0.05
68,0.9,"BCC",-2.15947645822628,2.26576618511514,0.0808866588118789,"Converged",FALSE,25,25,25,25,0.95,0.05
68,0.9,"RESID",-2.16619806465392,2.49287758702782,0.0834527564902096,"Converged",FALSE,23,27,0,50,0.95,0.05
68,0.9,"SFS",NA,NA,NA,"B-spline error",FALSE,34,16,28,22,0.95,0.05
69,0.9,"SRS",-2.2730982496574,2.97033405572203,0.087495706788872,"Converged",FALSE,4,71,1,24,0.95,0.05
69,0.9,"CC",-1.99676161549571,2.02535759195222,0.0866209783071006,"Converged",FALSE,4,46,4,46,0.95,0.05
69,0.9,"BCC",-1.94771041169148,1.81655102375743,0.0880209170534875,"Converged",FALSE,28,27,18,27,0.95,0.05
69,0.9,"RESID",-2.01577862893184,2.13902760339917,0.0882067304543441,"Converged",FALSE,11,39,0,50,0.95,0.05
69,0.9,"SFS",NA,NA,NA,"B-spline error",FALSE,29,21,18,32,0.95,0.05
70,0.9,"SRS",-1.97721552579779,2.08124546481042,0.0973757355886593,"Converged",FALSE,3,71,6,20,0.95,0.05
70,0.9,"CC",-1.94320538764286,1.83888723747112,0.0974919488086251,"Converged",FALSE,2,48,4,46,0.95,0.05
70,0.9,"BCC",-2.14566889769276,2.54574351186325,0.0992548598837863,"Converged",FALSE,25,25,25,25,0.95,0.05
70,0.9,"RESID",-1.76983210188801,1.50437321896787,0.0968500456358985,"Converged",FALSE,15,35,1,49,0.95,0.05
70,0.9,"SFS",NA,NA,NA,"B-spline error",FALSE,29,21,32,18,0.95,0.05
71,0.9,"SRS",-1.72211446624605,1.04167889848281,0.137289296180615,"Converged",FALSE,7,58,2,33,0.95,0.05
71,0.9,"CC",-1.90718126996219,1.53128976525423,0.136398036190934,"Converged",FALSE,4,46,5,45,0.95,0.05
71,0.9,"BCC",-1.77756500162044,1.0721372263009,0.137501217363692,"Converged",FALSE,25,25,25,25,0.95,0.05
71,0.9,"RESID",-1.96214092256589,1.69500569668114,0.139081588112624,"Converged",FALSE,10,40,1,49,0.95,0.05
71,0.9,"SFS",NA,NA,NA,"B-spline error",FALSE,32,18,30,20,0.95,0.05
72,0.9,"SRS",-1.76170639654701,1.92272751216849,0.075277381037891,"Converged",FALSE,6,69,3,22,0.95,0.05
72,0.9,"CC",-1.43786537639712,0.911223902411431,0.0748398275464215,"Converged",FALSE,8,42,8,42,0.95,0.05
72,0.9,"BCC",-1.46814394807456,1.09100040026571,0.0747009690468179,"Converged",FALSE,25,25,25,25,0.95,0.05
72,0.9,"RESID",-1.54435750335768,1.23039616615589,0.0739449246586961,"Converged",FALSE,25,25,0,50,0.95,0.05
72,0.9,"SFS",NA,NA,NA,"B-spline error",FALSE,42,8,30,20,0.95,0.05
73,0.9,"SRS",-2.03246439506403,1.96969589874828,0.125729272699724,"Converged",FALSE,4,61,3,32,0.95,0.05
73,0.9,"CC",-2.20762924879393,2.53689617838551,0.124643423138565,"Converged",FALSE,2,48,4,46,0.95,0.05
73,0.9,"BCC",-2.05041229335914,1.97798056548006,0.125404974152993,"Converged",FALSE,25,25,25,25,0.95,0.05
73,0.9,"RESID",-1.83191844677539,1.26398418024632,0.123053146007323,"Converged",FALSE,14,36,0,50,0.95,0.05
73,0.9,"SFS",NA,NA,NA,"B-spline error",FALSE,30,20,27,23,0.95,0.05
74,0.9,"SRS",-2.45000103020274,2.22552353490526,0.16670362925507,"Converged",FALSE,7,69,3,21,0.95,0.05
74,0.9,"CC",-2.13489878569675,1.21235614132571,0.163137521084665,"Converged",FALSE,4,46,4,46,0.95,0.05
74,0.9,"BCC",-2.21234402256793,1.35323974921492,0.16431022224253,"Converged",FALSE,26,25,24,25,0.95,0.05
74,0.9,"RESID",-2.39978773649769,1.87018817324275,0.168556322349019,"Converged",FALSE,9,41,2,48,0.95,0.05
74,0.9,"SFS",NA,NA,NA,"B-spline error",FALSE,28,22,23,27,0.95,0.05
75,0.9,"SRS",-2.14540697485656,2.48976328919207,0.0958492668730509,"Converged",FALSE,2,63,5,30,0.95,0.05
75,0.9,"CC",-2.3954391590604,3.18104117431237,0.0939763343114733,"Converged",FALSE,3,47,5,45,0.95,0.05
75,0.9,"BCC",-1.98634553760236,1.88308655071963,0.0915233766802712,"Converged",FALSE,25,25,25,25,0.95,0.05
75,0.9,"RESID",-2.37992317210822,3.01608306703527,0.0981948460792256,"Converged",FALSE,18,32,0,50,0.95,0.05
75,0.9,"SFS",NA,NA,NA,"B-spline error",FALSE,34,16,28,22,0.95,0.05
76,0.9,"SRS",-2.26931533902134,1.98762873489449,0.1458439187971,"Converged",FALSE,7,66,1,26,0.95,0.05
76,0.9,"CC",-2.06336559128399,1.42607159649275,0.144929812501602,"Converged",FALSE,2,48,3,47,0.95,0.05
76,0.9,"BCC",-2.05921204057372,1.31116316128241,0.143674794017487,"Converged",FALSE,25,25,25,25,0.95,0.05
76,0.9,"RESID",-2.08298991081741,1.44285306195017,0.144076715866386,"Converged",FALSE,18,32,2,48,0.95,0.05
76,0.9,"SFS",NA,NA,NA,"B-spline error",FALSE,30,20,25,25,0.95,0.05
77,0.9,"SRS",-1.8552345946692,0.893522859709726,0.138867589375195,"Converged",FALSE,7,63,2,28,0.95,0.05
77,0.9,"CC",-1.94658952004525,1.22909377849333,0.138740598099838,"Converged",FALSE,1,49,5,45,0.95,0.05
77,0.9,"BCC",-1.99216025147039,1.31579116167316,0.138355904376957,"Converged",FALSE,25,25,25,25,0.95,0.05
77,0.9,"RESID",-1.8523174659766,0.858616123666516,0.139496598868223,"Converged",FALSE,10,40,2,48,0.95,0.05
77,0.9,"SFS",NA,NA,NA,"B-spline error",FALSE,34,16,25,25,0.95,0.05
78,0.9,"SRS",-1.16353860345813,0.633295197804182,0.0466236560189913,"Converged",FALSE,4,61,7,28,0.95,0.05
78,0.9,"CC",-1.18981743166072,0.734280332648546,0.0466591937075286,"Converged",FALSE,4,46,4,46,0.95,0.05
78,0.9,"BCC",-1.32675387953186,1.14302641249823,0.0468204723102258,"Converged",FALSE,25,25,25,25,0.95,0.05
78,0.9,"RESID",-1.268651993668,0.969807684154093,0.0461402625106623,"Converged",FALSE,23,27,0,50,0.95,0.05
78,0.9,"SFS",NA,NA,NA,"B-spline error",FALSE,42,8,34,16,0.95,0.05
79,0.9,"SRS",-3.3352543018276,5.63970390935066,0.132443837842674,"Converged",FALSE,5,71,1,23,0.95,0.05
79,0.9,"CC",-2.50168387708034,3.11753388656798,0.124594448628254,"Converged",FALSE,3,47,3,47,0.95,0.05
79,0.9,"BCC",-2.31952338921586,2.6236511419004,0.123397801888522,"Converged",FALSE,25,25,25,25,0.95,0.05
79,0.9,"RESID",-2.34065009544227,2.79112163379117,0.124312710622305,"Converged",FALSE,13,37,0,50,0.95,0.05
79,0.9,"SFS",NA,NA,NA,"B-spline error",FALSE,31,19,27,23,0.95,0.05
80,0.9,"SRS",-1.30936176377222,0.0675718090198116,0.0965277554182398,"Converged",FALSE,6,62,5,27,0.95,0.05
80,0.9,"CC",-1.27537713797503,-0.0442618198875728,0.0966479411471139,"Converged",FALSE,5,45,4,46,0.95,0.05
80,0.9,"BCC",-1.29777479740279,0.0311401713480393,0.0965888272627859,"Converged",FALSE,25,25,25,25,0.95,0.05
80,0.9,"RESID",-1.30253704514205,0.0452851033151286,0.0966438914173327,"Converged",FALSE,5,45,8,42,0.95,0.05
80,0.9,"SFS",NA,NA,NA,"B-spline error",FALSE,45,5,31,19,0.95,0.05
81,0.9,"SRS",-2.19574370972947,1.99635853079412,0.128918683707871,"Converged",FALSE,2,71,4,23,0.95,0.05
81,0.9,"CC",-2.00513373003234,1.45546772174829,0.12761421493532,"Converged",FALSE,2,48,2,48,0.95,0.05
81,0.9,"BCC",-2.09569274442756,1.73837816861192,0.129092456897537,"Converged",FALSE,25,25,25,25,0.95,0.05
81,0.9,"RESID",-2.12193462088222,1.72176910545069,0.129397669352824,"Converged",FALSE,9,41,1,49,0.95,0.05
81,0.9,"SFS",NA,NA,NA,"B-spline error",FALSE,19,31,26,24,0.95,0.05
82,0.9,"SRS",-2.49907843694498,2.95152895424202,0.131073120756629,"Converged",FALSE,4,64,3,29,0.95,0.05
82,0.9,"CC",-2.69332455936611,3.61707168288159,0.131533285178353,"Converged",FALSE,5,45,13,37,0.95,0.05
82,0.9,"BCC",-2.52924289090711,3.0443296964123,0.129770920277558,"Converged",FALSE,25,25,25,25,0.95,0.05
82,0.9,"RESID",-2.29977662472513,2.4123936032068,0.127387087652599,"Converged",FALSE,17,33,0,50,0.95,0.05
82,0.9,"SFS",NA,NA,NA,"B-spline error",FALSE,31,19,31,19,0.95,0.05
83,0.9,"SRS",-2.90839226834974,5.25831192842745,0.0911634616274995,"Converged",FALSE,8,65,3,24,0.95,0.05
83,0.9,"CC",-3.20144212296058,6.2676599648863,0.0991255008731532,"Converged",FALSE,1,49,4,46,0.95,0.05
83,0.9,"BCC",-2.62949734915909,4.24543700714776,0.093052662530234,"Converged",FALSE,25,25,25,25,0.95,0.05
83,0.9,"RESID",-2.13026556184294,3.1625668127983,0.0911283955779836,"Converged",FALSE,24,26,0,50,0.95,0.05
83,0.9,"SFS",NA,NA,NA,"B-spline error",FALSE,29,21,30,20,0.95,0.05
84,0.9,"SRS",-2.20240550428676,2.76001331989789,0.101059458948426,"Converged",FALSE,6,65,5,24,0.95,0.05
84,0.9,"CC",-2.2219932074226,2.88807539132524,0.100407860514256,"Converged",FALSE,4,46,3,47,0.95,0.05
84,0.9,"BCC",-2.13972614632896,2.49507358218066,0.0992344489258051,"Converged",FALSE,25,25,25,25,0.95,0.05
84,0.9,"RESID",-2.17050826857988,2.67331133508257,0.0993265489629848,"Converged",FALSE,22,28,0,50,0.95,0.05
84,0.9,"SFS",NA,NA,NA,"B-spline error",FALSE,26,24,32,18,0.95,0.05
85,0.9,"SRS",-3.2370253806799,6.13457620708216,0.0568734632669982,"Converged",FALSE,4,65,3,28,0.95,0.05
85,0.9,"CC",-2.8773321961931,5.07144805980201,0.0491134087823322,"Converged",FALSE,4,46,6,44,0.95,0.05
85,0.9,"BCC",-2.02283647730685,2.60683247361616,0.0528316316353093,"Converged",FALSE,25,25,25,25,0.95,0.05
85,0.9,"RESID",-2.08461146945105,2.85419365541086,0.0530834221671326,"Converged",FALSE,40,10,0,50,0.95,0.05
85,0.9,"SFS",NA,NA,NA,"B-spline error",FALSE,42,8,31,19,0.95,0.05
86,0.9,"SRS",-1.59231805907611,0.761377898066252,0.100018219568812,"Converged",FALSE,6,63,1,30,0.95,0.05
86,0.9,"CC",-1.62158537812714,0.861100326110899,0.0996104951775847,"Converged",FALSE,7,43,4,46,0.95,0.05
86,0.9,"BCC",-1.69897919882072,1.03741039946577,0.100354889298545,"Converged",FALSE,26,25,24,25,0.95,0.05
86,0.9,"RESID",-1.7364263324042,1.20896639372102,0.101006963471747,"Converged",FALSE,8,42,1,49,0.95,0.05
86,0.9,"SFS",NA,NA,NA,"B-spline error",FALSE,35,15,24,26,0.95,0.05
87,0.9,"SRS",-2.36722295055983,2.81831723507179,0.102788614745477,"Converged",FALSE,5,66,2,27,0.95,0.05
87,0.9,"CC",-2.43226302380434,3.25777383061177,0.100239524740792,"Converged",FALSE,4,46,5,45,0.95,0.05
87,0.9,"BCC",-2.52887558294866,3.36140935174683,0.102311929645578,"Converged",FALSE,25,25,25,25,0.95,0.05
87,0.9,"RESID",-2.38654264843558,2.98429244280744,0.102028370659463,"Converged",FALSE,19,31,0,50,0.95,0.05
87,0.9,"SFS",NA,NA,NA,"B-spline error",FALSE,30,20,26,24,0.95,0.05
88,0.9,"SRS",-1.84431236794721,1.83564372738248,0.0878483574989783,"Converged",FALSE,6,63,6,25,0.95,0.05
88,0.9,"CC",-1.81246501083603,1.66645625105995,0.0866575986160743,"Converged",FALSE,7,43,6,44,0.95,0.05
88,0.9,"BCC",-1.74552330177175,1.51328202677623,0.0869834045397136,"Converged",FALSE,25,25,25,25,0.95,0.05
88,0.9,"RESID",-1.95207099133024,2.08521095485148,0.0865816743958784,"Converged",FALSE,21,29,0,50,0.95,0.05
88,0.9,"SFS",NA,NA,NA,"B-spline error",FALSE,33,17,36,14,0.95,0.05
89,0.9,"SRS",-2.73711905053639,3.20355958449102,0.146029527076837,"Converged",FALSE,3,70,4,23,0.95,0.05
89,0.9,"CC",-2.42427123547449,2.16816029206898,0.144427286880965,"Converged",FALSE,6,44,4,46,0.95,0.05
89,0.9,"BCC",-2.47069216349101,2.30251412989702,0.143049005973101,"Converged",FALSE,25,25,25,25,0.95,0.05
89,0.9,"RESID",-2.49965992108509,2.50025711285332,0.144552367158278,"Converged",FALSE,18,32,0,50,0.95,0.05
89,0.9,"SFS",NA,NA,NA,"B-spline error",FALSE,25,25,25,25,0.95,0.05
90,0.9,"SRS",-2.46379670304255,3.99788858669733,0.0806974208528637,"Converged",FALSE,2,61,1,36,0.95,0.05
90,0.9,"CC",-2.12545461743998,2.81344552589767,0.0779017422687012,"Converged",FALSE,1,49,5,45,0.95,0.05
90,0.9,"BCC",-1.93171431073716,2.23566739754837,0.0799764011233838,"Converged",FALSE,25,25,25,25,0.95,0.05
90,0.9,"RESID",-2.19549005543481,3.10349557255129,0.0802787842281104,"Converged",FALSE,25,25,0,50,0.95,0.05
90,0.9,"SFS",NA,NA,NA,"B-spline error",FALSE,30,20,27,23,0.95,0.05
91,0.9,"SRS",-2.05898596864685,2.00265706431964,0.117199529279212,"Converged",FALSE,3,67,4,26,0.95,0.05
91,0.9,"CC",-2.02450654828973,1.80620199785039,0.117708931856086,"Converged",FALSE,5,45,3,47,0.95,0.05
91,0.9,"BCC",-2.22663999671204,2.27625272999967,0.120273105136253,"Converged",FALSE,25,25,25,25,0.95,0.05
91,0.9,"RESID",-2.0103341506095,1.91307902038282,0.116059003585648,"Converged",FALSE,11,39,0,50,0.95,0.05
91,0.9,"SFS",NA,NA,NA,"B-spline error",FALSE,23,27,30,20,0.95,0.05
92,0.9,"SRS",-1.63830645339169,1.32692838703898,0.0725858250040038,"Converged",FALSE,7,71,1,21,0.95,0.05
92,0.9,"CC",-1.65214363529168,1.3735839212912,0.0719250410142595,"Converged",FALSE,4,46,3,47,0.95,0.05
92,0.9,"BCC",-1.64651123193201,1.38429151784763,0.0708531255626964,"Converged",FALSE,25,25,25,25,0.95,0.05
92,0.9,"RESID",-1.66602289884894,1.38415515577344,0.073550179481794,"Converged",FALSE,6,44,1,49,0.95,0.05
92,0.9,"SFS",NA,NA,NA,"B-spline error",FALSE,37,13,26,24,0.95,0.05
93,0.9,"SRS",-1.72649499033897,1.31404064450906,0.121622666188945,"Converged",FALSE,1,70,2,27,0.95,0.05
93,0.9,"CC",-1.62289305131212,1.01528052251071,0.121486844017063,"Converged",FALSE,3,47,4,46,0.95,0.05
93,0.9,"BCC",NA,NA,NA,"B-spline error",FALSE,25,25,25,25,0.95,0.05
93,0.9,"RESID",-1.51570704846188,0.608717603854235,0.121423575077574,"Converged",FALSE,7,43,2,48,0.95,0.05
93,0.9,"SFS",NA,NA,NA,"B-spline error",FALSE,24,26,28,22,0.95,0.05
94,0.9,"SRS",-2.32769100140884,3.00492984095702,0.129263477091855,"Converged",FALSE,2,59,4,35,0.95,0.05
94,0.9,"CC",-2.74163104227113,4.35488860177401,0.130294205112688,"Converged",FALSE,1,49,3,47,0.95,0.05
94,0.9,"BCC",-2.44501713293645,3.51688094741665,0.125136976082173,"Converged",FALSE,25,25,25,25,0.95,0.05
94,0.9,"RESID",-2.19037970882575,2.84471389413512,0.126107182970991,"Converged",FALSE,15,35,0,50,0.95,0.05
94,0.9,"SFS",NA,NA,NA,"B-spline error",FALSE,23,27,27,23,0.95,0.05
95,0.9,"SRS",-1.5865301580589,1.29527149515997,0.0570272216791155,"Converged",FALSE,4,70,0,26,0.95,0.05
95,0.9,"CC",-1.58516747008328,1.42178905779513,0.0559554387145328,"Converged",FALSE,2,48,2,48,0.95,0.05
95,0.9,"BCC",-1.45370341485503,0.880759189323686,0.0565486852981516,"Converged",FALSE,25,25,25,25,0.95,0.05
95,0.9,"RESID",-1.43296729984981,0.866518939115119,0.0569161460495886,"Converged",FALSE,13,37,0,50,0.95,0.05
95,0.9,"SFS",NA,NA,NA,"B-spline error",FALSE,39,11,25,25,0.95,0.05
96,0.9,"SRS",-1.90614670017572,1.610356175392,0.115052925794566,"Converged",FALSE,4,67,1,28,0.95,0.05
96,0.9,"CC",-2.28139341851048,2.72300283344049,0.116231447523123,"Converged",FALSE,4,46,6,44,0.95,0.05
96,0.9,"BCC",-1.92874401951445,1.71382363353651,0.115032447882592,"Converged",FALSE,25,25,25,25,0.95,0.05
96,0.9,"RESID",-2.16730298657623,2.38234837629545,0.117813823859422,"Converged",FALSE,13,37,1,49,0.95,0.05
96,0.9,"SFS",NA,NA,NA,"B-spline error",FALSE,28,22,30,20,0.95,0.05
97,0.9,"SRS",-1.98159584137633,2.10829843354347,0.110328745376674,"Converged",FALSE,5,62,3,30,0.95,0.05
97,0.9,"CC",-1.86030063113395,1.78738860565187,0.110344189639911,"Converged",FALSE,6,44,1,49,0.95,0.05
97,0.9,"BCC",NA,NA,NA,"B-spline error",FALSE,25,25,25,25,0.95,0.05
97,0.9,"RESID",-2.0507345153729,2.27485498546459,0.112746079537096,"Converged",FALSE,22,28,0,50,0.95,0.05
97,0.9,"SFS",NA,NA,NA,"B-spline error",FALSE,34,16,26,24,0.95,0.05
98,0.9,"SRS",-2.37138027739638,3.22424745294969,0.113633850099022,"Converged",FALSE,6,66,5,23,0.95,0.05
98,0.9,"CC",-1.96330808145147,2.13636927790925,0.111365894961512,"Converged",FALSE,3,47,4,46,0.95,0.05
98,0.9,"BCC",-1.97891000945949,2.10645175362293,0.110459305962653,"Converged",FALSE,25,25,25,25,0.95,0.05
98,0.9,"RESID",-1.98656917806483,2.20912818917975,0.112534314487845,"Converged",FALSE,15,35,0,50,0.95,0.05
98,0.9,"SFS",NA,NA,NA,"B-spline error",FALSE,33,17,33,17,0.95,0.05
99,0.9,"SRS",-1.55361102189132,1.28752941840493,0.0692557501617058,"Converged",FALSE,3,69,0,28,0.95,0.05
99,0.9,"CC",-1.66562160980889,1.57462551909852,0.0693302677765886,"Converged",FALSE,3,47,3,47,0.95,0.05
99,0.9,"BCC",-1.45841146189342,0.979957580244794,0.0691384720378474,"Converged",FALSE,28,28,17,27,0.95,0.05
99,0.9,"RESID",-1.82483679642787,2.08013733425121,0.0695031746013176,"Converged",FALSE,16,34,1,49,0.95,0.05
99,0.9,"SFS",NA,NA,NA,"B-spline error",FALSE,42,8,17,33,0.95,0.05
100,0.9,"SRS",-1.82253095652396,1.54756037951524,0.100657514857622,"Converged",FALSE,12,64,1,23,0.95,0.05
100,0.9,"CC",-1.63034242576791,0.986744848003544,0.0993732516497283,"Converged",FALSE,7,43,4,46,0.95,0.05
100,0.9,"BCC",-1.56179964022109,0.747752068930607,0.098140952415783,"Converged",FALSE,27,26,21,26,0.95,0.05
100,0.9,"RESID",-1.6181823803045,0.997783604924983,0.0993595596151821,"Converged",FALSE,7,43,0,50,0.95,0.05
100,0.9,"SFS",NA,NA,NA,"B-spline error",FALSE,35,15,21,29,0.95,0.05
