"sim","resid_beta0","resid_beta1","resid_beta2","resid_conv_msg","resid_data_resampled","audit_recovery"
1,-1.70617709029809,1.63838160667105,-0.127116187419401,"Converged",FALSE,0.25
2,-1.40133520710222,0.846416204463687,-0.124843862890554,"Converged",FALSE,0.25
3,-1.72962643850983,0.979390189391339,-0.100244873419005,"Converged",FALSE,0.25
4,-1.64753101257162,1.16459085283135,-0.121518880123597,"Converged",FALSE,0.25
5,-1.47413017438611,0.758381143019995,-0.109697144173367,"Converged",FALSE,0.25
6,-1.89233132241759,1.13187735717222,-0.0766786689638467,"Converged",FALSE,0.25
7,-1.40027415614897,0.899702943984948,-0.136066154679031,"Converged",FALSE,0.25
8,-1.57859492336157,0.715576119987374,-0.0742562597408192,"Converged",FALSE,0.25
9,-1.31965097069006,1.00900118970698,-0.144128825316523,"Converged",FALSE,0.25
10,-1.28916318434686,0.475597442622392,-0.149566828025458,"Converged",FALSE,0.25
11,-1.87447117085709,2.06926907004238,-0.158036463464504,"Converged",FALSE,0.25
12,-1.71523297143328,0.539698784110418,-0.0522405984294305,"Converged",FALSE,0.25
13,-2.14410654500722,2.71595343577215,-0.153746227891092,"Converged",FALSE,0.25
14,-2.08294598794668,1.30521868746198,-0.0377681606744895,"Converged",FALSE,0.25
15,-1.59839952032759,0.941802407941487,-0.131741353925886,"Converged",FALSE,0.25
16,-1.58506359795517,1.48998525424827,-0.153324321332089,"Converged",FALSE,0.25
17,-2.39662285791745,2.09899301897025,-0.0321668818227736,"Converged",FALSE,0.25
18,-2.35048195258494,1.97938533787422,-0.0191260506001689,"Converged",FALSE,0.25
19,-2.32111159203787,2.72287512052104,-0.0917448344946775,"Converged",FALSE,0.25
20,-1.81257032265999,0.343076489089734,0.00500201665208247,"Converged",FALSE,0.25
21,-1.5866751748508,0.013011996778286,-0.0344329900524641,"Converged",FALSE,0.25
22,-1.83842423302336,1.16718859932571,-0.0812694928446293,"Converged",FALSE,0.25
23,-2.02628768424085,2.40926130407003,-0.151671236805953,"Converged",FALSE,0.25
24,-1.48629416133408,0.753141716548258,-0.104617781653598,"Converged",FALSE,0.25
25,-1.49731847198724,0.651822595837461,-0.128559522781113,"Converged",FALSE,0.25
26,-1.95758097733056,1.35206536652935,-0.0703332911017618,"Converged",FALSE,0.25
27,-1.70640213253075,0.210605271092118,-0.00892775355696166,"Converged",FALSE,0.25
28,-2.21633451260622,1.30924415874903,-0.0331390863932189,"Converged",FALSE,0.25
29,-1.78734781439723,1.15349576750319,-0.10698770753168,"Converged",FALSE,0.25
30,-1.99710017509916,0.901082735694828,-0.0350389385315259,"Converged",FALSE,0.25
31,-1.67801633673406,0.697205286553445,-0.0709012070943762,"Converged",FALSE,0.25
32,-1.54368917833862,0.920210796824078,-0.142740840696217,"Converged",FALSE,0.25
33,-1.4268418221251,-0.488070758040057,-0.0509067563069453,"Converged",FALSE,0.25
34,-1.62973597084275,1.24869718499608,-0.108025217873852,"Converged",FALSE,0.25
35,-1.5123776828236,-0.307177926447946,-0.0223872307510863,"Converged",TRUE,0.25
36,-1.96100424019894,1.38841878206883,-0.071485029466684,"Converged",FALSE,0.25
37,-1.96078113912466,2.11159519840048,-0.124505298488208,"Converged",FALSE,0.25
38,-2.00923221293363,2.32796727517365,-0.110857998741916,"Converged",FALSE,0.25
39,-1.01731552646072,0.46475783044211,-0.220486932604973,"Converged",FALSE,0.25
40,-1.71091733906042,1.84478277296852,-0.167033530757012,"Converged",FALSE,0.25
41,-2.23962195573588,0.760747437877747,0.0303587095976298,"Converged",FALSE,0.25
42,-1.86068617446983,0.926001104727341,-0.0303168680509499,"Converged",FALSE,0.25
43,-1.93801514894965,0.854873008186133,-0.0400000516860946,"Converged",FALSE,0.25
44,-1.78839647964364,0.894272696004393,-0.0730979287308404,"Converged",FALSE,0.25
45,NA,NA,NA,"MAX_ITER reached",FALSE,0.25
46,-1.90191376384945,1.57005486761033,-0.0981947752552453,"Converged",FALSE,0.25
47,-1.66471610595277,0.797828376816442,-0.0698332403094019,"Converged",FALSE,0.25
48,-1.42365744216237,1.30129170575109,-0.170828393881075,"Converged",FALSE,0.25
49,-1.22692106484004,0.771439182798606,-0.166158141777159,"Converged",FALSE,0.25
50,-2.18188992537716,1.06165129260669,0.00409342735912042,"Converged",FALSE,0.25
51,-1.73068833695747,1.18235362728902,-0.101090917645863,"Converged",FALSE,0.25
52,-1.88226869321164,1.04963779804194,-0.0404579604712049,"Converged",FALSE,0.25
53,-1.78584536456921,1.27312203288427,-0.10383738377996,"Converged",FALSE,0.25
54,-1.12412877915258,-0.0906294531109458,-0.145958624288914,"Converged",FALSE,0.25
55,-1.90567676819803,1.45012384851942,-0.0459764545277961,"Converged",FALSE,0.25
56,-1.46635300434484,0.520601654917171,-0.143244322385281,"Converged",FALSE,0.25
57,-2.41895202669001,2.9211405030326,-0.0768545310086317,"Converged",FALSE,0.25
58,-1.1081963985114,0.450185870034453,-0.149801227159729,"Converged",FALSE,0.25
59,-1.92777747627649,1.54458287608642,-0.106765789983299,"Converged",FALSE,0.25
60,-1.87720749276962,1.38278973091877,-0.0901625443223449,"Converged",FALSE,0.25
61,-1.38225080886057,0.425677641607473,-0.165377259486946,"Converged",FALSE,0.25
62,-1.79743249149967,1.61179787352953,-0.105245240308076,"Converged",FALSE,0.25
63,-1.23835582727482,-0.542214492917702,-0.0931323666123651,"Converged",FALSE,0.25
64,-1.88895294832725,1.46040622267534,-0.0977150618108793,"Converged",FALSE,0.25
65,-2.14128601656217,1.44098070151696,-0.0431486004122368,"Converged",FALSE,0.25
66,-2.13497990273405,1.92299903348348,-0.0758500246695882,"Converged",FALSE,0.25
67,-1.43304955052415,1.13846740974915,-0.164075289690082,"Converged",FALSE,0.25
68,-1.85611096469988,2.31450845038573,-0.172034527686932,"Converged",FALSE,0.25
69,-1.66756153258092,0.592667478046701,-0.0621651205633094,"Converged",FALSE,0.25
70,-1.62651690549388,0.337749921996436,-0.00896976230050709,"Converged",FALSE,0.25
71,-1.80567912107966,0.630756743988835,-0.0650407802264747,"Converged",FALSE,0.25
72,-1.47352876963765,0.302892110556634,-0.123805291349845,"Converged",FALSE,0.25
73,-1.80234246430693,1.46733161134336,-0.0784948273901761,"Converged",FALSE,0.25
74,-1.86028783246941,1.62420542532976,-0.112896179721984,"Converged",FALSE,0.25
75,-2.1216418660301,1.79505138059514,-0.0769469153924534,"Converged",TRUE,0.25
76,-1.58188297531794,0.921869998237646,-0.0826705540688946,"Converged",FALSE,0.25
77,-2.43422495304617,2.13849147051864,-0.0439749880316746,"Converged",FALSE,0.25
78,-1.94384487202489,0.936796161265948,-0.016342852022866,"Converged",FALSE,0.25
79,-2.049933881428,2.00092672162671,-0.109658883636556,"Converged",FALSE,0.25
80,-1.66967026882901,1.14007785255904,-0.103597744644482,"Converged",FALSE,0.25
81,-1.96183851391375,1.75737769758301,-0.0826540280735154,"Converged",FALSE,0.25
82,-1.29314129284769,1.02626994791792,-0.160039321588331,"Converged",FALSE,0.25
83,-1.73346529210634,1.31820732205168,-0.10122416773772,"Converged",FALSE,0.25
84,-1.24802101711844,0.368244289291769,-0.155233428170132,"Converged",FALSE,0.25
85,-1.94003532837003,1.88749210336931,-0.0842704523525966,"Converged",FALSE,0.25
86,-0.901103642767055,-0.937341821557223,-0.130749572805411,"Converged",FALSE,0.25
87,-1.70657396359309,1.62123145197691,-0.104501839642772,"Converged",FALSE,0.25
88,-2.15960207780804,1.08901052068391,-0.0244323658602495,"Converged",FALSE,0.25
89,-1.56595968022289,-0.0352804160805451,-0.0881828194392125,"Converged",FALSE,0.25
90,-2.05250589764606,1.65375998537695,-0.0575485240617272,"Converged",FALSE,0.25
91,-1.6247905498418,1.17417054808399,-0.104031739130412,"Converged",FALSE,0.25
92,-1.82934638163419,1.52975513553958,-0.11983443829798,"Converged",FALSE,0.25
93,-1.61300211031978,0.668914572489854,-0.0669685401835611,"Converged",TRUE,0.25
94,-1.19520474580246,-0.219558262515208,-0.0878935995900955,"Converged",FALSE,0.25
95,-2.19025971940978,1.78275879953585,-0.086805020702047,"Converged",FALSE,0.25
96,-1.81669796628818,1.38713336201246,-0.078335309886484,"Converged",FALSE,0.25
97,-1.58791038025606,0.727360725532114,-0.100392668466615,"Converged",FALSE,0.25
98,-1.95637346502991,1.47206567660099,-0.0593392877810364,"Converged",FALSE,0.25
99,-1.87350452817262,2.19566167392183,-0.13123682637211,"Converged",FALSE,0.25
100,-1.99170484132375,1.35648227232631,-0.0855456602229856,"Converged",FALSE,0.25
101,-2.0240227885093,1.72295077293465,-0.0805842822686667,"Converged",FALSE,0.25
102,-1.55025747025644,0.870181950478566,-0.116463695579965,"Converged",FALSE,0.25
103,-1.87639907549812,2.05033519444574,-0.139155330136559,"Converged",FALSE,0.25
104,-1.59171264330966,1.67975226642994,-0.166639392304785,"Converged",FALSE,0.25
105,-1.60561291325128,0.984601248159603,-0.107078082122969,"Converged",FALSE,0.25
106,-2.09761116811465,0.896238069935351,-0.0370274853881838,"Converged",FALSE,0.25
107,-2.14511013640771,1.76903007821759,-0.0687175258304342,"Converged",FALSE,0.25
108,-2.58878935888558,1.3568999445958,0.0181469910031752,"Converged",FALSE,0.25
109,-1.69351091245511,1.71319300012214,-0.141125294948974,"Converged",FALSE,0.25
110,-1.62772997451218,1.10269538590982,-0.11557615507841,"Converged",FALSE,0.25
111,-1.74203174961289,0.577795561415396,-0.0666480727574263,"Converged",FALSE,0.25
112,-1.86208103824952,1.85052265955127,-0.0995846247656765,"Converged",FALSE,0.25
113,-1.63701901858017,1.08133599495043,-0.0808440401111722,"Converged",FALSE,0.25
114,-1.505297053752,1.86185162645218,-0.224880191950154,"Converged",FALSE,0.25
115,-1.91604202120024,0.876613004640531,-0.0365995830640626,"Converged",FALSE,0.25
116,-1.58730620425855,1.36914322339374,-0.168675989828948,"Converged",FALSE,0.25
117,-1.43209848114106,0.78597105985054,-0.138686079250218,"Converged",FALSE,0.25
118,-1.80564527495279,0.983521507594217,-0.0982768324227783,"Converged",FALSE,0.25
119,-1.39988668695784,0.813537016972848,-0.122653047598279,"Converged",FALSE,0.25
120,-1.96232602822676,0.638366886170481,-0.0312443979197581,"Converged",FALSE,0.25
121,-1.68593337583232,1.22751677216928,-0.128714337751023,"Converged",FALSE,0.25
122,-1.57299719011576,1.0027011190867,-0.106098006653542,"Converged",FALSE,0.25
123,-1.54861145177069,2.05426781003959,-0.170015481144472,"Converged",FALSE,0.25
124,-2.1291921814312,2.30151494889635,-0.0758843418452095,"Converged",FALSE,0.25
125,-1.65236746001147,1.36230127835156,-0.104923326777706,"Converged",FALSE,0.25
126,-2.10701310427251,1.83347562428943,-0.0390552455812671,"Converged",FALSE,0.25
127,-2.37766594081286,2.59770158760433,-0.0700277180320532,"Converged",FALSE,0.25
128,-1.64616585687435,2.08787743444824,-0.177276224246836,"Converged",FALSE,0.25
129,-1.38594969856987,0.82881067285497,-0.111767654576487,"Converged",FALSE,0.25
130,-1.52087845473961,0.221212699899648,-0.0461307695032416,"Converged",FALSE,0.25
131,-2.0824143623654,1.18684245045422,-0.00472961402824907,"Converged",FALSE,0.25
132,-1.74872358246896,1.15240283559569,-0.09927857543401,"Converged",FALSE,0.25
133,-1.78615725582095,1.43667228662305,-0.0863033123983155,"Converged",FALSE,0.25
134,-1.46762287300618,-0.0538446152885558,-0.0643605207829151,"Converged",FALSE,0.25
135,-1.98969181440325,1.85039806850631,-0.0788551811971315,"Converged",FALSE,0.25
136,-2.06338237593582,2.16645818421952,-0.0956043465590509,"Converged",FALSE,0.25
137,-1.58064694029418,0.921533935863085,-0.101096568131835,"Converged",FALSE,0.25
138,-1.97841739665987,1.26360575914087,-0.0489044863897834,"Converged",FALSE,0.25
139,-2.09237877073745,1.85704650739253,-0.0733219798306195,"Converged",FALSE,0.25
140,-1.57861392060313,1.26527980218902,-0.146138409777924,"Converged",FALSE,0.25
141,-1.47669999353895,-0.663114122967367,-0.0710794403162812,"Converged",FALSE,0.25
142,-2.20327320871839,1.99090748986259,-0.088779697003068,"Converged",FALSE,0.25
143,-1.24494104213325,0.0247907742511194,-0.104818111197389,"Converged",FALSE,0.25
144,-1.40176895131622,1.13697968891638,-0.182731563629227,"Converged",FALSE,0.25
145,-2.14418362348951,1.32263059712683,-0.0482194107736886,"Converged",FALSE,0.25
146,-2.27435602836245,2.27411277055127,-0.0747935419477711,"Converged",FALSE,0.25
147,-1.81419393290445,0.461473571189808,-0.0654353609628418,"Converged",FALSE,0.25
148,-1.44929699300179,1.47065843245685,-0.176225262063447,"Converged",FALSE,0.25
149,-1.55376870151918,0.133314960693214,-0.093711477792943,"Converged",FALSE,0.25
150,-1.82123788783103,1.5348020889478,-0.122497971049701,"Converged",FALSE,0.25
151,-2.24573729841971,2.35086698537334,-0.100929282625183,"Converged",FALSE,0.25
152,-1.63563076478294,1.16518567131276,-0.128022212568736,"Converged",FALSE,0.25
153,-2.18294553047219,1.25942269164071,-0.0190601361043284,"Converged",FALSE,0.25
154,-1.2949897673201,0.419524326408354,-0.129645751395738,"Converged",FALSE,0.25
155,-1.79248748355405,0.838161683911713,-0.0776865831452819,"Converged",FALSE,0.25
156,-1.31634870417289,1.34086931861544,-0.186370644829783,"Converged",FALSE,0.25
157,-1.92239354002332,1.16132135718288,-0.050517763377846,"Converged",FALSE,0.25
158,-1.80706918804921,2.09470746464714,-0.172278834265276,"Converged",FALSE,0.25
159,-2.25728574143109,1.74756855877647,-0.0164926416469386,"Converged",FALSE,0.25
160,-1.68042059279892,0.394899272261228,-0.0319173839824983,"Converged",TRUE,0.25
161,-1.35023504806591,0.474876825127308,-0.0615299802304315,"Converged",FALSE,0.25
162,-1.20130088972214,0.781173008426578,-0.171995805133933,"Converged",FALSE,0.25
163,-1.31039886813075,0.0218534943904513,-0.0916195109809855,"Converged",FALSE,0.25
164,-1.92170172264419,1.0520052488216,-0.0483589736427842,"Converged",TRUE,0.25
165,-2.0595822818532,1.14655346960949,-0.0348290802364483,"Converged",FALSE,0.25
166,-1.81470495606801,0.859630728946501,-0.0689523877542654,"Converged",FALSE,0.25
167,-1.90644290342887,1.58742544189772,-0.107291155343624,"Converged",FALSE,0.25
168,-1.60667641835091,0.349713732554164,-0.0629288841777447,"Converged",FALSE,0.25
169,-1.56816293433242,0.814224887171805,-0.137566639321206,"Converged",FALSE,0.25
170,-1.38530655198821,-0.0774588072407427,-0.0986691370961534,"Converged",FALSE,0.25
171,-1.85282874131417,1.39554375419177,-0.105769786848028,"Converged",FALSE,0.25
172,-1.39196821691866,0.444468044737726,-0.12394449018824,"Converged",FALSE,0.25
173,-2.02341324837909,1.61066649201637,-0.100281788881475,"Converged",FALSE,0.25
174,-1.56019534266175,1.16953650183804,-0.11034675002315,"Converged",FALSE,0.25
175,-1.87478406687177,1.66956555894653,-0.0815622685675387,"Converged",FALSE,0.25
176,-1.81568624975001,1.36167887349218,-0.129680460866459,"Converged",FALSE,0.25
177,-1.47426564655861,0.428433875085116,-0.122197938917589,"Converged",FALSE,0.25
178,-1.59346585448746,0.792578587773792,-0.0829670897775992,"Converged",FALSE,0.25
179,-1.47509261269017,0.964454046888807,-0.124399190677274,"Converged",FALSE,0.25
180,-1.92983976242525,2.05888626683161,-0.140681869951172,"Converged",FALSE,0.25
181,-1.88268404732685,1.06090520035479,-0.0654497801857327,"Converged",FALSE,0.25
182,-1.89149089850481,1.63045706782405,-0.13074899499652,"Converged",FALSE,0.25
183,-1.71248927149855,1.29081956813563,-0.0983885210570004,"Converged",FALSE,0.25
184,-1.56421014985998,0.649739265954253,-0.043463029207802,"Converged",FALSE,0.25
185,-1.27040428634237,0.120945938589124,-0.135362943036679,"Converged",FALSE,0.25
186,-1.79671995614381,1.07472295417188,-0.0723238099730367,"Converged",FALSE,0.25
187,-1.80212503069821,1.91824616066826,-0.168607533811871,"Converged",FALSE,0.25
188,-1.49242237850254,0.876972069791806,-0.133010783642457,"Converged",FALSE,0.25
189,-1.87429814504115,1.36521329084657,-0.0816053706581538,"Converged",FALSE,0.25
190,-1.80748093321021,1.74342836485687,-0.157002305738084,"Converged",FALSE,0.25
191,-2.16358445859369,1.28329472575357,-0.0281704610075234,"Converged",FALSE,0.25
192,-1.71060173154737,1.40044355613721,-0.129643354257149,"Converged",FALSE,0.25
193,-1.10559282841348,0.432792059628467,-0.173633883338101,"Converged",FALSE,0.25
194,-1.86738774586697,2.29959057389161,-0.177572925245855,"Converged",FALSE,0.25
195,-1.55424736126672,0.910855254288715,-0.118749040121243,"Converged",FALSE,0.25
196,-2.17761013906158,1.59862537564066,-0.061049999912645,"Converged",FALSE,0.25
197,-1.61782120321344,1.04417574309233,-0.128064657688618,"Converged",FALSE,0.25
198,-1.83455854451395,1.37140026609017,-0.119792110826499,"Converged",FALSE,0.25
199,-1.49259640341857,0.37508267571449,-0.117872288281125,"Converged",FALSE,0.25
200,-2.10303380505463,1.77671776993739,-0.100679538282635,"Converged",FALSE,0.25
201,-1.82193721365103,1.17738341606669,-0.0874569407715197,"Converged",FALSE,0.25
202,-1.2171803953947,1.27764815684983,-0.231591312108807,"Converged",FALSE,0.25
203,-1.88022152644328,2.50016494690368,-0.150537056839326,"Converged",FALSE,0.25
204,-2.03535339142828,1.74831177106518,-0.0920902847513277,"Converged",FALSE,0.25
205,-1.63105729638416,0.362149228826011,-0.0716400593824754,"Converged",FALSE,0.25
206,-1.72461902070482,0.546537062466484,-0.08910317230802,"Converged",FALSE,0.25
207,-1.89162834732248,3.19350877095348,-0.247497998864619,"Converged",FALSE,0.25
208,-1.60169810614352,1.33002374001031,-0.132472746167875,"Converged",FALSE,0.25
209,-1.8598093452382,1.06415660172078,-0.0990819438613095,"Converged",FALSE,0.25
210,-1.71955894755965,0.924356902495965,-0.097736897355869,"Converged",FALSE,0.25
211,-1.87027117943298,1.45629581896261,-0.0799297270168818,"Converged",FALSE,0.25
212,-2.13047746103523,1.82046182437192,-0.0910652887076562,"Converged",FALSE,0.25
213,-1.78579406678719,1.16607028121527,-0.115775256893948,"Converged",FALSE,0.25
214,-1.82885515289851,1.73567867227591,-0.130618704133803,"Converged",TRUE,0.25
215,-1.90054098055839,0.903654438739969,-0.0433410491160714,"Converged",FALSE,0.25
216,-1.90449078256905,1.12076978533501,-0.0607177165464679,"Converged",FALSE,0.25
217,-1.69283703483661,1.7118409098139,-0.164273105244939,"Converged",FALSE,0.25
218,-1.84511363387839,1.27276835703423,-0.0670476085679035,"Converged",FALSE,0.25
219,-1.20108539218041,0.539034421286979,-0.179782127178799,"Converged",FALSE,0.25
220,-1.29102181318598,-0.0102694368198497,-0.099014632219551,"Converged",FALSE,0.25
221,-1.71064040470731,0.723073765883385,-0.0891464563495248,"Converged",FALSE,0.25
222,-1.95278961118174,1.93832618345829,-0.121398199948991,"Converged",FALSE,0.25
223,-1.57483530971378,0.0673729467809087,-0.076975665388927,"Converged",FALSE,0.25
224,-1.77770634869623,1.73717978218125,-0.162694153113352,"Converged",FALSE,0.25
225,-1.69562519220186,0.463300938928702,-0.111598235424314,"Converged",FALSE,0.25
226,-1.74085676728897,0.782203089150519,-0.0768111491443247,"Converged",FALSE,0.25
227,-2.37260877160585,2.28159212196186,-0.0664836901665103,"Converged",FALSE,0.25
228,-1.5621290093359,-0.105351666286032,-0.056790756289882,"Converged",FALSE,0.25
229,-1.53703268547433,1.09019835368446,-0.163706812686324,"Converged",FALSE,0.25
230,-1.79430384720041,1.65703928947906,-0.131017647923968,"Converged",FALSE,0.25
231,-1.93876467043479,0.896886942628634,-0.0694988573716289,"Converged",FALSE,0.25
232,-1.98723945673973,1.52074948182681,-0.0804260852496774,"Converged",FALSE,0.25
233,-1.29686152865191,0.93583637448363,-0.173133062613109,"Converged",FALSE,0.25
234,-2.20118806546144,2.40070971146386,-0.136159917214448,"Converged",FALSE,0.25
235,-1.68240591575409,0.909447024176742,-0.0842505625819127,"Converged",FALSE,0.25
236,-1.32008090038465,0.321060360200665,-0.126828407944242,"Converged",FALSE,0.25
237,-1.91924368090617,1.43480849413769,-0.109993366294407,"Converged",FALSE,0.25
238,-1.02223550391827,0.500438243507494,-0.187342667930757,"Converged",FALSE,0.25
239,-1.63979027296348,1.08971462372919,-0.120434423366311,"Converged",FALSE,0.25
240,-2.06346792285204,1.62842926327486,-0.0667512628398826,"Converged",FALSE,0.25
241,-1.90806530246258,1.62105443478574,-0.0855494967255989,"Converged",FALSE,0.25
242,-2.10677544782342,1.60473770695179,-0.0963221487400266,"Converged",FALSE,0.25
243,-1.80524162776909,1.83701639274559,-0.145267343355571,"Converged",FALSE,0.25
244,-1.60343465285,1.52962391847216,-0.16624938337384,"Converged",FALSE,0.25
245,-1.37046414257754,1.26710755730293,-0.185541374979087,"Converged",FALSE,0.25
246,-1.1539217055768,-0.439649498259488,-0.107324159883791,"Converged",FALSE,0.25
247,-1.56786018691341,1.21432240794125,-0.144313462442251,"Converged",FALSE,0.25
248,-2.43876328646861,1.34659685050997,0.0246561223006163,"Converged",FALSE,0.25
249,-1.44348559952059,0.0348837497211591,-0.0896336078688219,"Converged",FALSE,0.25
250,-1.94337514272061,1.32964683828741,-0.108311440912467,"Converged",FALSE,0.25
251,-1.59072700584987,0.9358521978353,-0.0818268755680006,"Converged",FALSE,0.25
252,-1.45371557222171,0.119480667930437,-0.0739482561316894,"Converged",FALSE,0.25
253,-1.67641744659251,1.28053474485408,-0.119229518156407,"Converged",FALSE,0.25
254,-1.650067190333,1.82542942111903,-0.121035675527559,"Converged",FALSE,0.25
255,-1.4325992255206,0.561497740777162,-0.09482754690427,"Converged",FALSE,0.25
256,-1.80811888821925,1.43603225262689,-0.0658237304759771,"Converged",FALSE,0.25
257,-2.08607615380184,1.90741599057223,-0.0750180114955777,"Converged",FALSE,0.25
258,-1.7410899309523,0.612626397823053,-0.0554021636640512,"Converged",FALSE,0.25
259,-1.20146701019629,0.461895661366091,-0.183224918227392,"Converged",FALSE,0.25
260,-1.80794356289398,1.17247888176651,-0.0809055594766347,"Converged",FALSE,0.25
261,-1.57143714123765,0.428073251721245,-0.0512074529018782,"Converged",FALSE,0.25
262,-1.45153057482448,0.91374435060216,-0.1549811995602,"Converged",FALSE,0.25
263,-1.95091614271637,1.59333136983198,-0.0837357813559757,"Converged",FALSE,0.25
264,-1.85212736132507,1.94234066109093,-0.130075444113647,"Converged",FALSE,0.25
265,-1.5566668029233,0.95546927660249,-0.1272206356998,"Converged",FALSE,0.25
266,-1.43536700293602,-0.168283241338599,-0.076418470980248,"Converged",FALSE,0.25
267,-1.85184637995951,1.92231040138018,-0.154205332723426,"Converged",FALSE,0.25
268,-2.10673622226091,1.70350532791295,-0.0898381042068553,"Converged",FALSE,0.25
269,-1.34126288637369,0.742616548569281,-0.158726194707721,"Converged",FALSE,0.25
270,-1.48813706746209,0.81883405591621,-0.143242986549819,"Converged",FALSE,0.25
271,NA,NA,NA,"MAX_ITER reached",FALSE,0.25
272,-1.94268029628918,1.90620950866127,-0.100557789604765,"Converged",FALSE,0.25
273,-1.0841496570848,-0.583644019671236,-0.095722820203129,"Converged",TRUE,0.25
274,-1.83928057098197,1.87082112255658,-0.114933130737678,"Converged",FALSE,0.25
275,-1.4440908764919,0.792466983664771,-0.126474564819163,"Converged",FALSE,0.25
276,-1.68249523652177,1.93648382706526,-0.13258083548945,"Converged",FALSE,0.25
277,-2.67772360690524,2.10824451869474,0.0110149724910965,"Converged",FALSE,0.25
278,-1.86999652293102,1.24329750075654,-0.116142112040334,"Converged",FALSE,0.25
279,-1.7749466541131,1.5140361083518,-0.114346077037765,"Converged",FALSE,0.25
280,-1.06492028876283,0.527768952940859,-0.180904935923206,"Converged",FALSE,0.25
281,-1.66567694994579,1.36653200451017,-0.123338166547706,"Converged",FALSE,0.25
282,-1.95883209180185,1.79189742185478,-0.0877877781083479,"Converged",FALSE,0.25
283,-1.25662185189538,0.0548889766849392,-0.162908954539246,"Converged",FALSE,0.25
284,-2.00805796749631,1.33385034715249,-0.0745981237690501,"Converged",FALSE,0.25
285,-1.36397723475411,0.290022032510346,-0.0960135104710678,"Converged",FALSE,0.25
286,-2.26827867255457,2.16698431499424,-0.105473047295234,"Converged",FALSE,0.25
287,-1.59436703630746,1.17453226823158,-0.101921969800952,"Converged",FALSE,0.25
288,-1.34087134897782,0.130557817206551,-0.0737303641442792,"Converged",FALSE,0.25
289,-1.32376888589783,0.229202262518237,-0.102994674468142,"Converged",FALSE,0.25
290,-1.42239698719854,0.556082109071263,-0.111526668192785,"Converged",FALSE,0.25
291,-2.12484932731224,1.78290811185141,-0.0587646495106794,"Converged",FALSE,0.25
292,-1.34007828220503,0.954801575442596,-0.139831002954365,"Converged",FALSE,0.25
293,-2.26254806368129,1.82228832410122,-0.0603326497302435,"Converged",FALSE,0.25
294,-2.01226139657607,1.59337754095494,-0.0627504372008033,"Converged",FALSE,0.25
295,-2.16468342442552,1.90486136823783,-0.0462300052574182,"Converged",FALSE,0.25
296,-1.8483881054522,1.64291337338408,-0.126287348722272,"Converged",TRUE,0.25
297,-1.47887026076087,0.855231807427138,-0.113006373862175,"Converged",FALSE,0.25
298,-1.53979807922444,0.363161467171934,-0.0725806533113372,"Converged",FALSE,0.25
299,-1.33726087681185,0.850854133534453,-0.180643156332031,"Converged",FALSE,0.25
300,-2.00640992270107,2.07055193799143,-0.119635119804206,"Converged",FALSE,0.25
301,-1.63614371383917,0.905333944280141,-0.0977389805424799,"Converged",FALSE,0.25
302,-1.57890142793466,0.161373327116668,-0.0164516638724565,"Converged",FALSE,0.25
303,-2.02293157825391,1.90932073943154,-0.0901926487702313,"Converged",FALSE,0.25
304,-1.952402161462,1.22910191228625,-0.0897800491230279,"Converged",FALSE,0.25
305,-1.66653747808888,0.954966429270425,-0.0916763083733537,"Converged",FALSE,0.25
306,-2.15119209306917,1.88909312477426,-0.0831833472106005,"Converged",FALSE,0.25
307,-2.10488246725299,1.73165153567696,-0.0742206746453715,"Converged",FALSE,0.25
308,-1.05494108137302,-0.23678746209329,-0.122172344341026,"Converged",FALSE,0.25
309,-1.85534352832218,1.31602959591636,-0.0735925956788759,"Converged",FALSE,0.25
310,-2.05067725354933,2.3947690168173,-0.140993044621789,"Converged",FALSE,0.25
311,-1.76472487013844,1.35369441296955,-0.085502599553485,"Converged",FALSE,0.25
312,-1.63937912209023,1.02576337886493,-0.0999284093116397,"Converged",FALSE,0.25
313,-1.1433567353928,1.34495058181968,-0.237137091868725,"Converged",FALSE,0.25
314,-1.38613731529287,0.331416408986394,-0.093269122300605,"Converged",FALSE,0.25
315,-1.40870276555323,0.664631911532491,-0.133076564932552,"Converged",FALSE,0.25
316,-1.98557597635785,1.36069322653399,-0.0502163951242919,"Converged",FALSE,0.25
317,-2.62592142950633,2.93571687727775,-0.0786884018808851,"Converged",FALSE,0.25
318,-1.59392026766737,0.168358171600576,-0.0554038688169914,"Converged",FALSE,0.25
319,-1.95117758601481,1.99624454748237,-0.0952265221827451,"Converged",FALSE,0.25
320,-1.4976837147605,1.24751784947743,-0.162012910972142,"Converged",FALSE,0.25
321,-1.6452079945596,0.545016591918032,-0.0748871095823004,"Converged",FALSE,0.25
322,-2.11089188656766,2.34902466562488,-0.1161497768576,"Converged",FALSE,0.25
323,-1.44191010690614,0.542141016212322,-0.0998076178233029,"Converged",FALSE,0.25
324,-2.03719922441801,2.18685304123578,-0.144496255673937,"Converged",FALSE,0.25
325,-1.57492278906856,1.21787640725034,-0.130197526213504,"Converged",FALSE,0.25
326,-1.61462026813075,0.570617069674569,-0.0533937703853213,"Converged",FALSE,0.25
327,-1.87965232085414,1.40266450459699,-0.0687001328275013,"Converged",FALSE,0.25
328,-1.70269304185446,1.07713950335495,-0.092058133572525,"Converged",FALSE,0.25
329,-1.25209980404572,-0.38637996540658,-0.0946482864523651,"Converged",FALSE,0.25
330,-2.01395846233561,1.38660795459863,-0.0407116167751549,"Converged",FALSE,0.25
331,-1.52790852801743,1.15750065599337,-0.157290666227078,"Converged",FALSE,0.25
332,-2.04119693453855,1.94362203038804,-0.100290547931789,"Converged",FALSE,0.25
333,-2.02199505918956,2.17460382155146,-0.11472274017068,"Converged",FALSE,0.25
334,-1.62824168232967,0.222335444646862,-0.0981863407270558,"Converged",FALSE,0.25
335,-1.34929392443025,0.336518880641421,-0.0988641652211744,"Converged",FALSE,0.25
336,-2.19059033687713,2.42275222474789,-0.0995269773606881,"Converged",FALSE,0.25
337,-1.68477238031017,0.745214027898633,-0.0842207542210644,"Converged",FALSE,0.25
338,-1.87653726541426,1.64577072813492,-0.0998011849484353,"Converged",FALSE,0.25
339,-1.4302475213326,1.14226394477381,-0.158980390620477,"Converged",FALSE,0.25
340,-1.75012635462309,0.589811136007812,-0.0497100711600625,"Converged",FALSE,0.25
341,-2.1279614491268,2.24057733053583,-0.103306548839734,"Converged",FALSE,0.25
342,-1.41323886741175,0.169404139442848,-0.0767181162062535,"Converged",FALSE,0.25
343,-2.11007686229164,2.10917823270161,-0.0692954680664529,"Converged",FALSE,0.25
344,-1.44797619641645,1.18385719718908,-0.15484518754706,"Converged",FALSE,0.25
345,-1.30125947014368,-0.376578520563053,-0.102856490842041,"Converged",FALSE,0.25
346,-1.31797751135287,-0.0200611410556295,-0.105380811758897,"Converged",FALSE,0.25
347,-1.63526678842985,0.971172981154815,-0.135290587587553,"Converged",FALSE,0.25
348,-1.6537332484763,1.2719632953779,-0.132162841948457,"Converged",FALSE,0.25
349,-2.21186693685354,1.45295974224964,-0.0515337643381112,"Converged",FALSE,0.25
350,-1.73948000738203,1.43247833466537,-0.129815390852316,"Converged",FALSE,0.25
351,-1.94944315443063,1.18144948030278,-0.067913800501707,"Converged",FALSE,0.25
352,-1.9506820551025,2.07931980786018,-0.146125356854461,"Converged",FALSE,0.25
353,-1.7388517718496,1.40763577264867,-0.124823961251942,"Converged",FALSE,0.25
354,-1.72768406988674,1.09028071757689,-0.0838686160983399,"Converged",FALSE,0.25
355,-1.97468196322221,1.5874281624485,-0.0938616863302542,"Converged",FALSE,0.25
356,-1.38104094707369,1.14282736670046,-0.160335810233826,"Converged",FALSE,0.25
357,-1.99313365125654,1.35522263005264,-0.0662272460967318,"Converged",FALSE,0.25
358,-1.94405940001485,1.12082290339689,-0.0726720093274694,"Converged",FALSE,0.25
359,-1.27806215134553,-0.0360094730472962,-0.131177749382487,"Converged",FALSE,0.25
360,-1.74692975858681,1.20906488329881,-0.105424513675922,"Converged",TRUE,0.25
361,-1.8393076273496,0.99748128218648,-0.0398295632054746,"Converged",FALSE,0.25
362,-1.72438916280072,1.539073139176,-0.10388458780096,"Converged",FALSE,0.25
363,-1.90950894798739,2.29097483954387,-0.160397510889372,"Converged",FALSE,0.25
364,-2.25813230801776,1.70843658500159,-0.0206236806066409,"Converged",FALSE,0.25
365,-1.58534626205511,0.81440171450442,-0.112352697204746,"Converged",FALSE,0.25
366,-1.79649952777011,1.31158955792987,-0.0726068969888063,"Converged",FALSE,0.25
367,-1.49945086759689,1.10683981218895,-0.173376395849317,"Converged",FALSE,0.25
368,-2.0113417925889,1.34348340430538,-0.0603969157628933,"Converged",FALSE,0.25
369,-1.69853734575668,1.3050127117922,-0.135203389891105,"Converged",FALSE,0.25
370,-1.62710356477509,0.75942460559391,-0.0905474224588774,"Converged",FALSE,0.25
371,-1.60607971950424,1.56884603441789,-0.147647864787718,"Converged",FALSE,0.25
372,-1.43058242443216,1.28289204513657,-0.155266305659321,"Converged",FALSE,0.25
373,-2.00392669129794,1.47617039447814,-0.0382383092000209,"Converged",FALSE,0.25
374,-2.29858849720492,2.08115650012297,-0.0824430503041242,"Converged",FALSE,0.25
375,-1.80366764067614,1.68745070022235,-0.109746713867969,"Converged",FALSE,0.25
376,-2.59910855069436,2.70480338027006,-0.0572684281991165,"Converged",FALSE,0.25
377,-2.16735503213974,1.64298905402537,-0.0880354169332911,"Converged",FALSE,0.25
378,-1.80294593552925,0.728241954476,-0.0676386835076012,"Converged",FALSE,0.25
379,-1.63023144160886,0.711142768844081,-0.0585655787244858,"Converged",FALSE,0.25
380,-2.13467647884372,1.68411128758506,-0.0657618907150703,"Converged",FALSE,0.25
381,-1.88466006258747,1.33513589621684,-0.0776270325675864,"Converged",FALSE,0.25
382,-1.55270762709947,2.01751921422569,-0.194388684802429,"Converged",FALSE,0.25
383,-1.32618212576626,0.741085118028797,-0.157163761599719,"Converged",FALSE,0.25
384,-1.84734410995844,1.09883738208514,-0.073636714759757,"Converged",FALSE,0.25
385,-1.72845687007561,0.892082138441192,-0.0800584439839158,"Converged",FALSE,0.25
386,-2.10983948414808,1.54572209585243,-0.0571004282105906,"Converged",FALSE,0.25
387,-2.20868978277717,2.5691782719137,-0.081136212881395,"Converged",TRUE,0.25
388,-2.30678931380427,1.35394201304478,0.013032300290565,"Converged",FALSE,0.25
389,-1.49234746787409,1.02790149956386,-0.109734717570536,"Converged",TRUE,0.25
390,-1.33518635293658,0.69873552949205,-0.152637196488351,"Converged",FALSE,0.25
391,-1.59031993448836,0.874768057636339,-0.11093329638136,"Converged",FALSE,0.25
392,-1.64970952786046,1.09906895548911,-0.117050509438861,"Converged",FALSE,0.25
393,-1.48455444375134,0.518326224969572,-0.115139513131304,"Converged",FALSE,0.25
394,-2.0537780865572,0.91715632215639,-0.0418499908930292,"Converged",FALSE,0.25
395,-2.53482978524461,2.62347670611675,-0.11332390396255,"Converged",FALSE,0.25
396,-1.7704853235524,0.627983068054471,-0.0584306716053155,"Converged",FALSE,0.25
397,-1.61090733334351,1.55645607767924,-0.128399982419034,"Converged",FALSE,0.25
398,-1.83352126993479,1.07650845514644,-0.09437676163433,"Converged",FALSE,0.25
399,-1.61314342775326,1.12109711807074,-0.133338651349953,"Converged",FALSE,0.25
400,-1.5835342022187,0.232762834328361,-0.0608624892487682,"Converged",FALSE,0.25
401,-1.85786170402615,1.55377809759144,-0.104811953027051,"Converged",FALSE,0.25
402,-1.641851691027,1.05336048976133,-0.116502853954002,"Converged",FALSE,0.25
403,-1.852591439107,1.51007289506567,-0.0876195981274495,"Converged",FALSE,0.25
404,-1.78350317604733,0.965120842761383,-0.0828279485458228,"Converged",FALSE,0.25
405,-1.9160526934742,1.62928432881442,-0.0942840374818064,"Converged",FALSE,0.25
406,-1.86269634143513,0.821464506115584,-0.0225298731429532,"Converged",FALSE,0.25
407,-1.73871025187492,1.3443370595744,-0.11047219541765,"Converged",FALSE,0.25
408,-1.82574494483645,1.73886757204727,-0.120405476891482,"Converged",FALSE,0.25
409,-1.83368645913107,0.991987922902742,-0.0591245993236558,"Converged",TRUE,0.25
410,-1.82558149877812,1.23024409664229,-0.127731131700843,"Converged",FALSE,0.25
411,-1.61765314417194,0.959241230706566,-0.10854706595475,"Converged",FALSE,0.25
412,-1.62871227905106,1.18953325721137,-0.108643886502024,"Converged",FALSE,0.25
413,-1.37068791282444,0.608397335035774,-0.0908191607763632,"Converged",FALSE,0.25
414,-2.43603548687557,1.96436815712946,-0.0256234643885205,"Converged",FALSE,0.25
415,-1.88186850269984,1.25091720499321,-0.082920617532373,"Converged",FALSE,0.25
416,-1.66803691094381,1.79477553583741,-0.17599578688855,"Converged",FALSE,0.25
417,-1.56582247083562,0.350145344655991,-0.0712240188661926,"Converged",FALSE,0.25
418,-1.40997690926413,1.10491823066295,-0.148830286528908,"Converged",FALSE,0.25
419,-1.90219449201511,1.54481473145859,-0.111612355592728,"Converged",FALSE,0.25
420,-2.1257339459246,2.49829662476482,-0.101987104706598,"Converged",FALSE,0.25
421,-1.780769368802,0.986359160850236,-0.124685891445011,"Converged",FALSE,0.25
422,-1.9843009892522,0.660451769523459,-0.0142496041043139,"Converged",FALSE,0.25
423,-2.00801640300698,1.68236518758896,-0.071952102053227,"Converged",FALSE,0.25
424,-2.10271025659511,1.84595040520651,-0.0879177096749296,"Converged",FALSE,0.25
425,-1.54098189435438,0.664996052938341,-0.122895227076131,"Converged",FALSE,0.25
426,-1.97542330525538,1.48672629381329,-0.101576120216067,"Converged",FALSE,0.25
427,-1.95466569054594,1.51261697787183,-0.0833013335546153,"Converged",FALSE,0.25
428,-1.82058558597196,1.2489211612331,-0.0999215674662696,"Converged",FALSE,0.25
429,-2.14922296248285,2.49832257112282,-0.106465342937583,"Converged",TRUE,0.25
430,-1.87225635834113,0.840523065873453,-0.0411071839763822,"Converged",FALSE,0.25
431,-2.1323401058691,1.0606230361184,-0.0395460184174544,"Converged",FALSE,0.25
432,-1.31064302935297,0.0615109963372331,-0.0937701942047485,"Converged",FALSE,0.25
433,-1.0184306835847,0.220806121497602,-0.144656238479265,"Converged",FALSE,0.25
434,-1.64565747778477,0.256637797986459,-0.0492023638594765,"Converged",FALSE,0.25
435,-1.19791666370818,0.517964701487603,-0.139164620263263,"Converged",FALSE,0.25
436,-1.6719917561803,0.39533938226531,-0.04132565910467,"Converged",FALSE,0.25
437,-1.98455221617039,1.4982279247416,-0.0686656631032175,"Converged",FALSE,0.25
438,-1.7884595837244,1.40869300673611,-0.0787039119925265,"Converged",FALSE,0.25
439,-2.16179764359314,1.5212190333187,0.00491677606758094,"Converged",FALSE,0.25
440,-1.81456154860333,1.17815288463741,-0.106533355714301,"Converged",FALSE,0.25
441,-1.21255618577204,-0.603751930330475,-0.0997445592491023,"Converged",FALSE,0.25
442,-1.80093441888567,1.04313243983966,-0.0617437377054519,"Converged",FALSE,0.25
443,-2.00178177475905,1.32784176549589,-0.0538409300181525,"Converged",FALSE,0.25
444,-1.70593360388731,1.11803309455325,-0.109120358110683,"Converged",FALSE,0.25
445,-1.58692231366246,1.11487766796618,-0.15310550112097,"Converged",FALSE,0.25
446,-1.84952484124992,1.00776774834608,-0.0741408087624308,"Converged",FALSE,0.25
447,-1.20113519900538,0.64902149085373,-0.189423715431668,"Converged",FALSE,0.25
448,-1.69238043675801,1.15489662026525,-0.0973585465593899,"Converged",FALSE,0.25
449,-1.85993519655395,1.66883648217533,-0.120622994060878,"Converged",FALSE,0.25
450,-1.59860652814458,0.80058800974056,-0.0859233215857811,"Converged",FALSE,0.25
451,-2.24561866442922,2.24639279672078,-0.110799332755211,"Converged",FALSE,0.25
452,-2.11963322032399,1.34910125222695,-0.0293912758573793,"Converged",FALSE,0.25
453,-1.8410760954686,0.530489686296714,-0.0442335313808128,"Converged",FALSE,0.25
454,-1.01234675088681,0.886742108242949,-0.255805929585641,"Converged",FALSE,0.25
455,-2.08201992614298,1.60655644487788,-0.0558719334769164,"Converged",FALSE,0.25
456,-1.62683853859919,1.70486639996413,-0.20234819386829,"Converged",FALSE,0.25
457,-1.62253241187867,1.07270097239381,-0.119700287393581,"Converged",FALSE,0.25
458,-2.27135645555467,2.06792864760053,-0.0701112496334286,"Converged",FALSE,0.25
459,-1.73192010680083,0.920839697050104,-0.0892772308943053,"Converged",FALSE,0.25
460,-1.65536955358002,0.70292003110849,-0.0434462244041803,"Converged",FALSE,0.25
461,-1.66939127959088,1.13446218654605,-0.12807679456803,"Converged",FALSE,0.25
462,-1.9924246304847,0.843378613529827,-0.054725280908927,"Converged",FALSE,0.25
463,-2.02128057126633,1.85438072504349,-0.0936298890744149,"Converged",FALSE,0.25
464,-1.3741734664427,1.15593303924274,-0.175751999976156,"Converged",FALSE,0.25
465,-1.40270672032039,0.454558997390167,-0.10967410390048,"Converged",FALSE,0.25
466,-1.77285301124033,1.39076458785046,-0.115687293487861,"Converged",FALSE,0.25
467,-1.92391516831832,0.932140705330198,-0.0616135751239175,"Converged",FALSE,0.25
468,-1.43202042930575,1.02408982163977,-0.153311819465887,"Converged",FALSE,0.25
469,-1.52774566740298,1.69730024088649,-0.212915038205043,"Converged",FALSE,0.25
470,-2.31225762237063,1.41014693249099,-0.010143146102805,"Converged",FALSE,0.25
471,-1.51759576854782,0.529881801925075,-0.0659318122639405,"Converged",FALSE,0.25
472,-1.95276069061058,0.854612107509852,-0.0496720328573794,"Converged",FALSE,0.25
473,-1.68579006959488,0.964702082748114,-0.10092150825237,"Converged",FALSE,0.25
474,-2.33752606689914,1.47659899051265,0.00528314923449681,"Converged",FALSE,0.25
475,-1.45729893383368,0.68750263040188,-0.110191813538645,"Converged",FALSE,0.25
476,-2.15646000687543,1.76693381234248,-0.0897683352976492,"Converged",FALSE,0.25
477,-1.38894667660138,-0.621561781243229,-0.0755924117712229,"Converged",FALSE,0.25
478,-1.72103815928436,0.829468678321222,-0.0655903665156503,"Converged",FALSE,0.25
479,-2.12838129913139,1.99705623849392,-0.0906590375412349,"Converged",FALSE,0.25
480,-1.81875496971949,1.39729568237606,-0.10449144243159,"Converged",FALSE,0.25
481,-2.27637244117935,1.79059245514035,-0.0439309715966184,"Converged",FALSE,0.25
482,-1.34353008857038,0.490001829014187,-0.154330180358575,"Converged",FALSE,0.25
483,-2.11768319871255,1.57527231513515,-0.0648207091154813,"Converged",FALSE,0.25
484,-1.56667433485714,0.0795789194238141,-0.0558234014907337,"Converged",FALSE,0.25
485,-2.35159255074944,1.4797087764598,-0.0160074600921218,"Converged",FALSE,0.25
486,-1.75643371649996,1.49874730308423,-0.113443680267674,"Converged",FALSE,0.25
487,-1.46235129650264,0.450096604050546,-0.107266226202775,"Converged",FALSE,0.25
488,-1.91576716658188,2.02081148699224,-0.136152555465936,"Converged",FALSE,0.25
489,-1.53429656679974,0.665119434803954,-0.0783486828348643,"Converged",FALSE,0.25
490,-1.54967483755834,2.12034734067027,-0.196577536550581,"Converged",FALSE,0.25
491,-1.53668949338261,0.662936770199423,-0.137624037592035,"Converged",FALSE,0.25
492,-1.74962960157106,1.4858780098793,-0.113459946823769,"Converged",FALSE,0.25
493,-1.61883748620251,0.475976387939491,-0.0847058187788797,"Converged",FALSE,0.25
494,-1.1208586536484,0.0964956793622293,-0.124379682472952,"Converged",FALSE,0.25
495,-1.49087007218193,1.13912370355326,-0.148293153393061,"Converged",FALSE,0.25
496,-1.89046718387583,1.73130978902647,-0.0960511579524638,"Converged",FALSE,0.25
497,-1.38612211122413,1.0094928250217,-0.142591031842635,"Converged",FALSE,0.25
498,-1.82656737978045,0.997689530561373,-0.0507963668629575,"Converged",FALSE,0.25
499,-1.65138890003198,0.45884317719603,-0.0449573011258854,"Converged",FALSE,0.25
500,-1.72997968859074,1.68880456407002,-0.168785919019383,"Converged",FALSE,0.25
501,-1.82856716223765,0.560268957782463,-0.0300131354814607,"Converged",FALSE,0.25
502,-1.33989129603657,0.896637889828461,-0.181294639736912,"Converged",FALSE,0.25
503,-1.38393312159739,0.544306545355887,-0.123865962538739,"Converged",FALSE,0.25
504,-1.97067956141121,2.48058055269308,-0.150460053695766,"Converged",FALSE,0.25
505,-1.32480024575315,-0.467530621325668,-0.0414501755120257,"Converged",FALSE,0.25
506,-1.82069320164731,1.70638265873319,-0.0883433276024093,"Converged",FALSE,0.25
507,-2.00658529843883,2.2444442851772,-0.131190552555167,"Converged",FALSE,0.25
508,-1.71131748603918,1.19513107300528,-0.105894028997817,"Converged",FALSE,0.25
509,-1.7270985419992,0.691271605079899,-0.0657034189064505,"Converged",FALSE,0.25
510,-1.39270559993317,0.381951719361458,-0.128788035454256,"Converged",FALSE,0.25
511,NA,NA,NA,"MAX_ITER reached",FALSE,0.25
512,-2.41770970399762,3.01697165817296,-0.0829416379615672,"Converged",FALSE,0.25
513,-1.69344581358344,0.302924758852055,-0.0877180087243884,"Converged",FALSE,0.25
514,-1.30556138472697,0.186578249872661,-0.10954532659168,"Converged",FALSE,0.25
515,-1.84454237299055,1.07849087611082,-0.077159317083395,"Converged",FALSE,0.25
516,-2.30539009939696,2.21953925715061,-0.0813623272240654,"Converged",FALSE,0.25
517,-1.90824355397594,1.27186094480616,-0.0583302040842843,"Converged",FALSE,0.25
518,-1.52819343568374,0.359220985695605,-0.0693282193939007,"Converged",FALSE,0.25
519,-1.35334376017954,0.600802075873551,-0.102227202408464,"Converged",TRUE,0.25
520,-1.90205793768657,1.86463306301311,-0.131229362393161,"Converged",FALSE,0.25
521,-1.386341595973,0.0528335118874278,-0.0702638579131139,"Converged",FALSE,0.25
522,-1.71621307277161,1.60116170915031,-0.0924633304754762,"Converged",FALSE,0.25
523,-2.33079543708972,1.93404310844532,-0.101051674660088,"Converged",FALSE,0.25
524,NA,NA,NA,"MAX_ITER reached",FALSE,0.25
525,-1.41853417368952,-0.00871311558554097,-0.0866219037984462,"Converged",FALSE,0.25
526,-1.78999118126218,1.70181447424534,-0.156304141319744,"Converged",FALSE,0.25
527,-1.30195636881278,0.642873313616212,-0.126548280464221,"Converged",FALSE,0.25
528,-2.67645767365505,2.9111136565951,-0.0681107239157588,"Converged",FALSE,0.25
529,-1.88323426281268,1.4731892363113,-0.0731490232244166,"Converged",FALSE,0.25
530,-1.84182177435082,0.666421334660174,-0.025519472895914,"Converged",FALSE,0.25
531,-1.62968491038581,-0.0200635914496082,-0.0574065145806043,"Converged",FALSE,0.25
532,-1.41832507194586,0.493328765556702,-0.142678453202788,"Converged",FALSE,0.25
533,-1.38714019498047,0.493982681614709,-0.126975822330569,"Converged",FALSE,0.25
534,-1.83617457996386,2.32733171969007,-0.150483187653573,"Converged",FALSE,0.25
535,-1.42022501926882,0.161042056405101,-0.0831768097159569,"Converged",FALSE,0.25
536,-2.07842508144604,1.24906282005539,-0.0171259812699116,"Converged",FALSE,0.25
537,-1.45905504863425,1.31908564194948,-0.189003393583003,"Converged",FALSE,0.25
538,-2.12136334071793,1.67816286782061,-0.076002707356605,"Converged",FALSE,0.25
539,-1.59474878607563,0.464222264445621,-0.0453909230409019,"Converged",FALSE,0.25
540,-2.27515141929518,2.36585963773057,-0.100003575777787,"Converged",FALSE,0.25
541,-1.8939100310195,2.11694043836467,-0.17189009929674,"Converged",FALSE,0.25
542,-2.2512847197591,2.13568274287595,-0.0640655258616902,"Converged",FALSE,0.25
543,-1.55969961144691,0.474955904626406,-0.0922503981006897,"Converged",FALSE,0.25
544,-1.27743699966638,0.321044916814513,-0.12236937899426,"Converged",FALSE,0.25
545,-1.55102350957174,0.567103749859851,-0.0894432537070545,"Converged",TRUE,0.25
546,-1.90254097307939,1.27221766458897,-0.0544810786620402,"Converged",FALSE,0.25
547,-1.62201441010551,1.78593100781819,-0.170948887000468,"Converged",FALSE,0.25
548,-2.02450111136163,1.62082874636954,-0.052524869057993,"Converged",FALSE,0.25
549,-1.98995261957192,2.06107913590885,-0.128172225833823,"Converged",FALSE,0.25
550,-1.72409803263372,1.08783413680013,-0.06371869591298,"Converged",FALSE,0.25
551,-1.78288592220859,1.19138356597658,-0.0916533800629487,"Converged",FALSE,0.25
552,-1.97729130596471,2.36599087009097,-0.122824220324507,"Converged",FALSE,0.25
553,-1.49234737514809,0.413830567690013,-0.0867575460278743,"Converged",FALSE,0.25
554,-1.38514053490996,1.14087854868373,-0.148250420285459,"Converged",FALSE,0.25
555,-2.09901660658733,1.1446588626054,-0.0429358301335985,"Converged",FALSE,0.25
556,-1.43129973704304,0.265933184436327,-0.131244082143536,"Converged",FALSE,0.25
557,-1.43572537084769,0.971701688441422,-0.161390283506749,"Converged",FALSE,0.25
558,-2.11636245657348,1.66833665016974,-0.0739880341068831,"Converged",TRUE,0.25
559,-1.14932137659878,0.00903860689807107,-0.099938639626041,"Converged",FALSE,0.25
560,-1.50812217653429,0.70159096232119,-0.10818307660653,"Converged",FALSE,0.25
561,-1.53658652841149,0.778958812669502,-0.124628836487244,"Converged",FALSE,0.25
562,-2.15979997288546,1.8495252028373,-0.0581794894808193,"Converged",FALSE,0.25
563,-1.72422367340429,0.714585826527876,-0.0629677739655362,"Converged",FALSE,0.25
564,-1.91549304756859,2.15533368434795,-0.157697784408734,"Converged",FALSE,0.25
565,-1.47884797417995,1.32960508793806,-0.169236343092107,"Converged",FALSE,0.25
566,-2.32051115932939,1.86465742450884,-0.0539514114986403,"Converged",FALSE,0.25
567,-1.74526993831636,0.790773401184678,-0.0693928795942919,"Converged",FALSE,0.25
568,-1.79855988948775,1.18670088652681,-0.0734588036357369,"Converged",FALSE,0.25
569,-1.46379275007932,1.49901299615701,-0.179131580190643,"Converged",FALSE,0.25
570,-2.07128867504029,1.97317039149713,-0.113917529100749,"Converged",FALSE,0.25
571,-1.61515075742356,1.14360525307755,-0.127279132092045,"Converged",FALSE,0.25
572,-1.3511641570472,1.20047744272989,-0.195274459347091,"Converged",FALSE,0.25
573,-1.6597043801436,0.665801344661413,-0.0728204028770764,"Converged",FALSE,0.25
574,-1.3981461648941,0.446200759714195,-0.113507594710584,"Converged",FALSE,0.25
575,-1.00016662116312,0.419070164414723,-0.215737236547673,"Converged",FALSE,0.25
576,-1.41359258202714,0.0762031842851398,-0.105917708068549,"Converged",FALSE,0.25
577,-1.53975105485903,1.38806682029852,-0.153243120822208,"Converged",FALSE,0.25
578,-1.59138686133119,0.852935697453689,-0.113467471521273,"Converged",FALSE,0.25
579,-1.38239984067987,1.03382605822871,-0.139470820296687,"Converged",FALSE,0.25
580,-1.97868888105414,1.04857190171367,-0.0298094350786874,"Converged",FALSE,0.25
581,-1.92344797575282,1.02507277540604,-0.0579917112502463,"Converged",FALSE,0.25
582,-1.35165040694267,-0.0818647636609924,-0.0774148239156527,"Converged",FALSE,0.25
583,-1.55243407405265,1.66536440758847,-0.194498834838555,"Converged",TRUE,0.25
584,-2.18617253055103,2.01568389818669,-0.0616848189879236,"Converged",FALSE,0.25
585,-1.28222928314868,0.637198272370475,-0.15602644322027,"Converged",FALSE,0.25
586,-1.78747109932886,0.928639818854141,-0.0818074758981005,"Converged",FALSE,0.25
587,-1.45317067606737,1.50567660412475,-0.155817042754125,"Converged",FALSE,0.25
588,-2.16609229647089,1.70798395636817,-0.0410346532976159,"Converged",FALSE,0.25
589,-1.7474578446819,1.90031359660121,-0.161951406533517,"Converged",FALSE,0.25
590,-1.00709051164674,0.173760926766633,-0.20486248467132,"Converged",FALSE,0.25
591,-2.12460846267174,2.34208071361789,-0.104567645359771,"Converged",FALSE,0.25
592,-1.05054879485839,0.616621234128339,-0.205793806104643,"Converged",FALSE,0.25
593,-2.04217679271321,2.08325741885657,-0.10100389827591,"Converged",FALSE,0.25
594,-1.76037965348977,1.54218163096428,-0.130548705724586,"Converged",FALSE,0.25
595,-1.55193776428744,0.294631445198258,-0.0689542997303263,"Converged",FALSE,0.25
596,-1.56625725734092,1.62151761158426,-0.168808581519862,"Converged",FALSE,0.25
597,-2.04073789983218,1.25531994952132,-0.0245267766026209,"Converged",FALSE,0.25
598,-1.99127741942001,2.16043518820884,-0.164145270568011,"Converged",FALSE,0.25
599,-1.72139428871956,1.24384860923515,-0.139996312373177,"Converged",FALSE,0.25
600,-1.84931758213004,1.32676595830037,-0.0689293226036452,"Converged",FALSE,0.25
601,-2.00093309407669,0.864041192662039,0.0176906831745169,"Converged",FALSE,0.25
602,-1.53390439246653,0.62915480780571,-0.136629955061471,"Converged",FALSE,0.25
603,-1.97986738777694,1.47127888776782,-0.06183411868018,"Converged",FALSE,0.25
604,-1.58864162711951,1.48848523733541,-0.155748251564416,"Converged",FALSE,0.25
605,-1.60975804001148,0.861472048109494,-0.104946908564982,"Converged",FALSE,0.25
606,-1.37762633964246,0.444584311414238,-0.124313685134481,"Converged",FALSE,0.25
607,-2.24336309566996,1.3629235388163,-0.0135144937351155,"Converged",FALSE,0.25
608,-1.43553711584637,0.229760505722748,-0.135349226081149,"Converged",FALSE,0.25
609,-1.81611673736622,0.902775368395831,-0.0681853836531913,"Converged",FALSE,0.25
610,-1.94447599118072,1.29488948959234,-0.0685071962448343,"Converged",FALSE,0.25
611,-1.71204197239369,1.032672780378,-0.0945689088276106,"Converged",FALSE,0.25
612,-1.16746010668146,0.730486867633528,-0.186262135258461,"Converged",FALSE,0.25
613,-1.23727412084493,0.910780852241915,-0.173807378877899,"Converged",FALSE,0.25
614,-2.34194543911822,1.79171202682056,-0.0159983416561126,"Converged",FALSE,0.25
615,-1.86634807287808,1.56284001111169,-0.102693649098011,"Converged",FALSE,0.25
616,-1.90503993931062,1.0016814349163,-0.0638328181952134,"Converged",FALSE,0.25
617,-1.5774400117051,1.19230606215473,-0.135901939474985,"Converged",FALSE,0.25
618,-2.01871423331481,1.33697649054262,-0.0542818570457614,"Converged",FALSE,0.25
619,-1.64048595348133,0.920533821907144,-0.0539274542373786,"Converged",FALSE,0.25
620,-1.9181233857306,1.92904193409757,-0.115032093000407,"Converged",FALSE,0.25
621,-1.79226009043756,1.05316668765508,-0.0640904539077223,"Converged",FALSE,0.25
622,-1.64999933546078,1.28114563903783,-0.11552412297626,"Converged",FALSE,0.25
623,-1.9177319413887,1.05505395800979,-0.0594944103069973,"Converged",FALSE,0.25
624,-1.66952252435888,1.19777390740051,-0.118291753524697,"Converged",FALSE,0.25
625,-1.72810359729836,0.650452549854205,-0.0454817596537338,"Converged",TRUE,0.25
626,-1.6452765185427,-0.181799980545638,-0.0446794314966813,"Converged",FALSE,0.25
627,-2.01995423658519,1.14421566729297,-0.0593777786296715,"Converged",FALSE,0.25
628,-1.54756092527646,0.499218626862331,-0.0825831949460414,"Converged",FALSE,0.25
629,-1.79004667188096,1.38193396853145,-0.0828619238439106,"Converged",FALSE,0.25
630,-2.06498819054491,1.43721233087629,-0.0712131794445892,"Converged",FALSE,0.25
631,-1.84858521749956,0.964820690386004,-0.0587179640406607,"Converged",FALSE,0.25
632,-1.80866069842858,0.836568841075389,-0.019800225959178,"Converged",FALSE,0.25
633,-1.46999324292797,0.734958355445348,-0.114192511821795,"Converged",FALSE,0.25
634,-1.52547207605028,0.619385252488633,-0.0925744266235948,"Converged",FALSE,0.25
635,-2.24848909561116,2.19485199498569,-0.1085693423348,"Converged",FALSE,0.25
636,-2.08649733069997,1.49567951851145,-0.0488087163838855,"Converged",FALSE,0.25
637,-1.52175646021865,0.935421161370449,-0.12855584033867,"Converged",FALSE,0.25
638,-1.77751155240896,1.33223986358323,-0.0966580082430471,"Converged",FALSE,0.25
639,-1.23523562990096,0.596002559013466,-0.157916598874445,"Converged",FALSE,0.25
640,-1.81175514961326,1.77238951646795,-0.135093740650244,"Converged",FALSE,0.25
641,-1.33194729564333,0.0993179148123859,-0.112921596991325,"Converged",FALSE,0.25
642,-2.27404611907769,2.12269061076839,-0.0775740264903363,"Converged",FALSE,0.25
643,-1.67390156910676,0.702297728641142,-0.0925436160615425,"Converged",FALSE,0.25
644,-2.02094897350877,1.86281763055598,-0.0949026267609028,"Converged",FALSE,0.25
645,-1.61120318718103,1.01675614496393,-0.134358092960504,"Converged",FALSE,0.25
646,-1.55155778358842,0.674743686791748,-0.112007503350349,"Converged",FALSE,0.25
647,-1.77735971849849,0.856210427020108,-0.0758815409835065,"Converged",FALSE,0.25
648,-1.93201043795348,1.412441259706,-0.0935056361124075,"Converged",FALSE,0.25
649,-1.26877207181751,0.713655903256305,-0.165516568939166,"Converged",FALSE,0.25
650,-1.41145046316738,0.63393538089438,-0.10414855719827,"Converged",FALSE,0.25
651,-1.77061259016944,1.67071355697103,-0.110560419059292,"Converged",FALSE,0.25
652,-1.64991959088631,0.416401800212373,-0.0707196561222159,"Converged",FALSE,0.25
653,-1.4603753448311,1.26084095389613,-0.156873217660681,"Converged",FALSE,0.25
654,-2.05435261099712,1.32352387444488,-0.0626182825237544,"Converged",FALSE,0.25
655,-1.67744037125055,0.69765895775018,-0.113480166108989,"Converged",FALSE,0.25
656,-2.14844762900308,0.716758486761133,0.00548029137904361,"Converged",FALSE,0.25
657,-1.93762501075851,1.39296132453134,-0.0757545865789567,"Converged",FALSE,0.25
658,-1.64279383773251,0.168152011347632,-0.0523379329731512,"Converged",FALSE,0.25
659,-1.66853858548831,1.70040080268635,-0.170714091558817,"Converged",FALSE,0.25
660,-1.39563555479,1.07966457903575,-0.147199187914728,"Converged",FALSE,0.25
661,-1.69889921225011,1.42268246020903,-0.108317944886557,"Converged",FALSE,0.25
662,-2.32943780973634,2.32337158077847,-0.0447251716368938,"Converged",FALSE,0.25
663,-2.07462224982627,0.876309827202467,-0.0468096914639877,"Converged",FALSE,0.25
664,-1.93962148977771,1.36991529263136,-0.0693782458119607,"Converged",FALSE,0.25
665,-2.07270347384781,1.91246997990164,-0.114455917718247,"Converged",FALSE,0.25
666,-1.27331974934687,1.46984279776352,-0.201497721116713,"Converged",FALSE,0.25
667,-1.95902377591936,1.54128627744785,-0.122091186032444,"Converged",FALSE,0.25
668,-1.17637818047138,0.373962582532089,-0.177590023921185,"Converged",FALSE,0.25
669,-1.59844692921515,0.450958334446643,-0.120542222884739,"Converged",FALSE,0.25
670,-2.03852973529031,1.47626897800008,-0.091640042999702,"Converged",FALSE,0.25
671,-1.41683372800988,0.818343066723841,-0.162273121373173,"Converged",FALSE,0.25
672,-1.03083704923573,0.272417088262723,-0.17925926331256,"Converged",FALSE,0.25
673,NA,NA,NA,"MAX_ITER reached",FALSE,0.25
674,-2.07785497234094,1.88233922098641,-0.0695741786824683,"Converged",FALSE,0.25
675,-2.1943905737717,1.95168828020638,-0.0438072190578595,"Converged",FALSE,0.25
676,-1.66721260025345,0.738540457169768,-0.0757887974690197,"Converged",FALSE,0.25
677,-1.94143917882508,1.32152648541493,-0.0834001023382928,"Converged",FALSE,0.25
678,-1.69450162938257,1.66067296933061,-0.128716037897822,"Converged",FALSE,0.25
679,-1.77453545364868,1.37131651749574,-0.119577455039419,"Converged",FALSE,0.25
680,-2.08229122102595,1.62594164511788,-0.0476028164151641,"Converged",FALSE,0.25
681,-2.13951192551918,2.43807134629128,-0.15341830310474,"Converged",FALSE,0.25
682,-1.30541134721405,0.370018491265734,-0.115237282080677,"Converged",FALSE,0.25
683,-1.87840484883648,1.62658060187507,-0.0919343271932837,"Converged",FALSE,0.25
684,-1.40891925857129,0.756253942112542,-0.129380675993508,"Converged",FALSE,0.25
685,-1.67953489889295,1.42606569492141,-0.101247757291442,"Converged",FALSE,0.25
686,-1.58197922915597,0.192778727825204,-0.0498548440527218,"Converged",FALSE,0.25
687,-1.22094794518783,0.365608280702243,-0.148719653082192,"Converged",FALSE,0.25
688,-1.92590071518388,1.65759783406428,-0.100475853788537,"Converged",FALSE,0.25
689,-1.44713967548963,0.955159613814956,-0.142342823063104,"Converged",FALSE,0.25
690,-1.67294584847355,0.355706581086047,-0.0508765690778001,"Converged",FALSE,0.25
691,-1.49118888993144,0.939811439488932,-0.143757952660103,"Converged",FALSE,0.25
692,-1.57064610846614,1.09127472328816,-0.099422031478326,"Converged",FALSE,0.25
693,-1.68783178056036,1.46721821687352,-0.128927528283981,"Converged",FALSE,0.25
694,-1.2543025056808,0.227162825874518,-0.16412177476295,"Converged",FALSE,0.25
695,-1.8044707036344,1.37941673659802,-0.101096149926496,"Converged",FALSE,0.25
696,-1.64554179512338,0.733306898898432,-0.0801948403719385,"Converged",FALSE,0.25
697,-1.96439728576141,0.566552239358965,-0.0188642619022245,"Converged",FALSE,0.25
698,-1.88678299656523,0.765907708777747,-0.0501620360175655,"Converged",FALSE,0.25
699,-1.67878503355967,1.13961062671615,-0.133812842048481,"Converged",FALSE,0.25
700,-1.84231650228954,1.24315520365127,-0.0813983454945406,"Converged",FALSE,0.25
701,-1.59124605227082,0.992441404722956,-0.127380654182317,"Converged",FALSE,0.25
702,-1.47797313040894,1.45185846173898,-0.181711901613156,"Converged",FALSE,0.25
703,-2.25784147169299,1.92967293076694,-0.0641638002940565,"Converged",FALSE,0.25
704,-1.75779022456912,0.863697253469054,-0.0388799394971567,"Converged",FALSE,0.25
705,-1.25351637179928,0.68111262725812,-0.172415847993119,"Converged",FALSE,0.25
706,-1.70778407579142,1.02945845629256,-0.0796200774970092,"Converged",TRUE,0.25
707,-1.55270793081493,0.306727181687787,-0.0765668726368563,"Converged",FALSE,0.25
708,-1.18251989793304,-0.819240418692286,-0.0815174711568406,"Converged",FALSE,0.25
709,-0.955703494011069,0.4125555267145,-0.216083399162482,"Converged",FALSE,0.25
710,-2.01292236225074,1.80808595844352,-0.0745044554031359,"Converged",FALSE,0.25
711,-1.87687230786429,0.927288910615058,-0.0514428866675999,"Converged",FALSE,0.25
712,-1.40165460741618,1.37050694663224,-0.148519350927243,"Converged",FALSE,0.25
713,-1.77597181247293,0.0945838982309738,-0.0316732175362569,"Converged",FALSE,0.25
714,-1.95908608057528,1.12192894551336,-0.0803994236701331,"Converged",FALSE,0.25
715,-1.95538061940914,1.58792430628577,-0.106171835354918,"Converged",FALSE,0.25
716,-1.82326875767043,0.545740471737633,-0.0264318879872764,"Converged",FALSE,0.25
717,-2.05255640439797,1.73346511541844,-0.0899242583253011,"Converged",FALSE,0.25
718,-1.74291212667795,1.17126628441753,-0.0959024810806674,"Converged",FALSE,0.25
719,-2.1585041775239,1.87734288401437,-0.0799467151800014,"Converged",FALSE,0.25
720,-1.51501908061486,0.649900751656907,-0.0868561973845694,"Converged",FALSE,0.25
721,-2.11150255422233,2.1310052494537,-0.098961010488758,"Converged",FALSE,0.25
722,-2.02336396219251,1.11582863254291,-0.0446951744346769,"Converged",FALSE,0.25
723,-1.68999177003016,2.3278330832938,-0.19619986132376,"Converged",FALSE,0.25
724,-1.8779492618036,1.53373418076972,-0.10931999175287,"Converged",FALSE,0.25
725,-1.64129815809514,0.759264126778219,-0.0934519534896734,"Converged",FALSE,0.25
726,-1.85936312049214,1.31540529894464,-0.105812886432871,"Converged",FALSE,0.25
727,-1.71496469956069,0.835805566935895,-0.0923015322413673,"Converged",FALSE,0.25
728,-1.92491792200854,1.83558081405482,-0.0955266790244665,"Converged",FALSE,0.25
729,-1.81741665301934,0.614329960542508,-0.0697006006069998,"Converged",FALSE,0.25
730,-1.73997424399303,1.04510152571575,-0.115951112863127,"Converged",FALSE,0.25
731,-2.11105718473485,1.80537994742245,-0.0657798437026645,"Converged",FALSE,0.25
732,-1.85626166298695,0.921111520613361,-0.0518863054695886,"Converged",FALSE,0.25
733,-1.39831951450216,1.19793938601582,-0.194696612445369,"Converged",FALSE,0.25
734,-1.74716298347069,1.71505100117884,-0.120517600690924,"Converged",FALSE,0.25
735,-1.88178769038416,1.16445539451213,-0.0562444975676692,"Converged",FALSE,0.25
736,-1.78138013182644,1.48481113421701,-0.0975651063625675,"Converged",FALSE,0.25
737,-1.87864877657675,0.635497700765686,-0.020372525928446,"Converged",FALSE,0.25
738,-2.2726636494663,1.45075067521428,-0.0140479391802431,"Converged",FALSE,0.25
739,-1.70428130774888,1.3645158510712,-0.147734601218879,"Converged",FALSE,0.25
740,-1.97536668731157,1.59076808199983,-0.0497629302597209,"Converged",FALSE,0.25
741,-1.88018890229372,1.37802442332297,-0.097484182185707,"Converged",FALSE,0.25
742,-2.54750089848997,2.18348190161794,-0.0275291719865037,"Converged",FALSE,0.25
743,-2.17053089975146,2.33236556641241,-0.127791154568562,"Converged",FALSE,0.25
744,-1.52152063839387,0.167433218077218,-0.062911860463703,"Converged",FALSE,0.25
745,-1.34067929275925,0.934113684655986,-0.158818325631364,"Converged",FALSE,0.25
746,-1.50514580689488,0.626333900876575,-0.127636929413943,"Converged",FALSE,0.25
747,-1.28971834068721,-0.340013616764778,-0.0892216914378486,"Converged",FALSE,0.25
748,-1.43855916061104,0.716424408072902,-0.119653928655624,"Converged",FALSE,0.25
749,-2.08732754792061,2.01426121394447,-0.102941403125416,"Converged",FALSE,0.25
750,-1.1930404681788,-0.336782911024099,-0.0801564179884079,"Converged",FALSE,0.25
751,-1.59943065448188,0.78159325836369,-0.111247900327741,"Converged",FALSE,0.25
752,-1.56543127120245,1.01828602677029,-0.143685880676324,"Converged",FALSE,0.25
753,-1.55386904307627,1.20549113662862,-0.159867592396727,"Converged",TRUE,0.25
754,-1.43965986418922,0.889544847930369,-0.200214677483306,"Converged",FALSE,0.25
755,-1.81688855271341,1.27258201974084,-0.0689073165316128,"Converged",FALSE,0.25
756,-1.23422449209635,-0.109825115383811,-0.106403420159532,"Converged",FALSE,0.25
757,-1.90842984302209,1.39154381079193,-0.106587927504732,"Converged",FALSE,0.25
758,-1.58343845996358,1.02374433663303,-0.149782654542682,"Converged",FALSE,0.25
759,-1.61618723964784,0.689009480124705,-0.0822381380375624,"Converged",FALSE,0.25
760,-1.77999913288286,1.06435239604916,-0.0867815731694696,"Converged",FALSE,0.25
761,-1.35449973282726,0.647764320302413,-0.121858391468409,"Converged",FALSE,0.25
762,-2.28817766479038,2.23400885913,-0.0912809381445324,"Converged",FALSE,0.25
763,-1.67862492415996,1.24331467801399,-0.149873140739501,"Converged",FALSE,0.25
764,-1.71019641721686,0.578941382512658,-0.101783128215145,"Converged",FALSE,0.25
765,-2.03465535239343,1.45390324158848,-0.075773483162766,"Converged",FALSE,0.25
766,-1.97903770869348,1.83683846248515,-0.0804989606899346,"Converged",FALSE,0.25
767,-1.35191744982949,0.0953035351425135,-0.10644051663502,"Converged",FALSE,0.25
768,-2.04440889981771,1.92306397131764,-0.0991608745469169,"Converged",FALSE,0.25
769,-1.89014035041445,1.52408077850456,-0.133483040652669,"Converged",FALSE,0.25
770,-1.72998862190044,1.63879534362341,-0.135247767160522,"Converged",FALSE,0.25
771,-1.95334611367598,1.33275746382546,-0.074916187459165,"Converged",FALSE,0.25
772,-1.92194364562803,1.13600517610006,-0.0761418459024686,"Converged",FALSE,0.25
773,-1.22570563253916,0.713454075333119,-0.169577548331111,"Converged",FALSE,0.25
774,-2.57969061536819,2.38483123941211,-0.0447196922700301,"Converged",FALSE,0.25
775,-1.8382973847205,1.70070784804482,-0.125742917177367,"Converged",FALSE,0.25
776,-1.1718893620687,0.423495417896834,-0.199716008741113,"Converged",FALSE,0.25
777,-1.8229587664777,1.01540354922521,-0.0689514379690103,"Converged",FALSE,0.25
778,-1.52416366897558,0.54868206008788,-0.0848444056657401,"Converged",FALSE,0.25
779,-1.54528988618674,0.583554823322225,-0.100683091310637,"Converged",FALSE,0.25
780,-1.36692205081779,0.761469152928671,-0.127460353644227,"Converged",FALSE,0.25
781,-1.44980961861861,0.229237182863409,-0.107225609823252,"Converged",FALSE,0.25
782,-1.61465341042212,0.19214886765591,-0.0638894583713567,"Converged",FALSE,0.25
783,-2.56565838943717,1.80071678719969,0.0219217469851486,"Converged",FALSE,0.25
784,-1.53144867825452,1.93625666796153,-0.202368418250771,"Converged",FALSE,0.25
785,-1.22721264919585,-0.120510221356916,-0.154264475164884,"Converged",FALSE,0.25
786,-1.42913364105689,0.417950184634211,-0.107602320986942,"Converged",FALSE,0.25
787,-1.85851315644075,1.30758082591229,-0.0632718634031949,"Converged",FALSE,0.25
788,-1.67273852863138,1.35185008728707,-0.121279299172561,"Converged",FALSE,0.25
789,-1.97727813637689,1.55808196192923,-0.071104864738434,"Converged",FALSE,0.25
790,-1.23173478065689,0.0337952663144886,-0.100231088355183,"Converged",FALSE,0.25
791,-0.972577221645097,0.529783526974158,-0.215770202200754,"Converged",FALSE,0.25
792,-1.54779953307362,1.49742273563322,-0.12139396249884,"Converged",FALSE,0.25
793,-1.29413227039211,0.32161694049448,-0.152722951378093,"Converged",FALSE,0.25
794,-1.39210693268927,0.486933824130801,-0.129458870738547,"Converged",FALSE,0.25
795,-1.13412371130879,0.665739329153371,-0.170969454251297,"Converged",FALSE,0.25
796,-1.94252522855642,1.6847121056083,-0.0959864055215758,"Converged",FALSE,0.25
797,-1.15594956087378,-0.117232797019138,-0.159963582237473,"Converged",FALSE,0.25
798,-1.2845148287753,-0.569601162260766,-0.0947561025463986,"Converged",FALSE,0.25
799,-1.58465645679694,0.0565368800983998,-0.0674774787657325,"Converged",FALSE,0.25
800,-1.61834473969945,0.257642103675199,-0.0627283215805327,"Converged",FALSE,0.25
801,-1.59304454007864,0.938994609567932,-0.14978103126892,"Converged",FALSE,0.25
802,-1.804188664453,0.247163112249811,-0.0268910842613297,"Converged",FALSE,0.25
803,-2.24015227963609,2.84755329628215,-0.146261603367926,"Converged",FALSE,0.25
804,-1.74834874479477,1.159806813465,-0.0988397871896617,"Converged",FALSE,0.25
805,-2.02958854406692,2.55468255596206,-0.172391178772035,"Converged",FALSE,0.25
806,-1.29975483677706,0.673774175773284,-0.125886019294834,"Converged",FALSE,0.25
807,-1.90927491561353,1.54667412001292,-0.126571274407031,"Converged",FALSE,0.25
808,-1.71087938364875,1.47402823765272,-0.134772618056123,"Converged",FALSE,0.25
809,-1.05406717989628,-0.4936767659599,-0.125889686062032,"Converged",FALSE,0.25
810,-1.39276569596754,0.91778142006742,-0.174400797060001,"Converged",TRUE,0.25
811,-1.59171182390045,0.679677645599471,-0.0825775962081175,"Converged",FALSE,0.25
812,-1.61936531426807,1.09195685462706,-0.12798266224863,"Converged",FALSE,0.25
813,-1.4034592917152,0.288259368194581,-0.104668209847216,"Converged",FALSE,0.25
814,-1.3294383783075,-0.0572369578041165,-0.0855792654853095,"Converged",TRUE,0.25
815,-1.61229327136487,0.961872739050252,-0.111017206450478,"Converged",FALSE,0.25
816,-1.32682654543507,0.28629256542528,-0.140782323752671,"Converged",FALSE,0.25
817,-1.83102001731302,0.448999002919389,-0.0375539302596564,"Converged",FALSE,0.25
818,-1.91650662972942,1.51795818010672,-0.116439333442148,"Converged",FALSE,0.25
819,-1.52918223757828,0.623338088847232,-0.107172700105667,"Converged",FALSE,0.25
820,-2.15989104772134,1.56025481356683,-0.029060485636091,"Converged",FALSE,0.25
821,-2.08869173948424,1.73978741008252,-0.0871389797280578,"Converged",FALSE,0.25
822,-1.64263498371465,0.948054148812411,-0.121418501767669,"Converged",FALSE,0.25
823,-1.60318010060867,0.676501288088229,-0.0887014183739979,"Converged",FALSE,0.25
824,NA,NA,NA,"MAX_ITER reached",FALSE,0.25
825,-1.72996552922999,0.887337758463383,-0.0685582879171366,"Converged",FALSE,0.25
826,-1.30092429472838,-0.0131780692471977,-0.126118295623774,"Converged",FALSE,0.25
827,-1.82213576513356,1.40631410580988,-0.0979673355903835,"Converged",FALSE,0.25
828,-1.50453641300449,-0.0631538879594481,-0.0437538924904834,"Converged",FALSE,0.25
829,-1.47420709938642,1.46484152202022,-0.153894435432002,"Converged",FALSE,0.25
830,-1.19297157157113,0.833992653717969,-0.169127149201964,"Converged",FALSE,0.25
831,-1.65678027761921,0.197341785752018,-0.056550800540835,"Converged",FALSE,0.25
832,-1.97180849425697,1.52993980095201,-0.126156333700333,"Converged",FALSE,0.25
833,-1.73738208681532,1.29256424779191,-0.109070859976555,"Converged",FALSE,0.25
834,-2.02563893301767,2.09803038586128,-0.154507162926713,"Converged",FALSE,0.25
835,-1.77699621807326,0.686310379074642,-0.0488058424708355,"Converged",FALSE,0.25
836,-1.66649113829754,0.759638323497734,-0.110064736490551,"Converged",FALSE,0.25
837,-1.9081571978389,1.4700120438848,-0.0873431949591378,"Converged",FALSE,0.25
838,-1.87830256487154,1.7604600790551,-0.111221252126256,"Converged",FALSE,0.25
839,-1.60900778528803,0.314364683025601,-0.0515399382028853,"Converged",FALSE,0.25
840,-1.7374939780083,0.188772201788278,-0.0321174230785234,"Converged",FALSE,0.25
841,-1.0696880649915,0.134632858877075,-0.163915886090618,"Converged",FALSE,0.25
842,-1.74297708851267,0.502994632460184,-0.0784648805999349,"Converged",FALSE,0.25
843,-1.42025059695829,0.222120662078046,-0.12768088066087,"Converged",FALSE,0.25
844,-1.93691328997719,1.71083429260913,-0.11124027506641,"Converged",FALSE,0.25
845,-2.40539468640155,1.73177379305513,-0.0217177028496102,"Converged",FALSE,0.25
846,-2.08629592198601,1.2367224279835,-0.0177588425982026,"Converged",FALSE,0.25
847,-1.87175636872511,1.21467733507783,-0.0811174750402581,"Converged",FALSE,0.25
848,-1.65718557400167,1.48290258049978,-0.130782543289895,"Converged",FALSE,0.25
849,-1.88257012643378,0.969487791465882,-0.0750136475919764,"Converged",FALSE,0.25
850,-1.51314829392453,0.912526960830251,-0.127894579600947,"Converged",FALSE,0.25
851,-1.67336460062895,1.31386559476141,-0.0997458461960636,"Converged",FALSE,0.25
852,-1.75662035249104,0.755564429948662,-0.0864343190884706,"Converged",FALSE,0.25
853,-1.90192143551821,2.18836059035581,-0.137778226276516,"Converged",FALSE,0.25
854,-2.21389517706365,2.34884499182781,-0.0948411228089876,"Converged",FALSE,0.25
855,-1.74504098520076,0.923487609529652,-0.0530443139763992,"Converged",FALSE,0.25
856,-1.73033866259478,1.79317262639599,-0.184727252859105,"Converged",FALSE,0.25
857,-1.61457417073438,0.792176106725184,-0.119000295329462,"Converged",FALSE,0.25
858,-1.56760176487232,1.31969025713181,-0.159697124609842,"Converged",FALSE,0.25
859,-1.73436929915357,0.391899157669856,-0.0595694180788858,"Converged",FALSE,0.25
860,-2.20720476766229,2.09615786343044,-0.0668287280177877,"Converged",FALSE,0.25
861,-1.60165284298705,1.3702074334847,-0.0955344489722681,"Converged",FALSE,0.25
862,-1.92037818689181,1.31492723846263,-0.0694587915182894,"Converged",FALSE,0.25
863,-1.46255654345907,0.668812073045965,-0.123398095820725,"Converged",FALSE,0.25
864,-2.01884932538764,2.1903312394627,-0.126088109961956,"Converged",FALSE,0.25
865,-1.7207520285102,1.28337173376845,-0.096256713763083,"Converged",FALSE,0.25
866,-1.96632614791584,2.3547581150663,-0.158465367984356,"Converged",FALSE,0.25
867,-1.25023220539845,0.839375445431877,-0.151344178630635,"Converged",FALSE,0.25
868,-2.1123985350043,1.77986141835194,-0.0726273932154827,"Converged",FALSE,0.25
869,-1.73528651555033,1.05584322995409,-0.102356419352197,"Converged",FALSE,0.25
870,-1.31776974735447,0.551146141309669,-0.136087792133956,"Converged",FALSE,0.25
871,-1.61489784294946,1.68653494959638,-0.16824400328644,"Converged",FALSE,0.25
872,-1.86451894499965,1.60136928695302,-0.0954464136659503,"Converged",FALSE,0.25
873,-2.00525792887341,1.14330083776465,-0.0321660231218127,"Converged",FALSE,0.25
874,-2.15648408196166,2.73199216842728,-0.12148230266551,"Converged",FALSE,0.25
875,-1.55975303058854,1.4998520049574,-0.154940698418496,"Converged",FALSE,0.25
876,-1.74418870029736,1.00526915827475,-0.0645446158990943,"Converged",FALSE,0.25
877,-2.04517321424124,1.892346801489,-0.093364195114364,"Converged",FALSE,0.25
878,-2.09923683172492,1.56823401471913,-0.0865550705444774,"Converged",FALSE,0.25
879,-1.54621131003294,0.540190009334959,-0.0848483148718624,"Converged",FALSE,0.25
880,-1.84230735575549,1.26965360336012,-0.0767837958260699,"Converged",FALSE,0.25
881,-2.05683337913361,1.12110572473186,-0.0273016633009672,"Converged",FALSE,0.25
882,-1.81741638630067,1.5615841383496,-0.118099581557952,"Converged",FALSE,0.25
883,-1.57836623960986,1.56886318346737,-0.132119629090772,"Converged",FALSE,0.25
884,-1.87140363108444,1.29195649894304,-0.103274100755693,"Converged",FALSE,0.25
885,-1.96991865185254,1.27942590796758,-0.115418207962944,"Converged",FALSE,0.25
886,-1.7160897130217,0.489238323127189,-0.104841430739543,"Converged",FALSE,0.25
887,-1.94650777993476,1.76327773808865,-0.113614844938093,"Converged",FALSE,0.25
888,-1.23106670998339,0.132937245990204,-0.0946722648430491,"Converged",FALSE,0.25
889,-1.60845221212448,1.86392872925844,-0.214186558796474,"Converged",FALSE,0.25
890,-1.73287937565007,1.28501939295489,-0.126864692839539,"Converged",FALSE,0.25
891,-1.6616919661296,1.1504237455313,-0.127429934425795,"Converged",FALSE,0.25
892,-1.46285967029345,1.00331340986438,-0.150499774295675,"Converged",FALSE,0.25
893,-1.23122234955696,0.161703366662102,-0.134377555495178,"Converged",FALSE,0.25
894,-1.87428475806225,1.60774389559247,-0.0939978768726682,"Converged",FALSE,0.25
895,-1.9102590723248,1.238373611623,-0.0742753543723602,"Converged",FALSE,0.25
896,-1.79277912750593,1.77116046886212,-0.129378873781069,"Converged",FALSE,0.25
897,-2.4646557816326,1.91278404261021,-0.0328006275982762,"Converged",FALSE,0.25
898,-1.6593052947148,1.47423611179863,-0.13296855440918,"Converged",FALSE,0.25
899,-1.32493590721164,0.89292351905137,-0.175877935437848,"Converged",FALSE,0.25
900,-1.9531384620001,1.43256444696907,-0.079035250354095,"Converged",FALSE,0.25
901,-1.41489673789244,0.863670837344533,-0.19185739104445,"Converged",FALSE,0.25
902,-0.901392329579773,0.454167444794909,-0.238830523353438,"Converged",FALSE,0.25
903,-1.8250630952928,1.45200071119616,-0.0947872410614809,"Converged",FALSE,0.25
904,-1.27499256772181,0.577540325583571,-0.130764721464326,"Converged",FALSE,0.25
905,-1.95686299235648,1.36217484360958,-0.0534018652807632,"Converged",FALSE,0.25
906,-2.14845980201415,2.01475306746131,-0.108102067628414,"Converged",FALSE,0.25
907,-1.54872838982061,0.225117077480319,-0.0977258502458441,"Converged",FALSE,0.25
908,-1.79650079462125,1.44805081121308,-0.10640909947779,"Converged",FALSE,0.25
909,-1.56205640242786,0.749615963055687,-0.0648689986842844,"Converged",FALSE,0.25
910,-1.2465405356375,-0.496735423814789,-0.104392886076884,"Converged",FALSE,0.25
911,-1.76389032965541,0.296481801498522,-0.0436317871971243,"Converged",FALSE,0.25
912,-1.54829753255831,-0.0303699971244176,-0.0442137515699388,"Converged",FALSE,0.25
913,-1.33535752335528,0.563642356918126,-0.140073890868998,"Converged",FALSE,0.25
914,-2.16545930860126,2.01101340646463,-0.0812179579985816,"Converged",FALSE,0.25
915,-1.35481656738262,1.00215844970597,-0.167671228039247,"Converged",FALSE,0.25
916,-2.0486252350662,1.15445079970298,-0.0295660103624496,"Converged",FALSE,0.25
917,-1.32978808400439,1.0725676810681,-0.186817645568581,"Converged",FALSE,0.25
918,-2.02745272263868,1.34621951014663,-0.0676891412249875,"Converged",FALSE,0.25
919,-1.79158102012511,1.6007900785297,-0.102974959611536,"Converged",FALSE,0.25
920,-1.24268973353118,-0.299230017021224,-0.0946243392708055,"Converged",FALSE,0.25
921,-2.23029147864605,1.92544604404284,-0.0680486519323572,"Converged",FALSE,0.25
922,-2.53945715027163,2.28939221021332,-0.030545980009429,"Converged",FALSE,0.25
923,-1.45932031919035,0.866746635678361,-0.127308906217672,"Converged",FALSE,0.25
924,-1.68091165152309,1.40428308758868,-0.124132043916217,"Converged",FALSE,0.25
925,-1.89559622752029,0.650373638874701,-0.0460762696413416,"Converged",FALSE,0.25
926,-1.8505890293692,0.97982350292615,-0.0726729691828781,"Converged",FALSE,0.25
927,-0.886429101084693,-0.352275979566833,-0.193417839755048,"Converged",FALSE,0.25
928,-2.2165894109381,2.19201763576202,-0.0320761246653859,"Converged",FALSE,0.25
929,-1.81252926051877,1.4441689149151,-0.0638902324616894,"Converged",FALSE,0.25
930,-1.45670842419155,1.05140361628068,-0.143989889504363,"Converged",FALSE,0.25
931,-1.83029680748576,1.26068159431964,-0.0784099682631965,"Converged",FALSE,0.25
932,-2.14517626924415,1.74836675023173,-0.102957115131024,"Converged",FALSE,0.25
933,-2.03888591643239,1.64329941182618,-0.0878085371688762,"Converged",FALSE,0.25
934,-2.07796812933976,1.37597235213408,-0.0482394369319197,"Converged",FALSE,0.25
935,-2.14049770725453,1.51328728514969,-0.0587574227851509,"Converged",TRUE,0.25
936,-1.53360015683428,-0.00534016463362285,-0.05139318928292,"Converged",FALSE,0.25
937,-1.85003758405508,1.56859338244579,-0.0905318132466141,"Converged",TRUE,0.25
938,-1.55694299388116,0.262527784634872,-0.0887815989665883,"Converged",FALSE,0.25
939,-1.69477191254672,1.03222501901612,-0.0794050857320768,"Converged",FALSE,0.25
940,-2.04204759478566,1.29390153927587,-0.0643421922922202,"Converged",FALSE,0.25
941,-1.61498088378668,0.603832234527309,-0.0817505882716669,"Converged",FALSE,0.25
942,-1.73737994778827,1.01180226212275,-0.109152586259759,"Converged",FALSE,0.25
943,-1.753912967314,0.8761942558334,-0.105839088067458,"Converged",FALSE,0.25
944,-2.00510548819585,1.45784765023591,-0.0509628320735664,"Converged",FALSE,0.25
945,-2.03474182978567,1.87435942691035,-0.0664880105483574,"Converged",FALSE,0.25
946,-1.97650718283107,1.40667627097018,-0.0503449329396094,"Converged",FALSE,0.25
947,-2.305180322428,2.41049569083644,-0.127201041525739,"Converged",FALSE,0.25
948,-1.85439970631896,1.34404785890633,-0.0616051859769712,"Converged",FALSE,0.25
949,-1.91104862091247,2.07129459034011,-0.135997089832453,"Converged",FALSE,0.25
950,-2.25822940135656,2.03086640183955,-0.0608335942115602,"Converged",FALSE,0.25
951,-1.90054386345146,1.79242597650381,-0.0989352956391765,"Converged",FALSE,0.25
952,-1.27006630609393,0.146735349723268,-0.106160611597584,"Converged",FALSE,0.25
953,-1.0024943335159,-0.416807313478268,-0.12465309816595,"Converged",FALSE,0.25
954,-1.53070196398176,1.31273045075479,-0.177050154045791,"Converged",FALSE,0.25
955,-1.44347878865043,0.328427661653839,-0.111043221337039,"Converged",FALSE,0.25
956,-2.01285602884749,1.17114680516315,-0.0358370400329014,"Converged",FALSE,0.25
957,-0.983636890026585,-0.156329996119392,-0.201426017346377,"Converged",FALSE,0.25
958,-1.04514004255907,0.254630437713483,-0.195347268779939,"Converged",FALSE,0.25
959,-1.57398538153859,0.811194898142109,-0.100366714563738,"Converged",FALSE,0.25
960,-1.31906602488118,1.01887316420901,-0.116089897544935,"Converged",FALSE,0.25
961,-2.12941345115851,1.44848234586504,-0.0371011282000195,"Converged",FALSE,0.25
962,-1.57952437346881,0.68620670060606,-0.100706542424433,"Converged",FALSE,0.25
963,-2.17657602173014,1.69058064508131,-0.0449796192246294,"Converged",FALSE,0.25
964,-1.63478418370076,0.692784387962277,-0.0895039067008643,"Converged",FALSE,0.25
965,-1.6315198959082,1.24024640739219,-0.0850632283051535,"Converged",FALSE,0.25
966,-1.66381508202381,0.525098097740173,-0.0667408017740965,"Converged",FALSE,0.25
967,-1.59949117061105,1.36045395286509,-0.125698369184205,"Converged",FALSE,0.25
968,-1.66293621286426,1.24951101930643,-0.0933882484609749,"Converged",FALSE,0.25
969,-1.71137632775782,1.80089003026948,-0.125655290782146,"Converged",TRUE,0.25
970,-1.36851271117769,0.526553937654917,-0.123375790696564,"Converged",FALSE,0.25
971,-1.63317016603396,0.796288683188065,-0.117546304725861,"Converged",FALSE,0.25
972,-1.78393033767133,1.10747572943497,-0.0989709182508976,"Converged",FALSE,0.25
973,-1.31237644688095,0.99325845080422,-0.180721519398543,"Converged",FALSE,0.25
974,-2.64901680832965,3.68656148397973,-0.0885681162907162,"Converged",FALSE,0.25
975,-1.70744889813759,1.57964573005691,-0.163397750690205,"Converged",FALSE,0.25
976,-1.76821500632196,1.4330134502122,-0.108701855351602,"Converged",FALSE,0.25
977,-1.66108533118667,0.962686703692986,-0.110046869498615,"Converged",FALSE,0.25
978,-1.62561951316117,0.340805226290619,-0.0812188174650307,"Converged",FALSE,0.25
979,-1.3964742197523,0.190817982698791,-0.0816192333567599,"Converged",FALSE,0.25
980,-2.18354285496107,1.37316257602012,-0.00861549193667068,"Converged",FALSE,0.25
981,-1.94108293387168,1.2250968509314,-0.0910217078033027,"Converged",FALSE,0.25
982,-1.22965472800344,-0.512656793519095,-0.102302699073469,"Converged",FALSE,0.25
983,-1.63159812877076,1.40272954750113,-0.151253086101085,"Converged",FALSE,0.25
984,-1.77760655888875,1.9949433453272,-0.171963243314506,"Converged",FALSE,0.25
985,-1.60854080969003,1.39220701723905,-0.165291826750804,"Converged",FALSE,0.25
986,-1.79727918408428,2.3709469454748,-0.193173768266523,"Converged",FALSE,0.25
987,-1.81826471512646,0.629336041217444,-0.0441598310040641,"Converged",FALSE,0.25
988,-2.22747022960445,2.09231963954329,-0.0782627237512874,"Converged",FALSE,0.25
989,-1.73140440934546,1.00187896748084,-0.0909811349901025,"Converged",FALSE,0.25
990,-1.48836493963836,0.890430346307302,-0.118729798997289,"Converged",FALSE,0.25
991,-1.73008706207439,0.734947582291736,-0.0644812189766173,"Converged",FALSE,0.25
992,-1.71274116286164,1.49108964775774,-0.106528380795214,"Converged",FALSE,0.25
993,-1.95047530864391,1.41654320792321,-0.0609881995887266,"Converged",FALSE,0.25
994,-1.56940962071599,0.670837063952156,-0.131166919782915,"Converged",FALSE,0.25
995,-1.95276572115035,1.78196046400562,-0.0803500909445123,"Converged",FALSE,0.25
996,-1.90598644625077,1.80830735304408,-0.092575183455735,"Converged",FALSE,0.25
997,-1.89351130051936,1.66128283707167,-0.0657475651178359,"Converged",FALSE,0.25
998,-1.77466685295055,1.80298113901826,-0.122391006432834,"Converged",FALSE,0.25
999,-2.11302179027161,1.6256126813294,-0.0597111028137114,"Converged",FALSE,0.25
1000,-2.19254137411161,1.9192768996554,-0.0630332872096509,"Converged",FALSE,0.25
