"sim","optMLE2_beta0","optMLE2_beta1","optMLE2_beta2","optMLE2_conv_msg","optMLE_wave1_est","optMLE_data_resampled","optMLE_sing_inf","audit_recovery"
1,-1.51956711145633,1.50996603999055,-0.140924550775024,"Converged","CC",TRUE,FALSE,0.25
2,-1.91707837078895,1.5311696062069,-0.106953954970664,"Converged","MLE",FALSE,FALSE,0.25
3,-1.65662251507465,1.47842943437745,-0.139982810562455,"Converged","MLE",FALSE,FALSE,0.25
4,-1.98881531805759,2.20417894673459,-0.11923479943659,"Converged","MLE",FALSE,FALSE,0.25
5,-1.74411517144332,1.2323937408383,-0.111184379673713,"Converged","MLE",FALSE,FALSE,0.25
6,-2.00742873025043,1.59091169737656,-0.0461686305332895,"Converged","MLE",FALSE,FALSE,0.25
7,-1.12780403171922,0.149679253087483,-0.17336673941286,"Converged","MLE",FALSE,FALSE,0.25
8,-2.21537944418494,3.23784151740248,-0.157001963146624,"Converged","MLE",FALSE,FALSE,0.25
9,-1.89305459063528,1.22952256078666,-0.0862364539668535,"Converged","MLE",FALSE,FALSE,0.25
10,-1.70261818274504,0.55953230700341,-0.070900053005015,"Converged","MLE",FALSE,FALSE,0.25
11,-2.52002770679312,2.57266549885022,-0.0682043291242271,"Converged","MLE",FALSE,FALSE,0.25
12,-1.40537876908232,1.01761699983938,-0.160979697781132,"Converged","MLE",FALSE,FALSE,0.25
13,-1.57974809642099,0.814426945321887,-0.125184469333002,"Converged","MLE",FALSE,FALSE,0.25
14,-2.34245955995312,1.84249575711483,-0.0236984437557092,"Converged","MLE",FALSE,FALSE,0.25
15,-1.96996910158417,1.48108720094954,-0.0622838294468961,"Converged","MLE",FALSE,FALSE,0.25
16,-1.96423978395224,1.55609612426333,-0.103026654255373,"Converged","MLE",FALSE,FALSE,0.25
17,-1.93907791434973,0.911536577417867,-0.0263612804525419,"Converged","MLE",FALSE,FALSE,0.25
18,-2.09441259617453,0.984344681773507,-0.0224957998913805,"Converged","MLE",FALSE,FALSE,0.25
19,-1.91653448499751,1.04147058389582,-0.102491763900863,"Converged","MLE",FALSE,FALSE,0.25
20,-1.70369806324122,0.423191448372914,-0.065710861912186,"Converged","CC",FALSE,FALSE,0.25
21,-1.65315492324937,0.856878504039807,-0.152035687404149,"Converged","MLE",FALSE,FALSE,0.25
22,-1.56973876831229,0.870381037766699,-0.102575913943898,"Converged","MLE",FALSE,FALSE,0.25
23,-2.01029477381708,2.02832039954523,-0.117446589394935,"Converged","MLE",TRUE,FALSE,0.25
24,-1.52755643298701,0.493591645800559,-0.0950425828775424,"Converged","MLE",FALSE,FALSE,0.25
25,-1.20467962468536,-0.0564375837185852,-0.0767799359770509,"Converged","CC",FALSE,FALSE,0.25
26,-1.97649490391402,2.16570861573891,-0.151082723423113,"Converged","MLE",FALSE,FALSE,0.25
27,-1.05303377651476,-0.597645585054617,-0.132010363928335,"Converged","MLE",FALSE,FALSE,0.25
28,-1.40324668548933,0.592920019864469,-0.140022685873045,"Converged","MLE",FALSE,FALSE,0.25
29,-1.41452123663647,0.411505668333174,-0.117843365619608,"Converged","MLE",FALSE,FALSE,0.25
30,-1.16375388848793,0.979374124002075,-0.22158281330842,"Converged","MLE",FALSE,FALSE,0.25
31,-2.15902827203099,2.64860103636581,-0.114765552025948,"Converged","MLE",TRUE,FALSE,0.25
32,-2.2269812051839,2.35358508089593,-0.0835830266200752,"Converged","MLE",FALSE,FALSE,0.25
33,-1.15259080850904,0.0977595801938563,-0.12988564491888,"Converged","MLE",FALSE,FALSE,0.25
34,-1.98052575819766,1.72877753383092,-0.103049805619569,"Converged","MLE",FALSE,FALSE,0.25
35,-1.46965201495151,0.602902655759291,-0.108530391197237,"Converged","MLE",FALSE,FALSE,0.25
36,-1.65979388109851,0.787981874301133,-0.0852509845136774,"Converged","MLE",FALSE,FALSE,0.25
37,-1.63793359752977,1.15347737973441,-0.109057230081619,"Converged","MLE",FALSE,FALSE,0.25
38,-1.1501293129798,0.0883819091304012,-0.123285022155923,"Converged","MLE",FALSE,FALSE,0.25
39,-1.71702887020037,0.5976462658564,-0.0641518037933774,"Converged","MLE",FALSE,FALSE,0.25
40,-2.47988225792368,2.88031378984219,-0.0563591557088158,"Converged","MLE",FALSE,FALSE,0.25
41,-2.42298904881766,1.9093002510161,-0.0266205059239458,"Converged","MLE",FALSE,FALSE,0.25
42,-1.89832111794539,2.0074052075761,-0.133441855359547,"Converged","MLE",TRUE,FALSE,0.25
43,-1.65697805704443,1.20081257423096,-0.138261122643991,"Converged","MLE",FALSE,FALSE,0.25
44,-1.87989789376209,1.58220642639651,-0.106411452688538,"Converged","MLE",FALSE,FALSE,0.25
45,-1.24354076942792,0.486511592205791,-0.13656882297392,"Converged","MLE",FALSE,FALSE,0.25
46,-1.90892374820409,1.24156874025074,-0.0721443074493342,"Converged","MLE",FALSE,FALSE,0.25
47,-1.9933827910193,0.913818553675684,-0.0459817166366188,"Converged","MLE",FALSE,FALSE,0.25
48,-2.28844269939388,2.51579113189126,-0.0992232950993357,"Converged","MLE",TRUE,FALSE,0.25
49,NA,NA,NA,"MAX_ITER reached","MLE",FALSE,FALSE,0.25
50,-2.46267675595665,1.99756209326399,-0.059178463171063,"Converged","MLE",TRUE,FALSE,0.25
51,-2.37482666179329,2.551642594268,-0.0707164566620307,"Converged","MLE",FALSE,FALSE,0.25
52,NA,NA,NA,NA,"MLE",FALSE,TRUE,0.25
53,-1.76355552742557,0.393499321619681,-0.0395382198880795,"Converged","MLE",FALSE,FALSE,0.25
54,-2.08076883779739,1.5536021812456,-0.0179524151608122,"Converged","MLE",FALSE,FALSE,0.25
55,-1.95399486150653,1.20333556539808,-0.0658495977560339,"Converged","MLE",FALSE,FALSE,0.25
56,-2.06671832529034,1.80075488837397,-0.0759706938315846,"Converged","MLE",FALSE,FALSE,0.25
57,-1.12398288954081,0.987981747656939,-0.231009229102121,"Converged","MLE",FALSE,FALSE,0.25
58,-1.78524037576354,0.81081214100342,-0.0667895912465196,"Converged","MLE",FALSE,FALSE,0.25
59,-1.1383250356753,0.277875987889164,-0.164779819186072,"Converged","MLE",FALSE,FALSE,0.25
60,-1.05210606424069,0.670142112514814,-0.223991225082832,"Converged","MLE",FALSE,FALSE,0.25
61,-1.55338532462759,1.34797283602938,-0.111967109713125,"Converged","MLE",FALSE,FALSE,0.25
62,-1.64671338325726,1.50705802540996,-0.10107447193658,"Converged","MLE",FALSE,FALSE,0.25
63,NA,NA,NA,"MAX_ITER reached","MLE",FALSE,FALSE,0.25
64,-1.78340674022507,0.922862204222497,-0.0644377039417725,"Converged","MLE",FALSE,FALSE,0.25
65,-1.86108559000327,2.12794572101526,-0.120091414024721,"Converged","MLE",TRUE,FALSE,0.25
66,-1.89921184617477,1.78412823824331,-0.0885847558902014,"Converged","MLE",FALSE,FALSE,0.25
67,-2.15703795513133,2.47074346241409,-0.11162867111802,"Converged","MLE",FALSE,FALSE,0.25
68,-1.58957787384739,1.25335913050215,-0.115100310021559,"Converged","MLE",FALSE,FALSE,0.25
69,-2.11113574438066,1.99947569593932,-0.0818922364571504,"Converged","CC",TRUE,FALSE,0.25
70,-1.64661304534966,0.742305816119965,-0.0729447333084813,"Converged","MLE",FALSE,FALSE,0.25
71,-2.19161526922755,2.28152427925022,-0.0903109220794303,"Converged","MLE",FALSE,FALSE,0.25
72,-1.43134267583141,0.568301093427384,-0.150919677205266,"Converged","MLE",FALSE,FALSE,0.25
73,-1.50104517148003,0.522403603772114,-0.0977882483228275,"Converged","MLE",FALSE,FALSE,0.25
74,-1.88602573116841,1.52314029075578,-0.101100917771372,"Converged","MLE",FALSE,FALSE,0.25
75,-1.39999720291061,0.789842772410015,-0.144671752418305,"Converged","CC",TRUE,FALSE,0.25
76,-1.76545100820884,1.66792808275021,-0.147132457561015,"Converged","MLE",FALSE,FALSE,0.25
77,-1.65613037123973,0.628014000665786,-0.0640704829019938,"Converged","MLE",FALSE,FALSE,0.25
78,-2.02364014341151,1.45027013064679,-0.0675839803439621,"Converged","MLE",FALSE,FALSE,0.25
79,-1.53198892716786,0.860149866495649,-0.126627840785358,"Converged","CC",FALSE,FALSE,0.25
80,-1.38328443097431,0.710765876932327,-0.107805110983508,"Converged","MLE",FALSE,FALSE,0.25
81,-2.28376122547671,1.44027224330948,-0.0345619341413648,"Converged","MLE",TRUE,FALSE,0.25
82,-1.63591538310101,1.66693608411809,-0.169460446277589,"Converged","MLE",FALSE,FALSE,0.25
83,-1.8727513994475,1.11588856833144,-0.0799236445094027,"Converged","MLE",FALSE,FALSE,0.25
84,-1.74719453120074,2.03624596926818,-0.143430935296723,"Converged","MLE",FALSE,FALSE,0.25
85,-1.42290871467111,1.24937400048395,-0.164907447552627,"Converged","MLE",FALSE,FALSE,0.25
86,-1.2756842861169,1.4764984694194,-0.261031092396702,"Converged","MLE",FALSE,FALSE,0.25
87,-1.97721325201763,2.25125022337858,-0.1209422741484,"Converged","MLE",FALSE,FALSE,0.25
88,-1.45031042572942,0.990179166237418,-0.103755606688301,"Converged","MLE",FALSE,FALSE,0.25
89,-1.5741195515877,1.14289753178411,-0.204169671246478,"Converged","MLE",TRUE,FALSE,0.25
90,-1.68657103576231,1.09219119907636,-0.105889062717498,"Converged","MLE",FALSE,FALSE,0.25
91,NA,NA,NA,"MAX_ITER reached","MLE",FALSE,FALSE,0.25
92,-1.46906896454878,0.882910739948627,-0.163910921640482,"Converged","MLE",FALSE,FALSE,0.25
93,-1.96199582922639,2.1112406961205,-0.110731630820456,"Converged","MLE",FALSE,FALSE,0.25
94,-1.74638145168993,1.07556245410313,-0.0816872240042814,"Converged","MLE",FALSE,FALSE,0.25
95,-2.02309495683053,2.11329970076921,-0.121672207072795,"Converged","MLE",FALSE,FALSE,0.25
96,-1.98974232419749,1.95050725153143,-0.0693651043617739,"Converged","MLE",FALSE,FALSE,0.25
97,-1.54180426795496,1.50317357505963,-0.157088394267099,"Converged","MLE",FALSE,FALSE,0.25
98,-1.55508566501179,0.882653016589178,-0.117755232814536,"Converged","MLE",FALSE,FALSE,0.25
99,-2.2265550847316,1.26336280098984,-0.0167303302785271,"Converged","MLE",FALSE,FALSE,0.25
100,-1.82134299478325,1.02397480971073,-0.0672897992295329,"Converged","MLE",FALSE,FALSE,0.25
101,-1.54041894140991,0.868621998679709,-0.0790171003009597,"Converged","MLE",TRUE,FALSE,0.25
102,-1.73935709519602,1.35465687194728,-0.120388567993626,"Converged","MLE",FALSE,FALSE,0.25
103,-2.2439120145714,2.40663061045787,-0.0831966961004759,"Converged","MLE",FALSE,FALSE,0.25
104,-1.38950191129515,0.353487344201912,-0.115570025398615,"Converged","MLE",FALSE,FALSE,0.25
105,-2.10219545206574,2.89848388638651,-0.156161150780999,"Converged","MLE",FALSE,FALSE,0.25
106,-1.19516522231082,0.317776699288971,-0.129935871196087,"Converged","MLE",FALSE,FALSE,0.25
107,-2.15439419174628,1.30863084305979,-0.0628805334308476,"Converged","MLE",FALSE,FALSE,0.25
108,-1.75512479001619,0.0307450310498918,-0.0154799056429739,"Converged","MLE",FALSE,FALSE,0.25
109,-2.15858931970216,2.00727557162058,-0.0983168861842865,"Converged","MLE",FALSE,FALSE,0.25
110,-1.60877375923173,1.05752136407028,-0.0825927685061462,"Converged","MLE",FALSE,FALSE,0.25
111,-1.89599677697263,1.51499166890774,-0.10173680017938,"Converged","MLE",FALSE,FALSE,0.25
112,-1.66089866170496,0.688856895994008,-0.0770327431586269,"Converged","MLE",FALSE,FALSE,0.25
113,-1.47535573102181,1.00007561488023,-0.123479929523066,"Converged","MLE",FALSE,FALSE,0.25
114,-1.77696306973575,1.85481443600901,-0.124729146744329,"Converged","MLE",FALSE,FALSE,0.25
115,-1.71964086803548,1.09719134205226,-0.109471057746536,"Converged","MLE",FALSE,FALSE,0.25
116,-1.81502508852816,1.0153885112832,-0.0792416700793332,"Converged","CC",FALSE,FALSE,0.25
117,-1.7778381928464,1.70685051325029,-0.117189850657141,"Converged","MLE",FALSE,FALSE,0.25
118,-2.18508187281071,2.35536048727437,-0.0929234930167289,"Converged","MLE",FALSE,FALSE,0.25
119,-1.69879098936087,1.13236168403428,-0.119538055685992,"Converged","MLE",FALSE,FALSE,0.25
120,-1.30129158645404,0.299637124103134,-0.1336634320676,"Converged","MLE",TRUE,FALSE,0.25
121,-1.21815225248822,0.148534671248159,-0.15692443526466,"Converged","MLE",FALSE,FALSE,0.25
122,-1.50412489002909,1.930178576533,-0.17086818813976,"Converged","MLE",FALSE,FALSE,0.25
123,-2.23614460263924,2.0310239256592,-0.070715230284377,"Converged","MLE",FALSE,FALSE,0.25
124,-1.79519868985764,0.925949041137426,-0.0704720498777413,"Converged","MLE",FALSE,FALSE,0.25
125,-1.8185154551225,1.24612289622234,-0.0841820087368082,"Converged","MLE",FALSE,FALSE,0.25
126,-1.54889349606436,0.605513913111184,-0.0923017650597673,"Converged","MLE",FALSE,FALSE,0.25
127,-1.36572948381694,-0.344552670509413,-0.0744680617647731,"Converged","MLE",TRUE,FALSE,0.25
128,-1.38475569703188,0.913893924131055,-0.210608565397169,"Converged","MLE",FALSE,FALSE,0.25
129,-1.75743396621854,1.17949737680122,-0.101671490270405,"Converged","MLE",FALSE,FALSE,0.25
130,-1.70424641769628,1.65362726395514,-0.142423176098462,"Converged","MLE",TRUE,FALSE,0.25
131,-1.71408112269636,0.970230730100733,-0.0993873960606547,"Converged","MLE",FALSE,FALSE,0.25
132,-1.96748905770948,1.74089121967036,-0.125099067814819,"Converged","MLE",FALSE,FALSE,0.25
133,-1.8283260780059,1.2230078428403,-0.0725016466664634,"Converged","MLE",FALSE,FALSE,0.25
134,NA,NA,NA,NA,"MLE",FALSE,TRUE,0.25
135,-1.80785133623506,1.57045720969031,-0.0844527986823121,"Converged","MLE",FALSE,FALSE,0.25
136,-0.907142283305552,0.2441717673449,-0.171637147742592,"Converged","CC",TRUE,FALSE,0.25
137,-1.57947609787754,1.21261549300058,-0.143438720778405,"Converged","MLE",FALSE,FALSE,0.25
138,-1.39977498029852,0.339772393552896,-0.101093162868895,"Converged","CC",TRUE,FALSE,0.25
139,NA,NA,NA,"MAX_ITER reached","MLE",FALSE,FALSE,0.25
140,-1.62749484261916,0.611650623240575,-0.0764777272117357,"Converged","CC",TRUE,FALSE,0.25
141,-2.05736357072942,2.0396882086948,-0.0627481357318986,"Converged","CC",TRUE,FALSE,0.25
142,NA,NA,NA,"MAX_ITER reached","MLE",FALSE,FALSE,0.25
143,-1.7797571676029,1.72364760769917,-0.138554669104489,"Converged","MLE",FALSE,FALSE,0.25
144,-1.67021234023182,1.83242290684907,-0.147295028448501,"Converged","MLE",FALSE,FALSE,0.25
145,NA,NA,NA,NA,"MLE",FALSE,TRUE,0.25
146,-1.37723711046709,0.665115547262809,-0.107994082478142,"Converged","MLE",FALSE,FALSE,0.25
147,NA,NA,NA,"MAX_ITER reached","MLE",FALSE,FALSE,0.25
148,NA,NA,NA,"MAX_ITER reached","MLE",TRUE,FALSE,0.25
149,-1.77019078485435,1.76116137830122,-0.103112683684209,"Converged","CC",TRUE,FALSE,0.25
150,-1.65683288089719,0.755747070743309,-0.0868497758434901,"Converged","MLE",FALSE,FALSE,0.25
151,-1.34822513270475,0.888043531956515,-0.1725183162103,"Converged","MLE",FALSE,FALSE,0.25
152,-1.56660891181812,0.14150703696625,-0.0725822229889882,"Converged","MLE",FALSE,FALSE,0.25
153,-2.25937209015361,2.87354051507815,-0.157887947629126,"Converged","MLE",FALSE,FALSE,0.25
154,NA,NA,NA,"MAX_ITER reached","MLE",FALSE,FALSE,0.25
155,-1.80346950274873,0.836552344072577,-0.0554665989464344,"Converged","MLE",FALSE,FALSE,0.25
156,-1.34713356477588,0.631124440792396,-0.17109735886982,"Converged","MLE",FALSE,FALSE,0.25
157,-1.62887030222418,0.518400653668291,-0.0825261148106795,"Converged","MLE",FALSE,FALSE,0.25
158,-1.82093384971497,1.60616204992584,-0.106071920171688,"Converged","MLE",FALSE,FALSE,0.25
159,NA,NA,NA,"MAX_ITER reached","MLE",FALSE,FALSE,0.25
160,-1.28864891532546,-0.901928524384271,-0.0578096844777835,"Converged","MLE",TRUE,FALSE,0.25
161,-2.01738483290218,1.26483419454308,-0.0401047458987649,"Converged","MLE",FALSE,FALSE,0.25
162,-1.43082765257814,1.13983864866761,-0.17591274816555,"Converged","MLE",TRUE,FALSE,0.25
163,-1.64092782213978,0.696905824391951,-0.0744150946716398,"Converged","MLE",FALSE,FALSE,0.25
164,-1.07643720240274,0.274230095939406,-0.185107390197906,"Converged","MLE",FALSE,FALSE,0.25
165,-1.82525147670074,1.95732398702426,-0.163296426165726,"Converged","MLE",FALSE,FALSE,0.25
166,-1.90321917444449,1.11968931057193,-0.04001534933443,"Converged","MLE",FALSE,FALSE,0.25
167,-1.8086903628227,0.408298431770691,-0.0583880061508235,"Converged","MLE",FALSE,FALSE,0.25
168,-1.11561591291903,-0.336072501995165,-0.112506434015055,"Converged","MLE",FALSE,FALSE,0.25
169,-1.79364967658247,1.06179379330416,-0.0658914401335097,"Converged","MLE",FALSE,FALSE,0.25
170,-1.13555511854382,0.35979720055088,-0.177949481148009,"Converged","MLE",FALSE,FALSE,0.25
171,-1.73546155273517,1.94274015406618,-0.11509242747585,"Converged","MLE",FALSE,FALSE,0.25
172,-2.02346115043841,1.21155512207983,-0.0828195260798036,"Converged","MLE",FALSE,FALSE,0.25
173,-1.77006426234014,0.517505626802848,-0.0419930098525282,"Converged","MLE",FALSE,FALSE,0.25
174,-1.61742867804142,0.983914068426264,-0.0936443530780182,"Converged","MLE",FALSE,FALSE,0.25
175,NA,NA,NA,"MAX_ITER reached","MLE",FALSE,FALSE,0.25
176,-1.64283087249153,1.59851384087493,-0.180383055349832,"Converged","CC",FALSE,FALSE,0.25
177,-1.92428159705451,0.319158210704877,-0.0242356338427392,"Converged","MLE",FALSE,FALSE,0.25
178,-1.74388986708713,0.65409411199136,-0.0831221324570503,"Converged","MLE",FALSE,FALSE,0.25
179,-2.59237501470602,2.50934410143556,-0.0902895956566899,"Converged","MLE",FALSE,FALSE,0.25
180,-1.83327234254441,2.22213591542794,-0.18633749742657,"Converged","MLE",TRUE,FALSE,0.25
181,-1.98195875437504,1.23875685062978,-0.0607416556395918,"Converged","MLE",FALSE,FALSE,0.25
182,-1.35283703561279,0.417044667916168,-0.14728118867153,"Converged","MLE",TRUE,FALSE,0.25
183,-1.01625134539695,-0.522284192618204,-0.0840961089036229,"Converged","MLE",TRUE,FALSE,0.25
184,-1.53190162172549,0.828086434452604,-0.138032062358555,"Converged","MLE",TRUE,FALSE,0.25
185,-1.73244930106809,1.45932463905815,-0.125753147971568,"Converged","MLE",FALSE,FALSE,0.25
186,-1.46284690685458,0.204420748846836,-0.101387317616394,"Converged","CC",FALSE,FALSE,0.25
187,-1.7430909776256,1.80657646344468,-0.137353876312428,"Converged","MLE",FALSE,FALSE,0.25
188,-1.76696531755364,1.2666516264422,-0.111544116548308,"Converged","MLE",FALSE,FALSE,0.25
189,-1.85286016877227,1.70287979564919,-0.133573967554339,"Converged","MLE",FALSE,FALSE,0.25
190,-1.38371275677249,0.505248801998613,-0.136356684327254,"Converged","MLE",FALSE,FALSE,0.25
191,-1.88453046835575,1.95085998302789,-0.15393813063428,"Converged","MLE",FALSE,FALSE,0.25
192,-1.57110781134699,0.950247589622164,-0.113176511681327,"Converged","MLE",FALSE,FALSE,0.25
193,-1.80929338402359,1.44273444020196,-0.109303039840541,"Converged","MLE",FALSE,FALSE,0.25
194,-2.00035165353388,2.33203127291433,-0.152574990298021,"Converged","CC",FALSE,FALSE,0.25
195,-1.77010817456956,1.66448000291189,-0.135979422948323,"Converged","CC",TRUE,FALSE,0.25
196,-1.77508703298866,1.29271885679434,-0.116928642626074,"Converged","CC",FALSE,FALSE,0.25
197,-1.64159484663605,1.34262832089338,-0.126290660708515,"Converged","MLE",TRUE,FALSE,0.25
198,-1.72827909662844,1.79117020880039,-0.158747398472549,"Converged","MLE",FALSE,FALSE,0.25
199,-2.10623518609181,1.44796845720516,-0.0644161986433853,"Converged","MLE",FALSE,FALSE,0.25
200,-1.24996277429179,0.607415192309972,-0.16136443512045,"Converged","CC",FALSE,FALSE,0.25
201,-1.34706124758879,-0.151344461492992,-0.0951554550736492,"Converged","MLE",FALSE,FALSE,0.25
202,-2.09689361849769,1.94204120693058,-0.0918143522670554,"Converged","MLE",FALSE,FALSE,0.25
203,-1.77855740846439,0.617880255013303,-0.0482978431937636,"Converged","MLE",FALSE,FALSE,0.25
204,-2.33942534195003,1.61245916350788,-0.0303439319662236,"Converged","MLE",FALSE,FALSE,0.25
205,-1.7808283596698,1.58031529616408,-0.105073106055829,"Converged","MLE",FALSE,FALSE,0.25
206,-1.78585260704303,1.71518172150055,-0.149039113455396,"Converged","MLE",FALSE,FALSE,0.25
207,-1.89428734579278,1.66189889073692,-0.0805702883767124,"Converged","MLE",FALSE,FALSE,0.25
208,-1.88327834743669,1.78641185822913,-0.127348621201259,"Converged","CC",TRUE,FALSE,0.25
209,-1.59546321845468,1.01028811088134,-0.13261316258801,"Converged","MLE",FALSE,FALSE,0.25
210,-1.5419396008941,0.790187184258351,-0.102251263204922,"Converged","MLE",FALSE,FALSE,0.25
211,-1.79247664397586,1.3715038100821,-0.109194165660432,"Converged","MLE",FALSE,FALSE,0.25
212,-1.87430325703954,0.640881514309298,-0.0461005664394965,"Converged","MLE",FALSE,FALSE,0.25
213,-1.34282935291547,-0.12807975502604,-0.067553278465762,"Converged","MLE",FALSE,FALSE,0.25
214,-1.91674513966145,1.06681304997155,-0.0490104222182014,"Converged","MLE",FALSE,FALSE,0.25
215,-2.29103204950784,1.97925871816348,-0.0534253266160324,"Converged","MLE",FALSE,FALSE,0.25
216,-1.86826192729455,1.46638991924689,-0.0956280965356282,"Converged","MLE",FALSE,FALSE,0.25
217,-1.5509045971875,0.348023921700018,-0.0866708813156019,"Converged","MLE",FALSE,FALSE,0.25
218,-1.31596666701848,0.211174428072608,-0.128221662645401,"Converged","MLE",FALSE,FALSE,0.25
219,-0.987974228594103,-0.123330151292608,-0.19142531084367,"Converged","MLE",TRUE,FALSE,0.25
220,-2.00078978733717,1.90218142308902,-0.0861328371419828,"Converged","MLE",TRUE,FALSE,0.25
221,-1.40067733639907,0.410452955068586,-0.129642347283746,"Converged","MLE",FALSE,FALSE,0.25
222,-1.76717002223558,0.70579787606991,-0.0343544355095929,"Converged","MLE",TRUE,FALSE,0.25
223,-1.68970809298686,0.953377664273535,-0.0785334650929176,"Converged","MLE",FALSE,FALSE,0.25
224,-2.11878618149356,1.81850362499541,-0.104400382312263,"Converged","MLE",FALSE,FALSE,0.25
225,-1.85381823489836,2.32389842039947,-0.184191242051896,"Converged","MLE",FALSE,FALSE,0.25
226,-1.64816497662456,0.941001462157381,-0.0943199008389574,"Converged","MLE",TRUE,FALSE,0.25
227,-1.32554069682332,0.590353149239587,-0.150897835286381,"Converged","MLE",TRUE,FALSE,0.25
228,-1.39668050673159,0.421687148507004,-0.121159492831883,"Converged","MLE",TRUE,FALSE,0.25
229,-1.93179766724726,1.82638897844093,-0.0837144326864968,"Converged","MLE",FALSE,FALSE,0.25
230,-1.89336524083513,1.81275366332657,-0.117574324928961,"Converged","MLE",FALSE,FALSE,0.25
231,-1.1693241339186,0.0816350527205645,-0.152197993359845,"Converged","MLE",FALSE,FALSE,0.25
232,-1.78799997510739,0.195251885188501,-0.0230921226417344,"Converged","MLE",FALSE,FALSE,0.25
233,-2.22520972088147,2.49472060965869,-0.107748698308247,"Converged","MLE",FALSE,FALSE,0.25
234,-1.52567298993443,1.26732695044408,-0.135532824922024,"Converged","MLE",FALSE,FALSE,0.25
235,-2.0304006994301,1.6337002591788,-0.093875726837051,"Converged","MLE",FALSE,FALSE,0.25
236,-1.49421655463045,0.972354744208569,-0.12764158707717,"Converged","MLE",FALSE,FALSE,0.25
237,-1.81374152046674,1.40481722501685,-0.132756563493187,"Converged","MLE",TRUE,FALSE,0.25
238,-1.87342183145458,0.899332503817676,-0.0406065868484674,"Converged","MLE",FALSE,FALSE,0.25
239,-2.29404491935551,2.00523814587535,-0.0544228034631417,"Converged","CC",TRUE,FALSE,0.25
240,-1.41597535517223,0.165021962062364,-0.0921515191721859,"Converged","MLE",FALSE,FALSE,0.25
241,-1.37278146454962,0.388861178693201,-0.114546701893061,"Converged","CC",FALSE,FALSE,0.25
242,-1.63351200453366,1.06329236090345,-0.101531428279043,"Converged","MLE",FALSE,FALSE,0.25
243,-1.88758585814968,2.06936039130601,-0.137687315711778,"Converged","MLE",FALSE,FALSE,0.25
244,-1.55354826539591,1.12990447635462,-0.147303784671945,"Converged","MLE",FALSE,FALSE,0.25
245,-1.28880350576927,0.316195852476426,-0.104162646795607,"Converged","MLE",FALSE,FALSE,0.25
246,-1.8848815231217,1.25836899808062,-0.0556495040789553,"Converged","MLE",FALSE,FALSE,0.25
247,NA,NA,NA,NA,"MLE",FALSE,TRUE,0.25
248,-2.24743591269876,2.2342482232558,-0.0727499514906763,"Converged","MLE",FALSE,FALSE,0.25
249,-1.22000612688148,0.339744354753988,-0.163426461773569,"Converged","MLE",FALSE,FALSE,0.25
250,-1.57030225223215,0.337810295625715,-0.0350703150019979,"Converged","MLE",FALSE,FALSE,0.25
251,-1.47887129818539,0.92766704005601,-0.111507256779126,"Converged","MLE",FALSE,FALSE,0.25
252,-1.16230851897337,0.508460023858236,-0.195675042156184,"Converged","MLE",TRUE,FALSE,0.25
253,-1.86669367394526,2.1998282736837,-0.14434552047205,"Converged","MLE",TRUE,FALSE,0.25
254,-2.12657688909615,1.52121792009082,-0.0134685791379636,"Converged","MLE",TRUE,FALSE,0.25
255,-1.93781985665048,1.14556288147667,-0.0609158793409174,"Converged","MLE",FALSE,FALSE,0.25
256,-1.55048764997893,1.08136686635719,-0.117017449863819,"Converged","MLE",TRUE,FALSE,0.25
257,-1.9799201727038,1.41459130005678,-0.0711583728605351,"Converged","MLE",FALSE,FALSE,0.25
258,-1.88620524010679,1.69110651506065,-0.117817438479356,"Converged","MLE",FALSE,FALSE,0.25
259,-2.09537740957626,1.10705024949214,-0.0375811710535104,"Converged","MLE",FALSE,FALSE,0.25
260,-1.73694430851295,0.747476289750635,-0.0835397344035891,"Converged","MLE",FALSE,FALSE,0.25
261,-1.62906700796577,0.778951381050836,-0.0952499180214691,"Converged","MLE",FALSE,FALSE,0.25
262,-2.46210519871313,2.564394654744,-0.077523890368755,"Converged","MLE",FALSE,FALSE,0.25
263,-1.7599703320413,1.98902497298187,-0.125892549647669,"Converged","MLE",TRUE,FALSE,0.25
264,-1.7894790645053,0.972458334498438,-0.0923494929582082,"Converged","MLE",FALSE,FALSE,0.25
265,-1.19281453055445,0.209400315432714,-0.103386257173845,"Converged","MLE",TRUE,FALSE,0.25
266,-2.31663520809729,2.44444474738328,-0.0786520558369162,"Converged","MLE",FALSE,FALSE,0.25
267,-1.79279599057144,1.85103009647569,-0.126574291107959,"Converged","MLE",FALSE,FALSE,0.25
268,-1.57071344960052,0.3720609484525,-0.116913176313379,"Converged","MLE",TRUE,FALSE,0.25
269,-1.91038020821178,1.17663095434704,-0.0991119331374241,"Converged","MLE",FALSE,FALSE,0.25
270,NA,NA,NA,"MAX_ITER reached","MLE",FALSE,FALSE,0.25
271,-1.6814091572203,0.878946428046492,-0.0961823899717473,"Converged","MLE",FALSE,FALSE,0.25
272,-1.46768313181239,1.49279842783543,-0.203064445541753,"Converged","MLE",FALSE,FALSE,0.25
273,-1.45970274404688,-0.375315689568311,-0.0763840532072398,"Converged","CC",TRUE,FALSE,0.25
274,-2.03939222490445,1.55042428841262,-0.0686306967723951,"Converged","CC",TRUE,FALSE,0.25
275,-1.55662536970527,1.26561217559541,-0.142214564712633,"Converged","MLE",FALSE,FALSE,0.25
276,-1.7756061896055,3.24033759664323,-0.259660988536147,"Converged","MLE",TRUE,FALSE,0.25
277,-1.76354404120232,0.712189842009585,-0.0331203401498818,"Converged","MLE",FALSE,FALSE,0.25
278,-2.24053525430642,1.67289677843365,-0.0383345269584706,"Converged","MLE",TRUE,FALSE,0.25
279,-1.7756112640287,1.59406356607078,-0.135954201500324,"Converged","MLE",FALSE,FALSE,0.25
280,-1.46836239912288,1.29703128314903,-0.186672261754611,"Converged","MLE",FALSE,FALSE,0.25
281,-2.2332455656517,2.08076448970482,-0.0736303447922788,"Converged","MLE",FALSE,FALSE,0.25
282,-1.44535071210268,0.738990049262648,-0.140981074229086,"Converged","MLE",FALSE,FALSE,0.25
283,-1.39023999953747,1.25429823711951,-0.184529885303923,"Converged","MLE",FALSE,FALSE,0.25
284,NA,NA,NA,"MAX_ITER reached","MLE",FALSE,FALSE,0.25
285,-1.51610215404358,-0.0145360066482784,-0.0774370489846322,"Converged","MLE",TRUE,FALSE,0.25
286,-1.57009432528827,0.782476113635295,-0.0883081527143103,"Converged","MLE",FALSE,FALSE,0.25
287,-1.28148872527446,0.731474310723879,-0.139041472261549,"Converged","MLE",TRUE,FALSE,0.25
288,-1.45349934205253,0.00424794447688008,-0.0712530656494562,"Converged","MLE",FALSE,FALSE,0.25
289,-1.72380605254738,0.973260844801155,-0.0799768520727344,"Converged","MLE",TRUE,FALSE,0.25
290,-1.89262324361768,1.59573410931156,-0.114809634870305,"Converged","MLE",TRUE,FALSE,0.25
291,-1.76555099307899,1.17136712728668,-0.101024226595318,"Converged","MLE",FALSE,FALSE,0.25
292,-1.58252574496147,0.831058742226659,-0.092737260939339,"Converged","MLE",TRUE,FALSE,0.25
293,-2.31938059870219,2.92867120867733,-0.133314280014366,"Converged","MLE",FALSE,FALSE,0.25
294,-2.25176510235238,2.52804622231067,-0.0926088201147066,"Converged","MLE",FALSE,FALSE,0.25
295,-1.50769439602791,0.593101342168109,-0.107001432508559,"Converged","MLE",FALSE,FALSE,0.25
296,-1.76976186023689,1.91217808363261,-0.15455464677827,"Converged","MLE",FALSE,FALSE,0.25
297,-0.908174981809972,-0.0554739613641538,-0.178554189837392,"Converged","MLE",FALSE,FALSE,0.25
298,-2.04992290481997,1.75165952549495,-0.0849068665033131,"Converged","MLE",FALSE,FALSE,0.25
299,-2.18138728201612,1.17236969908154,-0.0204681824543171,"Converged","MLE",FALSE,FALSE,0.25
300,-1.71938692153914,0.894344752118449,-0.0886069621163902,"Converged","MLE",FALSE,FALSE,0.25
301,-2.15652229463272,1.20861598072905,-0.0309398532251315,"Converged","MLE",FALSE,FALSE,0.25
302,-1.77139899473268,0.400526183458865,-0.0226879814386122,"Converged","MLE",FALSE,FALSE,0.25
303,-2.93674025310251,1.90993808721713,0.0575249300765728,"Converged","MLE",FALSE,FALSE,0.25
304,-1.7973977771153,0.736981966513404,-0.097167627793651,"Converged","CC",FALSE,FALSE,0.25
305,-1.49201651315833,0.897802370765283,-0.17118245392161,"Converged","CC",TRUE,FALSE,0.25
306,NA,NA,NA,"MAX_ITER reached","MLE",FALSE,FALSE,0.25
307,NA,NA,NA,"MAX_ITER reached","MLE",FALSE,FALSE,0.25
308,-1.88708640829026,1.2699778615085,-0.0673578433444569,"Converged","MLE",FALSE,FALSE,0.25
309,-1.72960099808186,1.81682214736453,-0.152292922704709,"Converged","MLE",FALSE,FALSE,0.25
310,-1.52365920713974,0.370808526261554,-0.0782405487904745,"Converged","MLE",FALSE,FALSE,0.25
311,-2.13081799250708,2.0303666700955,-0.0752196200026927,"Converged","MLE",FALSE,FALSE,0.25
312,-2.63139224408819,3.02437393667752,-0.0636991692551999,"Converged","MLE",FALSE,FALSE,0.25
313,-1.72832126465375,1.28924083569486,-0.0849521150379813,"Converged","CC",FALSE,FALSE,0.25
314,NA,NA,NA,NA,"MLE",FALSE,TRUE,0.25
315,-1.38725483235146,1.45967421401424,-0.173557444864432,"Converged","MLE",TRUE,FALSE,0.25
316,-1.62275851914717,1.19754701844344,-0.13675803782588,"Converged","MLE",FALSE,FALSE,0.25
317,-2.1290950084019,1.8809617166075,-0.0742005503014001,"Converged","CC",FALSE,FALSE,0.25
318,-1.72854945498902,0.614529214704068,-0.0549270638259232,"Converged","CC",FALSE,FALSE,0.25
319,-2.15539897226784,1.23478265198872,-0.0267541929770031,"Converged","MLE",FALSE,FALSE,0.25
320,-1.97795373050244,1.81961071558404,-0.0695207022748187,"Converged","MLE",FALSE,FALSE,0.25
321,-2.17776082848162,2.37677329706492,-0.0846382613617915,"Converged","MLE",FALSE,FALSE,0.25
322,-1.34429204127345,0.772739132715643,-0.10161347991705,"Converged","MLE",FALSE,FALSE,0.25
323,-2.35387738912856,2.49784342462707,-0.103854116367873,"Converged","MLE",FALSE,FALSE,0.25
324,-1.78431675428646,1.18410106670004,-0.0821373252291063,"Converged","CC",TRUE,FALSE,0.25
325,-1.77301441699939,1.18959016097779,-0.100582710664311,"Converged","MLE",FALSE,FALSE,0.25
326,NA,NA,NA,"MAX_ITER reached","MLE",FALSE,FALSE,0.25
327,-2.01604060145142,2.30879462256878,-0.147733242168253,"Converged","MLE",FALSE,FALSE,0.25
328,-1.07835288954912,0.491834871812942,-0.227551037443074,"Converged","MLE",TRUE,FALSE,0.25
329,-1.59448964317015,1.5015532053874,-0.171304067659822,"Converged","MLE",FALSE,FALSE,0.25
330,-1.79996577214417,2.21795991989813,-0.152852114519047,"Converged","MLE",FALSE,FALSE,0.25
331,-1.08510610422818,-0.439123576796175,-0.127979475008248,"Converged","MLE",FALSE,FALSE,0.25
332,-1.59007904293074,0.90903993643033,-0.131160043349452,"Converged","MLE",FALSE,FALSE,0.25
333,-2.0260198875192,1.92577678768873,-0.128074454261336,"Converged","MLE",FALSE,FALSE,0.25
334,-2.11604502715969,2.10531732302817,-0.097540455422859,"Converged","MLE",FALSE,FALSE,0.25
335,-2.06284951206465,1.47596237941032,-0.0995111697995117,"Converged","MLE",FALSE,FALSE,0.25
336,-2.37131285199402,2.17106863366295,-0.0451748712583732,"Converged","MLE",FALSE,FALSE,0.25
337,-1.63549115771586,1.62152829011327,-0.136803376493507,"Converged","MLE",FALSE,FALSE,0.25
338,-2.01261122709384,1.81780051246998,-0.0827171478764697,"Converged","MLE",FALSE,FALSE,0.25
339,-2.24206903777223,2.57912332938655,-0.097952456793412,"Converged","MLE",FALSE,FALSE,0.25
340,-1.71096533871853,1.484089124681,-0.120357221939942,"Converged","MLE",FALSE,FALSE,0.25
341,-1.91213659204479,0.396180281742957,0.00155659507029323,"Converged","MLE",FALSE,FALSE,0.25
342,-1.92385640639466,1.46441979450327,-0.0963880549321128,"Converged","MLE",FALSE,FALSE,0.25
343,-1.3907274368541,0.60717228522819,-0.130367334072614,"Converged","MLE",FALSE,FALSE,0.25
344,-1.86016295593791,1.06362329218065,-0.085606237479655,"Converged","MLE",FALSE,FALSE,0.25
345,-1.5275521193395,1.07004051270138,-0.146376221395195,"Converged","MLE",FALSE,FALSE,0.25
346,-1.13791072132042,-0.528374919615904,-0.115575525977231,"Converged","MLE",FALSE,FALSE,0.25
347,-2.38710179129324,2.25496203531968,-0.0385798951044385,"Converged","MLE",TRUE,FALSE,0.25
348,-2.25858875690009,2.05268313928393,-0.0470628698229888,"Converged","MLE",FALSE,FALSE,0.25
349,-2.12453368433213,1.93557916099351,-0.0836466229892387,"Converged","MLE",FALSE,FALSE,0.25
350,-1.759241342262,1.89839744854974,-0.131713497422176,"Converged","MLE",FALSE,FALSE,0.25
351,-1.97985649406293,1.41512325367994,-0.0658614925226886,"Converged","MLE",FALSE,FALSE,0.25
352,-1.23773739809906,0.27698128666004,-0.138447384231567,"Converged","MLE",FALSE,FALSE,0.25
353,-1.5636512453577,0.266694631607508,-0.0631856986572432,"Converged","MLE",FALSE,FALSE,0.25
354,-1.43202160573217,0.0423707985521357,-0.0727575272435707,"Converged","MLE",FALSE,FALSE,0.25
355,-1.42076185792692,0.58152517952782,-0.112810326309402,"Converged","MLE",FALSE,FALSE,0.25
356,-1.6890610833284,1.46159606049677,-0.106773401935673,"Converged","MLE",TRUE,FALSE,0.25
357,-1.95623768670115,1.0022621527445,-0.0345828978163358,"Converged","MLE",TRUE,FALSE,0.25
358,-2.0991118569755,1.56929561013162,-0.0515826831140438,"Converged","MLE",FALSE,FALSE,0.25
359,-1.54250469560669,0.451547364836626,-0.0753028083963384,"Converged","MLE",FALSE,FALSE,0.25
360,-1.5868268534858,0.823671444979649,-0.1213945626358,"Converged","MLE",FALSE,FALSE,0.25
361,-1.90762115014367,1.56671246327454,-0.0945933107500031,"Converged","MLE",FALSE,FALSE,0.25
362,-1.55162846410401,0.854449465181867,-0.141268074623457,"Converged","MLE",TRUE,FALSE,0.25
363,-2.28376432639303,1.04962729020622,0.00764482530460731,"Converged","MLE",FALSE,FALSE,0.25
364,-1.64035214845961,1.87187275780328,-0.187106504756447,"Converged","MLE",FALSE,FALSE,0.25
365,-2.11604142439315,2.54939302921785,-0.141193375447278,"Converged","MLE",FALSE,FALSE,0.25
366,-1.46326779169083,0.11435444840595,-0.108477674835342,"Converged","MLE",TRUE,FALSE,0.25
367,-1.46197222704669,1.38409730690603,-0.197279682998057,"Converged","MLE",FALSE,FALSE,0.25
368,-2.0495265081828,1.80288871678021,-0.0688901052638574,"Converged","MLE",TRUE,FALSE,0.25
369,-2.02662912134188,2.08624320407509,-0.0732745498080671,"Converged","MLE",TRUE,FALSE,0.25
370,-1.93447684967564,1.81822838093968,-0.0973433633242584,"Converged","MLE",FALSE,FALSE,0.25
371,-2.17493147763125,1.53534642044392,-0.0300254707884705,"Converged","MLE",FALSE,FALSE,0.25
372,-2.39571277553943,2.33458073794197,-0.047229488705369,"Converged","MLE",TRUE,FALSE,0.25
373,-1.50401107699605,1.04573052750713,-0.203082723270593,"Converged","MLE",FALSE,FALSE,0.25
374,-1.61643502884543,1.2091810146666,-0.10738489447371,"Converged","MLE",FALSE,FALSE,0.25
375,-2.10301246341984,2.3909696324367,-0.103941438997934,"Converged","MLE",FALSE,FALSE,0.25
376,-1.44967930591516,0.930468379416067,-0.108982895853921,"Converged","MLE",FALSE,FALSE,0.25
377,-1.36293536845014,-0.0372608240726988,-0.121819370487835,"Converged","MLE",FALSE,FALSE,0.25
378,-1.49318279872238,1.05239197190319,-0.164640088030607,"Converged","MLE",FALSE,FALSE,0.25
379,-1.57022292718274,1.19615752211126,-0.106787885132195,"Converged","MLE",FALSE,FALSE,0.25
380,-1.53011463135064,1.12676568968902,-0.142957569162677,"Converged","MLE",FALSE,FALSE,0.25
381,-1.87593877955168,1.5796568611703,-0.132980859395278,"Converged","MLE",FALSE,FALSE,0.25
382,-2.06579119991907,1.5871633200433,-0.0479612818381235,"Converged","MLE",TRUE,FALSE,0.25
383,-1.18333779056659,0.293294224250137,-0.160933372937967,"Converged","MLE",FALSE,FALSE,0.25
384,-1.67119030172984,1.52164881111846,-0.112619405438428,"Converged","MLE",FALSE,FALSE,0.25
385,-1.86736174419718,1.33218613593376,-0.0614252858077624,"Converged","MLE",FALSE,FALSE,0.25
386,-1.74576426881177,1.25110854943266,-0.139741987725679,"Converged","MLE",FALSE,FALSE,0.25
387,-1.94780602435946,1.85975610195615,-0.0951062501740779,"Converged","MLE",FALSE,FALSE,0.25
388,-2.03371450122054,1.65243342099516,-0.0830198938184492,"Converged","MLE",FALSE,FALSE,0.25
389,NA,NA,NA,NA,"MLE",FALSE,TRUE,0.25
390,-1.76525573669702,0.773047931912384,-0.0935730583942477,"Converged","MLE",FALSE,FALSE,0.25
391,-2.0441527952051,1.77767076445833,-0.0665649279834802,"Converged","MLE",FALSE,FALSE,0.25
392,-2.23269949693052,2.54213837429932,-0.0678314092657758,"Converged","MLE",FALSE,FALSE,0.25
393,-1.65792130298237,0.896890035631356,-0.115865457681855,"Converged","MLE",FALSE,FALSE,0.25
394,-2.04559288537591,1.76173032661743,-0.0580493804077271,"Converged","MLE",FALSE,FALSE,0.25
395,-2.4487969595002,2.82927624417877,-0.0878751494408206,"Converged","MLE",FALSE,FALSE,0.25
396,-1.88734723843512,0.500659796643448,-0.0574839831802061,"Converged","CC",FALSE,FALSE,0.25
397,-2.2120527467608,2.48268561230391,-0.0860401444315669,"Converged","MLE",FALSE,FALSE,0.25
398,-1.5464712682827,-0.0164151908439334,-0.053861734074358,"Converged","CC",FALSE,FALSE,0.25
399,-1.74854258073987,1.42811848046222,-0.102571776316699,"Converged","MLE",FALSE,FALSE,0.25
400,-2.11516844611802,2.32896199899993,-0.0875046099409626,"Converged","CC",TRUE,FALSE,0.25
401,-1.80191718424617,1.4751527523108,-0.0860939228799841,"Converged","MLE",TRUE,FALSE,0.25
402,-1.77443588834953,2.03206844303297,-0.151914974937327,"Converged","MLE",TRUE,FALSE,0.25
403,-2.01510367380711,1.60235552048896,-0.116818077558252,"Converged","MLE",TRUE,FALSE,0.25
404,-2.09168819158639,1.43277805979313,-0.0491861714413091,"Converged","MLE",FALSE,FALSE,0.25
405,-1.81908306477273,1.26171339414307,-0.0902474497427711,"Converged","MLE",FALSE,FALSE,0.25
406,-1.61524430251691,1.05276357297988,-0.116880269827599,"Converged","MLE",FALSE,FALSE,0.25
407,-2.00222541303246,2.65082775378079,-0.144738844499299,"Converged","MLE",FALSE,FALSE,0.25
408,-1.87977613523166,1.68993271962584,-0.1300771740009,"Converged","CC",FALSE,FALSE,0.25
409,-2.22129640192927,1.88335227300163,-0.02562398489045,"Converged","MLE",FALSE,FALSE,0.25
410,-2.01596999270772,1.61266390663254,-0.0695883062593601,"Converged","MLE",TRUE,FALSE,0.25
411,-1.46597904365302,0.214622946079414,-0.0539610674350706,"Converged","MLE",FALSE,FALSE,0.25
412,NA,NA,NA,"MAX_ITER reached","MLE",FALSE,FALSE,0.25
413,NA,NA,NA,"MAX_ITER reached","MLE",FALSE,FALSE,0.25
414,-2.15901917862253,1.71325184691993,-0.0403838668314597,"Converged","MLE",FALSE,FALSE,0.25
415,-2.03206492716085,1.71977214591695,-0.100372474765578,"Converged","MLE",FALSE,FALSE,0.25
416,-1.88090588332981,1.42961337196498,-0.0554554003431724,"Converged","MLE",FALSE,FALSE,0.25
417,-1.64364859149026,1.18834515930485,-0.153517982065453,"Converged","CC",FALSE,FALSE,0.25
418,-1.93318049317654,1.91355856292821,-0.108910351633267,"Converged","MLE",FALSE,FALSE,0.25
419,-2.02432539799324,1.81947812886321,-0.105738967169109,"Converged","MLE",FALSE,FALSE,0.25
420,-2.09350567233256,2.02173885992578,-0.0733342572207967,"Converged","MLE",FALSE,FALSE,0.25
421,-1.69225777276848,0.917491520309395,-0.112127101610664,"Converged","MLE",FALSE,FALSE,0.25
422,-1.36842338699675,0.573514060060607,-0.144353738745142,"Converged","MLE",FALSE,FALSE,0.25
423,-1.91672430210866,1.54383990317418,-0.100620081314525,"Converged","MLE",FALSE,FALSE,0.25
424,-1.66317014472526,0.0726664254408719,-0.0347751114481628,"Converged","CC",FALSE,FALSE,0.25
425,-1.4110406059348,1.25129952384029,-0.182664156461386,"Converged","MLE",FALSE,FALSE,0.25
426,-1.79915748058285,1.86935365719902,-0.103008294670281,"Converged","MLE",FALSE,FALSE,0.25
427,-1.62250685515082,1.42954762913751,-0.139380753120278,"Converged","MLE",FALSE,FALSE,0.25
428,-1.78487863900753,1.28496541457701,-0.1309561632379,"Converged","MLE",FALSE,FALSE,0.25
429,-1.7500681752416,1.10052049356785,-0.0801981695433578,"Converged","MLE",FALSE,FALSE,0.25
430,-1.61085380158423,0.51590249861055,-0.0796260814058082,"Converged","MLE",FALSE,FALSE,0.25
431,-1.72416354225987,1.1073986917718,-0.08416507488932,"Converged","MLE",FALSE,FALSE,0.25
432,-1.91500171787683,2.4221398300366,-0.161750683336381,"Converged","MLE",FALSE,FALSE,0.25
433,-1.76277704461149,1.84196407620023,-0.111857015387098,"Converged","MLE",FALSE,FALSE,0.25
434,-2.0262255776124,1.53312516064565,-0.0688696741179056,"Converged","MLE",FALSE,FALSE,0.25
435,-2.40994972887512,1.7038749412446,-0.0135119126703477,"Converged","CC",FALSE,FALSE,0.25
436,-2.49089922016354,2.82345348987451,-0.0943997581779558,"Converged","MLE",FALSE,FALSE,0.25
437,-1.54753835299281,1.33030305210547,-0.128255840016447,"Converged","CC",FALSE,FALSE,0.25
438,-2.07274899037105,1.99699365609316,-0.0991458985555775,"Converged","MLE",FALSE,FALSE,0.25
439,-1.98763937667324,1.83458563862665,-0.0718401323936586,"Converged","MLE",FALSE,FALSE,0.25
440,-1.89612200163821,0.804917376807716,-0.0530737078497589,"Converged","MLE",FALSE,FALSE,0.25
441,-2.18972322138303,1.63086537319947,-0.0760067321630856,"Converged","MLE",FALSE,FALSE,0.25
442,-1.91786196580088,1.85017620560498,-0.0822424681655733,"Converged","MLE",TRUE,FALSE,0.25
443,-1.28073597142385,-0.827202410053544,-0.059479230568203,"Converged","MLE",FALSE,FALSE,0.25
444,-1.90329873063409,0.689993769839332,-0.0279974987794754,"Converged","MLE",FALSE,FALSE,0.25
445,-1.06374173478518,-0.4247042673556,-0.144350449503911,"Converged","MLE",FALSE,FALSE,0.25
446,-1.97049363481482,1.68275471742499,-0.103778995740048,"Converged","MLE",TRUE,FALSE,0.25
447,-1.8831546430429,0.856839662345559,-0.0512047683099531,"Converged","MLE",FALSE,FALSE,0.25
448,-1.68559166966511,1.44655902966242,-0.10135392040889,"Converged","MLE",FALSE,FALSE,0.25
449,-1.81959744490082,0.814297931594691,-0.0873188539186557,"Converged","MLE",FALSE,FALSE,0.25
450,-1.89306867545535,1.49508043125949,-0.112156878845796,"Converged","CC",FALSE,FALSE,0.25
451,-1.6373182541145,0.898250568851032,-0.0599133141641422,"Converged","MLE",FALSE,FALSE,0.25
452,-2.18190697006668,1.18096623619167,-0.00330464563589364,"Converged","MLE",FALSE,FALSE,0.25
453,-1.26583761686886,-0.29959667593588,-0.0832844733298415,"Converged","MLE",FALSE,FALSE,0.25
454,-1.70722436367477,0.92713825721679,-0.0842612071785664,"Converged","MLE",FALSE,FALSE,0.25
455,-1.86614133800934,2.36893357913136,-0.165091843597705,"Converged","MLE",FALSE,FALSE,0.25
456,-1.62825119230019,0.962485028189891,-0.0851824116073808,"Converged","MLE",FALSE,FALSE,0.25
457,-1.97957341569266,1.72035176044896,-0.0858029052985711,"Converged","MLE",TRUE,FALSE,0.25
458,-1.44487315547162,0.405413493807699,-0.0679887532386037,"Converged","CC",FALSE,FALSE,0.25
459,-1.87108942271204,1.65649903364575,-0.13869537635519,"Converged","MLE",FALSE,FALSE,0.25
460,-0.998631137888235,0.770894104863284,-0.23118365780127,"Converged","MLE",FALSE,FALSE,0.25
461,-1.04554938186973,0.265061355425134,-0.18845662154765,"Converged","MLE",FALSE,FALSE,0.25
462,-1.97184458879021,1.69179924736403,-0.0798505839935635,"Converged","MLE",TRUE,FALSE,0.25
463,-1.73304344148361,1.93005193218993,-0.163402793400624,"Converged","CC",FALSE,FALSE,0.25
464,-1.7473286746423,1.15103162396561,-0.0672701605520574,"Converged","CC",FALSE,FALSE,0.25
465,-0.947607965332743,0.321811748262974,-0.191689512303085,"Converged","MLE",FALSE,FALSE,0.25
466,-2.00853427485602,1.39713781889425,-0.0689576818914857,"Converged","CC",FALSE,FALSE,0.25
467,-2.05224072566972,1.41891822447036,-0.087513304825002,"Converged","CC",TRUE,FALSE,0.25
468,-2.58795717696229,2.57692942445045,-0.0674196882741637,"Converged","MLE",FALSE,FALSE,0.25
469,-2.08367535651006,1.93479996651493,-0.0975742366644715,"Converged","MLE",FALSE,FALSE,0.25
470,-1.56561991032982,1.03792298680961,-0.1229015516273,"Converged","MLE",FALSE,FALSE,0.25
471,-1.51147615609597,0.787622462453773,-0.142872325969642,"Converged","MLE",FALSE,FALSE,0.25
472,-1.93605580057357,1.13852265513544,-0.062308074754511,"Converged","MLE",TRUE,FALSE,0.25
473,-1.46478002721639,0.705364751369115,-0.10432592543637,"Converged","MLE",TRUE,FALSE,0.25
474,-1.64148554974632,1.16778211560833,-0.12930938158457,"Converged","MLE",TRUE,FALSE,0.25
475,-1.80581435750093,0.125516583245291,-0.0188712440757917,"Converged","MLE",FALSE,FALSE,0.25
476,-2.36416505555812,2.15076072324961,-0.0512519965241674,"Converged","MLE",FALSE,FALSE,0.25
477,-2.04597092479626,1.09516221415127,-0.0485217864013889,"Converged","MLE",TRUE,FALSE,0.25
478,-1.58586962270884,0.896131329402359,-0.138784463910577,"Converged","MLE",FALSE,FALSE,0.25
479,-1.8834869588107,1.63988688430686,-0.12418883689264,"Converged","MLE",FALSE,FALSE,0.25
480,-1.89888320540059,1.68549380590675,-0.0955984453392716,"Converged","CC",TRUE,FALSE,0.25
481,-1.7253873480305,0.395645252663258,-0.0743944413172646,"Converged","MLE",TRUE,FALSE,0.25
482,-1.27239916060856,0.252944419488925,-0.121894109109685,"Converged","MLE",FALSE,FALSE,0.25
483,-1.98800161211896,1.65567148103654,-0.0564488281926019,"Converged","MLE",TRUE,FALSE,0.25
484,-2.40848724985985,1.84762323082488,-0.00587566959902667,"Converged","MLE",FALSE,FALSE,0.25
485,-1.59907685847362,1.0575349777825,-0.124066177385837,"Converged","MLE",FALSE,FALSE,0.25
486,-1.86881544743672,1.4419062663448,-0.103518600150412,"Converged","MLE",FALSE,FALSE,0.25
487,-1.76246820803,1.63727542815333,-0.141242237230931,"Converged","MLE",FALSE,FALSE,0.25
488,-1.84079909276376,1.76911000152117,-0.105055409172584,"Converged","MLE",FALSE,FALSE,0.25
489,-1.20588398340941,0.728050107136269,-0.190220398799685,"Converged","MLE",TRUE,FALSE,0.25
490,-1.21100274469126,0.308656738563984,-0.155094092746013,"Converged","MLE",FALSE,FALSE,0.25
491,-1.63185822799572,0.537138984415402,-0.0956534992276462,"Converged","MLE",FALSE,FALSE,0.25
492,-0.949775409928792,0.556011341926093,-0.227104225432798,"Converged","MLE",FALSE,FALSE,0.25
493,-2.06529173249834,1.51954563085472,-0.0682979064386469,"Converged","MLE",FALSE,FALSE,0.25
494,-2.06227936382781,2.61462024285607,-0.18081051331392,"Converged","CC",FALSE,FALSE,0.25
495,-2.12872470589967,1.33372024110571,-0.0242715800281403,"Converged","MLE",FALSE,FALSE,0.25
496,-1.34417094207911,1.10118950911014,-0.167806301107067,"Converged","MLE",TRUE,FALSE,0.25
497,-1.53410318662812,0.495573568354216,-0.0876842951484972,"Converged","MLE",FALSE,FALSE,0.25
498,-2.01274930460219,2.60061396430416,-0.148916977303473,"Converged","CC",FALSE,FALSE,0.25
499,-2.00407227130106,2.59254068923051,-0.171700677109163,"Converged","MLE",FALSE,FALSE,0.25
500,-1.68006556449698,1.61628470469225,-0.12795731404126,"Converged","MLE",TRUE,FALSE,0.25
501,-1.64273585270571,0.104098823826759,-0.046671975756456,"Converged","MLE",FALSE,FALSE,0.25
502,-1.25746084186356,0.399091293626292,-0.149771022972433,"Converged","MLE",FALSE,FALSE,0.25
503,-2.18156926711888,1.8081629033914,-0.0549348732075791,"Converged","MLE",TRUE,FALSE,0.25
504,-1.31880047023479,0.502226223175626,-0.123767748986021,"Converged","MLE",FALSE,FALSE,0.25
505,-1.88975655073827,1.40370353977322,-0.0834851359379632,"Converged","MLE",FALSE,FALSE,0.25
506,-1.83017955240473,0.705100875274872,-0.0828613326998217,"Converged","MLE",FALSE,FALSE,0.25
507,-1.92801238548929,0.907422439441559,-0.0707220559422767,"Converged","MLE",FALSE,FALSE,0.25
508,-1.65693737309086,0.653557452690023,-0.111869807494781,"Converged","MLE",FALSE,FALSE,0.25
509,-1.7059113435577,1.21308516219684,-0.112202397547508,"Converged","CC",FALSE,FALSE,0.25
510,-1.73147508041011,1.30326005101664,-0.0896487868150005,"Converged","MLE",FALSE,FALSE,0.25
511,-1.52238542690628,1.09613060159594,-0.162619288449512,"Converged","MLE",TRUE,FALSE,0.25
512,-1.72591663628346,0.051247330639945,0.00426748288786385,"Converged","MLE",FALSE,FALSE,0.25
513,-1.75070053755788,1.18116041444853,-0.0736313774710827,"Converged","MLE",TRUE,FALSE,0.25
514,-2.01279184884185,1.3503684196289,-0.0550077634410643,"Converged","MLE",TRUE,FALSE,0.25
515,-1.88173840190418,2.31482955451568,-0.149381385224607,"Converged","MLE",FALSE,FALSE,0.25
516,-2.04572598196762,1.04322614772755,-0.0427252883094524,"Converged","MLE",TRUE,FALSE,0.25
517,-2.20655425837882,2.36460828114194,-0.0884577967994023,"Converged","MLE",FALSE,FALSE,0.25
518,-2.04970570256794,2.88769207140767,-0.171741730397312,"Converged","MLE",TRUE,FALSE,0.25
519,-1.5903889476634,1.09837367165139,-0.113808327526785,"Converged","MLE",FALSE,FALSE,0.25
520,-1.93589095660191,1.34924405335124,-0.0888430324236118,"Converged","MLE",FALSE,FALSE,0.25
521,-1.57627409089706,0.828516915352715,-0.133950200392382,"Converged","MLE",FALSE,FALSE,0.25
522,-1.6778111201822,0.80156782955611,-0.115998261627375,"Converged","MLE",FALSE,FALSE,0.25
523,-1.60365462083096,1.69719410744333,-0.172120196670456,"Converged","MLE",FALSE,FALSE,0.25
524,-2.012562103001,1.19606403576516,-0.0639029655391508,"Converged","MLE",FALSE,FALSE,0.25
525,-1.6530356707038,1.34745308144475,-0.153942682964303,"Converged","CC",FALSE,FALSE,0.25
526,-1.6662515311942,1.35183834580732,-0.115807034941959,"Converged","CC",FALSE,FALSE,0.25
527,-1.64756542793504,0.774870232821612,-0.0649190872991251,"Converged","MLE",FALSE,FALSE,0.25
528,-2.48724626219428,2.80957579054531,-0.0489215677013106,"Converged","MLE",FALSE,FALSE,0.25
529,-1.61726459371295,1.19577021290461,-0.106796923786988,"Converged","CC",TRUE,FALSE,0.25
530,-2.03894365822818,1.97283761639927,-0.0782211454630339,"Converged","MLE",FALSE,FALSE,0.25
531,-1.80219276273867,1.17726875730013,-0.125998614224024,"Converged","MLE",FALSE,FALSE,0.25
532,-1.29457111490591,0.0553718182125964,-0.105473037583904,"Converged","MLE",FALSE,FALSE,0.25
533,-1.91135592461054,0.805257703793454,-0.0584431770102947,"Converged","MLE",TRUE,FALSE,0.25
534,-1.519961763419,0.472090565829976,-0.0711459723119527,"Converged","MLE",FALSE,FALSE,0.25
535,-1.65168918370497,0.851249176301004,-0.120446797668043,"Converged","MLE",FALSE,FALSE,0.25
536,-1.82280426453675,0.889173948657847,-0.0285746797513666,"Converged","MLE",FALSE,FALSE,0.25
537,-1.40632097297392,0.347744053034548,-0.10807232846853,"Converged","MLE",FALSE,FALSE,0.25
538,-1.9728700256015,2.06152459984093,-0.0936111732395333,"Converged","MLE",FALSE,FALSE,0.25
539,-1.54880616723656,0.695979017367181,-0.113290834421543,"Converged","MLE",TRUE,FALSE,0.25
540,-1.64668472154989,0.373416973359457,-0.0634802494278491,"Converged","MLE",FALSE,FALSE,0.25
541,-1.73590507335125,1.59449030293281,-0.0920186903129865,"Converged","MLE",FALSE,FALSE,0.25
542,-1.34690840691956,0.288371641195199,-0.117975393710263,"Converged","MLE",FALSE,FALSE,0.25
543,-1.19024249068049,0.276534384274817,-0.16787962812457,"Converged","MLE",FALSE,FALSE,0.25
544,-1.39177890520544,0.343901507831482,-0.107705860770406,"Converged","MLE",FALSE,FALSE,0.25
545,NA,NA,NA,"MAX_ITER reached","MLE",FALSE,FALSE,0.25
546,-2.24867260443714,2.69961000735258,-0.103990361137618,"Converged","MLE",FALSE,FALSE,0.25
547,-2.06676088377961,1.69039761152982,-0.0566588719112466,"Converged","MLE",FALSE,FALSE,0.25
548,-1.72962733164026,1.76316943258836,-0.129213856172453,"Converged","MLE",FALSE,FALSE,0.25
549,-1.50056228337303,0.987282016060181,-0.123356772746833,"Converged","MLE",FALSE,FALSE,0.25
550,-1.85465401595412,0.981135512060636,-0.100175411292446,"Converged","MLE",FALSE,FALSE,0.25
551,-1.87632847472301,1.43954237496191,-0.0777103997039045,"Converged","MLE",FALSE,FALSE,0.25
552,-1.7265323828887,1.25662291520559,-0.104465752393001,"Converged","MLE",FALSE,FALSE,0.25
553,-2.45848765393193,2.49527989628142,-0.088151987078669,"Converged","MLE",FALSE,FALSE,0.25
554,-1.75693777004266,1.70337502671618,-0.124425558536745,"Converged","CC",TRUE,FALSE,0.25
555,-1.47352945357562,0.976808901822312,-0.146005828386089,"Converged","MLE",FALSE,FALSE,0.25
556,-1.59214228817172,0.874027227269114,-0.0913882798234281,"Converged","MLE",FALSE,FALSE,0.25
557,-1.56316967578709,1.369805552248,-0.153346333661021,"Converged","MLE",FALSE,FALSE,0.25
558,-2.31943359926651,3.01678050911285,-0.122375873389655,"Converged","MLE",FALSE,FALSE,0.25
559,-1.36017984226886,0.347799880168991,-0.133104170198837,"Converged","MLE",FALSE,FALSE,0.25
560,-1.48861054733927,1.24101321767719,-0.149769217659423,"Converged","MLE",FALSE,FALSE,0.25
561,-1.28709687411242,0.0533974156654806,-0.104540223245046,"Converged","MLE",TRUE,FALSE,0.25
562,-1.19797261033205,-0.271759558505403,-0.100034333035527,"Converged","MLE",TRUE,FALSE,0.25
563,-1.26027397519602,0.305690983073197,-0.168873353214616,"Converged","MLE",FALSE,FALSE,0.25
564,-2.23065243406722,1.26198156861859,0.00201697581579874,"Converged","MLE",FALSE,FALSE,0.25
565,-1.78849494341128,0.747410789978069,-0.0766095962600323,"Converged","MLE",FALSE,FALSE,0.25
566,-1.09744013591247,0.0688985151706334,-0.122984622571365,"Converged","MLE",FALSE,FALSE,0.25
567,-1.80958536899197,1.29811073346624,-0.0859447055957973,"Converged","MLE",FALSE,FALSE,0.25
568,-2.22248733101703,2.22392078617106,-0.113630512061335,"Converged","MLE",FALSE,FALSE,0.25
569,-2.58872083981712,2.48839976514192,-0.0478716133482809,"Converged","MLE",FALSE,FALSE,0.25
570,-2.09765649377142,1.97907609420264,-0.0535670255338364,"Converged","MLE",FALSE,FALSE,0.25
571,-1.35981287457298,0.899604174866776,-0.165022471229187,"Converged","MLE",FALSE,FALSE,0.25
572,-1.43075937722146,0.967783329882652,-0.123519050431663,"Converged","MLE",FALSE,FALSE,0.25
573,-2.12342803784491,2.08667364066676,-0.0955676976920342,"Converged","MLE",FALSE,FALSE,0.25
574,-1.49306318076931,0.903420305736957,-0.137880389388574,"Converged","MLE",FALSE,FALSE,0.25
575,-1.56334074465996,0.501599193556959,-0.11157450983278,"Converged","MLE",FALSE,FALSE,0.25
576,-1.66314076882307,1.45362328813581,-0.146041649171616,"Converged","MLE",FALSE,FALSE,0.25
577,-1.84525968563378,1.31494478127613,-0.0501079154114368,"Converged","MLE",FALSE,FALSE,0.25
578,-1.75643983508938,0.641687257491973,-0.0504461270745233,"Converged","MLE",FALSE,FALSE,0.25
579,-1.64183744649779,0.184277491486975,-0.0516316476094172,"Converged","MLE",FALSE,FALSE,0.25
580,-1.73117326314274,0.708266334466451,-0.0709142758140199,"Converged","MLE",FALSE,FALSE,0.25
581,-1.47918292390821,0.0673870383010244,-0.0949542696549303,"Converged","MLE",FALSE,FALSE,0.25
582,-1.73619286376507,1.39990097516337,-0.120579993888343,"Converged","MLE",FALSE,FALSE,0.25
583,-2.09948792888003,1.06523736251088,-0.0181782146686042,"Converged","CC",TRUE,FALSE,0.25
584,-1.3593704266483,0.492127733212436,-0.13433796667491,"Converged","MLE",FALSE,FALSE,0.25
585,-1.78668248359786,0.971691164730797,-0.0930966382381062,"Converged","MLE",FALSE,FALSE,0.25
586,-2.81023052354986,3.04246857985666,-0.0584753971091897,"Converged","MLE",FALSE,FALSE,0.25
587,-1.59028546555733,0.301730648748293,-0.0502364672488254,"Converged","MLE",TRUE,FALSE,0.25
588,-2.00291412484669,0.664848054892869,-0.0146790936442602,"Converged","MLE",FALSE,FALSE,0.25
589,-1.90585694663158,1.72569786379273,-0.151960689865452,"Converged","MLE",FALSE,FALSE,0.25
590,-1.68485867874287,0.503395823832032,-0.0179659728203326,"Converged","MLE",TRUE,FALSE,0.25
591,-1.70634799498693,1.01910906993754,-0.0786729017856473,"Converged","MLE",FALSE,FALSE,0.25
592,-2.02818274039516,1.69407944869091,-0.0885926738551286,"Converged","MLE",FALSE,FALSE,0.25
593,-1.98733014536452,1.14357276087816,-0.0540840790611446,"Converged","MLE",FALSE,FALSE,0.25
594,-1.73717567881815,1.09249231956615,-0.101629769060897,"Converged","MLE",FALSE,FALSE,0.25
595,-1.37506726035274,0.0659406910115289,-0.0942960401570986,"Converged","MLE",FALSE,FALSE,0.25
596,-1.8161871454391,1.4829533628815,-0.1180309412879,"Converged","MLE",TRUE,FALSE,0.25
597,-1.84627590742529,1.71591998053563,-0.122792196579017,"Converged","MLE",FALSE,FALSE,0.25
598,-1.48643847645111,0.130693429453984,-0.0854125020567723,"Converged","MLE",FALSE,FALSE,0.25
599,-1.22956614746319,0.322531307305367,-0.121218587947295,"Converged","CC",FALSE,FALSE,0.25
600,-1.32202169769403,-0.550370633630111,-0.0898329165699366,"Converged","MLE",FALSE,FALSE,0.25
601,-2.03113693790349,2.0152475807206,-0.0934237480267103,"Converged","MLE",FALSE,FALSE,0.25
602,-1.79390685163908,1.79933144993733,-0.181185776602572,"Converged","MLE",FALSE,FALSE,0.25
603,-1.66416550810187,1.2276128463245,-0.139667707579117,"Converged","MLE",TRUE,FALSE,0.25
604,-1.53694344941145,0.190735321667716,-0.129639537179784,"Converged","MLE",FALSE,FALSE,0.25
605,-1.50976230134507,1.10288348043308,-0.138539064505023,"Converged","MLE",FALSE,FALSE,0.25
606,-1.68316667886453,1.28444239024098,-0.137732147915018,"Converged","MLE",FALSE,FALSE,0.25
607,-1.59887687010369,1.22615981681441,-0.110240230870273,"Converged","MLE",FALSE,FALSE,0.25
608,-2.12023463048001,1.63032201894381,-0.0393250933618045,"Converged","MLE",FALSE,FALSE,0.25
609,-1.99451148744578,2.10662173562797,-0.102870969906449,"Converged","CC",FALSE,FALSE,0.25
610,-1.60874350989519,1.65342352401346,-0.157723056731193,"Converged","MLE",FALSE,FALSE,0.25
611,-1.82633458852155,0.780332903571447,-0.0816502714890847,"Converged","MLE",FALSE,FALSE,0.25
612,-2.2019721438302,2.34213882655957,-0.0994064406596878,"Converged","CC",FALSE,FALSE,0.25
613,-2.16372731500858,2.13546834336685,-0.0965968600157477,"Converged","MLE",FALSE,FALSE,0.25
614,-1.78928536712527,1.51244064286234,-0.115979096128202,"Converged","MLE",FALSE,FALSE,0.25
615,-1.55535664898054,1.04679634463631,-0.157442991314225,"Converged","MLE",FALSE,FALSE,0.25
616,-1.98779840714773,2.13324804080562,-0.126297618651347,"Converged","CC",FALSE,FALSE,0.25
617,-2.36402420953526,1.70534032270295,-0.0268874357085239,"Converged","MLE",FALSE,FALSE,0.25
618,-2.02654395975558,1.10034899383099,-0.0260089691288275,"Converged","MLE",FALSE,FALSE,0.25
619,-2.3079090612125,1.4148451529438,-0.0144352393824251,"Converged","MLE",TRUE,FALSE,0.25
620,NA,NA,NA,"MAX_ITER reached","MLE",FALSE,FALSE,0.25
621,-1.81755132746746,1.58744582155082,-0.102618130815377,"Converged","MLE",FALSE,FALSE,0.25
622,-1.54875300332971,1.05575199845883,-0.149268746078398,"Converged","MLE",FALSE,FALSE,0.25
623,-1.89680751766883,1.23971869757337,-0.0766319328771741,"Converged","MLE",FALSE,FALSE,0.25
624,-1.70255326858769,1.54376626485452,-0.106659521946338,"Converged","MLE",FALSE,FALSE,0.25
625,-1.51610687647639,0.80495556391648,-0.114828155380092,"Converged","MLE",FALSE,FALSE,0.25
626,-1.97008039961165,1.24874005235781,-0.0931061425239055,"Converged","MLE",FALSE,FALSE,0.25
627,-1.32203461938729,0.400468299307406,-0.131313267582788,"Converged","MLE",FALSE,FALSE,0.25
628,-1.92953242714547,1.97942649905932,-0.111662223250641,"Converged","MLE",FALSE,FALSE,0.25
629,-2.37103518798689,2.84228079662249,-0.0802055718439145,"Converged","MLE",FALSE,FALSE,0.25
630,-1.99612562293542,1.10372620580702,-0.0585873680116534,"Converged","MLE",FALSE,FALSE,0.25
631,-1.33394219650823,-0.0506928306621589,-0.0999272988371269,"Converged","MLE",FALSE,FALSE,0.25
632,-2.364858044832,2.61671410516237,-0.0820692936463978,"Converged","MLE",FALSE,FALSE,0.25
633,-2.07976581705098,1.89930591675918,-0.120661286453232,"Converged","MLE",FALSE,FALSE,0.25
634,-1.90471149635561,1.58332421181625,-0.0849811699507412,"Converged","MLE",FALSE,FALSE,0.25
635,-1.62534477165927,1.29128300895004,-0.129635249420454,"Converged","MLE",TRUE,FALSE,0.25
636,-2.02851947206341,2.5166639776202,-0.118835507130069,"Converged","MLE",FALSE,FALSE,0.25
637,-1.36108713247304,0.566356807182393,-0.125753216523654,"Converged","MLE",TRUE,FALSE,0.25
638,-2.13633146086618,1.53655202671436,-0.0243751969635845,"Converged","CC",FALSE,FALSE,0.25
639,-2.21810390326628,2.64363247843128,-0.129954470380049,"Converged","MLE",FALSE,FALSE,0.25
640,-2.31605905634985,1.9618246372443,-0.0554040940154756,"Converged","MLE",TRUE,FALSE,0.25
641,-1.9726589484326,2.00290499285683,-0.138184555625915,"Converged","MLE",FALSE,FALSE,0.25
642,NA,NA,NA,"MAX_ITER reached","MLE",FALSE,FALSE,0.25
643,-1.79042117145925,0.909739486551542,-0.0629610856895865,"Converged","MLE",FALSE,FALSE,0.25
644,-1.46036538363646,0.639582201563045,-0.120989823750804,"Converged","MLE",FALSE,FALSE,0.25
645,-1.4130957265318,0.801373265469021,-0.109199456733286,"Converged","MLE",FALSE,FALSE,0.25
646,-1.82041787484701,1.60935336759745,-0.129678605685943,"Converged","MLE",FALSE,FALSE,0.25
647,-1.74055210276947,1.18532357329486,-0.081468226809288,"Converged","MLE",FALSE,FALSE,0.25
648,-1.24720763333288,-0.0971864688413609,-0.0918730201488049,"Converged","MLE",TRUE,FALSE,0.25
649,-1.61870073385992,1.4818844365738,-0.114257811344596,"Converged","MLE",TRUE,FALSE,0.25
650,-1.66388215461489,1.29965041495257,-0.120760337884738,"Converged","MLE",FALSE,FALSE,0.25
651,-1.48623345304969,1.11443843037448,-0.160456469885189,"Converged","MLE",FALSE,FALSE,0.25
652,-1.43309153956388,0.362679657267626,-0.0814714822405961,"Converged","MLE",FALSE,FALSE,0.25
653,-1.36960753653362,1.06961909673151,-0.165560942841265,"Converged","MLE",TRUE,FALSE,0.25
654,-2.23563191480659,1.75221626732647,-0.0545795531498212,"Converged","CC",FALSE,FALSE,0.25
655,-1.83455694985681,2.11136511910043,-0.174605814552301,"Converged","MLE",TRUE,FALSE,0.25
656,-1.85813000864238,1.56173686648551,-0.108379230731712,"Converged","MLE",FALSE,FALSE,0.25
657,-1.81754256543662,1.10953279367351,-0.0756078436825284,"Converged","MLE",TRUE,FALSE,0.25
658,-1.72062605237375,1.66167745910228,-0.134318956370277,"Converged","MLE",FALSE,FALSE,0.25
659,-1.99998358541185,1.92374382731177,-0.113571979613553,"Converged","MLE",FALSE,FALSE,0.25
660,NA,NA,NA,NA,"MLE",FALSE,TRUE,0.25
661,-2.29978698869063,1.76756289537103,-0.0274436693179651,"Converged","MLE",FALSE,FALSE,0.25
662,-1.5393419611193,1.59217413063266,-0.140897838388384,"Converged","MLE",FALSE,FALSE,0.25
663,-1.22413630111336,-0.364822751233173,-0.0798124348430499,"Converged","MLE",FALSE,FALSE,0.25
664,-1.7578525632865,0.889843290305899,-0.126090250484537,"Converged","MLE",FALSE,FALSE,0.25
665,-2.00777755205232,1.53903063890384,-0.0495426166522615,"Converged","MLE",FALSE,FALSE,0.25
666,-1.24533894087232,0.102246400009462,-0.162055235167899,"Converged","MLE",FALSE,FALSE,0.25
667,NA,NA,NA,"MAX_ITER reached","MLE",TRUE,FALSE,0.25
668,-1.63307708442868,2.1969379325994,-0.228010345057862,"Converged","MLE",TRUE,FALSE,0.25
669,-2.48506230787429,2.67172160309356,-0.0959301332893685,"Converged","MLE",FALSE,FALSE,0.25
670,-1.78890199142045,1.39758950164414,-0.0870136813902233,"Converged","MLE",FALSE,FALSE,0.25
671,-2.05860205840005,1.49830346234195,-0.0460359560098584,"Converged","MLE",FALSE,FALSE,0.25
672,-1.67532342042141,1.09208105022034,-0.127569060779829,"Converged","MLE",FALSE,FALSE,0.25
673,-1.71498265331731,1.2651776262194,-0.0831802610730348,"Converged","CC",FALSE,FALSE,0.25
674,-2.06041935430034,1.86531417202812,-0.072721189682031,"Converged","MLE",FALSE,FALSE,0.25
675,-1.94078764385688,1.66343596087738,-0.0850793010962785,"Converged","MLE",FALSE,FALSE,0.25
676,-2.6736407084354,3.03515670865144,-0.0488565805938684,"Converged","CC",FALSE,FALSE,0.25
677,-1.13032348136231,-0.187198442904993,-0.13957151762888,"Converged","MLE",FALSE,FALSE,0.25
678,-2.03989694816435,1.87125978993315,-0.119735285311857,"Converged","MLE",TRUE,FALSE,0.25
679,-1.12183606138921,-0.243881157935021,-0.137407415404698,"Converged","MLE",TRUE,FALSE,0.25
680,-2.07662360863734,2.0308718862366,-0.0775504210678221,"Converged","MLE",FALSE,FALSE,0.25
681,-2.41006641315071,2.60707122909397,-0.0599431749101511,"Converged","MLE",TRUE,TRUE,0.25
682,-1.77976413708378,0.67364832460587,-0.0335585721533592,"Converged","MLE",FALSE,FALSE,0.25
683,-1.65566145574017,0.931673039879298,-0.0961923407626003,"Converged","MLE",TRUE,FALSE,0.25
684,-2.23884927484903,1.21853101485407,-0.0121021625462138,"Converged","MLE",FALSE,FALSE,0.25
685,-1.71890721553175,0.843462936907201,-0.0720076463042238,"Converged","MLE",FALSE,FALSE,0.25
686,-1.47917387801006,0.823853056503351,-0.124822605695694,"Converged","MLE",FALSE,FALSE,0.25
687,-1.84804113100284,1.3975198611658,-0.12807538964851,"Converged","MLE",FALSE,FALSE,0.25
688,-1.91689175978115,0.692522307480106,-0.0224817639663285,"Converged","MLE",FALSE,FALSE,0.25
689,-1.97553734439313,1.57599161202243,-0.0559703544141897,"Converged","CC",FALSE,FALSE,0.25
690,-1.97253887059755,1.17965651930211,-0.0533895194418094,"Converged","MLE",TRUE,FALSE,0.25
691,-1.73949944025299,0.756912528991954,-0.105179447787168,"Converged","MLE",FALSE,FALSE,0.25
692,-1.56654013613005,0.484798997934407,-0.0732169310421079,"Converged","MLE",FALSE,FALSE,0.25
693,NA,NA,NA,"MAX_ITER reached","MLE",FALSE,FALSE,0.25
694,-1.73105687946666,1.15196927102669,-0.0550684664332141,"Converged","MLE",FALSE,FALSE,0.25
695,-2.57330520337005,2.07712833477345,-0.039597442181594,"Converged","MLE",FALSE,FALSE,0.25
696,-2.02048676210827,0.658062154863553,0.0101890421888775,"Converged","MLE",FALSE,FALSE,0.25
697,-2.19634046975608,1.05546705554764,-0.0343051412460629,"Converged","MLE",FALSE,FALSE,0.25
698,-1.57464704338321,0.658962469045028,-0.107486848327096,"Converged","MLE",FALSE,FALSE,0.25
699,-2.18991048950885,1.93346967647668,-0.0691075841533098,"Converged","MLE",FALSE,FALSE,0.25
700,-1.4490601233349,0.53668647206992,-0.104852830384543,"Converged","MLE",FALSE,FALSE,0.25
701,-1.77527004816688,1.71131918637328,-0.117693635161578,"Converged","MLE",FALSE,FALSE,0.25
702,-1.30761253219197,0.12377272208,-0.117851759784691,"Converged","MLE",FALSE,FALSE,0.25
703,-2.10623613612928,1.081587130275,-0.0409986895703836,"Converged","MLE",FALSE,FALSE,0.25
704,-2.33669724184194,1.91866052825964,-0.0311463296550582,"Converged","MLE",TRUE,FALSE,0.25
705,-1.76515535500915,1.09050878882744,-0.111340844258308,"Converged","CC",FALSE,FALSE,0.25
706,-1.38976438361862,1.06036808861859,-0.137861144678033,"Converged","MLE",FALSE,FALSE,0.25
707,-2.14124648625609,2.00477213177587,-0.0829370271486178,"Converged","MLE",FALSE,FALSE,0.25
708,-1.51249983700319,0.372174404447147,-0.107717275746699,"Converged","MLE",TRUE,FALSE,0.25
709,-2.26639973090521,2.3071657982798,-0.0936392995521313,"Converged","CC",TRUE,FALSE,0.25
710,-1.62976481382429,1.26885704583387,-0.16302437484923,"Converged","MLE",FALSE,FALSE,0.25
711,-1.48243375717609,0.44902662279256,-0.12850591857086,"Converged","MLE",FALSE,FALSE,0.25
712,-2.16801375223313,1.10798741779332,-0.0271445790461969,"Converged","MLE",TRUE,FALSE,0.25
713,-1.60625961307002,1.22864035046236,-0.121323294287988,"Converged","MLE",FALSE,FALSE,0.25
714,-1.63580433912735,0.980746788242206,-0.128340513943877,"Converged","MLE",FALSE,FALSE,0.25
715,-1.61374527875127,1.93568205778526,-0.169690444632719,"Converged","MLE",FALSE,FALSE,0.25
716,-1.86296315661616,2.20179023809035,-0.13552528684963,"Converged","MLE",FALSE,FALSE,0.25
717,NA,NA,NA,"MAX_ITER reached","MLE",FALSE,FALSE,0.25
718,-1.92466815303239,1.45737986835451,-0.0432944535405279,"Converged","MLE",FALSE,FALSE,0.25
719,-1.33804845875089,0.488830951268539,-0.156802338460107,"Converged","MLE",TRUE,FALSE,0.25
720,-2.41874001813485,2.38881857158089,-0.0913045566072813,"Converged","MLE",FALSE,FALSE,0.25
721,-1.58293459160908,0.0385674715960711,-0.0619465395397442,"Converged","MLE",FALSE,FALSE,0.25
722,-1.81080196379483,1.44434957741876,-0.0755630735219893,"Converged","MLE",FALSE,FALSE,0.25
723,-2.54447989488242,2.96773735540961,-0.108870198927814,"Converged","MLE",FALSE,FALSE,0.25
724,-1.96941616207157,1.62565810421598,-0.0839202489989126,"Converged","MLE",FALSE,FALSE,0.25
725,-1.26732265766162,0.438258301287569,-0.0974299931720092,"Converged","MLE",FALSE,FALSE,0.25
726,-1.87534873125663,1.76389868131341,-0.109347421077953,"Converged","MLE",FALSE,FALSE,0.25
727,-1.51759335239563,1.23445835290558,-0.140348031491606,"Converged","MLE",FALSE,FALSE,0.25
728,-1.98720065950069,1.82164190241394,-0.0771055279840614,"Converged","MLE",TRUE,FALSE,0.25
729,-1.92475904949568,0.886808980356437,-0.0504176900828614,"Converged","MLE",FALSE,FALSE,0.25
730,-1.74758756704892,2.10750853768096,-0.154313537456733,"Converged","MLE",FALSE,FALSE,0.25
731,-1.77039756949305,1.58532208861632,-0.0890106753051293,"Converged","MLE",FALSE,FALSE,0.25
732,-1.66774609155417,0.866483967080006,-0.0775268100634842,"Converged","MLE",FALSE,FALSE,0.25
733,-1.60989185075698,1.30846528712907,-0.181585051184238,"Converged","MLE",FALSE,FALSE,0.25
734,-1.81854318118066,0.899780771157316,-0.0725410228178615,"Converged","MLE",FALSE,FALSE,0.25
735,-2.06441842865696,1.80201800606976,-0.0950447038294102,"Converged","MLE",FALSE,FALSE,0.25
736,-2.1773395085641,2.34922235383523,-0.133965732893153,"Converged","MLE",FALSE,FALSE,0.25
737,-2.07602779849399,1.57422554066864,-0.0711026186556531,"Converged","CC",FALSE,FALSE,0.25
738,-2.20358170462628,1.61159994699408,-0.052568057498984,"Converged","MLE",FALSE,FALSE,0.25
739,-1.28675155861787,1.64614675821133,-0.228241025086081,"Converged","MLE",TRUE,FALSE,0.25
740,-1.98939075742534,1.62569944593866,-0.0582302447157346,"Converged","MLE",FALSE,FALSE,0.25
741,-2.02503171559713,1.72381180320623,-0.108183553798545,"Converged","MLE",TRUE,FALSE,0.25
742,-2.31247049959556,2.3729018167511,-0.0791907976137641,"Converged","MLE",FALSE,FALSE,0.25
743,-1.59553144241331,0.943327949286489,-0.140230351131453,"Converged","MLE",FALSE,FALSE,0.25
744,-1.33208265019963,-0.012729464709123,-0.104995854335848,"Converged","MLE",FALSE,FALSE,0.25
745,-2.66836997610205,2.18570744378131,-0.0102636195765261,"Converged","MLE",TRUE,FALSE,0.25
746,-2.26216253974103,2.04243154680267,-0.0381619451128991,"Converged","MLE",FALSE,FALSE,0.25
747,-1.43429094824248,0.649135456328003,-0.0914178196077851,"Converged","MLE",FALSE,FALSE,0.25
748,-1.73262327611159,2.28611164575877,-0.179752584045031,"Converged","MLE",TRUE,FALSE,0.25
749,-1.58169335508093,0.589405876321085,-0.0810740884700702,"Converged","MLE",FALSE,FALSE,0.25
750,-1.73587312103015,1.31520253736484,-0.0893491182183925,"Converged","CC",FALSE,FALSE,0.25
751,-1.62732987885435,1.0027951923824,-0.123176606436046,"Converged","MLE",TRUE,FALSE,0.25
752,-1.06167506432955,-0.230766951892107,-0.149637410542959,"Converged","MLE",FALSE,FALSE,0.25
753,-2.28689094574727,2.08338521061084,-0.0814856217978924,"Converged","MLE",FALSE,FALSE,0.25
754,-1.45840934067,1.106934780025,-0.104991158350071,"Converged","MLE",FALSE,FALSE,0.25
755,-1.62587368606046,0.646524300619902,-0.0825378123819824,"Converged","MLE",FALSE,FALSE,0.25
756,-1.54334583336619,0.72455651549659,-0.067498424796338,"Converged","MLE",FALSE,FALSE,0.25
757,-1.59061410076753,0.814448131268243,-0.0811800702851899,"Converged","CC",FALSE,FALSE,0.25
758,-1.64662766027755,1.30451382005755,-0.118727064786994,"Converged","MLE",FALSE,FALSE,0.25
759,-1.27972109925637,0.431063805310901,-0.126936618126941,"Converged","MLE",TRUE,FALSE,0.25
760,-1.66360662435615,1.17502422053989,-0.103653983714029,"Converged","MLE",FALSE,FALSE,0.25
761,-1.79701281952734,1.54875785718589,-0.122352352235297,"Converged","MLE",TRUE,FALSE,0.25
762,-2.40982795763132,1.63174966626318,-0.000225939111817102,"Converged","MLE",FALSE,FALSE,0.25
763,-1.87180429725792,1.88384314163824,-0.111647273247703,"Converged","MLE",FALSE,FALSE,0.25
764,-1.71045461421573,1.07375709655388,-0.088198804287421,"Converged","MLE",FALSE,FALSE,0.25
765,-1.7542576487446,1.50339255021629,-0.122057408267389,"Converged","MLE",FALSE,FALSE,0.25
766,-1.94891205512318,0.951124210043132,-0.0621986597019207,"Converged","MLE",TRUE,FALSE,0.25
767,-1.51132631454754,0.626225405724162,-0.0985258984016119,"Converged","MLE",TRUE,FALSE,0.25
768,-1.71458117618517,1.61803575827976,-0.161426528125085,"Converged","MLE",FALSE,FALSE,0.25
769,-1.73337436351655,0.312074213147747,-0.0450956148816769,"Converged","MLE",FALSE,FALSE,0.25
770,-1.40913689902831,0.220469138822098,-0.0988604096281974,"Converged","MLE",FALSE,FALSE,0.25
771,-1.95267876550802,2.04151415080677,-0.126678111738105,"Converged","MLE",TRUE,FALSE,0.25
772,-2.15874981194531,1.80447465449699,-0.0705463610554402,"Converged","MLE",TRUE,FALSE,0.25
773,-1.76474921940781,1.43196871234263,-0.118771798529183,"Converged","MLE",FALSE,FALSE,0.25
774,-2.20690803987867,2.05223314410287,-0.0551045397454663,"Converged","MLE",FALSE,FALSE,0.25
775,-1.53622636579276,0.87362633279071,-0.0837370750880106,"Converged","MLE",FALSE,FALSE,0.25
776,-2.63947101006623,2.49841819094622,-0.000627716373873356,"Converged","MLE",FALSE,FALSE,0.25
777,-1.78939010104124,0.85352637504668,-0.0589087753742918,"Converged","MLE",FALSE,FALSE,0.25
778,-2.32628223367518,2.46839193957575,-0.118622623811514,"Converged","MLE",FALSE,FALSE,0.25
779,-2.32029412349205,3.77111836137471,-0.212339081608189,"Converged","MLE",TRUE,FALSE,0.25
780,-2.3886838852843,2.153082223325,-0.0643415673775661,"Converged","MLE",TRUE,FALSE,0.25
781,-1.61581324935808,1.43130737531891,-0.142870875266861,"Converged","MLE",TRUE,FALSE,0.25
782,-1.70191414620319,1.07390611204196,-0.0972029587840711,"Converged","CC",FALSE,FALSE,0.25
783,-1.99641041520565,1.89080589206537,-0.108816932340967,"Converged","MLE",FALSE,FALSE,0.25
784,-2.34179399945536,2.53300922923443,-0.0979376884998936,"Converged","MLE",FALSE,FALSE,0.25
785,-1.8660785086943,1.73909984489561,-0.117939186447185,"Converged","MLE",FALSE,FALSE,0.25
786,-1.43771920674282,-0.0836563295500202,-0.0629672799355738,"Converged","MLE",FALSE,FALSE,0.25
787,-2.05906704075923,2.09891205890699,-0.116240296765835,"Converged","MLE",TRUE,FALSE,0.25
788,-1.45969859921107,0.327302777188392,-0.0800402069171984,"Converged","MLE",FALSE,FALSE,0.25
789,-1.86830510513611,1.8514612596923,-0.112609106173567,"Converged","MLE",TRUE,FALSE,0.25
790,-1.84860342189157,1.22028111220695,-0.0901117557458295,"Converged","MLE",FALSE,FALSE,0.25
791,-1.74552635071427,1.64895672062598,-0.124036411111678,"Converged","MLE",FALSE,FALSE,0.25
792,-1.41955469225134,0.648469777152182,-0.106439288846328,"Converged","CC",FALSE,FALSE,0.25
793,-1.39390614428032,1.02668081199079,-0.155091570799586,"Converged","CC",FALSE,FALSE,0.25
794,-1.20662878521654,0.54090760856286,-0.178119152553062,"Converged","MLE",TRUE,FALSE,0.25
795,-1.72661888375655,0.932656008291379,-0.0665307357655176,"Converged","MLE",FALSE,FALSE,0.25
796,-1.72245422733628,1.56352301305986,-0.142107437043893,"Converged","MLE",FALSE,FALSE,0.25
797,-1.93924647062358,1.67575294285361,-0.0871366355902912,"Converged","MLE",FALSE,FALSE,0.25
798,-2.01850408867126,2.32724195900495,-0.132577532127709,"Converged","MLE",FALSE,FALSE,0.25
799,-2.27666270922041,2.41605039084259,-0.0690441851570007,"Converged","MLE",FALSE,FALSE,0.25
800,-1.1497534625052,0.98273758159551,-0.243818722261354,"Converged","MLE",FALSE,FALSE,0.25
801,NA,NA,NA,"MAX_ITER reached","MLE",TRUE,FALSE,0.25
802,-1.91134950813915,1.49442975833962,-0.066440789359236,"Converged","CC",TRUE,FALSE,0.25
803,-1.60449624534775,0.519644333444786,-0.0479682196639035,"Converged","MLE",TRUE,FALSE,0.25
804,-1.63908543366182,0.618011584645166,-0.0839657440426592,"Converged","MLE",FALSE,FALSE,0.25
805,-1.62975423515282,1.76303738550229,-0.134897164390696,"Converged","MLE",TRUE,FALSE,0.25
806,-2.33581866577095,3.33833828226027,-0.146809389103648,"Converged","MLE",TRUE,FALSE,0.25
807,-2.12784444436039,1.58044129063402,-0.0629461526878421,"Converged","MLE",FALSE,FALSE,0.25
808,-1.87360856897223,2.08962466973086,-0.108172399620992,"Converged","MLE",FALSE,FALSE,0.25
809,-1.92846100708032,2.44887784686038,-0.180254875736775,"Converged","MLE",FALSE,FALSE,0.25
810,-1.76293284935279,0.50053976335229,-0.0415651919522585,"Converged","MLE",FALSE,FALSE,0.25
811,-2.58351278614742,1.92011243181148,0.00455651525326546,"Converged","MLE",FALSE,FALSE,0.25
812,-1.78496778171771,1.1896188659336,-0.0932862043945019,"Converged","MLE",FALSE,FALSE,0.25
813,-1.38241648865408,0.92738562026527,-0.170583732624979,"Converged","MLE",FALSE,FALSE,0.25
814,-1.71377044522944,1.64727679774585,-0.120889594947339,"Converged","MLE",FALSE,FALSE,0.25
815,-1.84588273369671,0.981775646783395,-0.0462067911113377,"Converged","MLE",FALSE,FALSE,0.25
816,-1.88657169226975,0.880688078298397,-0.0673878427797257,"Converged","MLE",FALSE,FALSE,0.25
817,-2.04991282622459,2.09181513087876,-0.145772977573572,"Converged","MLE",FALSE,FALSE,0.25
818,-1.75069108665711,1.51578769144895,-0.154498414709246,"Converged","MLE",FALSE,FALSE,0.25
819,-1.59511964739824,1.37713464259119,-0.144733545054748,"Converged","CC",FALSE,FALSE,0.25
820,-1.61747274200083,0.768291281635409,-0.0837002099412311,"Converged","MLE",FALSE,FALSE,0.25
821,NA,NA,NA,"MAX_ITER reached","MLE",FALSE,FALSE,0.25
822,-2.01715392513052,2.06191857734587,-0.0664186886734981,"Converged","MLE",FALSE,FALSE,0.25
823,-1.53592643827718,0.988430098822758,-0.116392519078029,"Converged","MLE",FALSE,FALSE,0.25
824,-2.2797367961726,1.62071894363866,0.00820360381024785,"Converged","MLE",TRUE,FALSE,0.25
825,-1.96294729660929,2.15319690226954,-0.123367643958722,"Converged","MLE",FALSE,FALSE,0.25
826,-2.08174306058001,1.38227989232483,-0.0856666048554759,"Converged","MLE",FALSE,FALSE,0.25
827,-2.35878640315762,2.44575954253992,-0.0768342263641758,"Converged","MLE",FALSE,FALSE,0.25
828,-1.65193955789862,1.41831088221526,-0.152091296237675,"Converged","MLE",FALSE,FALSE,0.25
829,-1.93525058629072,1.90494853572794,-0.13755176974086,"Converged","MLE",FALSE,FALSE,0.25
830,-1.03929140341065,-0.312143357593659,-0.123475038781936,"Converged","MLE",FALSE,FALSE,0.25
831,-1.66218040491555,1.58386303474572,-0.1861794269136,"Converged","MLE",TRUE,FALSE,0.25
832,-1.57098920629183,1.13802540211821,-0.112597958892801,"Converged","MLE",FALSE,FALSE,0.25
833,NA,NA,NA,"MAX_ITER reached","MLE",FALSE,FALSE,0.25
834,-1.65163660208793,0.701416102384497,-0.087493494326989,"Converged","MLE",FALSE,FALSE,0.25
835,-2.1883269807964,1.49945738308027,-0.0044676513974676,"Converged","CC",TRUE,FALSE,0.25
836,-1.52944280282606,0.993519984697935,-0.118986536874025,"Converged","MLE",FALSE,FALSE,0.25
837,-1.59187358420985,0.587178052437226,-0.0754888423072968,"Converged","MLE",FALSE,FALSE,0.25
838,-1.57178388344834,1.22275419536338,-0.148396694868836,"Converged","MLE",FALSE,FALSE,0.25
839,-2.1021548513712,1.69723606757129,-0.0814068003113179,"Converged","MLE",FALSE,FALSE,0.25
840,-2.14073998640483,2.60683915363674,-0.107245848513721,"Converged","MLE",FALSE,FALSE,0.25
841,-2.14563347875142,1.96427004587336,-0.05333960808654,"Converged","MLE",TRUE,FALSE,0.25
842,-1.49647961124292,0.905278243001362,-0.128167137314092,"Converged","MLE",FALSE,FALSE,0.25
843,-1.44698831364756,0.222116989298198,-0.126444727788931,"Converged","MLE",FALSE,FALSE,0.25
844,-2.24941921807351,1.47399949526973,-0.0268026990092449,"Converged","MLE",TRUE,FALSE,0.25
845,-2.1139181930697,2.06829094479304,-0.0911578261821328,"Converged","MLE",TRUE,FALSE,0.25
846,-1.58251560723073,2.04449595508447,-0.221714066870752,"Converged","MLE",FALSE,FALSE,0.25
847,-1.63717527182743,0.988329036239954,-0.101997435932282,"Converged","CC",FALSE,FALSE,0.25
848,-1.23149376960997,-0.536130997245826,-0.0840483382046444,"Converged","MLE",TRUE,FALSE,0.25
849,-2.19140124948159,1.78375897001278,-0.0513550775738394,"Converged","MLE",TRUE,FALSE,0.25
850,-1.54446828084536,0.904161474323581,-0.112981231821204,"Converged","MLE",FALSE,FALSE,0.25
851,-1.91885713467542,1.21348866706724,-0.0572963871226266,"Converged","MLE",FALSE,FALSE,0.25
852,-1.37150460138748,0.364627476744202,-0.101307806739819,"Converged","MLE",FALSE,FALSE,0.25
853,-2.09062754319908,1.87023195042183,-0.0749870648575108,"Converged","MLE",FALSE,FALSE,0.25
854,-1.31208818775431,0.62529279439488,-0.151509846478278,"Converged","MLE",FALSE,FALSE,0.25
855,-1.95499401667185,1.7331944253613,-0.111276659195525,"Converged","MLE",FALSE,FALSE,0.25
856,-1.95733029869046,1.04755906620515,-0.0369843785448229,"Converged","MLE",FALSE,FALSE,0.25
857,-1.21688659157501,-0.124558440176019,-0.115686510500824,"Converged","MLE",TRUE,FALSE,0.25
858,-1.65115568005139,1.06748426048083,-0.13216575360552,"Converged","MLE",FALSE,FALSE,0.25
859,-2.77171938644828,2.90442312812532,-0.0102241784379367,"Converged","MLE",FALSE,FALSE,0.25
860,-2.20739144074201,1.95901528287911,-0.0746801294159536,"Converged","CC",TRUE,FALSE,0.25
861,-1.81804987172584,1.46180405494529,-0.0904693916075584,"Converged","MLE",FALSE,FALSE,0.25
862,-1.31800507692747,0.26165771902384,-0.103612790604673,"Converged","MLE",FALSE,FALSE,0.25
863,-1.76620330726404,0.998263942521347,-0.0962786449699877,"Converged","MLE",FALSE,FALSE,0.25
864,-2.46332895618065,2.22547836862168,-0.0399361115511178,"Converged","MLE",FALSE,FALSE,0.25
865,-1.2310931445086,-0.795889123879144,-0.0582381236194673,"Converged","MLE",FALSE,FALSE,0.25
866,NA,NA,NA,"MAX_ITER reached","MLE",FALSE,FALSE,0.25
867,-1.78127778720689,1.47975266857209,-0.108032880582255,"Converged","MLE",FALSE,FALSE,0.25
868,-1.62269048434948,0.587304640888575,-0.0787188806523095,"Converged","MLE",FALSE,FALSE,0.25
869,-1.78967151619926,2.11968847190627,-0.215536309471328,"Converged","MLE",TRUE,FALSE,0.25
870,-1.94811972918527,1.94235143778585,-0.162832243669336,"Converged","MLE",FALSE,FALSE,0.25
871,-1.47563964408554,0.454409075404049,-0.0817992370116389,"Converged","MLE",TRUE,FALSE,0.25
872,-2.33017345312239,2.9011006727833,-0.12635772414704,"Converged","MLE",FALSE,FALSE,0.25
873,-2.23389440864415,2.12722577296307,-0.102452066595917,"Converged","MLE",FALSE,FALSE,0.25
874,-1.92581760349337,1.32026090920953,-0.0776397729383205,"Converged","MLE",FALSE,FALSE,0.25
875,-1.87757068309251,0.160857582398908,-0.00579581998025568,"Converged","MLE",FALSE,FALSE,0.25
876,-2.62849209603631,3.50129261712397,-0.128337970728335,"Converged","MLE",FALSE,FALSE,0.25
877,-1.50781402673954,0.740741376269564,-0.183670245269867,"Converged","MLE",FALSE,FALSE,0.25
878,-1.76500425629032,0.65442595884131,-0.0765299866872672,"Converged","MLE",TRUE,FALSE,0.25
879,-2.18649690966558,1.82417440432397,-0.0417931267164536,"Converged","MLE",FALSE,FALSE,0.25
880,-1.77049138334543,1.17493776375799,-0.0887708224225245,"Converged","MLE",FALSE,FALSE,0.25
881,-2.21768388599989,1.94793067670492,-0.0419027552142227,"Converged","MLE",FALSE,FALSE,0.25
882,-1.54298037942054,0.644566715537585,-0.117347415016526,"Converged","MLE",FALSE,FALSE,0.25
883,-1.91595326491418,2.49599374609268,-0.133258788258162,"Converged","MLE",FALSE,FALSE,0.25
884,-1.82396580398096,2.11038267790413,-0.147446321454493,"Converged","MLE",FALSE,FALSE,0.25
885,-1.72647963507563,1.00251064941679,-0.0774680022130165,"Converged","MLE",FALSE,FALSE,0.25
886,-2.1285333029149,1.57114737546982,-0.0560627218647415,"Converged","MLE",TRUE,FALSE,0.25
887,-1.27508125855382,0.31136717186608,-0.118566749899893,"Converged","MLE",FALSE,FALSE,0.25
888,-1.56989403572376,1.35794538309556,-0.137776383063649,"Converged","MLE",FALSE,FALSE,0.25
889,-1.41000961253231,0.268022988716897,-0.117968419805764,"Converged","MLE",FALSE,FALSE,0.25
890,-1.27784319409619,0.392532909974251,-0.145782670152897,"Converged","MLE",FALSE,FALSE,0.25
891,-1.8761783723464,1.50139003689794,-0.0835542023617462,"Converged","MLE",FALSE,FALSE,0.25
892,-1.66895579677221,1.35643073068516,-0.129893723058328,"Converged","MLE",FALSE,FALSE,0.25
893,-2.16101100104657,1.12524884717726,0.0294014572495326,"Converged","MLE",FALSE,FALSE,0.25
894,-2.31664149664637,1.85642849075142,-0.0402058479216986,"Converged","CC",FALSE,FALSE,0.25
895,-1.52936240038763,-0.462115193026829,-0.0451942140974395,"Converged","MLE",FALSE,FALSE,0.25
896,-1.8173350887075,1.32277038886626,-0.154205623334963,"Converged","CC",FALSE,FALSE,0.25
897,-1.61891143227215,1.25118314074347,-0.112511086754634,"Converged","MLE",FALSE,FALSE,0.25
898,-2.52955035812282,2.84259635057123,-0.07485287417619,"Converged","MLE",FALSE,FALSE,0.25
899,-1.65492450050773,1.80276322353488,-0.200208950995464,"Converged","MLE",FALSE,FALSE,0.25
900,-1.72159119175252,0.970304944974458,-0.11907785612544,"Converged","MLE",FALSE,FALSE,0.25
901,-2.4033353194067,2.17911342290342,-0.0523366880102429,"Converged","MLE",FALSE,FALSE,0.25
902,-0.966671835316041,-0.00709196984308043,-0.152568041102288,"Converged","MLE",FALSE,FALSE,0.25
903,-1.92877934709187,1.97803214880592,-0.0967768102623876,"Converged","MLE",FALSE,FALSE,0.25
904,-1.71949651989539,1.4226824693297,-0.0657585805080501,"Converged","MLE",TRUE,FALSE,0.25
905,-1.77808452084211,0.667967785611516,-0.0563917801092831,"Converged","MLE",FALSE,FALSE,0.25
906,-1.78221861205281,1.87365025794271,-0.159927947671434,"Converged","CC",FALSE,FALSE,0.25
907,-2.06526370838963,1.87409228532547,-0.0911776343145452,"Converged","MLE",FALSE,FALSE,0.25
908,-2.77519021700705,3.65787273888013,-0.0927138617933222,"Converged","MLE",TRUE,FALSE,0.25
909,-1.2552115194678,0.786892315949195,-0.199360347693449,"Converged","MLE",FALSE,FALSE,0.25
910,-1.24585749138008,0.775754687400026,-0.169690246731531,"Converged","MLE",FALSE,FALSE,0.25
911,-1.96712025543012,1.6574199872522,-0.11947577936458,"Converged","MLE",FALSE,FALSE,0.25
912,-1.81481715348065,1.34527879392357,-0.123335568711278,"Converged","MLE",TRUE,FALSE,0.25
913,-1.77535318565026,0.660805158649503,-0.0501953001442963,"Converged","MLE",FALSE,FALSE,0.25
914,-1.81035675485779,1.34252944270777,-0.0542740731655962,"Converged","MLE",FALSE,FALSE,0.25
915,-2.16173755868437,1.49676863603652,-0.0534598025814046,"Converged","MLE",FALSE,FALSE,0.25
916,-2.70928725003652,3.30819725225961,-0.0810832223653701,"Converged","MLE",FALSE,FALSE,0.25
917,-1.7059890034632,2.08831902002094,-0.173048678654624,"Converged","MLE",FALSE,FALSE,0.25
918,-2.01403403145075,1.86152793443378,-0.123983974769106,"Converged","MLE",FALSE,FALSE,0.25
919,-1.22707176213909,-0.00200617613970918,-0.13248264913547,"Converged","MLE",FALSE,FALSE,0.25
920,-1.50581962432325,-0.119145529663058,-0.0512885560548717,"Converged","MLE",FALSE,FALSE,0.25
921,-1.18401698291393,0.433596083004846,-0.187547799911742,"Converged","MLE",FALSE,FALSE,0.25
922,-2.31298982537787,1.349530475111,0.0173772490289127,"Converged","MLE",FALSE,FALSE,0.25
923,-1.51945256380466,1.83703365438099,-0.210154994522697,"Converged","MLE",FALSE,FALSE,0.25
924,-1.90382060098014,1.18160271456236,-0.11652583488968,"Converged","MLE",FALSE,FALSE,0.25
925,-1.49890934106458,0.453768114212353,-0.103657565283635,"Converged","MLE",FALSE,FALSE,0.25
926,-1.99903478526757,0.920926372018266,-0.0444875489590782,"Converged","MLE",TRUE,FALSE,0.25
927,-1.66217777714455,0.435996709701662,-0.0599781638128462,"Converged","MLE",TRUE,FALSE,0.25
928,-1.19361753980555,-0.527508407040837,-0.106946644211768,"Converged","CC",FALSE,FALSE,0.25
929,-2.00124120213511,0.871069239801133,-0.0451238531435608,"Converged","MLE",FALSE,FALSE,0.25
930,-1.9941976839846,1.71800978063942,-0.071743786220166,"Converged","MLE",FALSE,FALSE,0.25
931,-1.27830559309032,-0.110212523877594,-0.127784419034042,"Converged","MLE",FALSE,FALSE,0.25
932,-1.76031890740911,1.4281757733685,-0.106295944562789,"Converged","CC",FALSE,FALSE,0.25
933,-1.988026464618,1.65960847394409,-0.0896050255930283,"Converged","MLE",FALSE,FALSE,0.25
934,-2.52569228166221,2.77885639482781,-0.065952975398127,"Converged","MLE",FALSE,FALSE,0.25
935,-1.78082402947334,0.354356085828449,-0.0175644962610744,"Converged","MLE",FALSE,FALSE,0.25
936,-1.52870675898471,0.546103075768135,-0.09846135651434,"Converged","MLE",FALSE,FALSE,0.25
937,-0.982772069656521,-0.0639436354874665,-0.183392390327322,"Converged","MLE",FALSE,FALSE,0.25
938,-1.93769055793516,1.32780183680478,-0.057984795833142,"Converged","CC",FALSE,FALSE,0.25
939,-1.70020733228029,1.33269145153832,-0.0852448273024119,"Converged","MLE",FALSE,FALSE,0.25
940,-2.54324615423735,2.76232000441435,-0.059520930700925,"Converged","MLE",FALSE,FALSE,0.25
941,-2.00100665573957,1.60462532524319,-0.0966036058336672,"Converged","MLE",TRUE,FALSE,0.25
942,-1.41976933800086,0.903665242570842,-0.130841610792812,"Converged","MLE",TRUE,FALSE,0.25
943,-1.60925800277313,0.770736090244049,-0.100438413985059,"Converged","CC",FALSE,FALSE,0.25
944,-1.94546555241424,1.4421147745712,-0.141893723333375,"Converged","MLE",FALSE,FALSE,0.25
945,NA,NA,NA,"MAX_ITER reached","MLE",FALSE,FALSE,0.25
946,-1.74019079066974,-0.173937346509285,0.00915127342401837,"Converged","MLE",FALSE,FALSE,0.25
947,-1.64681758069513,0.804859447497451,-0.078560647817859,"Converged","MLE",FALSE,FALSE,0.25
948,-1.35243219104253,0.77827953436193,-0.15334624503651,"Converged","MLE",FALSE,FALSE,0.25
949,-1.86577145023081,1.46342804197065,-0.0979679359623243,"Converged","MLE",FALSE,FALSE,0.25
950,-1.70937455068135,2.08545744861126,-0.208068606444038,"Converged","MLE",FALSE,FALSE,0.25
951,-1.74319777225893,1.11103839895819,-0.0759426528616616,"Converged","MLE",FALSE,FALSE,0.25
952,-1.50568885530085,0.672825844800844,-0.0856502044019661,"Converged","MLE",TRUE,FALSE,0.25
953,-1.85391195217538,1.38527445594668,-0.0586911776784447,"Converged","CC",FALSE,FALSE,0.25
954,-2.60921739790375,3.25674953852781,-0.0862586247759304,"Converged","MLE",FALSE,FALSE,0.25
955,-2.22971844076952,1.22715239937894,-1.21002340847601e-06,"Converged","MLE",FALSE,FALSE,0.25
956,-1.8525433552006,1.22105880638184,-0.1033371887248,"Converged","MLE",FALSE,FALSE,0.25
957,-2.50778601270457,1.91199292245198,-0.0229628039095217,"Converged","MLE",FALSE,FALSE,0.25
958,-2.56167473856928,2.82169337421732,-0.0596785113131183,"Converged","MLE",FALSE,FALSE,0.25
959,-1.07213323224998,0.615270137999628,-0.188895437786923,"Converged","MLE",FALSE,FALSE,0.25
960,-2.24452905872448,1.57712971076815,-0.0214382621105956,"Converged","MLE",FALSE,FALSE,0.25
961,-1.78756345146135,1.8144533757297,-0.128198064709745,"Converged","MLE",FALSE,FALSE,0.25
962,-1.91958642730709,2.56584370555035,-0.132553310210146,"Converged","MLE",FALSE,FALSE,0.25
963,-1.80727291386331,1.61226780533287,-0.126823393111549,"Converged","CC",FALSE,FALSE,0.25
964,-1.53538113388678,1.45867812582144,-0.14081510310984,"Converged","MLE",FALSE,FALSE,0.25
965,NA,NA,NA,"MAX_ITER reached","MLE",FALSE,FALSE,0.25
966,NA,NA,NA,"MAX_ITER reached","MLE",FALSE,FALSE,0.25
967,-1.83015614503581,1.37510752380679,-0.0888678997555053,"Converged","MLE",FALSE,FALSE,0.25
968,-1.97795439485903,1.64164665823149,-0.0936073426597729,"Converged","MLE",FALSE,FALSE,0.25
969,NA,NA,NA,NA,"MLE",FALSE,TRUE,0.25
970,-2.06402620881168,1.60442100858125,-0.0615333223038729,"Converged","MLE",FALSE,FALSE,0.25
971,-1.77132993547856,2.12006135277401,-0.154197913417211,"Converged","MLE",FALSE,FALSE,0.25
972,-1.59173368021227,0.912865993246403,-0.136279147849815,"Converged","MLE",FALSE,FALSE,0.25
973,-1.78279630865727,2.32023760723489,-0.158538738411608,"Converged","MLE",FALSE,FALSE,0.25
974,-1.61456267965897,1.26480163735125,-0.155068354866357,"Converged","CC",FALSE,FALSE,0.25
975,-1.69232770103831,1.49851535017616,-0.1357523965744,"Converged","MLE",FALSE,FALSE,0.25
976,-1.75460713627957,1.23433839694503,-0.116361996420156,"Converged","MLE",FALSE,FALSE,0.25
977,-1.82509368670707,1.20454935877462,-0.0973677746776746,"Converged","MLE",FALSE,FALSE,0.25
978,-1.44367955536123,1.31505256780421,-0.194571038856028,"Converged","MLE",FALSE,FALSE,0.25
979,-2.14484763926603,1.34942738610681,-0.0212263986984842,"Converged","MLE",FALSE,FALSE,0.25
980,-1.57469640760219,1.45635102709843,-0.159337496022542,"Converged","MLE",FALSE,FALSE,0.25
981,-1.33169100077658,0.461809334684282,-0.124695182819787,"Converged","MLE",FALSE,FALSE,0.25
982,-1.93647674619106,1.32868903403051,-0.0623919550246114,"Converged","MLE",FALSE,FALSE,0.25
983,-1.85391146022813,0.822996233147687,-0.0759322288668971,"Converged","MLE",FALSE,FALSE,0.25
984,-2.11605485370423,1.58410424073119,-0.0518793204934342,"Converged","MLE",FALSE,FALSE,0.25
985,-1.56710946693702,0.65280344114333,-0.101203504609116,"Converged","MLE",TRUE,FALSE,0.25
986,-1.46309609120969,0.131906031473568,-0.0986331669196327,"Converged","CC",FALSE,FALSE,0.25
987,-1.97276273391643,1.96849622578478,-0.113287659385918,"Converged","MLE",FALSE,FALSE,0.25
988,-2.02086541322318,1.88774259149235,-0.119067763062903,"Converged","MLE",FALSE,FALSE,0.25
989,-1.96368366410736,1.71655305866365,-0.103632312537941,"Converged","MLE",TRUE,FALSE,0.25
990,-2.03528740752341,1.64249564235829,-0.0762740663911224,"Converged","MLE",FALSE,FALSE,0.25
991,-1.87951741393501,1.7536963149721,-0.133203999589819,"Converged","MLE",FALSE,FALSE,0.25
992,-1.28804345598701,0.645053827504715,-0.183016940503032,"Converged","CC",FALSE,FALSE,0.25
993,-1.15570965818295,-0.0782846908906802,-0.0926450711937677,"Converged","MLE",FALSE,FALSE,0.25
994,-2.01027012611462,1.83858209372784,-0.109838523301951,"Converged","MLE",FALSE,FALSE,0.25
995,-2.02380908217054,1.2473889016959,-0.0695474935503839,"Converged","MLE",FALSE,FALSE,0.25
996,-2.1407243832204,1.60135828927904,-0.0440660830611936,"Converged","MLE",FALSE,FALSE,0.25
997,-1.11217688303492,0.162497711267485,-0.150179510848639,"Converged","MLE",FALSE,FALSE,0.25
998,NA,NA,NA,NA,"MLE",FALSE,TRUE,0.25
999,-1.69522984446598,0.707620311227709,-0.111872350011346,"Converged","MLE",FALSE,FALSE,0.25
1000,-1.93673397788671,1.08455885869154,-0.0483173450452802,"Converged","MLE",FALSE,FALSE,0.25
