"sim","cc_beta0","cc_beta1","cc_beta2","cc_conv_msg","cc_data_resampled","audit_recovery"
1,-2.06660186608359,3.02175406338111,-0.129954081899252,"Converged",FALSE,0.25
2,-1.56943449951076,1.06448237578519,-0.12381363712238,"Converged",FALSE,0.25
3,-1.70878173691796,0.728290805876399,-0.0519773333348371,"Converged",FALSE,0.25
4,-1.79133528538718,1.99308052942693,-0.117326067191034,"Converged",FALSE,0.25
5,-1.88019552233814,2.36132944151587,-0.147194541137791,"Converged",FALSE,0.25
6,-1.83516634329792,2.25446039966626,-0.124469563039461,"Converged",FALSE,0.25
7,-2.18126231853909,2.58590579059657,-0.126793630752749,"Converged",FALSE,0.25
8,-2.36778996452396,2.86689446649896,-0.0829328740706962,"Converged",FALSE,0.25
9,-3.09845190478347,4.15731275967395,-0.0330674134322457,"Converged",FALSE,0.25
10,-1.53357461594474,1.55372034879646,-0.178715266471851,"Converged",FALSE,0.25
11,-1.50310263505187,1.04319934624825,-0.14527978802424,"Converged",FALSE,0.25
12,-2.56343260707908,3.18213079517465,-0.0741729643469646,"Converged",FALSE,0.25
13,-1.98563057288694,1.95814166198575,-0.14221907059932,"Converged",FALSE,0.25
14,-1.54760516199566,0.861711704395783,-0.126572300941156,"Converged",FALSE,0.25
15,-3.13266715475987,5.19360920037418,-0.0691108149204907,"Converged",FALSE,0.25
16,-2.38432258849509,2.45821188706316,-0.0535202889352976,"Converged",FALSE,0.25
17,-2.08324044207856,3.18409164081153,-0.159002890763977,"Converged",FALSE,0.25
18,-2.51965522138664,2.6477484002978,-0.0454110284796738,"Converged",FALSE,0.25
19,-1.7140924169591,2.33869668274923,-0.171466601473465,"Converged",FALSE,0.25
20,-2.37199385381095,3.73141751351117,-0.130736982715298,"Converged",FALSE,0.25
21,-1.56949980671421,0.392762351580157,-0.0443935512965788,"Converged",FALSE,0.25
22,-2.42900213584523,2.35462781496027,-0.0188290249376502,"Converged",FALSE,0.25
23,-2.37461781605805,3.03778835621082,-0.0656193057871437,"Converged",FALSE,0.25
24,-1.8955044878225,2.35043764370933,-0.123976511919817,"Converged",FALSE,0.25
25,-2.04329246348837,1.56289513540895,-0.0549041457491033,"Converged",FALSE,0.25
26,-2.29096574773233,2.24088587572197,-0.0607394524115752,"Converged",FALSE,0.25
27,-1.81977857189179,1.31678846370062,-0.0778191050377669,"Converged",FALSE,0.25
28,-1.42671078851379,1.11790295974954,-0.175247519096015,"Converged",FALSE,0.25
29,-2.13648195188206,1.60462634014251,-0.0441676128272694,"Converged",FALSE,0.25
30,-1.84009137187234,1.90927371576175,-0.0929720050920786,"Converged",FALSE,0.25
31,-2.02978574669589,2.22584446882095,-0.104438293300858,"Converged",FALSE,0.25
32,-2.13113740375298,1.79605690650825,-0.0585788544807491,"Converged",FALSE,0.25
33,-1.82948696208848,1.2731286039651,-0.118908624264507,"Converged",FALSE,0.25
34,-2.29059926410891,2.98964516859983,-0.106077289955689,"Converged",FALSE,0.25
35,-1.53729285792199,0.62929599865827,-0.100199146057798,"Converged",FALSE,0.25
36,-1.82115645871794,1.61686111388579,-0.0888045722147535,"Converged",FALSE,0.25
37,-2.25974828489645,2.77854025005367,-0.087649740000755,"Converged",FALSE,0.25
38,-1.86244014543148,1.38853088514111,-0.097652295428454,"Converged",FALSE,0.25
39,-1.44985867345835,1.48428034704134,-0.158342140608183,"Converged",FALSE,0.25
40,-1.28927457873867,0.545282900396629,-0.155016685678088,"Converged",FALSE,0.25
41,-1.42930420800666,1.09692872950374,-0.185236022216513,"Converged",FALSE,0.25
42,-2.25583278953346,2.55165932513162,-0.0595647257129144,"Converged",FALSE,0.25
43,-1.9342183204836,1.76949031507831,-0.119949778146904,"Converged",FALSE,0.25
44,-1.83761089166278,2.16362867059915,-0.166625922505007,"Converged",FALSE,0.25
45,-1.59418077522977,-0.96391313388133,0.000579442848690213,"Converged",FALSE,0.25
46,-1.9904059480182,2.807646029818,-0.171170960200312,"Converged",FALSE,0.25
47,-1.80077873692255,2.75277023659091,-0.168768502595023,"Converged",FALSE,0.25
48,-1.80439972792459,1.93882409575269,-0.162977499611704,"Converged",FALSE,0.25
49,-2.0835609428358,2.75968831469458,-0.132245105723432,"Converged",TRUE,0.25
50,-1.80946374109193,0.752487695613672,-0.036396718362687,"Converged",FALSE,0.25
51,-1.95612159033006,1.55107119633477,-0.122908275820968,"Converged",FALSE,0.25
52,-1.84814113806707,1.88766891002682,-0.100292123067238,"Converged",FALSE,0.25
53,-2.01101884675913,1.32837631321945,-0.0348762443004961,"Converged",FALSE,0.25
54,-1.81436782787861,1.07866888832498,-0.0721826462371675,"Converged",FALSE,0.25
55,-1.64383419749313,0.753524807624621,-0.0814288124838578,"Converged",FALSE,0.25
56,-1.27471020934987,-0.0195306934737085,-0.112328370062049,"Converged",FALSE,0.25
57,-1.38424632963316,1.79931438402201,-0.204965271838484,"Converged",FALSE,0.25
58,-1.90218384573782,2.12367879815613,-0.149349724989225,"Converged",TRUE,0.25
59,-1.77397186581255,0.70304513715822,-0.0442768612136586,"Converged",FALSE,0.25
60,-2.31662087983517,2.8028097007819,-0.0539619731378673,"Converged",FALSE,0.25
61,-1.14526020103471,-0.374505763656429,-0.102892078554485,"Converged",FALSE,0.25
62,-2.24122471761257,2.45869625331645,-0.0524871549509943,"Converged",TRUE,0.25
63,-2.0664484315721,2.21168752747126,-0.0741991557694016,"Converged",FALSE,0.25
64,-1.67257931653021,0.97613959899483,-0.0843509968095857,"Converged",FALSE,0.25
65,-1.80798044779439,1.923682581268,-0.0991676251700009,"Converged",FALSE,0.25
66,-1.9976383843405,2.16753586813167,-0.117297535092779,"Converged",FALSE,0.25
67,-2.12165283905025,2.93220819595396,-0.115069712334641,"Converged",FALSE,0.25
68,-1.43217185832045,0.4512736787638,-0.118817546440023,"Converged",FALSE,0.25
69,-1.5980935059756,2.07632529301523,-0.165330441464286,"Converged",FALSE,0.25
70,-1.56254013482394,0.651885692631042,-0.112772386140138,"Converged",FALSE,0.25
71,-1.22551642124136,-0.0961777474257745,-0.130789280837766,"Converged",FALSE,0.25
72,-1.92427986170823,2.51984389354811,-0.112511030459485,"Converged",FALSE,0.25
73,-2.09628228250768,3.15158174856045,-0.161714632151648,"Converged",FALSE,0.25
74,-3.38492637776911,5.53499891097554,-0.0278969268852909,"Converged",FALSE,0.25
75,-1.78968250699967,0.924156810703653,-0.0413659774038013,"Converged",FALSE,0.25
76,-2.23402900892723,2.38106984592387,-0.0823678091382008,"Converged",FALSE,0.25
77,-1.65909825294916,1.23338532269553,-0.0841184250848989,"Converged",FALSE,0.25
78,-2.32951820904429,4.6709290042692,-0.197788838592831,"Converged",FALSE,0.25
79,-1.50900161220721,1.14420365254856,-0.12045663452031,"Converged",FALSE,0.25
80,-2.11035817955433,1.44381253790354,-0.014089324710428,"Converged",FALSE,0.25
81,-1.65320940137725,0.540209611826949,-0.0498518046114024,"Converged",TRUE,0.25
82,-2.81838585120756,4.85186234562417,-0.0890266197029724,"Converged",FALSE,0.25
83,-1.36053471217771,1.04281178651489,-0.152330420638563,"Converged",FALSE,0.25
84,-2.69251170409191,4.0261422300773,-0.116225835120903,"Converged",FALSE,0.25
85,-1.45778738693222,1.02374086721346,-0.126545226108364,"Converged",FALSE,0.25
86,-2.00674163717752,3.13200739489759,-0.191636769776221,"Converged",FALSE,0.25
87,-1.69751538485263,1.93008547698836,-0.126241582028774,"Converged",FALSE,0.25
88,-2.21724078973317,3.29487178944112,-0.130819943858589,"Converged",FALSE,0.25
89,-2.05430622865416,2.45580103169078,-0.109631880654863,"Converged",FALSE,0.25
90,-2.3947338893268,3.61977243115307,-0.167023503964801,"Converged",FALSE,0.25
91,-1.98296902098095,2.18138939378727,-0.0834368027102523,"Converged",FALSE,0.25
92,-1.93527305287632,1.19399007880254,-0.0337924984109061,"Converged",FALSE,0.25
93,-2.39105642700512,3.58437123219624,-0.125575332716275,"Converged",FALSE,0.25
94,-2.1633178313745,3.10656521946483,-0.127863972529812,"Converged",FALSE,0.25
95,-1.75565499736463,0.961870058597671,-0.0707028937212694,"Converged",FALSE,0.25
96,-3.11160136462759,5.80068402282229,-0.104769807668154,"Converged",FALSE,0.25
97,-1.67168570260611,1.7499653742499,-0.147705580550597,"Converged",FALSE,0.25
98,-2.02228957257964,3.03717744317617,-0.159423824898778,"Converged",FALSE,0.25
99,-1.91556955113408,2.26218416786782,-0.139751968913185,"Converged",FALSE,0.25
100,-1.87157259145376,2.17615491765012,-0.124524076737951,"Converged",FALSE,0.25
101,-1.88069267075794,1.93932653740025,-0.10976649412539,"Converged",FALSE,0.25
102,-2.30412614653166,2.97154707898925,-0.106410320224785,"Converged",FALSE,0.25
103,-2.04441228607939,2.7987590970528,-0.135251428715486,"Converged",FALSE,0.25
104,-1.59582132194681,1.55698304597021,-0.13858484904558,"Converged",FALSE,0.25
105,-2.15354706951686,3.21877399086873,-0.147990688973612,"Converged",FALSE,0.25
106,-2.10073633291989,2.24458352451039,-0.080389427302051,"Converged",FALSE,0.25
107,-2.02659846569068,1.71930408973138,-0.0782838473952612,"Converged",FALSE,0.25
108,-1.41767962519772,1.10307452794786,-0.151105643868865,"Converged",FALSE,0.25
109,-1.08448687288031,0.557724915503339,-0.202811445153045,"Converged",FALSE,0.25
110,-2.34307011610571,3.89016293827707,-0.138594295926543,"Converged",FALSE,0.25
111,-1.19501413595575,0.365215899463825,-0.140453297347143,"Converged",FALSE,0.25
112,-1.65285818009184,1.59986806752671,-0.109481598153163,"Converged",FALSE,0.25
113,-2.09002846544573,1.59425031979046,-0.0379472718056039,"Converged",FALSE,0.25
114,-1.93294864006452,1.75280226369111,-0.0876608980893253,"Converged",FALSE,0.25
115,-1.97044803202386,2.06031816458607,-0.0774724644302605,"Converged",FALSE,0.25
116,-2.17539138713148,2.31925558335867,-0.0840642140341869,"Converged",FALSE,0.25
117,-1.42929339013375,1.33023922032872,-0.188502249859539,"Converged",FALSE,0.25
118,-1.6452798285195,-0.200645993846163,-0.0352509093451813,"Converged",FALSE,0.25
119,-2.12218645658029,1.91815618114524,-0.0679909203474804,"Converged",FALSE,0.25
120,-2.07655755192497,2.22198063188357,-0.0925191524071581,"Converged",FALSE,0.25
121,-2.50510791084313,3.13205857439792,-0.075625546747555,"Converged",FALSE,0.25
122,-2.00090166136377,1.98597903602483,-0.11651990010916,"Converged",FALSE,0.25
123,-1.97109907461394,1.56427560187063,-0.0686794284186715,"Converged",FALSE,0.25
124,-2.37892992824618,2.89142516253917,-0.0713242794610543,"Converged",FALSE,0.25
125,-1.96602346382375,3.43229037318913,-0.226210546275714,"Converged",FALSE,0.25
126,-1.9770232051647,2.11415572110191,-0.126451305957749,"Converged",FALSE,0.25
127,-1.79540685474435,2.3008331543516,-0.142502994263257,"Converged",FALSE,0.25
128,-1.73440849458895,1.34238379642114,-0.0702731722431542,"Converged",FALSE,0.25
129,-2.27209076672988,3.61013500098111,-0.163684156576967,"Converged",FALSE,0.25
130,-2.46808190219973,3.19590612982914,-0.0739950196152763,"Converged",FALSE,0.25
131,-1.26447938040049,0.207117079808066,-0.126464955304779,"Converged",FALSE,0.25
132,-2.3306860406897,2.85544764310692,-0.0981534707787754,"Converged",FALSE,0.25
133,-2.16073419567305,2.16617152390062,-0.0668308225149313,"Converged",FALSE,0.25
134,-3.03396636353473,4.57125728453785,-0.0301470224061435,"Converged",FALSE,0.25
135,-1.53289827052501,1.08388529623674,-0.130384570312815,"Converged",FALSE,0.25
136,-2.11724389845974,2.78798088591123,-0.117245691420194,"Converged",FALSE,0.25
137,-2.23073058917059,2.6533337619078,-0.103543791176948,"Converged",FALSE,0.25
138,-1.7884668166402,1.40595345229231,-0.0819139518223709,"Converged",FALSE,0.25
139,-1.86864484467775,0.924435084184404,-0.019694549088927,"Converged",FALSE,0.25
140,-1.57331730922423,1.72053018765586,-0.146909777572607,"Converged",FALSE,0.25
141,-2.2384954977726,1.62380104969887,-0.0481782478636216,"Converged",FALSE,0.25
142,-1.56293673584316,0.714407703640751,-0.10803822729262,"Converged",FALSE,0.25
143,-2.56207900836821,2.04320760637285,0.0185567475036624,"Converged",FALSE,0.25
144,-1.67222815468908,0.846926174931438,-0.0724181533642779,"Converged",FALSE,0.25
145,-2.99117454941547,3.87198390879141,-0.00525811805195338,"Converged",FALSE,0.25
146,-1.50484333045416,1.01210633621345,-0.114692316309995,"Converged",FALSE,0.25
147,-1.54043029252473,-0.773239826861092,-0.024023917631718,"Converged",FALSE,0.25
148,-2.35925472217547,3.64205128243888,-0.168984229944289,"Converged",FALSE,0.25
149,-1.92100965658567,1.69345620119112,-0.129885342780198,"Converged",FALSE,0.25
150,-1.2983910237561,0.493970111463026,-0.140518574493454,"Converged",FALSE,0.25
151,-2.07314043134385,2.02784500218345,-0.100365316202184,"Converged",FALSE,0.25
152,-1.99443113756092,1.58820212935899,-0.0692928218637969,"Converged",FALSE,0.25
153,-2.4043777802031,2.27718823970963,0.000423419478196704,"Converged",FALSE,0.25
154,-1.84559098883714,2.03550096445227,-0.118731571534104,"Converged",FALSE,0.25
155,-1.73231221386815,0.787809575920345,-0.0375846925516955,"Converged",FALSE,0.25
156,-1.32925024915806,0.298679480377208,-0.11647033088544,"Converged",FALSE,0.25
157,-2.55583129681589,2.79392094493766,-0.0580650525972109,"Converged",FALSE,0.25
158,-2.13046759780149,2.49493917601245,-0.120509366090124,"Converged",FALSE,0.25
159,-1.84138808712664,1.58201903983948,-0.129655068197947,"Converged",FALSE,0.25
160,-1.80498817641431,0.892981586360851,-0.0655286660809158,"Converged",FALSE,0.25
161,-2.23188237142038,3.4264814961343,-0.161844957805281,"Converged",FALSE,0.25
162,-1.84325825287541,2.17715953486288,-0.164573551691301,"Converged",FALSE,0.25
163,-2.73862031641391,2.55451583252171,0.0375080293322546,"Converged",FALSE,0.25
164,-1.99024099926363,2.69936401722841,-0.143478853338614,"Converged",FALSE,0.25
165,-2.05286191752157,1.95247806014601,-0.0737011566528328,"Converged",FALSE,0.25
166,-2.13496715305883,2.00129614298756,-0.0710343699387591,"Converged",FALSE,0.25
167,-2.62097089226977,4.40427561424564,-0.120251976649943,"Converged",FALSE,0.25
168,-1.91516584801201,2.22408420703697,-0.0919409222902688,"Converged",FALSE,0.25
169,-1.29415091008436,-0.23438874962142,-0.106515181670785,"Converged",FALSE,0.25
170,-1.97049685839595,0.903267310970199,-0.033928212646919,"Converged",FALSE,0.25
171,-1.94119586614728,1.39337188894729,-0.0581705602959706,"Converged",FALSE,0.25
172,-2.29390324637163,1.87519070046702,-0.037430413925205,"Converged",FALSE,0.25
173,-1.82960496701038,1.88609425826264,-0.112047512234117,"Converged",FALSE,0.25
174,-1.99028089187632,2.77004185640507,-0.147207314149005,"Converged",FALSE,0.25
175,-1.46247711559854,0.746137343583557,-0.13962545180505,"Converged",FALSE,0.25
176,-2.08952799428398,2.83719214163586,-0.120309280799515,"Converged",FALSE,0.25
177,-1.99986303578364,1.62977028371686,-0.0869512103711189,"Converged",FALSE,0.25
178,-1.93287739792996,1.62760552828348,-0.0724563133931236,"Converged",FALSE,0.25
179,-2.48661927994798,3.78020784289406,-0.107251049535968,"Converged",FALSE,0.25
180,-2.22113293011751,2.88140786256121,-0.145463577408855,"Converged",FALSE,0.25
181,-2.21007625583357,2.90811827102621,-0.104691336567872,"Converged",FALSE,0.25
182,-1.70565634158999,1.54230289193126,-0.130266789525588,"Converged",FALSE,0.25
183,-1.54479327076785,0.854054507450134,-0.112806138421341,"Converged",FALSE,0.25
184,-2.17316171353216,1.08094293432117,-0.0247323759811994,"Converged",FALSE,0.25
185,-1.70114524832446,1.36797434479322,-0.12022442701563,"Converged",FALSE,0.25
186,-1.65391784108218,1.766349555108,-0.132079943029367,"Converged",FALSE,0.25
187,-1.61143937238912,1.04001745927163,-0.111688553967237,"Converged",FALSE,0.25
188,-1.4732962824055,0.355436095627933,-0.101546487770387,"Converged",FALSE,0.25
189,-2.87910760660603,4.69978086620096,-0.0975748264244013,"Converged",FALSE,0.25
190,-1.40215506529257,-0.233028719263432,-0.0588570485943835,"Converged",FALSE,0.25
191,-1.77727769724991,2.03531786866191,-0.145083996527262,"Converged",FALSE,0.25
192,-1.47536416197457,1.19244322032304,-0.156072181617041,"Converged",FALSE,0.25
193,-1.47129027502153,1.19942777494915,-0.146990416688048,"Converged",FALSE,0.25
194,-1.62070991786399,0.716000481395981,-0.0744196533130878,"Converged",FALSE,0.25
195,-2.01956045199529,2.23074322465695,-0.113082885431725,"Converged",FALSE,0.25
196,-2.36965273075515,3.50641519366976,-0.0991506177028781,"Converged",FALSE,0.25
197,-2.20890274750138,2.39442038168468,-0.0877117958328316,"Converged",FALSE,0.25
198,-2.4799750002002,2.28618072256281,-0.0107387123422372,"Converged",FALSE,0.25
199,-2.34440091430667,2.03054874603617,-0.0542154325211988,"Converged",FALSE,0.25
200,-1.86332807248941,1.02735114007955,-0.0592498516827288,"Converged",FALSE,0.25
201,-1.75252338391784,2.05776798520978,-0.160609557643045,"Converged",FALSE,0.25
202,-1.16571947132105,-0.0814767674846135,-0.154986780035627,"Converged",FALSE,0.25
203,-0.991538887508054,-1.03787689935467,-0.0871075636474106,"Converged",FALSE,0.25
204,-2.54630618466738,2.73381531459152,-0.0225543240749133,"Converged",FALSE,0.25
205,-1.42823349309071,0.22730575732888,-0.087474498458614,"Converged",FALSE,0.25
206,-2.06591235825813,3.06473271625091,-0.169380251178593,"Converged",FALSE,0.25
207,-1.98043950580949,1.92980348996149,-0.0724038977388011,"Converged",FALSE,0.25
208,-2.43807146252107,3.63554921652426,-0.0823916009375115,"Converged",FALSE,0.25
209,-2.36533886242896,3.34100884758817,-0.0969276107994925,"Converged",FALSE,0.25
210,-2.15992018091865,2.08832222438963,-0.0379103018970052,"Converged",FALSE,0.25
211,-1.70366518119078,1.11498318396723,-0.106617993379145,"Converged",FALSE,0.25
212,-1.90251866290067,1.58377119550911,-0.0792341009470239,"Converged",FALSE,0.25
213,-2.33808111402534,3.01481413803803,-0.0875019775686157,"Converged",FALSE,0.25
214,-2.47451328995539,2.33714495631241,-0.0295876993990045,"Converged",FALSE,0.25
215,-2.2671059972886,2.12134447999419,-0.0363322779138377,"Converged",TRUE,0.25
216,-1.67442772954891,1.62595673712642,-0.0950728920723839,"Converged",FALSE,0.25
217,-2.40471694107944,2.38968588402678,-0.0529237983393468,"Converged",FALSE,0.25
218,-1.94114617195055,1.53883668924745,-0.0607985453276133,"Converged",FALSE,0.25
219,-2.11267461711029,2.51976949428806,-0.135013031676248,"Converged",FALSE,0.25
220,-1.79174389213551,1.28929110154831,-0.117130938908561,"Converged",FALSE,0.25
221,-1.98827214723986,1.09954212100655,-0.0507041581666046,"Converged",FALSE,0.25
222,-1.47042322725977,-0.191981833163255,-0.0869969059469108,"Converged",FALSE,0.25
223,-2.31306755537351,3.60967565203473,-0.134921472373762,"Converged",FALSE,0.25
224,-1.87988001346805,2.18196800778631,-0.127340888400452,"Converged",FALSE,0.25
225,-2.10806243126531,2.14193277940978,-0.114174871629547,"Converged",FALSE,0.25
226,-1.70221975385599,1.91676277628306,-0.165166720493238,"Converged",FALSE,0.25
227,-2.11189236150325,1.37968954214417,-0.0365795740364621,"Converged",FALSE,0.25
228,-0.978452027390875,-0.619044082082493,-0.126057878523934,"Converged",FALSE,0.25
229,-1.99408672570409,1.67518850009577,-0.0481802058818812,"Converged",FALSE,0.25
230,-2.08703717157125,2.20081381289541,-0.107153262578186,"Converged",FALSE,0.25
231,-1.76112583970364,0.978001699055471,-0.092650187338976,"Converged",FALSE,0.25
232,-2.22950574878748,2.04486581228037,-0.036789946144095,"Converged",FALSE,0.25
233,-1.4865654059911,1.32548388498776,-0.189989854897693,"Converged",FALSE,0.25
234,-2.12871725816684,2.69524095792805,-0.113164265082499,"Converged",FALSE,0.25
235,-1.73271974194162,1.49697425421034,-0.112378990592508,"Converged",FALSE,0.25
236,-2.45188168048346,3.52230472655227,-0.10912744198791,"Converged",FALSE,0.25
237,-1.98981127737262,1.47440950906227,-0.0791487682287384,"Converged",FALSE,0.25
238,-2.30055722987394,2.25542315703576,-0.0391229977538414,"Converged",FALSE,0.25
239,-2.05836187733281,2.32433225735822,-0.146786369529893,"Converged",FALSE,0.25
240,-1.88310144276524,2.36038053017814,-0.151021039790287,"Converged",FALSE,0.25
241,-1.29977705545302,0.562150519305619,-0.125338828203949,"Converged",FALSE,0.25
242,-2.11782928653594,3.36230722054331,-0.232526375210799,"Converged",FALSE,0.25
243,-2.17569766300455,1.43182864191148,-0.0131630435964993,"Converged",FALSE,0.25
244,-1.88318111818841,1.64069261120393,-0.111562541509963,"Converged",FALSE,0.25
245,-1.9761089244304,2.8388465282913,-0.18537577188777,"Converged",FALSE,0.25
246,-2.82322425927271,4.85216202090797,-0.105029113918165,"Converged",FALSE,0.25
247,-1.7589232434491,2.09702347799809,-0.138903471245587,"Converged",FALSE,0.25
248,-2.11722374663485,2.65186302641496,-0.107301361526043,"Converged",FALSE,0.25
249,-2.55862325411292,3.48396507448571,-0.0710348811310829,"Converged",FALSE,0.25
250,-1.28635622969044,0.334511658076772,-0.177842225380383,"Converged",FALSE,0.25
251,-2.28990135425156,3.06014477479504,-0.118548368868977,"Converged",FALSE,0.25
252,-2.46555947634398,2.36963870461034,-0.0413910939760323,"Converged",FALSE,0.25
253,-2.23650530194494,3.44030544773711,-0.140680045576045,"Converged",FALSE,0.25
254,-1.75916768321107,0.976562253019788,-0.0984286981639581,"Converged",FALSE,0.25
255,-1.85320658179393,2.1656912799351,-0.179746553161928,"Converged",FALSE,0.25
256,-1.92655002910931,0.937864940249377,-0.0709368379332241,"Converged",FALSE,0.25
257,-1.88943787873465,1.15248097166938,-0.088042744330448,"Converged",FALSE,0.25
258,-2.48707993817124,3.12730094249593,-0.0919719200688048,"Converged",FALSE,0.25
259,-1.32802768734192,0.129747638807798,-0.0705993150500051,"Converged",FALSE,0.25
260,-1.20210044532238,-0.207971281064139,-0.143440494049992,"Converged",FALSE,0.25
261,-2.34623490960115,4.02193644766484,-0.168723993151073,"Converged",FALSE,0.25
262,-2.28713009392488,2.09246053594223,-0.0617783921080711,"Converged",FALSE,0.25
263,-2.13002928903284,2.60677223744389,-0.0826512853105999,"Converged",FALSE,0.25
264,-1.9181162699748,1.6348820135167,-0.0814490092821762,"Converged",FALSE,0.25
265,-2.34305989252524,3.07372103706364,-0.0659144242603982,"Converged",FALSE,0.25
266,-1.76912984196221,1.37676370290821,-0.0931147019196086,"Converged",FALSE,0.25
267,-1.85140423784403,1.96140372857223,-0.0948146264333396,"Converged",FALSE,0.25
268,-2.11174612695013,1.87661858873126,-0.117659346868973,"Converged",FALSE,0.25
269,-1.93461116967193,1.8438426608182,-0.106056301884171,"Converged",FALSE,0.25
270,-1.55648512973682,2.13254629695997,-0.214177019148336,"Converged",FALSE,0.25
271,-1.76151942019446,1.36014136689675,-0.0766040835524186,"Converged",FALSE,0.25
272,-2.27313204909606,2.91914337138992,-0.101110682592293,"Converged",FALSE,0.25
273,-1.63371839189191,0.522791113504012,-0.0574807039910112,"Converged",FALSE,0.25
274,-1.82160525508318,1.97176395367117,-0.15270579801848,"Converged",FALSE,0.25
275,-1.5415710277735,0.717159056219585,-0.0968508364838525,"Converged",FALSE,0.25
276,-1.52494254992465,-0.0373952690334314,-0.0498613041703823,"Converged",FALSE,0.25
277,-1.94171571273013,1.4337337521502,-0.104161581954967,"Converged",FALSE,0.25
278,-1.85998849730838,0.621891355372622,-0.0300678384257942,"Converged",FALSE,0.25
279,-2.05431594194362,2.56646806282126,-0.132845676058704,"Converged",TRUE,0.25
280,-2.21963519253113,2.38415432782781,-0.0586387157661959,"Converged",FALSE,0.25
281,-2.34225232905834,3.15009656106772,-0.0683796249892692,"Converged",FALSE,0.25
282,-1.44665817710618,0.106743547609587,-0.0918288440566195,"Converged",FALSE,0.25
283,-1.46985646586612,1.25159229177704,-0.151846090938491,"Converged",FALSE,0.25
284,-1.95006880965222,1.4492068029199,-0.0781982445278851,"Converged",FALSE,0.25
285,-1.77286548233468,1.73524052574688,-0.124253114546393,"Converged",FALSE,0.25
286,-1.85891202269379,1.07233726946051,-0.0468465567686972,"Converged",FALSE,0.25
287,-1.62781021017339,1.00663870117352,-0.121043612715311,"Converged",FALSE,0.25
288,-1.49815262245439,0.345339219020183,-0.0814613929939338,"Converged",FALSE,0.25
289,-1.74739053677429,2.21022379577557,-0.154420623481565,"Converged",FALSE,0.25
290,-1.9828593397135,2.00996721128948,-0.100446010953808,"Converged",FALSE,0.25
291,-2.13223972779532,1.9641728227179,-0.0858186269178213,"Converged",FALSE,0.25
292,-1.81775316786234,1.87453926833508,-0.129308971165083,"Converged",FALSE,0.25
293,-1.54010242455739,0.311283669052812,-0.0470479218684155,"Converged",FALSE,0.25
294,-2.98416311514077,4.35081257793007,-0.0388884802761889,"Converged",FALSE,0.25
295,-2.48301646797199,3.75663942648683,-0.134817183140493,"Converged",FALSE,0.25
296,-1.35226103358008,0.0558570008334798,-0.0888161768548535,"Converged",FALSE,0.25
297,-1.76644533765704,2.01795970681482,-0.151122152388396,"Converged",FALSE,0.25
298,-2.17205287184811,2.10578116578315,-0.0681865590599229,"Converged",FALSE,0.25
299,-1.57198500822473,0.546142706385889,-0.0832458540593381,"Converged",FALSE,0.25
300,-1.7261753061575,1.52469031065044,-0.0942145420610173,"Converged",FALSE,0.25
301,-1.66790915757783,1.13598040817864,-0.134827210347737,"Converged",FALSE,0.25
302,-2.38275005943068,4.45036552579587,-0.244542262622588,"Converged",FALSE,0.25
303,-1.92394365852703,2.59179047746258,-0.146488771756542,"Converged",FALSE,0.25
304,-1.74699223591553,2.19386366660152,-0.147358574326992,"Converged",FALSE,0.25
305,-1.86882688788966,1.82537043337881,-0.094439874723161,"Converged",FALSE,0.25
306,NA,NA,NA,"MAX_ITER reached",FALSE,0.25
307,-2.42355725651222,2.65833464285639,-0.0425959934205947,"Converged",FALSE,0.25
308,-1.83588054399695,2.61646648820882,-0.20826068267958,"Converged",FALSE,0.25
309,-1.60423341004001,0.36876292518108,-0.029782164621103,"Converged",FALSE,0.25
310,-2.21949906574119,1.13245665931493,0.00951305216556292,"Converged",FALSE,0.25
311,-2.07129632365594,2.81955134917549,-0.121940235979012,"Converged",FALSE,0.25
312,-1.76304472341477,1.58605220057541,-0.141604887744911,"Converged",FALSE,0.25
313,-1.75319025992631,0.509181335468058,-0.0695208119617508,"Converged",FALSE,0.25
314,-2.34283115125772,2.19489719809995,-0.0368826957269017,"Converged",FALSE,0.25
315,-2.37531480384778,1.89046050021645,-0.0181645344657841,"Converged",FALSE,0.25
316,-1.30061096569772,0.0119666371566843,-0.127492414804796,"Converged",FALSE,0.25
317,-2.51148806158399,3.7270449487723,-0.0770402401558741,"Converged",FALSE,0.25
318,-2.29772271612666,2.72748152106042,-0.0667743468829494,"Converged",FALSE,0.25
319,-1.88941053018179,1.81877080859813,-0.113538341413777,"Converged",FALSE,0.25
320,-1.95985486238197,1.73561311874056,-0.132007431936565,"Converged",FALSE,0.25
321,-1.62606489026752,1.22562913756561,-0.105792973045601,"Converged",FALSE,0.25
322,-2.098085988824,2.46122923227846,-0.129602955855514,"Converged",FALSE,0.25
323,-1.43262133558141,1.78934843622597,-0.189921783874484,"Converged",FALSE,0.25
324,-1.91542267760039,1.97720995323622,-0.147309321698158,"Converged",FALSE,0.25
325,-2.16444896411474,2.16685966089798,-0.0605201720120342,"Converged",TRUE,0.25
326,-2.14542854291637,1.72635480660607,-0.0335444635513544,"Converged",FALSE,0.25
327,-2.66963787143386,2.47509549385554,-0.0129540599190242,"Converged",FALSE,0.25
328,-1.36950045446006,0.807756023384686,-0.146075477712082,"Converged",FALSE,0.25
329,-2.05073022239801,2.17621393923531,-0.118403228735029,"Converged",FALSE,0.25
330,-1.72535362586115,1.3508156020994,-0.0997201327728237,"Converged",FALSE,0.25
331,-2.81783982833005,3.7513100680794,-0.0477138882335128,"Converged",FALSE,0.25
332,-2.06582221269245,2.81798599397884,-0.125477465531908,"Converged",FALSE,0.25
333,-1.70783694466484,1.44027812223473,-0.0676004829075437,"Converged",FALSE,0.25
334,-2.04402805282897,2.59749981142166,-0.148017330712197,"Converged",FALSE,0.25
335,-2.26805748860157,2.96453126035561,-0.0553454694564614,"Converged",FALSE,0.25
336,-1.80765320960401,1.55578946034453,-0.0716874394951789,"Converged",FALSE,0.25
337,-1.71119708829285,1.71145690990255,-0.123910407442193,"Converged",FALSE,0.25
338,-2.01740279835622,1.48816571657908,-0.0367635050152775,"Converged",FALSE,0.25
339,-1.30463076198151,0.759085348650753,-0.136526001327789,"Converged",FALSE,0.25
340,-1.84969923596453,2.15452735080212,-0.138945631314368,"Converged",FALSE,0.25
341,-1.92895156977329,2.78904024279236,-0.123046877757148,"Converged",FALSE,0.25
342,NA,NA,NA,"MAX_ITER reached",FALSE,0.25
343,-2.03222079709481,2.66132118743656,-0.111417896728213,"Converged",FALSE,0.25
344,-1.34830750333554,1.02723646974885,-0.16632807838063,"Converged",FALSE,0.25
345,-2.35778633638385,2.0336885207658,-0.018921803394963,"Converged",FALSE,0.25
346,-3.0516321498813,4.67966914943333,-0.0748510369111437,"Converged",FALSE,0.25
347,-2.71575042839469,3.86839907876732,-0.0847335633309998,"Converged",TRUE,0.25
348,-1.64547943484601,1.17965237689501,-0.10051938286172,"Converged",FALSE,0.25
349,-1.45105322005539,0.227802788896753,-0.0664020856417276,"Converged",FALSE,0.25
350,-1.89777978616805,2.19049057866453,-0.0885908703427872,"Converged",FALSE,0.25
351,-2.08548223418049,3.19462563751538,-0.162769224828025,"Converged",FALSE,0.25
352,-2.38861806864928,2.76233303010601,-0.0934907290865819,"Converged",FALSE,0.25
353,-2.10730447951353,2.16182808111577,-0.0522610103633197,"Converged",FALSE,0.25
354,-2.16959140699827,3.73545111593006,-0.168107297364533,"Converged",FALSE,0.25
355,-2.35430547601536,2.49832703465903,-0.0846867505506924,"Converged",FALSE,0.25
356,-1.96375105156732,1.62403656720916,-0.0529736046437597,"Converged",FALSE,0.25
357,-1.93341216342845,1.53296227389152,-0.0909455233915937,"Converged",FALSE,0.25
358,-1.37442984069869,0.0975842965332974,-0.0781808174068674,"Converged",FALSE,0.25
359,-1.9423050831881,1.39026987365723,-0.0672038297683423,"Converged",FALSE,0.25
360,-1.55270180883139,0.649176866023256,-0.101775701871391,"Converged",FALSE,0.25
361,-1.51539245222218,0.701392437537484,-0.091098415530976,"Converged",FALSE,0.25
362,-2.34397283986693,2.5196699065507,-0.0584409764466384,"Converged",FALSE,0.25
363,-2.0666619528478,1.37396685538276,-0.0470583114661876,"Converged",FALSE,0.25
364,-1.82704841304074,0.906094244342808,-0.0575707526788187,"Converged",FALSE,0.25
365,-2.15110849408649,2.72884711878886,-0.0869771529394411,"Converged",FALSE,0.25
366,-1.86828587724014,3.0080346406595,-0.159556943890579,"Converged",FALSE,0.25
367,-2.54877535578817,2.59256450082678,-0.0725801326493693,"Converged",FALSE,0.25
368,-2.52390702134396,3.46399474844817,-0.0783337543632452,"Converged",FALSE,0.25
369,-2.29543880643397,2.08497047098635,-0.0479048666285032,"Converged",FALSE,0.25
370,-1.86358087575437,1.67236775628522,-0.0831694560843158,"Converged",FALSE,0.25
371,-1.14067522908435,-0.567095800405899,-0.111296333772876,"Converged",FALSE,0.25
372,-2.33216356058197,2.98659651684093,-0.0788918811586847,"Converged",FALSE,0.25
373,-2.3997282954661,3.26250461391361,-0.088489458419027,"Converged",FALSE,0.25
374,-1.95858115265833,1.66037323301372,-0.0780028111507172,"Converged",FALSE,0.25
375,-1.74754305141585,1.58581937866847,-0.0866761357173212,"Converged",FALSE,0.25
376,-1.97997785501267,1.78921738083782,-0.0934063808460807,"Converged",FALSE,0.25
377,-2.49487765788025,3.52661016231933,-0.0665869178404109,"Converged",FALSE,0.25
378,-1.57840942414149,0.869850345271579,-0.106519507361486,"Converged",FALSE,0.25
379,-2.77928719705439,2.53817268825229,-0.0218876093106754,"Converged",FALSE,0.25
380,-1.94324530874364,2.14380641646133,-0.107928719161598,"Converged",FALSE,0.25
381,-1.99418544039668,2.09737672754911,-0.0908974560740781,"Converged",FALSE,0.25
382,-2.32265807095321,4.26138161212343,-0.171662743735797,"Converged",FALSE,0.25
383,-2.49722391698723,3.73858770226667,-0.12286887579182,"Converged",FALSE,0.25
384,-2.08674805305356,3.52104450538081,-0.193806920895702,"Converged",FALSE,0.25
385,-1.92565158802973,1.6200509017443,-0.0884968651428793,"Converged",FALSE,0.25
386,-3.39917720783327,4.49457784233027,0.0244613092600224,"Converged",FALSE,0.25
387,-1.99031853370195,2.38509833881375,-0.142105173717251,"Converged",FALSE,0.25
388,-2.04352483261471,2.48115143158922,-0.103619902408313,"Converged",FALSE,0.25
389,-1.79374700518199,0.837477512240987,-0.0751389465377411,"Converged",FALSE,0.25
390,-2.09482804951868,2.35211784240758,-0.0996198688857067,"Converged",FALSE,0.25
391,-2.2297667178405,2.18952717042393,-0.072791553987784,"Converged",FALSE,0.25
392,-1.8402486930729,1.64514657769738,-0.106956875531425,"Converged",FALSE,0.25
393,-1.69060201024895,2.34206908335585,-0.145819815841936,"Converged",FALSE,0.25
394,-1.62674657968854,1.22166139562494,-0.104537373072527,"Converged",FALSE,0.25
395,-1.861484389659,2.95429321020544,-0.165226761526519,"Converged",FALSE,0.25
396,-2.69459416599982,2.50424208220415,0.00522516518336006,"Converged",FALSE,0.25
397,-1.30543907981241,-0.407088798202271,-0.110657065007882,"Converged",FALSE,0.25
398,-1.86659628239345,1.86524421702776,-0.126651982263931,"Converged",FALSE,0.25
399,-1.60451169463763,1.28736169797518,-0.100191698107688,"Converged",FALSE,0.25
400,-2.50261236490248,2.65628748251624,-0.0215746150439691,"Converged",FALSE,0.25
401,-1.2807786727557,0.77903421096544,-0.147997348492495,"Converged",FALSE,0.25
402,-2.09492703016425,2.5688453919684,-0.121421301571821,"Converged",FALSE,0.25
403,-2.28598768318524,2.69327476099584,-0.0503363970889758,"Converged",FALSE,0.25
404,-2.29741966086956,2.23224211241027,-0.0389322742450123,"Converged",FALSE,0.25
405,-2.7126293156382,2.75105128547138,0.01458742807389,"Converged",FALSE,0.25
406,-2.03879840617424,2.3978412867685,-0.127774026647212,"Converged",FALSE,0.25
407,-2.509701139714,2.00852252906702,0.0238286380248935,"Converged",FALSE,0.25
408,-1.46047126418115,0.698037495919586,-0.100649137571798,"Converged",FALSE,0.25
409,-1.68321773430226,1.39670695698999,-0.13410794411224,"Converged",FALSE,0.25
410,-1.86424112313615,1.55855667215753,-0.0820877159359392,"Converged",FALSE,0.25
411,-2.07251690615764,2.42670056542098,-0.0753985169692947,"Converged",FALSE,0.25
412,-1.87162525826409,2.33492957025102,-0.123689071553587,"Converged",FALSE,0.25
413,-2.19665430512857,2.62589056078679,-0.068052035852216,"Converged",FALSE,0.25
414,-2.64949267466856,4.1210569786818,-0.113374625966251,"Converged",FALSE,0.25
415,-1.81474300659732,1.48545505984038,-0.0904103917776337,"Converged",FALSE,0.25
416,-1.98316624253279,1.33678898709156,-0.0343953795332778,"Converged",FALSE,0.25
417,-1.66420997474254,1.70602227497634,-0.140740130228431,"Converged",FALSE,0.25
418,-1.73665135628287,1.53555742612317,-0.127509880112881,"Converged",FALSE,0.25
419,-2.01570518758672,0.715798006142665,-0.0566434304013858,"Converged",FALSE,0.25
420,-1.50333721768958,0.906523344474786,-0.123684391393062,"Converged",FALSE,0.25
421,-1.55683614488453,0.976395163175337,-0.127034012306794,"Converged",FALSE,0.25
422,-2.87759140739568,4.88507419281665,-0.102270623279556,"Converged",FALSE,0.25
423,-2.85828682178477,5.05938841713719,-0.11236309257675,"Converged",FALSE,0.25
424,-2.07808253883592,2.58114107516479,-0.141195759687986,"Converged",FALSE,0.25
425,-2.37099172169869,2.89230339775346,-0.0899022623064685,"Converged",FALSE,0.25
426,-1.73065187454958,1.1655687506977,-0.0705943455377837,"Converged",FALSE,0.25
427,-1.9051651837008,1.40623181311741,-0.0924355869507587,"Converged",FALSE,0.25
428,-2.6689704945922,2.62557892142358,-0.014756712745776,"Converged",FALSE,0.25
429,-2.041465923109,1.85044551236289,-0.0881298231621594,"Converged",FALSE,0.25
430,-2.03777025360097,2.99336664277955,-0.17794103350606,"Converged",FALSE,0.25
431,-2.16320458570546,3.00900426770698,-0.148331874713423,"Converged",FALSE,0.25
432,-1.72853904911234,1.39811413653129,-0.106443814766937,"Converged",FALSE,0.25
433,-2.36989308498087,1.84643213494063,-0.0164790761546549,"Converged",FALSE,0.25
434,-2.83828221378779,2.86298597017974,-0.0429674300763044,"Converged",FALSE,0.25
435,-1.99749061087334,2.16873251328974,-0.102791305350999,"Converged",FALSE,0.25
436,-2.42557763352327,3.35802703288754,-0.1075325960872,"Converged",FALSE,0.25
437,-1.80187561933699,0.89575258630073,-0.0567007963707587,"Converged",FALSE,0.25
438,-1.87569061991764,1.16169280750608,-0.0526502625917657,"Converged",FALSE,0.25
439,-2.04757009446127,3.13730638831622,-0.165558516271874,"Converged",FALSE,0.25
440,-1.7306005428108,1.04565389971285,-0.0781555635700555,"Converged",FALSE,0.25
441,-1.76393649938799,1.37221645777805,-0.0900514845659172,"Converged",FALSE,0.25
442,-1.77585014584508,2.54849205944552,-0.182863702645733,"Converged",FALSE,0.25
443,-2.64141317189499,3.09531539311335,-0.0124694397122779,"Converged",FALSE,0.25
444,-1.71300798523553,1.71399131257155,-0.122700290353653,"Converged",FALSE,0.25
445,-3.07580724569665,5.99536044966093,-0.12652772436627,"Converged",FALSE,0.25
446,-2.05387482267061,1.88252993116731,-0.0723210871660035,"Converged",FALSE,0.25
447,-1.77207587582073,0.107930722222237,-0.0568805497698472,"Converged",FALSE,0.25
448,-2.37731198982049,3.42834130013317,-0.111590580516026,"Converged",FALSE,0.25
449,-2.45916159718422,2.8125544878637,-0.0585317676893487,"Converged",FALSE,0.25
450,-2.06340976948569,2.17493662133133,-0.0562812604287305,"Converged",FALSE,0.25
451,-2.29896714950792,1.61458198245091,0.00209314299886901,"Converged",FALSE,0.25
452,-3.11852807656467,5.03631528571846,-0.0581366662230249,"Converged",FALSE,0.25
453,-1.50767109905368,1.99039203104245,-0.202962160978401,"Converged",FALSE,0.25
454,-1.8632426780925,1.10753142653714,-0.0560986608979296,"Converged",FALSE,0.25
455,-1.91236177145398,1.13513387935083,-0.061116656262921,"Converged",FALSE,0.25
456,-1.668339413343,1.18068447277664,-0.103005633328466,"Converged",FALSE,0.25
457,-2.42459386696943,1.87744419040583,-0.0115036985393276,"Converged",FALSE,0.25
458,-1.71247636075772,1.13598400604354,-0.0923539069464132,"Converged",FALSE,0.25
459,-2.04504854762777,1.48231230473103,-0.05384599194335,"Converged",FALSE,0.25
460,-1.95335595008467,1.83038802862348,-0.128871819602684,"Converged",FALSE,0.25
461,-1.83965761761917,2.7297670872516,-0.140807351302709,"Converged",FALSE,0.25
462,-1.7403225065143,1.3708713548927,-0.0708474347304318,"Converged",FALSE,0.25
463,-2.48173153457128,2.79912731262302,-0.0567912404963046,"Converged",FALSE,0.25
464,-2.21228356116056,1.48648165749046,-0.0450419056031657,"Converged",FALSE,0.25
465,-1.60242758334452,0.736715260632768,-0.0706392160916206,"Converged",FALSE,0.25
466,-1.87120975080826,0.796672438402115,-0.0630307576735916,"Converged",FALSE,0.25
467,-2.28624627305588,2.31854376081256,-0.0725698222818781,"Converged",FALSE,0.25
468,-1.34284442896113,0.395885624389841,-0.0840668947724833,"Converged",FALSE,0.25
469,-2.07333146081472,2.44268918899456,-0.102793554195918,"Converged",FALSE,0.25
470,-2.69726549700652,3.64332254612372,-0.0488206810783399,"Converged",FALSE,0.25
471,-2.15024689172859,1.77739472406929,-0.0616795819185824,"Converged",FALSE,0.25
472,-2.11739119193613,1.61384712206145,-0.0434464856474922,"Converged",FALSE,0.25
473,-2.88735747536546,4.37205510910716,-0.0959283326220479,"Converged",FALSE,0.25
474,-1.58064448918411,0.611814097015235,-0.101012656458449,"Converged",FALSE,0.25
475,-1.71254508560616,1.88994327684946,-0.117232813100659,"Converged",FALSE,0.25
476,-2.95688896860206,4.20673657512041,-0.0357425150191622,"Converged",FALSE,0.25
477,-1.9651581992449,1.99491011040077,-0.10819397867767,"Converged",FALSE,0.25
478,-2.10422392941813,2.35283188908055,-0.160177491248389,"Converged",FALSE,0.25
479,-2.55385897558473,2.98089767591432,-0.0555203098800892,"Converged",FALSE,0.25
480,-2.10831446914674,2.51182847956371,-0.123977733994368,"Converged",FALSE,0.25
481,-2.5444850861305,3.44927095770854,-0.0702817448455379,"Converged",FALSE,0.25
482,-1.78817201776627,1.77144151832888,-0.103983166163899,"Converged",FALSE,0.25
483,-3.56384488125889,6.06860978923562,-0.0896163889706152,"Converged",FALSE,0.25
484,-2.30367342018709,1.97954119415494,-0.00289022121608757,"Converged",FALSE,0.25
485,-1.93880235939124,1.64691756895209,-0.0689109535738164,"Converged",FALSE,0.25
486,-1.20922089789395,0.654195444935074,-0.175319949927689,"Converged",FALSE,0.25
487,-2.51598794232034,3.98919249488085,-0.123851959939603,"Converged",FALSE,0.25
488,-2.9161190985339,4.29181863548659,-0.0720869860442953,"Converged",FALSE,0.25
489,-2.3939237998342,2.85701990718304,-0.078647093108283,"Converged",FALSE,0.25
490,-2.07874589797021,2.09933133996788,-0.104147918031829,"Converged",FALSE,0.25
491,-2.50749118247868,3.49992113790806,-0.101636169447044,"Converged",FALSE,0.25
492,-2.38052044769305,2.51675837691235,-0.0641026497356921,"Converged",FALSE,0.25
493,-2.54808066036496,3.3954415756289,-0.10890849405656,"Converged",FALSE,0.25
494,-1.87973160528418,1.72220837201895,-0.123692633316208,"Converged",FALSE,0.25
495,-2.19527549475981,1.87193393685621,-0.0395234551976961,"Converged",FALSE,0.25
496,-1.72094895473316,0.866314761620123,-0.063379371915468,"Converged",FALSE,0.25
497,-1.98627563188158,1.83248985993167,-0.0794814065397361,"Converged",FALSE,0.25
498,-1.53121481886309,0.551294727741865,-0.105825753559367,"Converged",FALSE,0.25
499,-1.47800616924245,1.87603196648615,-0.225307415322121,"Converged",FALSE,0.25
500,-2.27261917982407,2.63113375516384,-0.0839493445407786,"Converged",FALSE,0.25
501,-1.52677044445429,-0.109394277253408,-0.0361131119859028,"Converged",FALSE,0.25
502,-2.27050161023175,2.41322074420842,-0.0911610918400443,"Converged",FALSE,0.25
503,-2.20069281098922,3.3903371974922,-0.155281951300308,"Converged",FALSE,0.25
504,-1.60315465529109,1.88540832001063,-0.162797784819767,"Converged",FALSE,0.25
505,-2.15994764867783,1.76625059878667,-0.0551351512167624,"Converged",FALSE,0.25
506,-1.64830431885025,1.55574500483043,-0.178992982559938,"Converged",FALSE,0.25
507,-2.81543747121612,4.13973737254551,-0.0463219496160551,"Converged",FALSE,0.25
508,-2.22544168741631,3.36307372283589,-0.085830551000316,"Converged",FALSE,0.25
509,-2.09128248613174,1.6807260144259,-0.0374430629239455,"Converged",FALSE,0.25
510,-1.54198550877386,1.03925154674176,-0.107652605683856,"Converged",FALSE,0.25
511,-2.41986465831013,3.57045652295772,-0.14295041390362,"Converged",FALSE,0.25
512,-1.9589943573893,2.260956885403,-0.101845483256814,"Converged",FALSE,0.25
513,-1.83752468752759,1.6189721139359,-0.110119195961379,"Converged",FALSE,0.25
514,-1.65582759837017,1.70143405477406,-0.156761791085067,"Converged",FALSE,0.25
515,-2.94721596751155,5.08344842473617,-0.11756582595588,"Converged",FALSE,0.25
516,-1.4245777095262,1.44302917336532,-0.161982749314446,"Converged",FALSE,0.25
517,-1.59843724279907,1.14419194392716,-0.130080078012753,"Converged",FALSE,0.25
518,-1.52444476721053,1.29077443306253,-0.119012193851287,"Converged",FALSE,0.25
519,-1.57115884580146,1.01189333170884,-0.0915477715468682,"Converged",FALSE,0.25
520,-2.34151584458467,2.32054924449477,-0.0570536547289156,"Converged",FALSE,0.25
521,-1.98011946497145,2.78121343314204,-0.188796692880092,"Converged",FALSE,0.25
522,-2.04578330240235,2.51090907374395,-0.107662611502597,"Converged",FALSE,0.25
523,-1.73249812701736,1.06283600038074,-0.0535261778512717,"Converged",FALSE,0.25
524,-1.5443758716778,0.849566972222905,-0.12983501127194,"Converged",FALSE,0.25
525,-1.83819815704578,2.24134249940292,-0.0976427525809977,"Converged",FALSE,0.25
526,-1.43448979140687,0.44207672766292,-0.0990844723979167,"Converged",FALSE,0.25
527,-1.7558999666817,0.858618132644364,-0.0740545638870792,"Converged",FALSE,0.25
528,-2.14034383911886,3.09835775245995,-0.105234035309953,"Converged",FALSE,0.25
529,-1.71913792591153,1.91568059674496,-0.143016475580301,"Converged",FALSE,0.25
530,-2.22681167182162,3.68295077847995,-0.168297897574143,"Converged",FALSE,0.25
531,-1.58478298411812,1.80668333801749,-0.17389211453877,"Converged",FALSE,0.25
532,-2.30094377479467,3.26826747344585,-0.10012634291756,"Converged",FALSE,0.25
533,-1.43147438860779,0.111224869022842,-0.0877929867219143,"Converged",FALSE,0.25
534,-1.91635103006705,2.82308620391421,-0.156891820866592,"Converged",FALSE,0.25
535,-1.876616070607,1.05596403354316,-0.0655159306341756,"Converged",FALSE,0.25
536,-1.90596622982096,2.31211397019163,-0.140270655667174,"Converged",FALSE,0.25
537,-1.97743612733245,2.84544410842824,-0.110647811260193,"Converged",FALSE,0.25
538,-1.29589299782104,1.04007523404451,-0.193064485021031,"Converged",FALSE,0.25
539,-2.57237253894372,3.40724534836758,-0.0705778476491419,"Converged",FALSE,0.25
540,-2.10112466458095,2.15049531226333,-0.100121892904378,"Converged",FALSE,0.25
541,-2.2466125890937,2.16464587855697,-0.0643652111368542,"Converged",FALSE,0.25
542,-2.34445532256459,3.88135137071462,-0.11660204348193,"Converged",FALSE,0.25
543,-1.57515204277238,1.48950003033211,-0.148333909145826,"Converged",FALSE,0.25
544,-1.82007473651132,0.752627429821913,-0.050136789262173,"Converged",FALSE,0.25
545,-1.38247211895107,1.02979911332972,-0.145419051239561,"Converged",FALSE,0.25
546,-1.9917338277966,1.61434675257805,-0.0683585009996954,"Converged",FALSE,0.25
547,-2.04710328227167,1.79645017167466,-0.0495221422326296,"Converged",FALSE,0.25
548,-2.16408221909463,2.72957285208989,-0.0964452249245445,"Converged",FALSE,0.25
549,-1.53418193005054,1.30636773833861,-0.170626893409071,"Converged",FALSE,0.25
550,-1.72117559849809,1.57264590129356,-0.156977975269554,"Converged",FALSE,0.25
551,-1.39132509702471,1.10999090855471,-0.144137668846696,"Converged",TRUE,0.25
552,-1.86616232191625,2.57175422140391,-0.200449956642953,"Converged",TRUE,0.25
553,-2.40428225450427,3.14218411798629,-0.0738399576930617,"Converged",FALSE,0.25
554,-1.9720517411642,1.29066919561959,-0.0491912621519712,"Converged",FALSE,0.25
555,-2.28283688085886,2.22345905817691,-0.0484757250506413,"Converged",FALSE,0.25
556,-1.78710785720296,0.636962419834777,-0.0476336468958966,"Converged",FALSE,0.25
557,-1.54245850479396,1.50916202346292,-0.137472110926588,"Converged",FALSE,0.25
558,-1.22529666955295,0.225181639165253,-0.140583045002194,"Converged",FALSE,0.25
559,-1.99945189835597,3.05355563822376,-0.11969508759659,"Converged",FALSE,0.25
560,-2.03822621671566,2.39227928701822,-0.133852592913251,"Converged",FALSE,0.25
561,-1.79359429849749,0.784744158846641,-0.066035794197235,"Converged",FALSE,0.25
562,-2.58960313078863,4.53988261421561,-0.140041209649351,"Converged",FALSE,0.25
563,-1.91867348608205,1.61308907427327,-0.059629351818457,"Converged",FALSE,0.25
564,-2.25486793795098,2.47932867955017,-0.112442873790042,"Converged",FALSE,0.25
565,-1.52970263995059,0.240259170710895,-0.0858523498770885,"Converged",FALSE,0.25
566,-2.05239151585775,1.24449285707296,-0.0734640603501487,"Converged",FALSE,0.25
567,-1.85912252477414,1.94470088442264,-0.112093062204367,"Converged",FALSE,0.25
568,-2.1258822572435,2.55562474798491,-0.0677936755511864,"Converged",FALSE,0.25
569,-1.92740739154327,2.78458906921421,-0.207927966888964,"Converged",FALSE,0.25
570,-1.99431675721004,1.73037242404698,-0.067449127448243,"Converged",FALSE,0.25
571,-1.45707191247263,0.163744605607312,-0.097149636008364,"Converged",FALSE,0.25
572,-2.41752917271114,2.29580016988259,-0.0516941613279721,"Converged",FALSE,0.25
573,-2.01625521438213,2.06279097170092,-0.169383510656333,"Converged",FALSE,0.25
574,-2.48140373371663,3.46435275061815,-0.0729789228825485,"Converged",TRUE,0.25
575,-2.04178696275859,1.97288818901895,-0.0778499934915261,"Converged",FALSE,0.25
576,-1.34553702454146,0.598521287572324,-0.150495724033052,"Converged",FALSE,0.25
577,-1.90559086328495,2.72662526127201,-0.200131958513746,"Converged",FALSE,0.25
578,-2.19264271318289,3.38432645830463,-0.160753730854401,"Converged",FALSE,0.25
579,-1.45144996481719,0.832152292499769,-0.119062547681866,"Converged",FALSE,0.25
580,-2.12396826448375,1.65858300516503,-0.0579494952936853,"Converged",FALSE,0.25
581,-1.90201221935762,2.0234837687896,-0.13404685648489,"Converged",FALSE,0.25
582,-2.38584386215736,2.46215890092543,-0.0292124920203415,"Converged",FALSE,0.25
583,-1.43208016812338,1.55267697802789,-0.166807148103476,"Converged",FALSE,0.25
584,-2.21596259735325,2.13085422012375,-0.0792605264935788,"Converged",FALSE,0.25
585,-2.91921023217077,4.55215244458209,-0.103338235557703,"Converged",FALSE,0.25
586,-2.31179424367585,2.25459975754127,-0.0578946561820174,"Converged",FALSE,0.25
587,-1.99459300943185,2.35015892793714,-0.166906809458194,"Converged",FALSE,0.25
588,-1.20830415326728,0.945446284297262,-0.170783482954913,"Converged",FALSE,0.25
589,-1.53666953679845,0.477961527467154,-0.0802010026632687,"Converged",FALSE,0.25
590,-2.01104224417815,1.0145529073367,-0.0607258615592643,"Converged",FALSE,0.25
591,-1.70588718138614,1.22998246102915,-0.08048510094221,"Converged",FALSE,0.25
592,-1.90152593383001,1.27357036416918,-0.078609902503318,"Converged",FALSE,0.25
593,-1.83166840279679,1.556615336892,-0.110357255424383,"Converged",FALSE,0.25
594,-1.11020170786878,-1.13757999458899,-0.0802059276825024,"Converged",FALSE,0.25
595,-1.31326986653157,1.5355076709257,-0.217252613160952,"Converged",FALSE,0.25
596,-2.43935139676611,3.4042583413552,-0.0946336142537517,"Converged",FALSE,0.25
597,-2.39995785989326,2.95514695593441,-0.0865589785939647,"Converged",FALSE,0.25
598,-0.718561048599468,0.229664060308496,-0.238412290918749,"Converged",FALSE,0.25
599,-1.43261115242892,0.250841453249454,-0.114314398835002,"Converged",FALSE,0.25
600,-1.99800594165296,1.61233545024604,-0.0628681573156901,"Converged",FALSE,0.25
601,-2.71554787663488,3.90079883433848,-0.0992749811356389,"Converged",FALSE,0.25
602,-2.07112720814857,1.56527140201856,-0.0547681908127392,"Converged",FALSE,0.25
603,-1.43684267539584,0.195359666938509,-0.0785156939929754,"Converged",FALSE,0.25
604,-1.14522235179261,0.00353037175112539,-0.143040684049082,"Converged",FALSE,0.25
605,-2.17370628784914,2.22910081709849,-0.0736658559617813,"Converged",FALSE,0.25
606,-2.07892934641441,2.22756512653838,-0.0867335103340978,"Converged",FALSE,0.25
607,-2.20218415245788,1.94415945309813,-0.0675803756482414,"Converged",FALSE,0.25
608,-1.994524493218,2.21042315338616,-0.0917104516361505,"Converged",FALSE,0.25
609,-1.96461915423534,1.26417978998579,-0.0165567258785432,"Converged",FALSE,0.25
610,-2.15303979904513,2.04829061165952,-0.0767398080640895,"Converged",FALSE,0.25
611,-1.33867559078023,0.615709866917638,-0.149184874434479,"Converged",FALSE,0.25
612,-2.0673406182341,1.96212017849396,-0.0736584912742932,"Converged",FALSE,0.25
613,-1.69703101094237,0.843866908581952,-0.0540416545668662,"Converged",FALSE,0.25
614,-2.02114404869071,2.37516187400202,-0.113620171653303,"Converged",FALSE,0.25
615,-1.57516872056587,0.171775849334012,-0.0451984976997994,"Converged",FALSE,0.25
616,-1.89418310055351,1.92209056070432,-0.0934199222518213,"Converged",TRUE,0.25
617,-2.22307872831126,2.77308129667309,-0.0841169558158136,"Converged",FALSE,0.25
618,-2.18233956006349,2.30569786939524,-0.0842750696073321,"Converged",FALSE,0.25
619,-1.53736577234286,0.390031899890288,-0.0649667130566725,"Converged",FALSE,0.25
620,-1.5226656250395,1.17148486039926,-0.114442741943503,"Converged",FALSE,0.25
621,-1.9007918854237,2.45899291309965,-0.144124328344636,"Converged",FALSE,0.25
622,-1.86884045570646,1.52225516314526,-0.0923256845996226,"Converged",FALSE,0.25
623,-1.46879027539859,0.933468353196444,-0.14715321224676,"Converged",FALSE,0.25
624,-2.20156706997029,1.98445077608658,-0.0442187196383075,"Converged",FALSE,0.25
625,-1.37513137431042,0.835237850493533,-0.129516028083257,"Converged",TRUE,0.25
626,-2.37772123541017,2.91770790048908,-0.119548504399581,"Converged",FALSE,0.25
627,-2.16206105433146,2.00938018505723,-0.073585480534253,"Converged",FALSE,0.25
628,-1.68686934787391,1.38433749944466,-0.11030589240201,"Converged",FALSE,0.25
629,-1.55415526562611,0.283567228413937,-0.105622230738103,"Converged",FALSE,0.25
630,-2.77952203005671,3.72538755486621,-0.0536213204842882,"Converged",FALSE,0.25
631,-2.23507868100712,2.60399507704372,-0.0873722967327544,"Converged",FALSE,0.25
632,-1.73106552440855,0.519038945794033,-0.0526702049797004,"Converged",FALSE,0.25
633,-1.90367136322935,1.75007769207575,-0.088075650501744,"Converged",FALSE,0.25
634,-1.27506877063316,0.544383696032477,-0.158341827603783,"Converged",FALSE,0.25
635,-1.75671216707989,1.55974495067037,-0.119322098992055,"Converged",FALSE,0.25
636,-2.75146328407087,4.45197662453308,-0.111680829426931,"Converged",FALSE,0.25
637,-1.77460704569733,1.32288035445633,-0.117666669931336,"Converged",FALSE,0.25
638,-2.48329144567267,2.46396966660816,-0.0199514993009989,"Converged",FALSE,0.25
639,-1.09142327298303,-0.301406430656309,-0.138946433670532,"Converged",FALSE,0.25
640,-1.64294587305614,1.06203015111382,-0.116559999943552,"Converged",FALSE,0.25
641,-1.69484483518897,1.27518927883349,-0.122973407889308,"Converged",FALSE,0.25
642,-1.87596167653351,1.40315348361251,-0.0429649994487685,"Converged",FALSE,0.25
643,-2.04649119839992,2.00809286124455,-0.0959192565968491,"Converged",FALSE,0.25
644,-1.72429425296922,1.3724311165262,-0.11291273445495,"Converged",FALSE,0.25
645,-1.60253200595583,1.43908158457709,-0.119417410284229,"Converged",FALSE,0.25
646,-1.6607657043725,1.03814771943448,-0.0847893141693654,"Converged",FALSE,0.25
647,-2.48040267536813,3.13011496981131,-0.0732312778219564,"Converged",FALSE,0.25
648,-1.53795633600764,0.922293846157645,-0.154617299116584,"Converged",FALSE,0.25
649,-3.10209625781682,4.86296569733976,-0.0701389637028496,"Converged",FALSE,0.25
650,-1.82290902978641,1.36919719091207,-0.0918420599049244,"Converged",FALSE,0.25
651,-1.43981802762828,0.214609574469388,-0.112367549903102,"Converged",FALSE,0.25
652,-1.76061607947924,1.29732866109244,-0.0737335703336786,"Converged",FALSE,0.25
653,-1.66920073199195,1.44447658325112,-0.119967822052675,"Converged",FALSE,0.25
654,-1.47888919600067,0.368537322342509,-0.115052235699322,"Converged",FALSE,0.25
655,-2.6854935704149,2.41205838406078,-0.00994720461473056,"Converged",FALSE,0.25
656,-1.93986640565532,1.24782747361469,-0.0357592320110191,"Converged",FALSE,0.25
657,-1.97700029436738,1.36890793488042,-0.0701166636248501,"Converged",FALSE,0.25
658,-2.13157695265395,2.40160279315113,-0.109309674469805,"Converged",FALSE,0.25
659,-1.79857541276908,1.27052537107983,-0.105964612763581,"Converged",FALSE,0.25
660,-2.7189269559016,4.37880548555619,-0.108001095292761,"Converged",FALSE,0.25
661,-2.18839079057929,2.82041236557542,-0.111915766088264,"Converged",FALSE,0.25
662,-1.39703638894442,0.586859139551718,-0.0964690013254813,"Converged",FALSE,0.25
663,-1.74312127029601,0.861289397328047,-0.0803132904586365,"Converged",FALSE,0.25
664,-2.06623855506679,1.86918081387327,-0.0447988232562043,"Converged",FALSE,0.25
665,-1.66159419982681,0.805579739951393,-0.0921207892599683,"Converged",FALSE,0.25
666,-1.47957612236253,1.66747190912426,-0.164332592539959,"Converged",FALSE,0.25
667,-2.6077718281693,4.52185360811046,-0.15645530854495,"Converged",FALSE,0.25
668,-2.53131287272985,3.30648555091883,-0.0574324973864767,"Converged",FALSE,0.25
669,-1.24071142938831,1.1909177307574,-0.193960596140411,"Converged",FALSE,0.25
670,-2.29214193433985,2.26508443548347,-0.0241889435986371,"Converged",FALSE,0.25
671,NA,NA,NA,"MAX_ITER reached",FALSE,0.25
672,-1.20176459600771,0.610982121984128,-0.185439667643763,"Converged",FALSE,0.25
673,-1.54379733996427,0.43351356340756,-0.0988024114008231,"Converged",FALSE,0.25
674,-1.77008432817493,1.81028843935359,-0.116444062465253,"Converged",FALSE,0.25
675,-2.52341668812943,3.56924579960108,-0.0699806003974015,"Converged",FALSE,0.25
676,-2.06903925980568,2.44075923611131,-0.126550462410883,"Converged",FALSE,0.25
677,-1.98296849587381,1.32761103108325,-0.0645336045066906,"Converged",FALSE,0.25
678,-1.95961209650939,2.70220227931791,-0.153148076148273,"Converged",FALSE,0.25
679,-2.19322569550823,3.24615554882501,-0.147442836601047,"Converged",FALSE,0.25
680,-1.78762376765409,1.51087153156609,-0.099102149092537,"Converged",FALSE,0.25
681,-1.73602892546175,1.64429692252018,-0.0847234402122472,"Converged",FALSE,0.25
682,-2.19814570116695,2.49456113200789,-0.0921531722473767,"Converged",FALSE,0.25
683,-1.22638054900579,0.0969312469502076,-0.0802681971350846,"Converged",TRUE,0.25
684,-2.32278026667448,2.93696851624211,-0.0787986051688426,"Converged",FALSE,0.25
685,-2.0378049049509,2.54059099038009,-0.122808287862438,"Converged",FALSE,0.25
686,-2.25923036014575,2.11371113764749,-0.0689368956443235,"Converged",FALSE,0.25
687,-2.41849633014769,3.19900495927782,-0.0849131497402769,"Converged",FALSE,0.25
688,-0.920202764455702,-0.874097157387922,-0.123907386616617,"Converged",FALSE,0.25
689,-1.32971182326118,0.211870964628419,-0.10717403863656,"Converged",FALSE,0.25
690,-1.93128653598127,2.08291947249488,-0.122360602352957,"Converged",FALSE,0.25
691,-1.93737111025959,1.77724325657247,-0.0909605928668071,"Converged",FALSE,0.25
692,-1.77073862186914,2.09586116480486,-0.138607308787022,"Converged",FALSE,0.25
693,-2.0968064339964,2.99584948550247,-0.15630769672431,"Converged",FALSE,0.25
694,-1.6020913154418,0.177500372236775,-0.0485114745999283,"Converged",TRUE,0.25
695,-2.12489320572402,2.9106005498658,-0.138720400815847,"Converged",FALSE,0.25
696,-1.81363983654161,2.62352104952264,-0.151317271216997,"Converged",FALSE,0.25
697,-1.54560086722889,1.24698654449254,-0.130226387811712,"Converged",FALSE,0.25
698,-1.79823371977288,1.76119870435389,-0.110744230707167,"Converged",FALSE,0.25
699,-2.04689094084053,2.0226069412411,-0.105411656587834,"Converged",FALSE,0.25
700,-2.07166698367697,2.70555476519824,-0.13006271005437,"Converged",FALSE,0.25
701,-1.6708812522521,0.807521125407513,-0.088469595472896,"Converged",FALSE,0.25
702,-2.27644680725972,1.97276774691024,-0.0262599279804956,"Converged",FALSE,0.25
703,-3.06296281703152,4.04002998735629,-0.00589016944226039,"Converged",FALSE,0.25
704,-1.0336681598716,0.0580887404600787,-0.160872366925669,"Converged",FALSE,0.25
705,-1.50436977152249,0.973936485910934,-0.12997352079726,"Converged",FALSE,0.25
706,-1.84318465405737,2.79221005770304,-0.214873530772081,"Converged",FALSE,0.25
707,-1.74196981381287,1.31366644582211,-0.0762484292418771,"Converged",FALSE,0.25
708,-1.89593439582229,2.64411055861475,-0.132200405133507,"Converged",FALSE,0.25
709,-2.02560209964112,2.36943693495737,-0.1176489434062,"Converged",FALSE,0.25
710,-1.61798260470281,1.23445225028542,-0.152089450641658,"Converged",FALSE,0.25
711,-1.60519985637481,0.616100154045104,-0.0751944343437489,"Converged",FALSE,0.25
712,-2.55076033013152,3.67295897667741,-0.101092944838778,"Converged",FALSE,0.25
713,-2.71229654894556,3.60957441040892,-0.0516721022417875,"Converged",FALSE,0.25
714,-1.62855307494862,2.07402398433702,-0.177608170711051,"Converged",FALSE,0.25
715,-2.09093875936525,2.63778451828287,-0.1143912215253,"Converged",FALSE,0.25
716,-1.97032266207348,1.59934081448515,-0.066225845634631,"Converged",FALSE,0.25
717,-2.6785572248947,2.80305360295667,-0.0334522050614488,"Converged",FALSE,0.25
718,-1.80674592407295,1.51684524103098,-0.0951950865965625,"Converged",FALSE,0.25
719,-1.08854943125402,-0.931244210954208,-0.0846573383001803,"Converged",FALSE,0.25
720,-1.51716348159757,1.14101053971811,-0.109065394737699,"Converged",TRUE,0.25
721,-2.21997236680535,2.71165396269013,-0.0805050180903788,"Converged",FALSE,0.25
722,-1.93836815992929,1.38461574883714,-0.0634150775087634,"Converged",FALSE,0.25
723,-2.31149881863986,3.0590466687562,-0.0995154657324918,"Converged",FALSE,0.25
724,-1.74827154697157,1.65375068978123,-0.131875363729648,"Converged",FALSE,0.25
725,-2.42882113097673,3.79253447612776,-0.0943820497130261,"Converged",FALSE,0.25
726,-2.204137894076,3.41009410646675,-0.168182433757642,"Converged",FALSE,0.25
727,-1.86218851806999,2.16312597160515,-0.136344715812273,"Converged",FALSE,0.25
728,-2.67911803156548,3.50957414965025,-0.0831741344696926,"Converged",FALSE,0.25
729,-1.98874772802239,1.96861445336458,-0.123459742796339,"Converged",FALSE,0.25
730,-1.84447669298403,0.948717719716371,-0.0607609943981002,"Converged",FALSE,0.25
731,-2.39640441859905,2.1387896490933,-0.0339461692013445,"Converged",FALSE,0.25
732,-2.01233917578517,1.63869263487756,-0.0694259926433024,"Converged",FALSE,0.25
733,-3.12530752994271,4.20136776807397,0.0117970486391123,"Converged",FALSE,0.25
734,-1.97843644368733,2.77860334929495,-0.135127744155875,"Converged",FALSE,0.25
735,-1.98245762873721,1.79804514572117,-0.0783753928244896,"Converged",FALSE,0.25
736,-1.09583565578468,0.105520142940911,-0.171554335125248,"Converged",FALSE,0.25
737,-2.43262337535656,3.20229264642375,-0.0608991793238101,"Converged",FALSE,0.25
738,-2.75919501358299,4.50881205416222,-0.121286731780717,"Converged",FALSE,0.25
739,-1.71334905448179,1.86245157571864,-0.0987989199623765,"Converged",FALSE,0.25
740,-2.31113568119502,3.0989108298802,-0.0706284974241934,"Converged",FALSE,0.25
741,-1.31669914506043,0.678840634863308,-0.168880803115783,"Converged",FALSE,0.25
742,-2.18910791888868,3.78140317845898,-0.170608506403907,"Converged",FALSE,0.25
743,-1.80714149123273,2.67206754422439,-0.183798439302662,"Converged",FALSE,0.25
744,-1.41005950086707,1.23506391056519,-0.194896746257179,"Converged",FALSE,0.25
745,-1.72986845342879,2.59263031248202,-0.214678071752914,"Converged",FALSE,0.25
746,-2.4501899028615,3.24818344240631,-0.116743508823966,"Converged",FALSE,0.25
747,-2.33540634570958,3.02500860672893,-0.0867697837657248,"Converged",FALSE,0.25
748,-1.5836853004956,1.20491862767072,-0.151092011495106,"Converged",FALSE,0.25
749,-1.75922104930806,2.00016856571116,-0.176125685916782,"Converged",FALSE,0.25
750,-2.51695445473189,2.77282460434991,-0.0229440194653359,"Converged",FALSE,0.25
751,-1.65283884651877,1.49914738591954,-0.132162322373075,"Converged",FALSE,0.25
752,-1.7343566358823,1.43065126978652,-0.116447617684789,"Converged",FALSE,0.25
753,-1.96402832574159,2.82492682019085,-0.141213013954448,"Converged",FALSE,0.25
754,-2.21234082789301,2.85931548522277,-0.115035863146877,"Converged",FALSE,0.25
755,-2.43959849617563,3.21304451134165,-0.0724226916579531,"Converged",FALSE,0.25
756,-1.86417159158269,1.35846465963751,-0.0692360584018863,"Converged",FALSE,0.25
757,-2.82033369344059,2.9849222212322,0.0341219210229274,"Converged",FALSE,0.25
758,-1.67654560514806,1.163805617061,-0.113923696097773,"Converged",FALSE,0.25
759,-2.36752369309198,3.32271948274114,-0.106720625211507,"Converged",FALSE,0.25
760,-1.65264314117063,0.953403073794927,-0.118793209497121,"Converged",FALSE,0.25
761,-1.45828892395281,1.1891914933227,-0.137814987019525,"Converged",FALSE,0.25
762,-1.98339917122534,1.53114237178526,-0.0609420979002326,"Converged",FALSE,0.25
763,-2.52080291298272,4.10077916171872,-0.128032427121376,"Converged",FALSE,0.25
764,-1.80452616571962,1.37930922370555,-0.0683065911773975,"Converged",FALSE,0.25
765,-2.57274204641077,2.08906263076677,-0.00586237616933552,"Converged",FALSE,0.25
766,-1.67824361242372,0.946225789784675,-0.117317722051576,"Converged",FALSE,0.25
767,-1.53217004689518,0.660907701724446,-0.0804150296848328,"Converged",FALSE,0.25
768,-2.48189745224604,2.4864859192809,-0.0431997114493978,"Converged",FALSE,0.25
769,-1.98803905141772,2.89042486917155,-0.157979709085715,"Converged",FALSE,0.25
770,-1.87646633967293,0.916949977883889,-0.0735265498908023,"Converged",FALSE,0.25
771,-1.97573547331557,1.56828744890041,-0.107690213503546,"Converged",FALSE,0.25
772,-1.80342753098726,2.05929848775356,-0.117703956054651,"Converged",FALSE,0.25
773,-1.6365093310203,1.76061972800962,-0.134595441651588,"Converged",FALSE,0.25
774,-1.8611542465242,1.43991790771616,-0.0784467686657223,"Converged",FALSE,0.25
775,-1.92409078901037,2.26993014297801,-0.105980447491369,"Converged",FALSE,0.25
776,-2.27339623241903,3.80513631260872,-0.170404912066139,"Converged",FALSE,0.25
777,-1.24797674098825,0.719545333067881,-0.156945245102602,"Converged",FALSE,0.25
778,-1.73074576996116,2.00066226709124,-0.137661091066289,"Converged",FALSE,0.25
779,-1.59245661912928,0.828033737349159,-0.0671249397037186,"Converged",FALSE,0.25
780,-2.18098866773998,3.5281527056715,-0.139054731877535,"Converged",FALSE,0.25
781,-1.76295007514551,1.26614707778072,-0.116389977307181,"Converged",FALSE,0.25
782,NA,NA,NA,"MAX_ITER reached",FALSE,0.25
783,-3.04906851609201,5.26828311997564,-0.0840681933408869,"Converged",FALSE,0.25
784,-1.94780194888029,1.32213304007879,-0.0621857652025284,"Converged",FALSE,0.25
785,-1.94602695619496,1.60500665947904,-0.0660350820178619,"Converged",FALSE,0.25
786,-1.94906951786275,1.37874800669812,-0.0674264782216903,"Converged",FALSE,0.25
787,-1.93378689023364,1.84661594476013,-0.13355777986974,"Converged",FALSE,0.25
788,-1.68522523102384,0.550604034188482,-0.0640984067007345,"Converged",FALSE,0.25
789,-1.97959598864185,1.47708998048372,-0.0546811519832319,"Converged",FALSE,0.25
790,-2.48085176506944,3.29091489316342,-0.0867189820368783,"Converged",FALSE,0.25
791,-1.6303119256282,1.23902221667041,-0.131996323953843,"Converged",FALSE,0.25
792,-2.20842034480546,1.85072024263274,-0.0734755061987345,"Converged",FALSE,0.25
793,-2.79855411037595,4.9619632545763,-0.0979334734576555,"Converged",FALSE,0.25
794,-2.23609689165977,2.73473410951222,-0.0829826366556636,"Converged",FALSE,0.25
795,-1.90360837965592,1.27040730688984,-0.0853709163760982,"Converged",FALSE,0.25
796,-1.58394981214753,0.965000475365132,-0.0995800868629753,"Converged",FALSE,0.25
797,-1.52284654384133,-0.00424698282957404,-0.099056135281022,"Converged",FALSE,0.25
798,-2.56999236150297,3.40670410446553,-0.0730634128895625,"Converged",FALSE,0.25
799,-1.73023366204803,1.14721316188509,-0.0886599121049981,"Converged",FALSE,0.25
800,-2.25603378954332,2.75681762995487,-0.0835073363499031,"Converged",FALSE,0.25
801,-1.86449003835141,2.23127316495822,-0.108067035257771,"Converged",FALSE,0.25
802,-1.6336945806965,1.26067474628411,-0.130561539606542,"Converged",TRUE,0.25
803,-1.92057655490765,1.71200512681706,-0.0965869729951641,"Converged",FALSE,0.25
804,-2.18395477755659,1.90278943523675,-0.0694878597643322,"Converged",FALSE,0.25
805,-1.58472125670454,1.2260962883238,-0.122371567280618,"Converged",FALSE,0.25
806,-2.15999005334101,2.63838678333191,-0.0702682307418333,"Converged",FALSE,0.25
807,-1.64830466480919,2.35611002088965,-0.220436862608597,"Converged",FALSE,0.25
808,-1.59251009042639,1.26868597911882,-0.164727906449033,"Converged",FALSE,0.25
809,-1.73525751244035,1.87333099513422,-0.137307533366575,"Converged",FALSE,0.25
810,-1.86016971086456,1.90563292926395,-0.0941427862533966,"Converged",FALSE,0.25
811,-2.45973663094314,2.76987150184534,-0.0221302202125963,"Converged",FALSE,0.25
812,-2.69540448588028,4.93280954823812,-0.187945146304548,"Converged",FALSE,0.25
813,-1.82874423006353,0.575583858560791,-0.0266661804171571,"Converged",FALSE,0.25
814,-1.37336040117533,0.979367717093632,-0.121019687123015,"Converged",FALSE,0.25
815,-1.61069302326671,0.89338171966961,-0.0747620613566567,"Converged",FALSE,0.25
816,-1.26806563160353,0.300354389709115,-0.14148395084113,"Converged",FALSE,0.25
817,-1.71668685191075,1.18459469927023,-0.0941911601413083,"Converged",FALSE,0.25
818,-1.69205744906215,-0.178013090887502,-0.0479086774375929,"Converged",FALSE,0.25
819,-2.29745042048652,2.64708870979018,-0.0649208882687674,"Converged",FALSE,0.25
820,-1.91059304517296,1.93115841841939,-0.103230698017004,"Converged",FALSE,0.25
821,-1.79815435864718,1.38507603788424,-0.108189034314602,"Converged",FALSE,0.25
822,-1.40487678590564,1.57938585521886,-0.180702900234645,"Converged",FALSE,0.25
823,-2.16261049475696,2.48657179696198,-0.0804262189444727,"Converged",FALSE,0.25
824,-2.17597912261792,3.04152340082084,-0.119173346740035,"Converged",TRUE,0.25
825,-2.05127785534098,1.50054110874402,-0.0384834126865747,"Converged",FALSE,0.25
826,-1.44220693329653,1.10115864894832,-0.117680391669275,"Converged",FALSE,0.25
827,-1.99638281252318,2.3779121321689,-0.137232645119873,"Converged",FALSE,0.25
828,-2.63765151095355,3.83251114450406,-0.0896957313559579,"Converged",FALSE,0.25
829,-2.41649690460657,2.83812073999241,-0.0603866988136002,"Converged",FALSE,0.25
830,-2.88054916259631,4.70956696155538,-0.0699403739226801,"Converged",FALSE,0.25
831,-1.32416892341285,0.159543325830817,-0.1022122917548,"Converged",FALSE,0.25
832,-1.60004130235675,1.04062915344716,-0.108592549344254,"Converged",FALSE,0.25
833,-1.83913528045768,1.35601624955971,-0.0850132039423218,"Converged",FALSE,0.25
834,-2.36546203698097,2.35568047815053,-0.0230962649189776,"Converged",FALSE,0.25
835,-2.14679431069733,1.44918801239761,-0.0413492654842951,"Converged",FALSE,0.25
836,-1.61538079836715,1.70669596684884,-0.197464737403578,"Converged",FALSE,0.25
837,-1.82722770620769,0.87715288051161,-0.0346832905162731,"Converged",FALSE,0.25
838,-1.87768184035592,1.50227355375025,-0.0693583152362368,"Converged",FALSE,0.25
839,-1.56474070663116,1.44843310304131,-0.157806132820264,"Converged",FALSE,0.25
840,-1.19922625388841,0.52052333312787,-0.192704605265575,"Converged",TRUE,0.25
841,-1.6661921085473,0.0973589079690493,-0.059924902820415,"Converged",FALSE,0.25
842,-1.28519770150154,0.432865826677563,-0.138326030921839,"Converged",FALSE,0.25
843,-2.80699371228328,5.07153444904792,-0.108146338832085,"Converged",FALSE,0.25
844,-2.32590178773232,3.20342586824647,-0.0738867150017303,"Converged",FALSE,0.25
845,-1.89703329655323,0.589581534638315,-0.01261987081756,"Converged",FALSE,0.25
846,-1.02494294659379,-0.409536196976382,-0.116746048295257,"Converged",FALSE,0.25
847,-1.5562838306313,1.72773857693198,-0.155886441978117,"Converged",FALSE,0.25
848,-1.64798541784076,1.13009398002493,-0.103243944470201,"Converged",FALSE,0.25
849,-1.93929201791746,2.38986343856547,-0.130414369010982,"Converged",FALSE,0.25
850,-1.88443243847385,0.729213788109109,-0.0642321474106133,"Converged",FALSE,0.25
851,-1.59373631749158,1.32778032665891,-0.139476843595563,"Converged",TRUE,0.25
852,-2.27885763248347,3.60325398656123,-0.176399173887328,"Converged",FALSE,0.25
853,-2.26526856945009,1.8704337979141,-0.0187698269799105,"Converged",FALSE,0.25
854,-2.37633079727646,2.54961106089022,-0.057812663909051,"Converged",FALSE,0.25
855,-1.51996384818656,0.375887517012076,-0.115103289098429,"Converged",FALSE,0.25
856,-2.71979333718865,5.52568408782912,-0.148462310123785,"Converged",FALSE,0.25
857,-1.99657153473647,1.59571612870036,-0.0293388201679607,"Converged",FALSE,0.25
858,-1.7080496797525,2.34583802815619,-0.132094445587198,"Converged",FALSE,0.25
859,-1.67339488501852,1.09121559872038,-0.0741780718348875,"Converged",FALSE,0.25
860,-2.46366472602587,2.80856825443253,-0.0730561248948615,"Converged",FALSE,0.25
861,-1.73627388510671,1.95113443266042,-0.139890858646006,"Converged",FALSE,0.25
862,-2.09629126262071,1.66718670442843,-0.052175606894702,"Converged",FALSE,0.25
863,-1.71439015539451,0.442824146846932,-0.0562203977026749,"Converged",FALSE,0.25
864,-2.20357537166781,2.81628538234178,-0.087133917519075,"Converged",FALSE,0.25
865,-2.28618642740019,3.03104412086602,-0.105445948988788,"Converged",FALSE,0.25
866,-1.91805640363447,0.959631071536739,-0.0801624619196174,"Converged",FALSE,0.25
867,-1.85545010524159,0.794047195229388,-0.0678842953050837,"Converged",TRUE,0.25
868,-2.64951942337236,3.93836178517657,-0.0812163107461294,"Converged",FALSE,0.25
869,-1.76073712145418,1.61219878918186,-0.106946555979518,"Converged",FALSE,0.25
870,-1.75435125425086,1.17292721448508,-0.110837952990877,"Converged",FALSE,0.25
871,-1.41440624532707,1.20239865245797,-0.153336014307541,"Converged",FALSE,0.25
872,-1.8051491134544,1.32442725507834,-0.0880671380197882,"Converged",TRUE,0.25
873,-1.98703905349959,1.85062177867635,-0.0884458077043218,"Converged",FALSE,0.25
874,-1.71851625224392,1.1729483664209,-0.0733340650206831,"Converged",FALSE,0.25
875,-2.32908357328245,2.28574229625637,-0.0944784234140167,"Converged",FALSE,0.25
876,-2.33962538714148,3.58326518491167,-0.132603857571013,"Converged",FALSE,0.25
877,-2.42167958350775,2.60281472172232,-0.0603530795293188,"Converged",FALSE,0.25
878,-1.57646382169061,1.23911577387997,-0.144663394329644,"Converged",FALSE,0.25
879,-2.50325671478093,3.46441392609892,-0.0674918749407247,"Converged",FALSE,0.25
880,-2.38433102808732,2.21672760999519,-0.0840613116783082,"Converged",FALSE,0.25
881,-2.78881682082355,3.30787613637552,-0.0194293119013183,"Converged",FALSE,0.25
882,-0.904656191189537,-0.408427770695611,-0.16431673450991,"Converged",FALSE,0.25
883,-1.38216139048661,1.42046214866378,-0.17050211672332,"Converged",FALSE,0.25
884,-1.73788095214639,1.71279856535588,-0.110238486690192,"Converged",FALSE,0.25
885,-1.69204517417431,0.722971521224517,-0.0757355731626133,"Converged",FALSE,0.25
886,-1.71509248473424,1.08304119665073,-0.111939137159739,"Converged",FALSE,0.25
887,-1.79995343742301,1.50851640100568,-0.105880638171333,"Converged",FALSE,0.25
888,-1.99262835224294,2.0276961931332,-0.100068360989119,"Converged",FALSE,0.25
889,-2.0972578952109,1.54664119473093,-0.063797604956046,"Converged",FALSE,0.25
890,-1.38454184452463,0.692897914420195,-0.121738128848304,"Converged",FALSE,0.25
891,-1.91771188366087,1.19243652687857,-0.0529295258969681,"Converged",FALSE,0.25
892,-2.45079022427756,3.01316682649066,-0.134013799331081,"Converged",FALSE,0.25
893,-1.99707161060569,1.02291672477988,-0.00841947461828695,"Converged",FALSE,0.25
894,-2.2510154569593,3.38921784918012,-0.152137939018081,"Converged",FALSE,0.25
895,-2.32349699424858,3.7623114591935,-0.154101132463773,"Converged",FALSE,0.25
896,-1.7110803328457,1.64789663243802,-0.144150780509029,"Converged",FALSE,0.25
897,-2.22152084980548,2.28421614569696,-0.0417708330984659,"Converged",FALSE,0.25
898,-1.58357022394661,1.69594557067838,-0.186132567692774,"Converged",FALSE,0.25
899,-1.39851134949368,1.51179841905268,-0.170564336941223,"Converged",FALSE,0.25
900,-2.22643922244162,3.06220059785986,-0.112133060329156,"Converged",FALSE,0.25
901,-1.48298313149975,0.605772772205487,-0.106865283945513,"Converged",FALSE,0.25
902,-1.54738867511844,1.41199896517933,-0.135890833049415,"Converged",FALSE,0.25
903,-1.42293242536914,0.674774361892143,-0.12693448130099,"Converged",FALSE,0.25
904,-1.24636584230561,0.408572116763949,-0.141500118209219,"Converged",FALSE,0.25
905,-2.83336232237593,4.54963336818097,-0.0877699367054731,"Converged",FALSE,0.25
906,-2.69277335940506,4.08113039283373,-0.106345171195195,"Converged",FALSE,0.25
907,-2.22210902871716,2.82473319320399,-0.092070985406931,"Converged",FALSE,0.25
908,-2.13851538066748,1.99223758434877,-0.0707390283389006,"Converged",FALSE,0.25
909,-2.0402391384531,2.47338122700339,-0.105777806925855,"Converged",FALSE,0.25
910,-1.92177420045977,2.1967230018117,-0.0837147857278766,"Converged",FALSE,0.25
911,-2.33798713269869,3.07528477457133,-0.0795995819620225,"Converged",FALSE,0.25
912,-2.40782345847035,3.75733035092579,-0.134152909420839,"Converged",FALSE,0.25
913,-2.33131207002113,3.28199494222941,-0.137090493205956,"Converged",FALSE,0.25
914,-1.79244678571833,2.1052435420803,-0.141820249804787,"Converged",FALSE,0.25
915,-2.45768588955148,2.73789448109768,-0.0202620203424113,"Converged",TRUE,0.25
916,-0.991709508282146,-0.944578602188034,-0.0834975858641177,"Converged",FALSE,0.25
917,-1.77327082603122,1.46414249015106,-0.154762743442967,"Converged",FALSE,0.25
918,-1.99745819250988,2.32814174959813,-0.107344875029729,"Converged",FALSE,0.25
919,-1.77048079734106,1.66619919947007,-0.117722510300716,"Converged",FALSE,0.25
920,-1.78438792684867,1.90849705549009,-0.154197965277851,"Converged",FALSE,0.25
921,-1.96130253976652,3.25289398729012,-0.176293469216831,"Converged",FALSE,0.25
922,-2.09457738421538,2.91824795930626,-0.112886432093723,"Converged",FALSE,0.25
923,-1.6420092317166,1.41323496778502,-0.126765610447061,"Converged",FALSE,0.25
924,-1.73720217439517,0.539965710642698,-0.0469415609855764,"Converged",FALSE,0.25
925,-2.79671196765558,3.69612144459441,-0.0473608417138655,"Converged",FALSE,0.25
926,-2.26093716641345,2.72366456013414,-0.0951176306584799,"Converged",FALSE,0.25
927,-1.80959078181108,1.80258860603874,-0.0809520188073106,"Converged",FALSE,0.25
928,-1.93200109416435,1.72262347978891,-0.0948743990175533,"Converged",FALSE,0.25
929,-1.97782907512002,1.13539957563487,-0.0457004730339141,"Converged",FALSE,0.25
930,-1.74976496348775,1.38551022771678,-0.13152272248414,"Converged",FALSE,0.25
931,-1.65833170344248,0.351460930605254,-0.0588900514474663,"Converged",FALSE,0.25
932,-2.35473159618799,3.4995650909868,-0.0973792737727757,"Converged",FALSE,0.25
933,-2.29605725833739,2.49589561924464,-0.044890001947307,"Converged",FALSE,0.25
934,-2.33472629448524,3.02906011953535,-0.121273355486722,"Converged",FALSE,0.25
935,-1.84886843908935,0.54270424020771,-0.0298080325990025,"Converged",FALSE,0.25
936,-1.76337641379594,2.50284098529279,-0.191330331600409,"Converged",FALSE,0.25
937,-2.83337655278374,3.90195823052668,-0.0428537270781507,"Converged",FALSE,0.25
938,-2.46197641960043,3.51158766316286,-0.0498748169602788,"Converged",FALSE,0.25
939,-1.72357119935274,1.79402194558773,-0.104591316982267,"Converged",FALSE,0.25
940,-1.66566425355312,0.569144176525961,-0.0939524477530689,"Converged",FALSE,0.25
941,-2.01407029287008,0.949278170601454,-0.035697511748518,"Converged",FALSE,0.25
942,-2.005316714463,2.89373464037481,-0.14215299610332,"Converged",TRUE,0.25
943,-2.23987026348451,2.12403396269705,-0.0499845767047204,"Converged",FALSE,0.25
944,-1.64475556289818,1.42820112676437,-0.154863508485914,"Converged",FALSE,0.25
945,-2.30689558094557,2.00935800640091,-0.034608888961166,"Converged",FALSE,0.25
946,-1.62137037097511,0.812194702407192,-0.109995205539158,"Converged",FALSE,0.25
947,-2.29787173367627,3.59428731959141,-0.157591612622907,"Converged",FALSE,0.25
948,-1.49125171637076,2.84591929967182,-0.229267960219262,"Converged",FALSE,0.25
949,-2.72575123105209,4.52727285772037,-0.0747745905808467,"Converged",FALSE,0.25
950,-2.63192316855339,3.46209203995594,-0.087509384414686,"Converged",FALSE,0.25
951,-1.95094149561357,1.17269661280988,-0.0264443287235855,"Converged",FALSE,0.25
952,-1.8803267023306,1.24812935031974,-0.0680540929260201,"Converged",FALSE,0.25
953,-2.27832955794052,2.0346501243391,-0.0556080706014036,"Converged",FALSE,0.25
954,-1.4041469493957,1.09038547387016,-0.130648557447648,"Converged",FALSE,0.25
955,-1.43836987463998,-0.869556762345915,-0.0262486264589275,"Converged",FALSE,0.25
956,-1.62760569983344,1.22531638383131,-0.13983690184396,"Converged",FALSE,0.25
957,-2.06102570310816,2.03543559265342,-0.0450277721169829,"Converged",FALSE,0.25
958,-1.83508166368983,2.90817702935055,-0.176007837061507,"Converged",FALSE,0.25
959,-1.56187313730083,1.6289818460145,-0.148127944423759,"Converged",FALSE,0.25
960,-2.2116465992162,2.79015599069586,-0.0752534860420591,"Converged",FALSE,0.25
961,-2.27533474698703,3.56297588124942,-0.133306577688642,"Converged",FALSE,0.25
962,-2.18130032079579,2.45517329944262,-0.0833504689918977,"Converged",FALSE,0.25
963,-2.64217069451048,3.54380698647145,-0.104910175194979,"Converged",FALSE,0.25
964,-1.97552934106523,1.52844975595763,-0.0509928484557042,"Converged",FALSE,0.25
965,-2.46322005183189,3.93795617321663,-0.14118016573518,"Converged",FALSE,0.25
966,-1.72373037970242,2.15153599581225,-0.149042727745494,"Converged",FALSE,0.25
967,-1.77051895241444,0.802132181764338,-0.0352430601846374,"Converged",FALSE,0.25
968,-2.35379847374596,1.64760149357853,-0.0231507528747286,"Converged",FALSE,0.25
969,-2.55255542291067,2.50323758333994,-0.0242230891935059,"Converged",FALSE,0.25
970,-2.40966407047365,2.33240542649044,-0.044221376301595,"Converged",FALSE,0.25
971,-2.03404491064356,1.15437703865552,-0.0441260064985614,"Converged",FALSE,0.25
972,-2.20760323912437,2.17078315781617,-0.0587100672506288,"Converged",TRUE,0.25
973,-1.53242203758387,0.495845527776047,-0.085989489435303,"Converged",FALSE,0.25
974,-1.94212887968385,1.29391745901805,-0.0552381162712913,"Converged",FALSE,0.25
975,-1.6790591956612,1.0022366099255,-0.0947757399309125,"Converged",FALSE,0.25
976,-2.06038615252468,2.50662824048701,-0.136998611446531,"Converged",FALSE,0.25
977,-2.39979891613799,3.73118762631195,-0.126600499003821,"Converged",FALSE,0.25
978,-1.74575037712612,1.60339767253187,-0.104221300494002,"Converged",FALSE,0.25
979,-2.21108476195839,2.06099051414323,-0.050441616162588,"Converged",FALSE,0.25
980,-1.73325707953436,1.65894215279164,-0.146623594843178,"Converged",FALSE,0.25
981,-1.99523432949822,1.6131368526053,-0.084115661259983,"Converged",FALSE,0.25
982,-1.27934725471957,-0.569539392633345,-0.0640878111120455,"Converged",FALSE,0.25
983,-1.55322319113041,0.692213005797111,-0.0930733411089589,"Converged",FALSE,0.25
984,-2.02908804815772,1.94154819069007,-0.0816875940405893,"Converged",FALSE,0.25
985,-2.3885730388508,3.35917517888235,-0.138216529976979,"Converged",FALSE,0.25
986,-1.70941370207251,1.04694708874608,-0.0718681164910209,"Converged",FALSE,0.25
987,-2.69664151830479,4.15526647474084,-0.10238812020144,"Converged",FALSE,0.25
988,-1.37440281202145,-0.118900976220569,-0.0999952141957299,"Converged",FALSE,0.25
989,-2.40477263841413,2.23818964599995,-0.0495700190143061,"Converged",FALSE,0.25
990,-1.92756571012835,1.65233350174823,-0.106378583772814,"Converged",FALSE,0.25
991,-2.41880576953754,1.92475004135382,-0.0152058997589304,"Converged",FALSE,0.25
992,-1.63582246479401,0.571171343791056,-0.114321643401313,"Converged",FALSE,0.25
993,-2.83042217514022,4.11193686448864,-0.0694058655188464,"Converged",FALSE,0.25
994,-1.91844294293417,1.4244703356681,-0.0567588292349034,"Converged",FALSE,0.25
995,-1.86035243353129,2.10342330151062,-0.112077069705675,"Converged",FALSE,0.25
996,-2.6501032714488,4.04423323368094,-0.104634506150236,"Converged",FALSE,0.25
997,-1.47223279417123,1.62121763291474,-0.169198515981589,"Converged",FALSE,0.25
998,-2.20283191638533,2.32936200085911,-0.11228810111373,"Converged",FALSE,0.25
999,-1.3141673561949,0.502561195432005,-0.179925976126778,"Converged",FALSE,0.25
1000,-1.61163763628684,1.22166246761838,-0.0742559131767208,"Converged",FALSE,0.25
