"sim","score_beta0","score_beta1","score_beta2","score_conv_msg","score_data_resampled","audit_recovery"
1,-1.781387139535,1.99592450603429,-0.124180576784536,"Converged",TRUE,0.5
2,-0.957102594005721,-0.878305104415593,-0.114943949679254,"Converged",TRUE,0.5
3,-1.44506300677188,0.79955921331929,-0.146840464705258,"Converged",FALSE,0.5
4,-1.6780344484045,1.52923569638617,-0.157972759401559,"Converged",FALSE,0.5
5,-1.71503625423626,1.44077815165485,-0.102406060990019,"Converged",FALSE,0.5
6,-1.93447288826502,1.52103851529108,-0.120266924987473,"Converged",FALSE,0.5
7,-2.14875779719788,2.02960181106693,-0.0519015138251608,"Converged",TRUE,0.5
8,-1.85088321563905,1.09249565101703,-0.0862967159336878,"Converged",TRUE,0.5
9,-1.84482294051884,1.95802102005164,-0.1263409951498,"Converged",TRUE,0.5
10,-1.8026231239427,1.80847007534787,-0.124219572882946,"Converged",FALSE,0.5
11,-1.81752980138059,1.75399644662668,-0.1341244715562,"Converged",FALSE,0.5
12,-1.79038880950531,0.947182447786641,-0.0885341206047581,"Converged",TRUE,0.5
13,-1.95216948103849,1.32114084175751,-0.0482623167076504,"Converged",TRUE,0.5
14,NA,NA,NA,"MAX_ITER reached",TRUE,0.5
15,-1.88754716757643,1.51433035151977,-0.0692136632315324,"Converged",FALSE,0.5
16,-1.68741989643182,1.4173097062174,-0.0915235526812529,"Converged",FALSE,0.5
17,-1.38370267410656,0.0544906056321354,-0.0945956770357883,"Converged",FALSE,0.5
18,-2.41155187987008,2.61469654191173,-0.114756159329377,"Converged",FALSE,0.5
19,-1.57768612119893,0.523419843067355,-0.09640574069775,"Converged",FALSE,0.5
20,-2.19964618417778,1.99665674153814,-0.0571023113476056,"Converged",FALSE,0.5
21,-1.66497054897553,0.0407011515430699,-0.0582856670729241,"Converged",FALSE,0.5
22,-1.78977703203934,1.75515298399959,-0.126160267254426,"Converged",FALSE,0.5
23,-1.57242774541674,0.856697552339023,-0.14773861889598,"Converged",FALSE,0.5
24,-1.75548294867436,1.44521474233655,-0.127274213689827,"Converged",FALSE,0.5
25,-1.83121287238336,1.90204825677692,-0.147499836337348,"Converged",FALSE,0.5
26,-1.81451171971975,1.10874111595619,-0.0790796015450061,"Converged",FALSE,0.5
27,NA,NA,NA,"MAX_ITER reached",FALSE,0.5
28,-1.7317024811877,1.59319258598479,-0.137467673031748,"Converged",FALSE,0.5
29,-1.81641797038731,0.734954404318449,-0.0523104754045188,"Converged",TRUE,0.5
30,-2.00764292218286,1.47260827453487,-0.0783830200803713,"Converged",FALSE,0.5
31,-1.68148558131803,0.0273290795467988,-0.0332783571958464,"Converged",FALSE,0.5
32,-1.42819847064789,0.855111423240089,-0.162435012543034,"Converged",TRUE,0.5
33,-1.87849091692765,0.986141519600009,-0.0629971839809106,"Converged",FALSE,0.5
34,-1.41122613788224,1.60863762916215,-0.191595288043166,"Converged",FALSE,0.5
35,-1.71887527419953,0.764718452597896,-0.0615500677240951,"Converged",FALSE,0.5
36,-1.37067922979073,0.493379813449879,-0.126450130700598,"Converged",FALSE,0.5
37,-2.02915644869561,2.20730208763858,-0.078892563662386,"Converged",FALSE,0.5
38,-1.98145344498729,1.48490381964886,-0.0888582384629857,"Converged",FALSE,0.5
39,-1.45931032567169,0.195960409445409,-0.0633432628486107,"Converged",FALSE,0.5
40,-2.41892330989674,2.66476015309914,-0.0907237002596745,"Converged",TRUE,0.5
41,-1.95424662512908,1.2181424861532,-0.067662727173809,"Converged",TRUE,0.5
42,-1.30778202868351,-0.440718535445823,-0.105115072892445,"Converged",TRUE,0.5
43,-1.69211590291472,1.10774015127937,-0.0722687323187661,"Converged",FALSE,0.5
44,-1.67446804249652,0.680674977989057,-0.114775324888402,"Converged",FALSE,0.5
45,-1.41457892387961,0.607341756190377,-0.107572814193516,"Converged",FALSE,0.5
46,-1.36389122751864,1.20384853868118,-0.21315496855172,"Converged",FALSE,0.5
47,-1.26223967970955,0.013629827978515,-0.121264362349436,"Converged",FALSE,0.5
48,-1.44814859462773,1.37501796417496,-0.171980531052265,"Converged",FALSE,0.5
49,-2.44373195194113,4.14474065583454,-0.158574080459533,"Converged",TRUE,0.5
50,-1.87305010475389,2.52791490353972,-0.163870316743342,"Converged",FALSE,0.5
51,-1.79296312141902,1.10955719587111,-0.068430477675812,"Converged",FALSE,0.5
52,-1.46641427600687,0.883209818532858,-0.12515869741816,"Converged",TRUE,0.5
53,-1.72818019105302,0.797107029685727,-0.0589887430901316,"Converged",FALSE,0.5
54,-1.58518303117324,0.352119239510926,-0.0559805882979349,"Converged",TRUE,0.5
55,-1.3488488611882,1.38810512931982,-0.180852782060018,"Converged",FALSE,0.5
56,-1.51670874428088,0.74278176487233,-0.0873254153335204,"Converged",FALSE,0.5
57,-1.57008666894751,-0.0982188893226801,-0.0612925190994507,"Converged",TRUE,0.5
58,-1.93983841842162,1.54193194584184,-0.115280520182637,"Converged",FALSE,0.5
59,-1.76074250554995,0.920806516068364,-0.0722551610987127,"Converged",FALSE,0.5
60,-1.89772247003301,2.10690449015939,-0.170950544268287,"Converged",FALSE,0.5
61,-2.17604250292,1.92008434601183,-0.0849973578875009,"Converged",FALSE,0.5
62,-2.94433358404963,3.37049810145056,-0.024826097162853,"Converged",FALSE,0.5
63,-2.02923865475692,1.52767588682215,-0.0683744908700877,"Converged",FALSE,0.5
64,-1.6114106068451,1.56110994692084,-0.155239776376958,"Converged",FALSE,0.5
65,-1.62248993825419,0.805823233179767,-0.148289778697795,"Converged",FALSE,0.5
66,-1.7861736185508,1.11291771827018,-0.0700368419955839,"Converged",FALSE,0.5
67,-1.33982457841219,-0.600463131535217,-0.0839042416530547,"Converged",FALSE,0.5
68,-2.00281302995554,1.44200584817707,-0.10998326189422,"Converged",FALSE,0.5
69,-1.3726168654519,0.493086513331788,-0.148397848279112,"Converged",FALSE,0.5
70,-1.55633606480763,1.68480989255251,-0.176394300908713,"Converged",TRUE,0.5
71,-1.66162326344953,0.978518880381512,-0.108529401983246,"Converged",FALSE,0.5
72,-2.26743012211068,2.61054066903615,-0.111066876921028,"Converged",FALSE,0.5
73,-2.13722554616268,1.72461872074465,-0.0790935346978499,"Converged",TRUE,0.5
74,-1.30462192321503,-0.0238746753661451,-0.111317757111262,"Converged",FALSE,0.5
75,-1.10566558339602,-0.310846516996618,-0.118222543064016,"Converged",FALSE,0.5
76,-1.19444618529163,-0.0435903664592902,-0.123640982819865,"Converged",FALSE,0.5
77,-1.69221753248334,2.050909989485,-0.144996559269796,"Converged",TRUE,0.5
78,-1.18766096222165,-0.203390640131107,-0.12490789933687,"Converged",FALSE,0.5
79,-1.51029350284074,1.01701793651186,-0.135193679030737,"Converged",FALSE,0.5
80,-1.69292880624127,1.03583022668606,-0.0941594263693162,"Converged",FALSE,0.5
81,-2.09449645529407,2.24773164092258,-0.0855268793882973,"Converged",FALSE,0.5
82,-1.68200429354413,1.24508041264287,-0.140192608134791,"Converged",FALSE,0.5
83,-2.05202077667498,1.15775595199237,-0.0538656369132237,"Converged",FALSE,0.5
84,-1.16375055944117,0.363142939593017,-0.154431745653001,"Converged",FALSE,0.5
85,-1.77784999196126,0.858184168653626,-0.0788993434248662,"Converged",FALSE,0.5
86,-1.98463636215598,1.60427862332098,-0.0463540160534646,"Converged",TRUE,0.5
87,-1.67926386198474,-0.00501591914463553,-0.0339162809971228,"Converged",FALSE,0.5
88,-2.27794538855652,2.23602106677965,-0.0610437673349387,"Converged",TRUE,0.5
89,-1.82724577327879,1.09724746494362,-0.0923573765045806,"Converged",FALSE,0.5
90,-1.71653672716697,1.91874176477254,-0.135925070788999,"Converged",TRUE,0.5
91,-1.34766078223825,0.642530951317382,-0.159454132732497,"Converged",TRUE,0.5
92,-2.2394793446271,1.63181901485426,-0.0479334139385629,"Converged",FALSE,0.5
93,-1.58714662795244,1.28780219662986,-0.122472294412689,"Converged",FALSE,0.5
94,-1.47337612853301,1.24204779296955,-0.150620571014407,"Converged",FALSE,0.5
95,-1.72780765316591,0.709728445195399,-0.063832629913599,"Converged",FALSE,0.5
96,-1.88389111614534,0.58900377881478,-0.0194218189599131,"Converged",FALSE,0.5
97,-1.60196981123252,1.34997924474003,-0.156392450136676,"Converged",TRUE,0.5
98,-1.92227262284536,1.28106137236463,-0.0433826108243112,"Converged",FALSE,0.5
99,-1.45658133467032,0.474810307230014,-0.129606792775426,"Converged",FALSE,0.5
100,-1.56607307574787,0.804172320372258,-0.114605136938554,"Converged",TRUE,0.5
101,-2.30838028307325,2.02656963611763,-0.0363080370445493,"Converged",FALSE,0.5
102,-1.45161174140011,0.985330540343107,-0.14156737167291,"Converged",FALSE,0.5
103,-1.6611154504457,0.911355708355643,-0.0907105100178422,"Converged",FALSE,0.5
104,-2.1338321624675,2.7666397856808,-0.119177372749916,"Converged",FALSE,0.5
105,-1.35416810407554,0.25611990823894,-0.10084096814815,"Converged",FALSE,0.5
106,-1.56250643505259,0.134667283950667,-0.0596768139253256,"Converged",FALSE,0.5
107,-1.97426311560242,1.05976033373694,-0.0616352127255148,"Converged",FALSE,0.5
108,NA,NA,NA,"MAX_ITER reached",FALSE,0.5
109,-1.90934265666193,2.15012879717699,-0.119862390201277,"Converged",FALSE,0.5
110,-2.06638197853465,1.88777902614675,-0.0649631894774806,"Converged",TRUE,0.5
111,-1.62753565518827,1.65188016098494,-0.131092019272613,"Converged",TRUE,0.5
112,-1.82042972917399,1.35154995040177,-0.101155561543807,"Converged",TRUE,0.5
113,-2.37313416283542,2.6765362657827,-0.0883696052429816,"Converged",FALSE,0.5
114,-2.18339346438635,2.02671772256207,-0.0839850441909905,"Converged",TRUE,0.5
115,-1.50989729797969,0.299002993223793,-0.0699067810280389,"Converged",FALSE,0.5
116,-1.59536091798512,0.11164952715394,-0.102292264352169,"Converged",TRUE,0.5
117,-1.489759970374,0.839403166186879,-0.109647951545884,"Converged",FALSE,0.5
118,-1.77426430217816,1.63917973958188,-0.1713311407592,"Converged",FALSE,0.5
119,-1.93159532288569,1.57271266599792,-0.113838050336814,"Converged",FALSE,0.5
120,-1.62647779998377,0.78186176575296,-0.0873090679402983,"Converged",FALSE,0.5
121,-1.58036758946256,0.888866160473727,-0.106165060164965,"Converged",FALSE,0.5
122,-1.49051726260781,0.343368398856207,-0.0971347639853031,"Converged",FALSE,0.5
123,-0.90528430700134,0.192038116926145,-0.218940243910788,"Converged",FALSE,0.5
124,-1.67741669002718,1.5961530637059,-0.147008753685169,"Converged",TRUE,0.5
125,-1.32278146330258,0.325531703219401,-0.0935646679998846,"Converged",FALSE,0.5
126,-1.68811332958881,1.56337833803276,-0.168071671678869,"Converged",FALSE,0.5
127,-1.63838659623634,0.901255056743354,-0.151709657060963,"Converged",TRUE,0.5
128,-1.75870619384344,1.16949114399151,-0.0883903544338067,"Converged",FALSE,0.5
129,-0.985744065178993,-1.52607425297405,-0.0953534455417628,"Converged",TRUE,0.5
130,-2.08153334610822,1.64918940229994,-0.0835552650222793,"Converged",FALSE,0.5
131,-2.0853170639528,2.99665981718769,-0.17504223361199,"Converged",FALSE,0.5
132,-1.53376189339109,1.28684171501425,-0.108804650479473,"Converged",FALSE,0.5
133,-0.583351687545753,-0.53282155368221,-0.263748837086069,"Converged",TRUE,0.5
134,-1.87881772947973,1.26016768141146,-0.073960790309161,"Converged",FALSE,0.5
135,-2.06282261642133,0.588907007023214,0.0106228115514311,"Converged",FALSE,0.5
136,-1.40467729947627,0.114480938598516,-0.102079930088443,"Converged",FALSE,0.5
137,-2.40609621909078,2.42485478214628,-0.0653048013977319,"Converged",FALSE,0.5
138,-2.00593494583297,1.76843155466022,-0.11962059820115,"Converged",FALSE,0.5
139,-1.94072352135468,1.42715360911116,-0.0868503979366733,"Converged",FALSE,0.5
140,-1.77851385694104,1.27073495912275,-0.0974954347401824,"Converged",FALSE,0.5
141,-2.35896871943387,2.96616695064743,-0.10455988890715,"Converged",TRUE,0.5
142,-1.93187591072576,1.67212164467446,-0.0883520368290771,"Converged",FALSE,0.5
143,-1.3350812658111,0.743659565729418,-0.140046819443138,"Converged",TRUE,0.5
144,-1.55249202814138,0.906161203128965,-0.134844041436526,"Converged",FALSE,0.5
145,-2.43002452938979,2.02957270061512,-0.032371486958877,"Converged",FALSE,0.5
146,-1.45528059465512,1.06677326912721,-0.13260025896375,"Converged",FALSE,0.5
147,-1.73665857262864,1.46948821305259,-0.103602841323028,"Converged",FALSE,0.5
148,-1.35833852919974,0.502289886031893,-0.147644067057507,"Converged",FALSE,0.5
149,-2.49991850316503,2.80634753274179,-0.0566219823563836,"Converged",TRUE,0.5
150,-1.42531331111375,-0.0820571389978037,-0.0799893204706918,"Converged",FALSE,0.5
151,-1.82188122216293,0.764546367706579,-0.0657983662161611,"Converged",TRUE,0.5
152,-1.99753531475869,1.69782718126482,-0.075514998696483,"Converged",TRUE,0.5
153,-1.30871625628042,1.06018132993933,-0.154585231127773,"Converged",TRUE,0.5
154,-1.97285544956629,1.33109538298046,-0.0578980676019917,"Converged",FALSE,0.5
155,-2.29307271103505,2.48138429941246,-0.11806952677973,"Converged",FALSE,0.5
156,-1.69948445031836,0.890551222209939,-0.101281823174286,"Converged",FALSE,0.5
157,-2.21137667162923,2.83488012150455,-0.114790295388554,"Converged",TRUE,0.5
158,-1.89190906133501,1.63707203556337,-0.0993734237480418,"Converged",TRUE,0.5
159,-2.11158080124174,2.0796998451597,-0.111200014851515,"Converged",FALSE,0.5
160,-1.69038206233368,1.01077084173314,-0.123923853049946,"Converged",FALSE,0.5
161,-1.76956110930264,0.8462336754053,-0.0607883838613338,"Converged",FALSE,0.5
162,-1.25648281920755,0.157092953601458,-0.0998074463146911,"Converged",FALSE,0.5
163,-1.5430174520538,1.26570090863507,-0.160862238359403,"Converged",FALSE,0.5
164,-1.58814440460905,1.21080869066742,-0.117031662797026,"Converged",FALSE,0.5
165,-1.76151404719017,1.57355461777504,-0.0992430962752325,"Converged",FALSE,0.5
166,-1.59671658410103,0.260919842813692,-0.0509116757066178,"Converged",FALSE,0.5
167,-1.69027583267326,0.847072412120349,-0.0945608941565856,"Converged",TRUE,0.5
168,-1.28456985778239,0.132752961557706,-0.132582642347884,"Converged",FALSE,0.5
169,-2.08957760242435,2.31110574496288,-0.11641221810102,"Converged",FALSE,0.5
170,-2.15442555045007,3.31223032074738,-0.157757243821426,"Converged",TRUE,0.5
171,-2.21560070539037,2.07142888311678,-0.0477602684059277,"Converged",TRUE,0.5
172,-1.35545363479192,0.454726228051579,-0.11808473637297,"Converged",FALSE,0.5
173,-2.09531804128627,2.05075646742579,-0.0686838214641984,"Converged",FALSE,0.5
174,-1.66297236740685,0.756512021115077,-0.0756976909357565,"Converged",FALSE,0.5
175,-2.1840959402156,2.4525077924553,-0.103919304884667,"Converged",FALSE,0.5
176,-2.56846209784459,2.95593575885243,-0.0827570976956112,"Converged",FALSE,0.5
177,-1.68657109402814,1.58312180808316,-0.143116305541663,"Converged",FALSE,0.5
178,-1.81118127426443,0.621750094906538,-0.0748250773652167,"Converged",FALSE,0.5
179,-1.41883105807638,0.0904350153330722,-0.0805488422950089,"Converged",FALSE,0.5
180,-2.4233853895688,2.47804172455906,-0.0536048297546908,"Converged",FALSE,0.5
181,-2.075552159213,0.79437603454598,0.00377402978674804,"Converged",FALSE,0.5
182,-2.59651921084549,3.79031587817602,-0.134996545502151,"Converged",FALSE,0.5
183,-1.43122867055041,1.3386193790713,-0.162197385420717,"Converged",FALSE,0.5
184,-1.46386697471896,0.326759406811389,-0.0634922528926961,"Converged",FALSE,0.5
185,-1.74210845457936,1.43181680447312,-0.120937267644109,"Converged",FALSE,0.5
186,-1.5795183428501,1.22499559937728,-0.0808982140756794,"Converged",FALSE,0.5
187,-1.50056403410122,1.08915994524668,-0.100992229757777,"Converged",FALSE,0.5
188,-1.55790430865397,-0.428519858474734,-0.012784700423243,"Converged",TRUE,0.5
189,-1.93976782199195,2.10692311056495,-0.133373526427917,"Converged",TRUE,0.5
190,-0.720482904575219,-0.931031664161022,-0.173653797686936,"Converged",FALSE,0.5
191,-1.35655462816299,0.319026705646298,-0.0801538678638848,"Converged",FALSE,0.5
192,-1.30183075983318,0.409999541610629,-0.119285266220521,"Converged",FALSE,0.5
193,-2.11857364631362,2.68574823616159,-0.175172188582147,"Converged",FALSE,0.5
194,-1.90612298716022,1.42193966318771,-0.045756962139303,"Converged",FALSE,0.5
195,-1.71778089223565,1.22933920381564,-0.112878262157146,"Converged",FALSE,0.5
196,-1.87860167632784,2.50640723481302,-0.16763960805301,"Converged",FALSE,0.5
197,-1.91286021120484,1.589362503353,-0.0942825564122796,"Converged",TRUE,0.5
198,-2.30995452539352,2.50828261230281,-0.089764408820007,"Converged",FALSE,0.5
199,-1.75890437104909,1.43412917038205,-0.115150823379682,"Converged",FALSE,0.5
200,-1.62224659103105,1.49167498565237,-0.103226600893451,"Converged",FALSE,0.5
201,NA,NA,NA,"MAX_ITER reached",FALSE,0.5
202,-1.59676047732864,0.201924548003947,-0.0632202978389725,"Converged",FALSE,0.5
203,-1.55795473316973,0.418788091658267,-0.105860945762203,"Converged",FALSE,0.5
204,-2.42354445931777,2.3811398700404,-0.0172669086811735,"Converged",TRUE,0.5
205,-1.35249709607179,0.672677907393623,-0.104765286478285,"Converged",FALSE,0.5
206,-1.80434092764479,1.19695341067391,-0.0655629272900154,"Converged",FALSE,0.5
207,-1.58160938093599,1.061986714634,-0.144646649374826,"Converged",FALSE,0.5
208,-1.83367952022288,1.8790703952403,-0.14980353140311,"Converged",TRUE,0.5
209,-1.97261525867635,1.39844691013561,-0.0641834746734265,"Converged",FALSE,0.5
210,-0.927980679383425,-0.690520877447298,-0.167667269238285,"Converged",FALSE,0.5
211,-1.95846848914181,0.912524848748652,-0.00315321917901971,"Converged",TRUE,0.5
212,-1.35161183975705,1.13891539600404,-0.185423579056138,"Converged",FALSE,0.5
213,-2.10352955870914,3.80835186628144,-0.260689437045813,"Converged",TRUE,0.5
214,-1.92642918701228,1.52432228627302,-0.0669036894308276,"Converged",FALSE,0.5
215,-1.7685799034311,1.05893720946006,-0.0724353199956818,"Converged",FALSE,0.5
216,-1.71468825509499,1.67529355701892,-0.131645100874101,"Converged",FALSE,0.5
217,-1.72893427671992,1.18564440521813,-0.0888388888486897,"Converged",TRUE,0.5
218,-1.56655879178988,1.23546051851297,-0.11000199338105,"Converged",FALSE,0.5
219,-2.00784221728047,2.11579411008851,-0.0800228662012112,"Converged",FALSE,0.5
220,-1.21542081998813,0.403937118953625,-0.118149218199483,"Converged",TRUE,0.5
221,-1.71544215110007,1.65504996931077,-0.168947667720405,"Converged",FALSE,0.5
222,-1.43173058666434,0.997956715828358,-0.142654969609295,"Converged",FALSE,0.5
223,-1.99772664723346,1.64515787567131,-0.0667451076903559,"Converged",FALSE,0.5
224,-1.64196438612654,0.579804438020113,-0.0858682047582259,"Converged",FALSE,0.5
225,-1.91075093636073,1.39841859468642,-0.0790162051372912,"Converged",TRUE,0.5
226,-1.5955854487675,0.919972652428375,-0.107803379794145,"Converged",FALSE,0.5
227,-1.35698511067087,0.584327471200564,-0.165640434324382,"Converged",FALSE,0.5
228,-1.40209736818422,0.167650473128414,-0.102796533225749,"Converged",FALSE,0.5
229,-1.50136715335978,0.737927727452194,-0.115521310680881,"Converged",FALSE,0.5
230,-2.28624304173144,2.21256973206692,-0.0574338513124668,"Converged",FALSE,0.5
231,-1.57300507735121,1.20623251309296,-0.105329982637785,"Converged",FALSE,0.5
232,-1.1977442527094,0.329893720844506,-0.147497448181469,"Converged",FALSE,0.5
233,-1.43694317490775,1.07652745200961,-0.154121249281653,"Converged",FALSE,0.5
234,-1.27793175845027,0.414728104186744,-0.154448227102535,"Converged",FALSE,0.5
235,NA,NA,NA,"MAX_ITER reached",TRUE,0.5
236,-1.43756267489614,0.82072196194896,-0.119908700449374,"Converged",FALSE,0.5
237,-1.31855053424334,0.365246612907837,-0.135006408973015,"Converged",TRUE,0.5
238,-2.02157048853595,1.27168536581265,-0.0335106718726413,"Converged",FALSE,0.5
239,-1.77254256685195,1.39553611264174,-0.114207895530945,"Converged",TRUE,0.5
240,-1.94592568808753,0.859423711632876,-0.0382002528756126,"Converged",TRUE,0.5
241,-2.09799587957037,2.22791333893356,-0.0875326978287746,"Converged",FALSE,0.5
242,-1.4614004929062,0.581046000271107,-0.152167152218394,"Converged",FALSE,0.5
243,-1.73844940173554,1.64601895942791,-0.144938251358148,"Converged",FALSE,0.5
244,-1.73384926729939,2.06118222654941,-0.17627265844636,"Converged",FALSE,0.5
245,-1.20208511655788,0.83740864380755,-0.147285068995447,"Converged",FALSE,0.5
246,-1.87138534388507,0.783661097268828,-0.0580878899266458,"Converged",FALSE,0.5
247,-1.81431121445923,1.24373050494688,-0.0716201829072356,"Converged",FALSE,0.5
248,NA,NA,NA,"MAX_ITER reached",FALSE,0.5
249,-0.983318288260903,0.534847720280095,-0.205540732251687,"Converged",FALSE,0.5
250,-1.60071608803995,0.854775546912076,-0.0910574908601198,"Converged",FALSE,0.5
251,-1.63315057304611,1.07367099920596,-0.131387671009717,"Converged",FALSE,0.5
252,-2.08375996078698,1.33920434409053,-0.0679796490730249,"Converged",TRUE,0.5
253,-1.75642928610235,1.28883983696286,-0.117527644342832,"Converged",FALSE,0.5
254,-1.48117245902953,1.35004250898422,-0.158825757839384,"Converged",FALSE,0.5
255,-1.41844333037531,1.21622845314117,-0.165427942832502,"Converged",FALSE,0.5
256,-1.97722486095812,1.19094122642818,-0.0632323229559447,"Converged",FALSE,0.5
257,-1.65318802383178,0.0211702585093291,-0.0478945739255678,"Converged",FALSE,0.5
258,-1.84102468250774,1.52375297276655,-0.130330969013655,"Converged",TRUE,0.5
259,-2.00607735639583,1.50613173160144,-0.0601767898114721,"Converged",FALSE,0.5
260,-2.77616609070306,3.57040412311776,-0.082999844835373,"Converged",FALSE,0.5
261,-2.2033146582596,2.67261087321937,-0.0892908946992822,"Converged",FALSE,0.5
262,-1.92733193613768,2.1711974203037,-0.134611325678474,"Converged",FALSE,0.5
263,-2.08270094680579,1.36386430999366,-0.0459663670985617,"Converged",TRUE,0.5
264,-1.44773157834017,1.41971593771264,-0.165703722842305,"Converged",FALSE,0.5
265,-2.22902024943442,1.58707817957645,-0.00837362043666051,"Converged",FALSE,0.5
266,-1.70472000009392,1.34047134696059,-0.099694357179911,"Converged",TRUE,0.5
267,-1.87159166655963,0.926255752481726,-0.0418695229124116,"Converged",FALSE,0.5
268,-1.57007964254067,1.62866469399286,-0.176824177890867,"Converged",FALSE,0.5
269,-1.58858825931995,0.895740929088286,-0.0999439297215745,"Converged",TRUE,0.5
270,-1.76867195459236,1.54840598592856,-0.148981929428907,"Converged",FALSE,0.5
271,-1.95071233490211,1.53208328142292,-0.0606091309112133,"Converged",FALSE,0.5
272,-1.48860823135834,1.03939561847151,-0.114020720529985,"Converged",TRUE,0.5
273,-2.03032848292312,1.40521864078313,-0.0498440541527468,"Converged",FALSE,0.5
274,-2.1591518990148,1.66347430048756,-0.0503184443911659,"Converged",TRUE,0.5
275,-1.85450137924233,1.15814057956654,-0.0646462058357915,"Converged",FALSE,0.5
276,-2.54600337239733,2.53025374503623,-0.0266663102868038,"Converged",TRUE,0.5
277,-1.40479617140483,0.360984290353752,-0.121972123795722,"Converged",FALSE,0.5
278,-2.18540539519685,1.3816685446162,-0.0250813195302448,"Converged",FALSE,0.5
279,-1.68987143883853,1.61026553042081,-0.148605686586601,"Converged",FALSE,0.5
280,-1.03029065640113,0.209713055661523,-0.165033949718041,"Converged",FALSE,0.5
281,-2.03058790575644,1.95929751035718,-0.0732105952049915,"Converged",TRUE,0.5
282,-1.7577939963141,1.03585637613369,-0.0558268015478912,"Converged",FALSE,0.5
283,-1.86361940658037,1.5863565447338,-0.11438669565765,"Converged",FALSE,0.5
284,-1.8409826393325,0.988474017710186,-0.0938044360719016,"Converged",FALSE,0.5
285,-1.69878403849776,0.163673217584563,-0.0455391531507678,"Converged",FALSE,0.5
286,-1.14579484637877,0.505917475163561,-0.172304763543813,"Converged",FALSE,0.5
287,-1.3300176203427,-0.653097457645252,-0.0546084630318112,"Converged",FALSE,0.5
288,-1.78794080004898,0.381075799584509,-0.0251189435424433,"Converged",FALSE,0.5
289,-1.49486761244214,0.996466892196919,-0.165974417026218,"Converged",FALSE,0.5
290,-1.81743772691585,0.802646155475249,-0.0451976295892225,"Converged",FALSE,0.5
291,-1.855667835047,1.85184446381164,-0.115870037379939,"Converged",FALSE,0.5
292,-2.07405495469639,2.37782334147433,-0.0842019314167548,"Converged",FALSE,0.5
293,-2.0436049640623,2.10940294873471,-0.0939055135362943,"Converged",TRUE,0.5
294,-2.12848015084949,1.95130376468626,-0.104090442244358,"Converged",FALSE,0.5
295,-1.51658850804321,0.166014642876731,-0.0609108579326489,"Converged",FALSE,0.5
296,-2.02597496883025,1.68321791063092,-0.0688534618263841,"Converged",FALSE,0.5
297,-1.7034011995441,1.41966829623522,-0.125858075643564,"Converged",FALSE,0.5
298,-1.71108492766203,0.187021276618145,0.00124631974132186,"Converged",FALSE,0.5
299,-1.2905985095541,0.982953750829349,-0.184135168180679,"Converged",FALSE,0.5
300,-1.67023361797017,0.927216434017219,-0.113092278570526,"Converged",FALSE,0.5
301,-1.46593503238327,0.246386752127039,-0.0929372537090067,"Converged",FALSE,0.5
302,-1.9546027161526,1.53329886184831,-0.0962864614228229,"Converged",TRUE,0.5
303,-1.48741287422324,1.04181670126729,-0.141532137052491,"Converged",FALSE,0.5
304,-1.23252753794255,-0.119105692411289,-0.110852722599072,"Converged",FALSE,0.5
305,-1.67864744924302,0.463749951650902,-0.0667034565886614,"Converged",FALSE,0.5
306,-1.98544221741702,1.24377711475315,-0.0751103174117137,"Converged",FALSE,0.5
307,-1.4884704330346,0.488991226632113,-0.0886996990534363,"Converged",FALSE,0.5
308,-1.88164163277775,0.838697651327969,-0.0674851683963166,"Converged",FALSE,0.5
309,-1.61491085828086,0.86467391129379,-0.105973212918504,"Converged",FALSE,0.5
310,-1.69193663472417,0.271552506804193,-0.0609599072578092,"Converged",FALSE,0.5
311,-2.00213149138284,1.88486808299575,-0.122789040504038,"Converged",FALSE,0.5
312,-2.17166487657721,2.83443531489146,-0.137128620936619,"Converged",FALSE,0.5
313,-2.23064416940286,2.2245999315335,-0.0523542932495267,"Converged",FALSE,0.5
314,-1.40982654839945,0.341066589380763,-0.131541781588243,"Converged",TRUE,0.5
315,-1.20431970014898,-0.283918514331973,-0.0986801427485248,"Converged",FALSE,0.5
316,-1.62522015520588,1.44721649747383,-0.129679707398561,"Converged",FALSE,0.5
317,-1.47138065847236,0.12204737984939,-0.0782890993961618,"Converged",TRUE,0.5
318,-1.23121270679929,0.384639849060583,-0.154754493385241,"Converged",FALSE,0.5
319,-1.4925731472112,0.668403907251613,-0.13709108525692,"Converged",FALSE,0.5
320,-1.1193192760963,0.0772032364454164,-0.159443153141596,"Converged",FALSE,0.5
321,-1.38649376514398,0.482848467855982,-0.11713607368128,"Converged",FALSE,0.5
322,-1.46718037931595,0.157954742657299,-0.087266901904181,"Converged",FALSE,0.5
323,-1.47244590256506,0.810843593915974,-0.140167524586298,"Converged",FALSE,0.5
324,-1.4287688503712,1.05700638330488,-0.144718920788878,"Converged",TRUE,0.5
325,-2.13771156949968,2.14251673835347,-0.0669242879796257,"Converged",FALSE,0.5
326,NA,NA,NA,"MAX_ITER reached",FALSE,0.5
327,-2.11978847560514,1.5811831753788,-0.0746313347194685,"Converged",FALSE,0.5
328,-1.75397673689462,0.63850394141053,-0.0466910793749539,"Converged",FALSE,0.5
329,-1.71343890456987,1.96907841241101,-0.170053290970999,"Converged",FALSE,0.5
330,NA,NA,NA,"MAX_ITER reached",FALSE,0.5
331,-1.7778200806316,0.840000795127732,-0.10110257408396,"Converged",TRUE,0.5
332,-2.11917988904329,2.42418562612153,-0.136066066646886,"Converged",FALSE,0.5
333,-2.38375048083984,2.1691380572446,-0.0545958153756244,"Converged",FALSE,0.5
334,-1.23181158643025,0.341035866140686,-0.164285341390202,"Converged",FALSE,0.5
335,-1.51753231748593,1.25914832206503,-0.159375784703839,"Converged",FALSE,0.5
336,-1.23519595210925,1.50116541903435,-0.244525974584125,"Converged",FALSE,0.5
337,-1.43951801546711,0.755048046467369,-0.127597444004463,"Converged",FALSE,0.5
338,-2.06426017974263,1.51492068547879,-0.0702277750338981,"Converged",TRUE,0.5
339,-1.50037455094797,-0.640210454941069,-0.0495912221182343,"Converged",FALSE,0.5
340,-1.37420601562618,0.0688657428865024,-0.142680673247569,"Converged",FALSE,0.5
341,-1.20354832144192,-0.0838513699611433,-0.16634416079986,"Converged",TRUE,0.5
342,-1.66044059478315,1.49867656758354,-0.124090475605253,"Converged",FALSE,0.5
343,-1.79147075862889,0.745169294593336,-0.0580951379892983,"Converged",FALSE,0.5
344,-1.16473191218985,0.318141795370546,-0.121824068296918,"Converged",TRUE,0.5
345,-2.5535104716588,2.94034186076638,-0.0848003145337397,"Converged",FALSE,0.5
346,-2.32678518066084,1.79548889178671,-0.0497446787614325,"Converged",FALSE,0.5
347,-1.96521706976843,1.71146773581438,-0.0772626851624729,"Converged",TRUE,0.5
348,-1.45266873472996,0.183353725212297,-0.0723106278464499,"Converged",FALSE,0.5
349,-1.82675247163167,2.04859832807337,-0.150566046394066,"Converged",FALSE,0.5
350,-2.19607126729879,1.53667394587554,-0.0336949972210722,"Converged",FALSE,0.5
351,-1.65385281883507,1.33024624743289,-0.12762044282774,"Converged",FALSE,0.5
352,-1.64010108424753,0.479589555572473,-0.0536836280951111,"Converged",TRUE,0.5
353,-2.07325589870825,1.62302455802312,-0.0598811731133875,"Converged",FALSE,0.5
354,-1.64258237365096,0.0192602208784175,-0.0546615534375574,"Converged",TRUE,0.5
355,-1.88614421958285,1.3138832171159,-0.0882262528644212,"Converged",FALSE,0.5
356,-1.22107409300459,-0.531234440312126,-0.102235598748521,"Converged",FALSE,0.5
357,-1.87848146843511,1.24651055122281,-0.0316038729113653,"Converged",TRUE,0.5
358,NA,NA,NA,"MAX_ITER reached",TRUE,0.5
359,-2.03804159892306,1.39046096935498,-0.0492897844780692,"Converged",FALSE,0.5
360,-1.71879784669713,0.495488744881238,-0.073687945966365,"Converged",FALSE,0.5
361,-2.38379992739023,3.59688123706538,-0.14350491790236,"Converged",TRUE,0.5
362,-1.45227304560236,0.209088335699435,-0.090662471823182,"Converged",FALSE,0.5
363,-1.64537410335067,0.96551606093974,-0.133079520264095,"Converged",FALSE,0.5
364,-2.22437659382794,1.61696548523711,-0.0337661028800656,"Converged",FALSE,0.5
365,-2.05800018968101,2.27268253351081,-0.0971756169170944,"Converged",FALSE,0.5
366,-2.4042114086973,3.10628068813532,-0.109771171888677,"Converged",TRUE,0.5
367,-1.31058522279587,-0.694036343141396,-0.0536789386085011,"Converged",FALSE,0.5
368,-1.94674867873065,1.84946243069467,-0.0825146931784493,"Converged",FALSE,0.5
369,-1.79524685698181,1.43676883118149,-0.102128581347674,"Converged",TRUE,0.5
370,-1.63406766939261,0.762708354863796,-0.0662578907985199,"Converged",FALSE,0.5
371,-1.56975326530774,1.15019170561274,-0.115056993822096,"Converged",FALSE,0.5
372,-1.60406535735301,-0.414903819649163,0.0103774544757095,"Converged",FALSE,0.5
373,-1.98268453433765,2.14382788486191,-0.0919386870498909,"Converged",TRUE,0.5
374,-1.51395166570148,0.654378787708242,-0.0872881513280597,"Converged",FALSE,0.5
375,-1.91716038897504,1.17962589180947,-0.0772280803239751,"Converged",FALSE,0.5
376,-1.73021290399147,1.03229289223346,-0.0708156036445047,"Converged",FALSE,0.5
377,-1.97780728846596,2.19616130092603,-0.139016936391631,"Converged",TRUE,0.5
378,-1.3560078206352,1.38738294595619,-0.205573744904334,"Converged",FALSE,0.5
379,-1.72239336201365,0.544002533643616,-0.0470616738075781,"Converged",FALSE,0.5
380,-1.93630063255782,1.60545664629622,-0.116389158364381,"Converged",TRUE,0.5
381,-1.89478239299908,1.85772614266595,-0.139351894197954,"Converged",FALSE,0.5
382,-1.70073403337328,0.680365099930553,-0.082983697783827,"Converged",FALSE,0.5
383,-1.34059590254115,0.921627696713222,-0.139302531542623,"Converged",FALSE,0.5
384,-1.78357819381169,1.37693514702619,-0.069168389388349,"Converged",FALSE,0.5
385,-2.06013316993149,2.22928516342307,-0.0856758325766094,"Converged",FALSE,0.5
386,-1.53601661639114,0.260702653993458,-0.0676407181122037,"Converged",FALSE,0.5
387,-1.59439396661216,0.506440763575881,-0.0661057236662199,"Converged",FALSE,0.5
388,-1.44089747505097,-0.375843510328982,-0.0327347530032596,"Converged",FALSE,0.5
389,-1.66993413859413,1.4289982136216,-0.158419606875833,"Converged",FALSE,0.5
390,-1.47314125757032,0.230244851228538,-0.077444337679066,"Converged",FALSE,0.5
391,-1.98918472152482,1.74818324769501,-0.112206154351348,"Converged",TRUE,0.5
392,-1.66582225009582,0.319640532806921,-0.0897671906504909,"Converged",FALSE,0.5
393,-1.36119895914998,0.652295953650859,-0.127036927431653,"Converged",FALSE,0.5
394,-1.34121113870871,0.398344605418353,-0.127145184175147,"Converged",FALSE,0.5
395,-1.80846472228512,1.86197155585155,-0.115902409909093,"Converged",FALSE,0.5
396,-1.47858169229902,0.668594378917453,-0.119542576227115,"Converged",FALSE,0.5
397,-2.02576662760963,1.56635826463416,-0.0294409410632083,"Converged",FALSE,0.5
398,-1.54510080905907,1.11633483178653,-0.141878992531862,"Converged",FALSE,0.5
399,-1.85998083974203,2.14580804168509,-0.0950459097171422,"Converged",FALSE,0.5
400,-1.28495610879475,0.899337661092417,-0.161836434880099,"Converged",FALSE,0.5
401,-1.34614365225306,1.41326008420217,-0.187199053537269,"Converged",TRUE,0.5
402,-1.39761860594059,0.703359257390866,-0.112743768029103,"Converged",FALSE,0.5
403,-1.70815604221719,0.834161080498714,-0.0941778269844405,"Converged",FALSE,0.5
404,-1.74137717107526,0.299868894214486,-0.00706731210879703,"Converged",FALSE,0.5
405,-2.05857007343236,2.22194391531215,-0.12296288387951,"Converged",FALSE,0.5
406,-1.58688939733051,1.68845545268183,-0.152307126956349,"Converged",FALSE,0.5
407,-1.60312819373583,0.726866789004429,-0.0756199791500151,"Converged",FALSE,0.5
408,-1.64531180622766,1.0137466247076,-0.0844811541289777,"Converged",FALSE,0.5
409,-2.13626568225559,2.99110194153336,-0.119394302802558,"Converged",FALSE,0.5
410,-1.28603843210448,0.166887596609058,-0.122197666129805,"Converged",FALSE,0.5
411,NA,NA,NA,"MAX_ITER reached",FALSE,0.5
412,-1.96850548934907,0.873933182949244,-0.0643488378467531,"Converged",FALSE,0.5
413,-1.92570442689142,2.68008856017981,-0.143495911092359,"Converged",TRUE,0.5
414,-1.86874959653764,0.644764107717327,-0.0342794203330388,"Converged",TRUE,0.5
415,-1.90805444746845,2.11898057537025,-0.108850481678837,"Converged",FALSE,0.5
416,-1.60970523432091,1.54256150545947,-0.147965367013038,"Converged",TRUE,0.5
417,-1.18044330498229,-1.00298758329308,-0.0963360757837357,"Converged",FALSE,0.5
418,-1.6123029904922,1.9352451422087,-0.178971378787553,"Converged",FALSE,0.5
419,-1.8845271566768,1.73280488863207,-0.0762925251669599,"Converged",FALSE,0.5
420,-1.67869140168632,1.7820525692628,-0.182117798064143,"Converged",FALSE,0.5
421,-1.68661207667381,1.35503034174389,-0.125571525038293,"Converged",FALSE,0.5
422,-2.006861284116,0.744440216289654,-0.0265753858308936,"Converged",FALSE,0.5
423,NA,NA,NA,"MAX_ITER reached",FALSE,0.5
424,-1.40118737172444,-0.014635851765281,-0.0773308014311005,"Converged",TRUE,0.5
425,-1.33048165909771,0.369262403185,-0.0991706737156473,"Converged",FALSE,0.5
426,-1.58307301310436,0.745195953028075,-0.0873181778952098,"Converged",FALSE,0.5
427,-2.16727399160655,3.18655696166908,-0.158990241947474,"Converged",FALSE,0.5
428,NA,NA,NA,"MAX_ITER reached",FALSE,0.5
429,-1.69632355852337,1.65295347778177,-0.176532876054839,"Converged",FALSE,0.5
430,-1.61964587343844,1.44938206971111,-0.132819229535459,"Converged",FALSE,0.5
431,-2.296763036632,2.67738571109246,-0.100556212151355,"Converged",FALSE,0.5
432,-1.43678788396977,1.32455497153839,-0.161206567665931,"Converged",FALSE,0.5
433,-1.98743538367618,1.83135873642917,-0.104157917211735,"Converged",FALSE,0.5
434,-1.78882103481563,0.920733709454923,-0.0701858868682832,"Converged",FALSE,0.5
435,-1.64872377066969,1.45229890194303,-0.128581612003261,"Converged",FALSE,0.5
436,-1.79416002763416,-0.05046488110066,0.011558716426704,"Converged",FALSE,0.5
437,-1.52599611558057,1.77565759760068,-0.196640242446148,"Converged",TRUE,0.5
438,-1.42593331293582,1.03780674999138,-0.119876269964408,"Converged",FALSE,0.5
439,-2.22057389483485,1.67415284656513,-0.0839742920994624,"Converged",FALSE,0.5
440,-1.86739610845096,2.30601049704967,-0.140787518160954,"Converged",TRUE,0.5
441,-1.4159085625184,0.581437672722291,-0.145295342151069,"Converged",FALSE,0.5
442,-1.65034588614229,0.674499968355464,-0.0727574433480698,"Converged",FALSE,0.5
443,-1.70684653512332,0.645523554707945,-0.0464480762621656,"Converged",TRUE,0.5
444,-2.04734089431992,1.40962871870034,-0.0435931353593436,"Converged",FALSE,0.5
445,-2.07553522361665,2.5497703143245,-0.120662468908554,"Converged",TRUE,0.5
446,-2.08050768969603,1.36000448649707,-0.0639904546303288,"Converged",FALSE,0.5
447,-1.65004412748504,-0.00564209666030465,-0.0508301912268828,"Converged",FALSE,0.5
448,-2.06723265404656,1.79385981631721,-0.081395011061428,"Converged",FALSE,0.5
449,-1.70968770092298,1.54611662366046,-0.128236619740931,"Converged",FALSE,0.5
450,-2.12059498343718,2.25980270415093,-0.0961166776964312,"Converged",FALSE,0.5
451,-1.89861039266331,2.0124163624213,-0.146938428160125,"Converged",TRUE,0.5
452,-1.23993372294925,-0.830133833496928,-0.0579710464086329,"Converged",FALSE,0.5
453,-1.71660758407748,1.46141848774558,-0.141138608656733,"Converged",FALSE,0.5
454,-1.79044146192845,0.585358863207896,-0.0274436360590318,"Converged",TRUE,0.5
455,-1.56461881467564,1.32787523800456,-0.139361897310482,"Converged",TRUE,0.5
456,-2.01205650919824,1.86842439667795,-0.0741435858593807,"Converged",FALSE,0.5
457,-1.93120253326121,1.41762891032239,-0.0552221256442723,"Converged",TRUE,0.5
458,-2.10167653013683,1.9062568341845,-0.0955852241618384,"Converged",TRUE,0.5
459,-1.50720503108745,0.864397339081554,-0.145730288901654,"Converged",TRUE,0.5
460,-2.23391566603938,1.47026042990304,-0.0455606165928507,"Converged",FALSE,0.5
461,-1.85836472854406,1.4311799011023,-0.0897782439800862,"Converged",FALSE,0.5
462,-1.5380275834301,0.542673739554569,-0.122249337724828,"Converged",FALSE,0.5
463,-1.58896928945608,0.909296237479122,-0.118346035228818,"Converged",FALSE,0.5
464,-1.62783280727526,1.1245966987938,-0.130931986319418,"Converged",FALSE,0.5
465,-1.71683569463369,0.650260319288586,-0.0875522948150122,"Converged",FALSE,0.5
466,-2.03499535451579,2.07827531120363,-0.0899797673191799,"Converged",FALSE,0.5
467,-2.09199982774062,2.6332974541423,-0.100851864175321,"Converged",FALSE,0.5
468,-2.06433241149752,1.13807040086156,-0.0283264574905788,"Converged",FALSE,0.5
469,-1.78647770008987,1.47967125876946,-0.109232568011935,"Converged",FALSE,0.5
470,-2.44685970605155,3.09216666041043,-0.0881704649234526,"Converged",FALSE,0.5
471,-1.74836319262329,0.86438796486215,-0.0610504610245577,"Converged",TRUE,0.5
472,-1.73418583746596,0.22851033587913,-0.0591476369346072,"Converged",FALSE,0.5
473,NA,NA,NA,"MAX_ITER reached",FALSE,0.5
474,-1.88724284193617,1.71802072938075,-0.0674363029925891,"Converged",FALSE,0.5
475,-1.75748213983728,2.08794631468573,-0.136297987291448,"Converged",FALSE,0.5
476,-1.51353386421364,1.25853605449328,-0.15155569370043,"Converged",FALSE,0.5
477,-1.26588393553445,0.252740035589736,-0.120641564361352,"Converged",FALSE,0.5
478,-2.31645974335038,2.12467786812946,-0.057029377013004,"Converged",TRUE,0.5
479,-1.65002978879591,1.05582529156707,-0.0999769055444395,"Converged",FALSE,0.5
480,-1.54777712886525,0.631533349874824,-0.115866734712396,"Converged",FALSE,0.5
481,-1.32967986816579,0.222041285541428,-0.106980604124268,"Converged",FALSE,0.5
482,-1.70210254553572,1.58416979731572,-0.125744440610176,"Converged",FALSE,0.5
483,-0.997307286279491,0.301787271886306,-0.191234328813977,"Converged",FALSE,0.5
484,-1.71226866825865,0.719975729677385,-0.0572869674496876,"Converged",FALSE,0.5
485,-2.14944541299597,2.44455744106213,-0.076032579081856,"Converged",TRUE,0.5
486,-1.45923118162165,0.976680533656768,-0.116913164843832,"Converged",FALSE,0.5
487,-2.40701252592949,1.53927484172313,-0.0132401893583705,"Converged",FALSE,0.5
488,-1.58277522234841,0.831860298676881,-0.0815944429930568,"Converged",TRUE,0.5
489,NA,NA,NA,"MAX_ITER reached",FALSE,0.5
490,-2.18134113915578,2.24953268065461,-0.0797012811142051,"Converged",FALSE,0.5
491,-1.32898287803764,0.531902661131036,-0.0916289918234892,"Converged",FALSE,0.5
492,-1.275971803145,-0.173599021529459,-0.102445480443646,"Converged",FALSE,0.5
493,-1.15674334960687,0.719227879164181,-0.155331724305723,"Converged",FALSE,0.5
494,-1.9321303450293,0.832901552392967,-0.0592467982529647,"Converged",FALSE,0.5
495,-1.68070078864305,0.760120581760076,-0.0928746002374033,"Converged",TRUE,0.5
496,-1.54778566080828,1.18855680963825,-0.148107756431008,"Converged",TRUE,0.5
497,-1.57214830642599,1.59023607751663,-0.147719715242352,"Converged",FALSE,0.5
498,-2.04901310546222,0.98849914109198,-0.0456113240811795,"Converged",FALSE,0.5
499,-1.89197131177689,1.65295999721505,-0.0879234021795776,"Converged",FALSE,0.5
500,-1.96080782647654,1.74446669363298,-0.0851774239399699,"Converged",FALSE,0.5
501,-1.20458727025828,0.516208936523285,-0.171838608955982,"Converged",TRUE,0.5
502,-2.09760622919487,1.83219697280643,-0.0705922192922066,"Converged",TRUE,0.5
503,-1.83721674556428,2.05187384487666,-0.129932693502893,"Converged",FALSE,0.5
504,-1.73918640759609,0.980530387726405,-0.0921340715655555,"Converged",TRUE,0.5
505,-2.18427199578894,1.93321700600499,-0.0532154684751675,"Converged",FALSE,0.5
506,-1.2678812812652,0.632762419005273,-0.18492906164034,"Converged",FALSE,0.5
507,-1.66503921502426,0.874382478720442,-0.115146149716236,"Converged",TRUE,0.5
508,-1.23530976116769,0.539813183455348,-0.158460345429898,"Converged",FALSE,0.5
509,-1.87764893034553,0.979755754167623,-0.0683666945074878,"Converged",FALSE,0.5
510,-1.62125590016718,0.795697224020795,-0.0832182158495638,"Converged",FALSE,0.5
511,-2.13765334053283,1.97529875052693,-0.085609168077117,"Converged",FALSE,0.5
512,-1.23158548120567,-0.39501639613484,-0.0991443981110706,"Converged",FALSE,0.5
513,-1.54591362512091,0.239024649514057,-0.101058104668267,"Converged",FALSE,0.5
514,-2.40745307734088,1.77223928579551,-0.0486646486064482,"Converged",FALSE,0.5
515,-0.918870347801133,-0.965842742121435,-0.152918481222993,"Converged",FALSE,0.5
516,-2.17736892698799,2.34040992188412,-0.133514953268934,"Converged",TRUE,0.5
517,-1.11430739903979,-0.233851345156826,-0.124252928315765,"Converged",FALSE,0.5
518,-2.31695194065026,2.42392769677294,-0.0551304272037135,"Converged",FALSE,0.5
519,-1.74151972374275,0.504511896405622,-0.0130583930099446,"Converged",FALSE,0.5
520,-2.25699313402171,1.54964091187993,-0.020690414273147,"Converged",FALSE,0.5
521,-1.21611792899873,0.025445778213676,-0.105536420270406,"Converged",FALSE,0.5
522,-1.98725587173082,1.61309081377229,-0.120545420298727,"Converged",FALSE,0.5
523,-1.82762638764304,1.1381134615241,-0.118670166262488,"Converged",TRUE,0.5
524,-2.04437853161501,1.9525599993175,-0.11498398106669,"Converged",FALSE,0.5
525,-1.41432531458387,-0.240492323777848,-0.0744872785816345,"Converged",FALSE,0.5
526,-1.68358081089237,0.518321609908986,-0.0366850370771788,"Converged",FALSE,0.5
527,-1.83471804199131,0.576996499848773,-0.0311587794427121,"Converged",FALSE,0.5
528,-2.40666296431045,2.17582352149595,-0.0248010464046123,"Converged",FALSE,0.5
529,-1.30738624862788,0.799406078765943,-0.15734657944381,"Converged",FALSE,0.5
530,-1.60246160714831,0.698047822261503,-0.10428067361209,"Converged",FALSE,0.5
531,-1.73815069565192,1.19894983394689,-0.0866250224937625,"Converged",TRUE,0.5
532,-1.45154803225864,0.998575601019217,-0.167129994437614,"Converged",FALSE,0.5
533,-1.27530105396755,-0.0515942283596064,-0.0879200531032882,"Converged",FALSE,0.5
534,-1.01658529103398,-0.0565111564167261,-0.160843731798017,"Converged",TRUE,0.5
535,-1.95471462966895,1.52421736444959,-0.0735669617299817,"Converged",FALSE,0.5
536,-2.02070644823249,0.926287801464439,-0.000277761676812569,"Converged",FALSE,0.5
537,-2.34003598231633,2.48527282050734,-0.099559340339224,"Converged",FALSE,0.5
538,-1.82090684813626,1.11100524005882,-0.0476457416365547,"Converged",FALSE,0.5
539,-1.71194487811329,2.33384126872538,-0.175961089568365,"Converged",FALSE,0.5
540,-2.05102730932996,2.23460648251765,-0.101998512417739,"Converged",TRUE,0.5
541,-1.5818155429073,0.66316827762305,-0.0864032338525332,"Converged",FALSE,0.5
542,-2.57290833205988,2.02827005735958,0.026890189975517,"Converged",FALSE,0.5
543,-1.76616355058766,1.21877837823751,-0.0844124675276262,"Converged",FALSE,0.5
544,-1.51637600694995,0.316977758377393,-0.0802177573032144,"Converged",FALSE,0.5
545,-1.7547217165424,2.3006026718153,-0.164400460054881,"Converged",FALSE,0.5
546,-1.31389107102722,0.811433111996277,-0.120997526301618,"Converged",FALSE,0.5
547,-1.38281128341284,0.263433327705654,-0.14962326892708,"Converged",FALSE,0.5
548,-2.38459887327951,2.63805954168254,-0.0795425080183131,"Converged",FALSE,0.5
549,-1.95407253162639,1.97437615049026,-0.109151789301241,"Converged",FALSE,0.5
550,-1.26041991246174,0.238439841177402,-0.114838124440419,"Converged",TRUE,0.5
551,-1.77452435549309,1.2949682918988,-0.0830490227982507,"Converged",FALSE,0.5
552,-1.63108955380227,0.807515385599127,-0.0971490177061424,"Converged",FALSE,0.5
553,-2.01089158960479,0.231428650393144,-0.0124207847092269,"Converged",FALSE,0.5
554,-1.22428174368409,0.876754155272785,-0.196337097669839,"Converged",FALSE,0.5
555,-1.80857861288457,0.84368695891235,-0.0607928591144578,"Converged",FALSE,0.5
556,-1.47985010672029,1.63675344757274,-0.193780908206499,"Converged",TRUE,0.5
557,-1.50394853697291,1.13320658523575,-0.154582342082376,"Converged",TRUE,0.5
558,-1.5381037986846,0.450521993317505,-0.0571673863023462,"Converged",FALSE,0.5
559,-1.6920070482922,1.26968563357087,-0.112220363301833,"Converged",FALSE,0.5
560,-1.10679892989812,-0.271756770029045,-0.10943102973825,"Converged",FALSE,0.5
561,-1.21799303639069,0.32222094982372,-0.153659572899557,"Converged",FALSE,0.5
562,-1.66152395424706,0.244891248501335,-0.0701770812055603,"Converged",FALSE,0.5
563,-1.59922501085399,1.98007254729001,-0.186216589691653,"Converged",FALSE,0.5
564,-1.63521374670452,0.247631956807154,-0.0546413907905945,"Converged",TRUE,0.5
565,-2.10403082930391,2.03364712591509,-0.093805431348428,"Converged",TRUE,0.5
566,-1.91571632912805,1.36532103209332,-0.110111270262238,"Converged",FALSE,0.5
567,-2.01314745846343,2.2289262272311,-0.10852047719643,"Converged",FALSE,0.5
568,-2.34317884517934,2.81620373770761,-0.100822123850903,"Converged",TRUE,0.5
569,-2.14558832424163,0.896248288047636,0.0114637627729983,"Converged",FALSE,0.5
570,-1.97792492019979,1.45584406912,-0.0391506098569945,"Converged",FALSE,0.5
571,NA,NA,NA,"MAX_ITER reached",TRUE,0.5
572,-1.92038041652334,2.18039920621351,-0.0986833607728718,"Converged",FALSE,0.5
573,-1.67161118997458,1.14601423990394,-0.120476084753126,"Converged",FALSE,0.5
574,-1.47902269604875,0.458056858767926,-0.0762859822236504,"Converged",FALSE,0.5
575,-2.03825908759776,2.18168763947911,-0.0896604461574866,"Converged",FALSE,0.5
576,-1.33594952849706,0.586603157599992,-0.125932377218113,"Converged",FALSE,0.5
577,-1.36777350501578,-0.274582787760789,-0.0594556636417552,"Converged",FALSE,0.5
578,-1.81667923107164,0.273904619958926,-0.03496742545788,"Converged",FALSE,0.5
579,-1.64451754674125,1.51089260854946,-0.146164997940368,"Converged",FALSE,0.5
580,-1.69670166203772,1.25035075590974,-0.101383356416817,"Converged",FALSE,0.5
581,-2.00698741327879,0.688193060620335,-0.044554776616373,"Converged",FALSE,0.5
582,-2.11886247703027,2.02089186705659,-0.0556960767756513,"Converged",FALSE,0.5
583,-2.43041825166662,1.87054608742894,-0.0093300274319036,"Converged",FALSE,0.5
584,-1.24571260802006,1.36684420117481,-0.204856948102719,"Converged",FALSE,0.5
585,-1.40880786378172,-0.286967297917032,-0.0714008354572388,"Converged",TRUE,0.5
586,-1.65420649055577,1.3923250689461,-0.144882481018561,"Converged",FALSE,0.5
587,-1.64923798577362,0.0159457414066194,-0.0149006272533932,"Converged",TRUE,0.5
588,-1.6451955351754,0.980876526538164,-0.128475646116921,"Converged",FALSE,0.5
589,-2.31179763824558,2.29661151262286,-0.0638316237157266,"Converged",FALSE,0.5
590,-1.65862509500909,0.659072872564633,-0.104407269960859,"Converged",FALSE,0.5
591,-1.29090215058114,-1.00441134240042,-0.0458049048954584,"Converged",FALSE,0.5
592,-2.16484133727558,1.59696152669259,-0.0212059371745743,"Converged",FALSE,0.5
593,-1.792941500084,1.32798709260995,-0.112379143336557,"Converged",FALSE,0.5
594,-1.77074908642562,1.07451424657134,-0.113626496443,"Converged",FALSE,0.5
595,-1.66476501243428,0.516119298960719,-0.0652399226838204,"Converged",FALSE,0.5
596,-1.09932377372245,-0.819333742397226,-0.132312624616541,"Converged",FALSE,0.5
597,-2.23074104633706,2.14890127041324,-0.0914377010741373,"Converged",FALSE,0.5
598,-1.90525287488277,1.25781477712783,-0.100825987252519,"Converged",FALSE,0.5
599,-1.77259627178196,1.02946595418829,-0.0954364920885082,"Converged",TRUE,0.5
600,-1.88548883308819,1.20824046743498,-0.0866189414997646,"Converged",FALSE,0.5
601,-2.36168772233105,1.97636357494521,-0.00336399628130578,"Converged",TRUE,0.5
602,-1.63766009683924,0.941412505395175,-0.102296938506432,"Converged",TRUE,0.5
603,-1.28828087867714,0.455643370915321,-0.127381631989326,"Converged",FALSE,0.5
604,-1.28410090669587,0.064183470403179,-0.111027291943452,"Converged",FALSE,0.5
605,-1.49748989785638,0.281262138341837,-0.0703319696764913,"Converged",FALSE,0.5
606,-2.26679178378674,1.3827097249649,-0.0340347999281011,"Converged",FALSE,0.5
607,-1.9199262318649,1.13650564580191,-0.0608764563027953,"Converged",FALSE,0.5
608,-1.86296110788817,0.543350139445386,-0.0214734697843239,"Converged",FALSE,0.5
609,-1.62959805610654,1.61500174488379,-0.162849262467844,"Converged",TRUE,0.5
610,-2.28812301752974,2.7588995454775,-0.102910685181911,"Converged",FALSE,0.5
611,-1.92135266395349,1.82193225590376,-0.119130584348143,"Converged",FALSE,0.5
612,-0.877250269027534,-0.779538644091437,-0.103406275565623,"Converged",FALSE,0.5
613,-1.81356581329561,1.24790249074733,-0.0935767600740115,"Converged",FALSE,0.5
614,-1.55388022763599,-0.443828316029695,-0.0633504592510802,"Converged",TRUE,0.5
615,-1.42907681641889,0.13628510533469,-0.0830320008068821,"Converged",FALSE,0.5
616,-1.67839341379327,0.617143132091287,-0.0824251053495335,"Converged",FALSE,0.5
617,-2.03995047802779,2.21707349772505,-0.129186860118843,"Converged",TRUE,0.5
618,-1.52881516699979,0.862906436983722,-0.131338771997435,"Converged",FALSE,0.5
619,-1.73589918901215,0.64500009569213,-0.0601990906240243,"Converged",FALSE,0.5
620,-1.36378447667112,-0.00900812208240091,-0.0581326189779879,"Converged",FALSE,0.5
621,-0.888881828624577,-0.241091602623023,-0.159184350950961,"Converged",FALSE,0.5
622,-1.10249472816536,-0.767034559359104,-0.106218568933683,"Converged",FALSE,0.5
623,-2.05981054013042,1.68630856823058,-0.0612990651266206,"Converged",TRUE,0.5
624,-1.58988827501402,1.68397872373085,-0.155330915603803,"Converged",FALSE,0.5
625,-1.20940411847981,-0.395039346998829,-0.118732110764381,"Converged",TRUE,0.5
626,-1.84365106960708,1.2895011368425,-0.108912143171797,"Converged",FALSE,0.5
627,-1.86565711561438,1.28977809521629,-0.0912975689198779,"Converged",TRUE,0.5
628,-2.1291597062942,2.54625587151889,-0.156611627546968,"Converged",FALSE,0.5
629,-2.07335601276136,2.06041815226646,-0.116584825224291,"Converged",FALSE,0.5
630,-1.64880690541451,0.980517415402641,-0.0594836851650871,"Converged",FALSE,0.5
631,-2.21874429735071,1.51243063015697,-0.028153655780014,"Converged",FALSE,0.5
632,-1.78597820906689,1.79817124726715,-0.0859402835247171,"Converged",FALSE,0.5
633,-1.94766284281453,1.39139752490932,-0.0564160774666642,"Converged",FALSE,0.5
634,-1.62512538962293,0.268996166271317,-0.0500636482954994,"Converged",FALSE,0.5
635,-1.59232139538162,1.57500995797149,-0.156826658316661,"Converged",FALSE,0.5
636,-1.36681591319769,0.559153609940339,-0.112811464925366,"Converged",TRUE,0.5
637,-1.41905947476854,1.34879926191386,-0.173001924566877,"Converged",FALSE,0.5
638,-2.18813450564016,1.74522295735327,-0.0656738352000576,"Converged",FALSE,0.5
639,-1.70867596556685,1.83039281355026,-0.162591419830727,"Converged",FALSE,0.5
640,-1.59676799201798,0.901051313043548,-0.138824892660196,"Converged",TRUE,0.5
641,-1.93401466027192,2.0515771662721,-0.138846858198762,"Converged",TRUE,0.5
642,-1.8827842699512,1.38751163845816,-0.0776197364589231,"Converged",FALSE,0.5
643,-1.79522648614373,1.93612666974036,-0.123637671642254,"Converged",TRUE,0.5
644,-1.87674177896679,2.27852624512698,-0.142327030804451,"Converged",FALSE,0.5
645,-1.36106517108619,0.492254405981874,-0.115397773909464,"Converged",FALSE,0.5
646,-1.27031538450958,-0.661528430865888,-0.0642568357212958,"Converged",TRUE,0.5
647,-1.16913395572962,-0.469322034753353,-0.108394598639661,"Converged",TRUE,0.5
648,-1.54453135895659,0.343108629267043,-0.0856170421391209,"Converged",FALSE,0.5
649,-2.34137835096845,2.78135645808908,-0.104381797082004,"Converged",TRUE,0.5
650,-1.50347648023401,1.53370631881137,-0.147652310998387,"Converged",FALSE,0.5
651,-1.97347938590791,1.68301178985971,-0.122189160271266,"Converged",FALSE,0.5
652,-1.38175579725401,0.491959301519677,-0.0900146265548814,"Converged",TRUE,0.5
653,-2.11030357561366,2.46888691469682,-0.111640060278592,"Converged",FALSE,0.5
654,-1.58619178886995,0.795092123616772,-0.116630157386452,"Converged",FALSE,0.5
655,-1.65318986214631,0.956280245999349,-0.108786323782343,"Converged",FALSE,0.5
656,-1.68627680698574,-0.0709986086013895,-0.060767330215081,"Converged",FALSE,0.5
657,NA,NA,NA,"MAX_ITER reached",FALSE,0.5
658,-2.13708107821136,2.11636008231363,-0.0911118999163498,"Converged",FALSE,0.5
659,-2.35860997756434,2.34170960443152,-0.094697042030887,"Converged",FALSE,0.5
660,-2.06793383539917,1.31380765205729,-0.0466741982687533,"Converged",FALSE,0.5
661,-2.03510743926414,1.2973819970174,-0.0797569994084967,"Converged",FALSE,0.5
662,-1.47459919271163,0.898169591129844,-0.16970620852271,"Converged",TRUE,0.5
663,-2.01639882409736,1.9867901320905,-0.11504383069429,"Converged",FALSE,0.5
664,-1.55546916717634,0.789211413134005,-0.136183235045633,"Converged",TRUE,0.5
665,-1.88883453229798,2.01812865746121,-0.139570760946665,"Converged",FALSE,0.5
666,-1.86312525121132,1.65742196907635,-0.103579366130228,"Converged",FALSE,0.5
667,-1.52434934032438,0.418308268198694,-0.0850374118317522,"Converged",FALSE,0.5
668,-2.03744179807401,1.73563274128025,-0.0782991204114324,"Converged",FALSE,0.5
669,-2.08312790162525,2.00236682615951,-0.0753539038648994,"Converged",FALSE,0.5
670,-2.1009482530136,2.42382346386753,-0.135591604220297,"Converged",FALSE,0.5
671,-1.38441328590282,-0.19386247699799,-0.0881118248550003,"Converged",FALSE,0.5
672,-2.0366162933383,0.0475246032365087,0.0141389987547138,"Converged",FALSE,0.5
673,-1.35976335664086,0.312515455383779,-0.102446511980638,"Converged",FALSE,0.5
674,-1.69591965250584,1.68210316935039,-0.12972873356426,"Converged",FALSE,0.5
675,-1.650304910084,2.11616941001073,-0.235093846299679,"Converged",TRUE,0.5
676,NA,NA,NA,"MAX_ITER reached",TRUE,0.5
677,-1.66734046673788,0.385032365181244,-0.0677851588550883,"Converged",TRUE,0.5
678,-1.82416933076005,1.34920750301041,-0.065158941822963,"Converged",FALSE,0.5
679,-1.79586898026788,1.49839150488468,-0.105299940083986,"Converged",FALSE,0.5
680,-1.85796747801358,1.2885953854659,-0.0701501013926864,"Converged",FALSE,0.5
681,-1.87350432126498,2.1434091041816,-0.153910979015527,"Converged",FALSE,0.5
682,-2.16632473314345,1.45197676447112,-0.0331487808224427,"Converged",FALSE,0.5
683,-1.65483399719353,1.35739921350647,-0.111229319098774,"Converged",FALSE,0.5
684,-1.72506486294898,1.88962720162943,-0.138108385402444,"Converged",FALSE,0.5
685,-2.3669385990989,2.27632364851432,-0.0421437098459066,"Converged",FALSE,0.5
686,-1.72891852105031,1.39391374042175,-0.114556717209992,"Converged",FALSE,0.5
687,-1.49807570031558,0.484792907219942,-0.0920620694178542,"Converged",FALSE,0.5
688,-1.6834038136908,1.43681092925761,-0.139102860338877,"Converged",FALSE,0.5
689,-1.65332340993182,0.220621504923601,-0.0310645347597171,"Converged",FALSE,0.5
690,-1.62373299552939,0.403567336867294,-0.0634100302891234,"Converged",FALSE,0.5
691,-2.51254328250345,2.75803464689369,-0.0793674017173408,"Converged",FALSE,0.5
692,-2.06593220564699,1.76382491374925,-0.0648435344420837,"Converged",FALSE,0.5
693,-2.09287590511919,1.2743384623905,-0.0637278025173311,"Converged",FALSE,0.5
694,-1.46276575824979,0.706764234191775,-0.127569809512982,"Converged",FALSE,0.5
695,-1.19914192678749,-0.422830002489616,-0.0915969273796077,"Converged",FALSE,0.5
696,-1.25871754481708,0.721273560081024,-0.145456811928381,"Converged",TRUE,0.5
697,-1.76072020810283,1.23693256930115,-0.0763887242520186,"Converged",FALSE,0.5
698,-1.48030047650764,0.544744530114917,-0.131281334576723,"Converged",FALSE,0.5
699,NA,NA,NA,"MAX_ITER reached",FALSE,0.5
700,-2.03148560252655,1.43750305053707,-0.0600384519573314,"Converged",FALSE,0.5
701,-1.29911338185393,0.00684027578607629,-0.104641018622402,"Converged",FALSE,0.5
702,-1.6696073714537,0.41088378425264,-0.0814270275993686,"Converged",FALSE,0.5
703,-1.61495307142957,1.24764807965266,-0.145712232759746,"Converged",FALSE,0.5
704,-2.63669391164291,3.04931971048376,-0.0522898824321631,"Converged",FALSE,0.5
705,-1.81807061942117,1.04213484340753,-0.0614880614386828,"Converged",FALSE,0.5
706,-2.1292355245064,1.97265562011241,-0.061960186265533,"Converged",FALSE,0.5
707,-1.15374961787517,-0.47477270183726,-0.104694196362134,"Converged",FALSE,0.5
708,-1.2723597654767,0.467460115846616,-0.126376891990841,"Converged",FALSE,0.5
709,-1.38452911659189,1.3918547656882,-0.208825120274444,"Converged",TRUE,0.5
710,-1.66277341737198,0.666836081951324,-0.052415054403832,"Converged",TRUE,0.5
711,-1.28862464515423,-0.620255949949636,-0.0538671983045488,"Converged",TRUE,0.5
712,-1.93675454321232,1.28400022043543,-0.0901839896541328,"Converged",FALSE,0.5
713,-2.2957108938637,1.32526958521514,-0.0303953772196049,"Converged",FALSE,0.5
714,-2.13837616435656,2.36753250670172,-0.109433971944943,"Converged",TRUE,0.5
715,-1.61847863059254,2.02359946729671,-0.174849992932904,"Converged",FALSE,0.5
716,-1.93317401530359,0.832909302006878,-0.0166893749255198,"Converged",FALSE,0.5
717,-1.47641460287001,0.711844274250135,-0.120999771824788,"Converged",TRUE,0.5
718,-1.68954869965876,1.51244480091069,-0.122074409170827,"Converged",FALSE,0.5
719,-1.81017225217084,0.468364245947244,0.000615883040285622,"Converged",FALSE,0.5
720,-1.77867499208988,0.359045354092979,-0.0472521394106133,"Converged",FALSE,0.5
721,-1.90282920571345,1.52575778855047,-0.100735115765221,"Converged",TRUE,0.5
722,-1.30523665962936,0.192699054269022,-0.144967657389388,"Converged",FALSE,0.5
723,-2.40664434567787,2.48503957512765,-0.0753044774472733,"Converged",TRUE,0.5
724,-1.64773732409183,0.910198955717003,-0.111211874752077,"Converged",FALSE,0.5
725,-1.52668118108297,0.135240423763953,-0.0553048723208963,"Converged",TRUE,0.5
726,-1.46623460456439,0.127832715326783,-0.0754142892178832,"Converged",FALSE,0.5
727,-1.77673959313756,1.35816535724527,-0.0923966937048915,"Converged",FALSE,0.5
728,-1.92756581568095,1.50069550905325,-0.0705793106469302,"Converged",TRUE,0.5
729,-1.94733179889647,1.33184683560249,-0.0643870631634062,"Converged",FALSE,0.5
730,-2.05427560885126,1.80000905123823,-0.0887965402166264,"Converged",FALSE,0.5
731,-1.17408914104239,0.642921755540009,-0.164958686474141,"Converged",FALSE,0.5
732,-1.94774434153885,1.69382143856094,-0.0704580248410036,"Converged",TRUE,0.5
733,-1.50824850330859,0.764143395288696,-0.138375105086654,"Converged",FALSE,0.5
734,-1.96681145441069,1.2684951786455,-0.0830506524526844,"Converged",FALSE,0.5
735,-1.87293888324024,0.940855417676072,-0.0551755998789253,"Converged",FALSE,0.5
736,-1.99863833362759,1.13593736897684,-0.0224023385996394,"Converged",FALSE,0.5
737,-2.0469119886187,1.77515427695387,-0.148472599292985,"Converged",FALSE,0.5
738,-2.26767382109085,2.03591099318527,-0.042652117838927,"Converged",FALSE,0.5
739,-1.86528168259713,1.25469799032981,-0.107411054610309,"Converged",FALSE,0.5
740,-1.73952435704445,1.53905642401137,-0.141050466729762,"Converged",FALSE,0.5
741,-1.38655284486285,-0.262979947612061,-0.056651840860521,"Converged",FALSE,0.5
742,-2.0585383937222,1.69484129254099,-0.100810078672098,"Converged",TRUE,0.5
743,-1.34218342047778,0.246018410084398,-0.122633628119338,"Converged",FALSE,0.5
744,-2.07283580284846,2.13529712573898,-0.104724305267257,"Converged",FALSE,0.5
745,-1.72073995065948,1.9530482219034,-0.196195654083137,"Converged",FALSE,0.5
746,-2.20794133435463,2.18590191452849,-0.0866337357141624,"Converged",FALSE,0.5
747,-1.59419256271111,0.466552267647247,-0.0439898785761449,"Converged",FALSE,0.5
748,-1.63685455401328,1.35068862617784,-0.166102990318315,"Converged",FALSE,0.5
749,-1.46847946983874,0.413609880001691,-0.0727360919767315,"Converged",FALSE,0.5
750,-2.09160567497695,1.7723321152758,-0.0803041119300813,"Converged",FALSE,0.5
751,-2.19999456050146,1.41251110941267,-0.0305835878433491,"Converged",FALSE,0.5
752,NA,NA,NA,"MAX_ITER reached",TRUE,0.5
753,-2.18708934067054,1.9595816168712,-0.0511491405116744,"Converged",FALSE,0.5
754,-1.47119409722359,0.245174417098877,-0.108059438918423,"Converged",TRUE,0.5
755,-1.87247338553475,1.22991661657488,-0.0919176837583869,"Converged",FALSE,0.5
756,-2.07211119851315,1.06484667710578,-0.0565711003190659,"Converged",FALSE,0.5
757,-1.47422343802208,0.591822804875922,-0.101421831816668,"Converged",FALSE,0.5
758,-2.2948951025796,2.48437025758302,-0.0791443009548879,"Converged",FALSE,0.5
759,-1.84266850506645,0.66268045393553,-0.0342439323665121,"Converged",FALSE,0.5
760,-1.29622991955518,0.625839196540183,-0.163028179757982,"Converged",FALSE,0.5
761,-1.72874774490013,1.24274586062723,-0.0834139268391144,"Converged",FALSE,0.5
762,-2.22551483596257,2.4263324324071,-0.0800525075545371,"Converged",TRUE,0.5
763,-1.61642078409722,1.12080431015824,-0.103951043911977,"Converged",FALSE,0.5
764,-2.19878059854093,1.68540502307939,-0.0415296622543044,"Converged",FALSE,0.5
765,-1.63451215365579,0.848440908812931,-0.101237230000229,"Converged",FALSE,0.5
766,-1.59227561721219,1.34735605403887,-0.120306457445196,"Converged",FALSE,0.5
767,-1.25197733972193,0.054907675453307,-0.157356113709481,"Converged",FALSE,0.5
768,-1.56005953341913,1.51517847206466,-0.156617049945934,"Converged",FALSE,0.5
769,-1.82713257404655,1.68952164772754,-0.0769988230605813,"Converged",FALSE,0.5
770,-2.21380905511872,1.59016072183759,-0.048407769286714,"Converged",FALSE,0.5
771,-1.3597278746687,0.0471233269227318,-0.120211729698199,"Converged",FALSE,0.5
772,-1.39534085991788,0.671813934620685,-0.128208251681844,"Converged",FALSE,0.5
773,-1.88290437787905,1.61574832867341,-0.0705066174515813,"Converged",TRUE,0.5
774,-1.13893293305704,-1.53246346717055,-0.0534177476605065,"Converged",FALSE,0.5
775,-1.50500010602143,1.00202996788631,-0.0813958478052394,"Converged",FALSE,0.5
776,-2.17073312052302,1.89233260668531,-0.0665135211713146,"Converged",FALSE,0.5
777,-0.944892943343139,-0.263540733325787,-0.17744701399352,"Converged",FALSE,0.5
778,-1.4740436180211,0.943582186729172,-0.153193183094118,"Converged",TRUE,0.5
779,-1.93610605003281,1.30659624225696,-0.0745865806324026,"Converged",TRUE,0.5
780,-1.8114488822542,0.907022355634898,-0.0887114654399676,"Converged",FALSE,0.5
781,-1.62875517564749,1.38786399322177,-0.0852879737066709,"Converged",FALSE,0.5
782,-1.53260656982922,0.494473959421806,-0.07789388433318,"Converged",FALSE,0.5
783,-1.9244698899886,1.5379818020592,-0.0772466320101479,"Converged",TRUE,0.5
784,-1.84140724710746,0.925119569351098,-0.0534718629767229,"Converged",FALSE,0.5
785,-1.51125828544384,0.811949196783179,-0.113313393742888,"Converged",FALSE,0.5
786,-2.17277353155646,2.1455811453227,-0.102335452115124,"Converged",FALSE,0.5
787,-1.79690151375252,0.940276566874193,-0.0974814995235017,"Converged",TRUE,0.5
788,-1.71103879118229,1.07551453398694,-0.0825091997993652,"Converged",FALSE,0.5
789,-2.7248793997637,2.31488818030491,0.0432581502611742,"Converged",FALSE,0.5
790,-1.99666634448787,0.703464058531564,-0.0287041813998751,"Converged",FALSE,0.5
791,-2.01909462045704,2.32409076330851,-0.113124647246204,"Converged",FALSE,0.5
792,-1.62806462264617,0.422396380249044,-0.0788937705950629,"Converged",FALSE,0.5
793,-2.08180158986512,1.12524760958144,-0.0408085749495374,"Converged",FALSE,0.5
794,-0.649428714765407,-0.0575119425278166,-0.237133512411499,"Converged",FALSE,0.5
795,-2.03548160240319,1.85932054181518,-0.129155382145557,"Converged",FALSE,0.5
796,-2.19389908683565,1.94802562319462,-0.0507623016115498,"Converged",FALSE,0.5
797,-2.11536937169226,1.60411833480008,-0.0832347410387516,"Converged",FALSE,0.5
798,-1.35675395036132,0.0191155554811398,-0.0800889560361128,"Converged",FALSE,0.5
799,-1.28653774229611,0.323658337421268,-0.167666391439343,"Converged",FALSE,0.5
800,-1.63054478852117,0.511282226188867,-0.0666686459598425,"Converged",FALSE,0.5
801,-1.87616799172034,0.687944039719074,-0.0553855960592731,"Converged",FALSE,0.5
802,-2.00011893758731,1.02594236248973,-0.0499312779087382,"Converged",FALSE,0.5
803,-2.24442607461228,2.11971148530641,-0.0636625496448994,"Converged",TRUE,0.5
804,-1.06646826536232,0.608467416049329,-0.197126529894124,"Converged",FALSE,0.5
805,-1.20110588350875,-0.11626100790455,-0.139713538677457,"Converged",FALSE,0.5
806,-2.27699063201245,2.10724640821895,-0.0572839369761184,"Converged",FALSE,0.5
807,-1.180736471667,1.00481644977038,-0.192332450308029,"Converged",FALSE,0.5
808,-1.46297309758977,0.907010157671245,-0.156637588499486,"Converged",TRUE,0.5
809,-1.53412532331768,1.06882989877623,-0.116384538896597,"Converged",FALSE,0.5
810,-1.67287197670823,1.1645628684932,-0.0991654723510676,"Converged",TRUE,0.5
811,-1.30169423838683,0.23893478402432,-0.103964868746236,"Converged",TRUE,0.5
812,-1.81737988020923,0.918845622475346,-0.0702846880985906,"Converged",FALSE,0.5
813,NA,NA,NA,"MAX_ITER reached",FALSE,0.5
814,-1.835368199811,1.89184139044848,-0.127112116627352,"Converged",FALSE,0.5
815,-1.18519381372588,0.585379033576575,-0.167895376821055,"Converged",TRUE,0.5
816,-1.52513163547473,-0.0886711964613334,-0.0481907955096517,"Converged",FALSE,0.5
817,-1.04879767281546,0.0714608545101858,-0.123176155197536,"Converged",FALSE,0.5
818,-1.50947930640474,0.910408397794588,-0.128584170626353,"Converged",FALSE,0.5
819,-2.05098572795632,2.17026302605618,-0.104491178564691,"Converged",FALSE,0.5
820,-2.00073716994784,2.5827020559544,-0.152430835714101,"Converged",FALSE,0.5
821,-1.46346924518119,0.762850970332298,-0.137454178710172,"Converged",FALSE,0.5
822,-1.64783457047369,1.52150721699985,-0.154522217647927,"Converged",TRUE,0.5
823,-2.0910837669626,2.4929801887254,-0.134243413451506,"Converged",TRUE,0.5
824,-1.64459113194402,0.591770658655693,-0.0773878845420506,"Converged",FALSE,0.5
825,-2.15880104901314,2.33979149575073,-0.102200769918925,"Converged",FALSE,0.5
826,-1.98277978933375,0.764427641136989,-0.0240376294216496,"Converged",FALSE,0.5
827,-2.07102926877237,1.05260218219494,-0.0159533427357796,"Converged",TRUE,0.5
828,-0.631320919069558,-0.667505326589794,-0.181647910521068,"Converged",FALSE,0.5
829,-1.97062183263967,1.29913561470944,-0.0769981522093651,"Converged",FALSE,0.5
830,-1.6124276718723,1.50038458884886,-0.170044702817112,"Converged",FALSE,0.5
831,-1.98945195138655,0.981320999397597,-0.0524179645613653,"Converged",FALSE,0.5
832,-1.43701118264056,0.482060771148564,-0.133792138580134,"Converged",FALSE,0.5
833,-1.61200782887139,1.37478853180615,-0.164582991671787,"Converged",TRUE,0.5
834,-1.92698997304526,1.94227438600912,-0.106076390263882,"Converged",TRUE,0.5
835,-1.60286955589687,0.924410390574652,-0.134456464019896,"Converged",FALSE,0.5
836,-1.32262054607428,-0.0110554703459258,-0.0796197331722758,"Converged",FALSE,0.5
837,-2.02384260599742,1.75715213415872,-0.115809625755712,"Converged",FALSE,0.5
838,-2.30306706236224,2.70581755536778,-0.0900755743171407,"Converged",FALSE,0.5
839,-1.9899066322332,1.44820486068085,-0.0489358774750341,"Converged",FALSE,0.5
840,-1.96163210046313,2.11121983215222,-0.163248374742067,"Converged",FALSE,0.5
841,-1.96062260373909,2.32049384134714,-0.159329472037775,"Converged",FALSE,0.5
842,-1.8699149585459,2.25898149574346,-0.128918102709506,"Converged",FALSE,0.5
843,-2.5619836716445,2.16020601519738,-0.0221761050101047,"Converged",FALSE,0.5
844,-2.30757564473753,3.12476054435805,-0.116649466636894,"Converged",FALSE,0.5
845,-1.42494585006067,0.452324325762512,-0.13655891145775,"Converged",FALSE,0.5
846,-1.73348060162496,0.514712705590831,-0.0698690312896845,"Converged",FALSE,0.5
847,-1.63669607548463,0.933741045227601,-0.0803348043984209,"Converged",FALSE,0.5
848,-1.81095991774891,1.19473219833392,-0.09414418325825,"Converged",FALSE,0.5
849,-1.59508230274415,1.08159769480117,-0.101229842827505,"Converged",FALSE,0.5
850,-1.5333732501551,0.841905692558359,-0.1298597623029,"Converged",FALSE,0.5
851,-1.42039516964411,0.92652770885631,-0.130535587296016,"Converged",TRUE,0.5
852,-1.63520249866627,0.21036278750246,-0.0913511658483938,"Converged",FALSE,0.5
853,-1.52129009903152,0.318975062413761,-0.0930871998022535,"Converged",FALSE,0.5
854,-1.491071832021,1.53216099666689,-0.179657885300067,"Converged",TRUE,0.5
855,-2.07410977108635,1.73862688633954,-0.065606751125354,"Converged",FALSE,0.5
856,-1.67922138516155,0.379281247094918,-0.0645312149375228,"Converged",FALSE,0.5
857,-2.02786659165231,1.14400421815969,-0.0849140761669471,"Converged",FALSE,0.5
858,NA,NA,NA,"MAX_ITER reached",FALSE,0.5
859,-1.99096632598199,1.88449909669108,-0.102443558609428,"Converged",FALSE,0.5
860,-1.34044492033348,0.594927377746376,-0.117285750403588,"Converged",FALSE,0.5
861,-1.82289912710655,1.65759778862128,-0.11593994960876,"Converged",FALSE,0.5
862,-2.28573671156154,1.83160088745371,-0.0172767524975788,"Converged",FALSE,0.5
863,-1.44727244442384,0.521412464993978,-0.12994207251584,"Converged",FALSE,0.5
864,-1.4747633132876,0.47110828129306,-0.0966021309820073,"Converged",TRUE,0.5
865,-1.91538960323987,1.99462050245026,-0.100534685997609,"Converged",FALSE,0.5
866,-1.42091874091785,0.0914999549514737,-0.0692598363777581,"Converged",FALSE,0.5
867,-1.31174861904424,0.117488612120639,-0.125926235888622,"Converged",TRUE,0.5
868,-1.93405088144483,1.88904125041847,-0.102551679270249,"Converged",FALSE,0.5
869,-2.30690152722609,2.15589382291103,-0.0870126352152708,"Converged",FALSE,0.5
870,-2.0365984284516,1.50078681965056,-0.075221680576175,"Converged",TRUE,0.5
871,-1.88630487880002,1.66490996334817,-0.0719683679929971,"Converged",FALSE,0.5
872,-1.39197963082765,-0.0364974645822064,-0.0601320375221169,"Converged",FALSE,0.5
873,-1.58069715560296,1.0592640240649,-0.136113102225685,"Converged",FALSE,0.5
874,-1.27329425167517,0.0910656999681209,-0.168625287929415,"Converged",FALSE,0.5
875,-1.7639133584402,1.34535781393035,-0.0748735569498441,"Converged",FALSE,0.5
876,-1.99481804308712,1.65541970304783,-0.112770720194124,"Converged",FALSE,0.5
877,-1.64970894684505,0.492941791968727,-0.0790252582509989,"Converged",FALSE,0.5
878,-1.79109132775966,0.735254798471948,-0.0559602752490343,"Converged",FALSE,0.5
879,-2.84161780843148,3.07509082292816,-0.0588317105764976,"Converged",TRUE,0.5
880,-1.89352750026215,2.01593443288006,-0.157289111716592,"Converged",FALSE,0.5
881,-1.30666571819262,0.936926974902058,-0.129662715051738,"Converged",FALSE,0.5
882,-1.69001741163685,1.23422373479744,-0.122771295643375,"Converged",FALSE,0.5
883,-1.17475372824078,-0.313650416914556,-0.135113113882016,"Converged",FALSE,0.5
884,-1.70209575402079,0.806216783789981,-0.0929814631923734,"Converged",TRUE,0.5
885,-1.84958632004966,2.21393479717814,-0.159529677567924,"Converged",FALSE,0.5
886,-1.79098999013798,1.4889424035487,-0.128442353105735,"Converged",FALSE,0.5
887,-1.56235119095217,1.29692788271552,-0.118963913958913,"Converged",FALSE,0.5
888,-1.78409188521659,1.56545282267583,-0.147808141046395,"Converged",FALSE,0.5
889,-2.227191484664,1.04305015140386,-0.00707567342027269,"Converged",FALSE,0.5
890,-2.23901636831595,2.34469649665307,-0.075015784433562,"Converged",FALSE,0.5
891,-2.26385310351883,2.10747249284083,-0.0804842648070642,"Converged",FALSE,0.5
892,-1.13155324729936,-0.106987589366991,-0.137822110609536,"Converged",FALSE,0.5
893,-1.36329856185579,0.487141692288371,-0.148038824936821,"Converged",FALSE,0.5
894,-2.35923937307858,1.92632444734077,-0.0264906906207906,"Converged",FALSE,0.5
895,-1.44991782040469,0.637423420930961,-0.105836948400864,"Converged",FALSE,0.5
896,-1.89780641730336,1.29746993817022,-0.0864006765871559,"Converged",FALSE,0.5
897,-1.48255500878933,0.372952572353662,-0.0778400555799856,"Converged",FALSE,0.5
898,-1.5804286306361,1.33316133476828,-0.160018928572881,"Converged",TRUE,0.5
899,-1.78301094458699,2.04123556473139,-0.152836809845487,"Converged",FALSE,0.5
900,-2.0825449658528,2.93315312400953,-0.159794227893335,"Converged",TRUE,0.5
901,NA,NA,NA,"MAX_ITER reached",FALSE,0.5
902,-1.81067035094992,1.58238858301366,-0.0778652936098988,"Converged",FALSE,0.5
903,-1.7572269286857,0.77178426624193,-0.0486471655836589,"Converged",FALSE,0.5
904,-1.96606931867311,2.58641163206154,-0.183277449017119,"Converged",FALSE,0.5
905,-1.94587508817378,1.81109390141867,-0.0954287224320794,"Converged",FALSE,0.5
906,-1.60618127699348,1.01562162962959,-0.120003602494996,"Converged",TRUE,0.5
907,-1.82723708950786,1.6812469346141,-0.118635185494276,"Converged",FALSE,0.5
908,-1.5570618419046,1.04457837225408,-0.12312337535872,"Converged",FALSE,0.5
909,-1.12501386087351,-0.279973165093156,-0.085498366639647,"Converged",FALSE,0.5
910,-1.0158514792404,-0.21012088951073,-0.142751234373126,"Converged",FALSE,0.5
911,-1.60670329882501,1.12867761693702,-0.102614264268804,"Converged",FALSE,0.5
912,-1.58744153058525,0.991633092247011,-0.117365410169324,"Converged",FALSE,0.5
913,-1.51203458187658,0.774527165196072,-0.14465536301594,"Converged",FALSE,0.5
914,-1.60251206650753,0.178959281080079,-0.0617908555850356,"Converged",FALSE,0.5
915,-1.13534577531333,-0.771542522313192,-0.102235145351026,"Converged",FALSE,0.5
916,-1.58350044431847,0.342649385204868,-0.0552901653353869,"Converged",TRUE,0.5
917,-2.20262074656373,2.46093117119628,-0.126710234760233,"Converged",FALSE,0.5
918,-1.75515196616952,1.98382364441092,-0.116540784854797,"Converged",TRUE,0.5
919,-1.78232357544469,0.720073346944937,-0.0601215399039159,"Converged",TRUE,0.5
920,-1.59889324910353,1.038793656656,-0.107457436495124,"Converged",TRUE,0.5
921,-2.13101294022832,2.06721767805877,-0.0944397539943282,"Converged",FALSE,0.5
922,-2.52891294364934,2.57963982848021,-0.0324123245590891,"Converged",FALSE,0.5
923,-1.52916116482879,0.0512789102727417,-0.0623364933791008,"Converged",FALSE,0.5
924,NA,NA,NA,"MAX_ITER reached",FALSE,0.5
925,-1.74074053716498,0.3736599123985,-0.0388087052244869,"Converged",FALSE,0.5
926,-1.50756309950617,0.347684354800896,-0.113721319833459,"Converged",TRUE,0.5
927,-1.74655530345174,1.66941127077286,-0.110026751892227,"Converged",FALSE,0.5
928,-2.02763129143363,1.15854066705956,-0.0999574079613558,"Converged",FALSE,0.5
929,-2.328985611889,3.02214206733532,-0.140317839603553,"Converged",FALSE,0.5
930,-1.89451015209104,1.28335219169861,-0.0552700933897491,"Converged",TRUE,0.5
931,-1.54966198976349,0.496602671727924,-0.104168908500663,"Converged",FALSE,0.5
932,-2.10774503715405,1.66923739459574,-0.0842094772283633,"Converged",FALSE,0.5
933,-1.60135021646504,1.70182859925044,-0.167092606435313,"Converged",FALSE,0.5
934,-1.38845204082836,0.625253014881873,-0.111617522508686,"Converged",FALSE,0.5
935,-2.17626843575676,1.56631674730063,-0.0565900014418935,"Converged",FALSE,0.5
936,-1.53568674244264,0.192176726896781,-0.046450303784436,"Converged",FALSE,0.5
937,-1.61165108218964,1.7403944730971,-0.202342248013713,"Converged",TRUE,0.5
938,-1.23414047103308,0.159959549669729,-0.135293092292519,"Converged",FALSE,0.5
939,-2.03644663962836,0.8993924131771,-0.0176145145586983,"Converged",FALSE,0.5
940,-1.98811866474285,1.92873176137856,-0.11542114804246,"Converged",FALSE,0.5
941,-1.93784696249839,1.36414770827165,-0.064437692467776,"Converged",FALSE,0.5
942,-1.72691736307764,0.747014468082368,-0.110471048712111,"Converged",FALSE,0.5
943,-1.49166595911163,1.05445307800572,-0.122623712635162,"Converged",FALSE,0.5
944,-1.1929179062529,1.77554979801177,-0.285348073661,"Converged",TRUE,0.5
945,-1.7139948210088,1.11263982892151,-0.110827257950104,"Converged",FALSE,0.5
946,-1.69177859571059,1.24287979038677,-0.116526313173349,"Converged",TRUE,0.5
947,-2.39214231778834,2.87961133322952,-0.0745188615968716,"Converged",TRUE,0.5
948,-1.5161662044653,1.3788499210393,-0.167066602515211,"Converged",FALSE,0.5
949,-1.68396712966561,0.782579943921157,-0.0910135913959301,"Converged",FALSE,0.5
950,-1.25285638188979,-0.0854269610383244,-0.117367860783338,"Converged",FALSE,0.5
951,-2.3689593087079,1.09783637612406,0.035690985984638,"Converged",TRUE,0.5
952,-1.64794821278936,1.35000682899544,-0.118776333605603,"Converged",FALSE,0.5
953,-1.61018098446465,0.964547932365602,-0.0725961629262181,"Converged",FALSE,0.5
954,-1.94194460950359,1.66340770841348,-0.100232954589815,"Converged",TRUE,0.5
955,-1.42012450816155,0.986798441746137,-0.123379139058365,"Converged",FALSE,0.5
956,-1.76289490828816,0.429213503599333,-0.0251166026076696,"Converged",FALSE,0.5
957,-1.79739563751655,0.850767977264468,-0.0429462170218586,"Converged",FALSE,0.5
958,-1.9651754868761,1.31731010648908,-0.0840335338625481,"Converged",TRUE,0.5
959,-1.98265523384063,1.14255473340335,-0.0132094592597449,"Converged",FALSE,0.5
960,-1.5708580894417,0.845362544444263,-0.121289182798789,"Converged",FALSE,0.5
961,-1.68453287526428,1.07281195495812,-0.110878079750421,"Converged",FALSE,0.5
962,-1.93943390627087,0.344607634830266,-0.0296122378717656,"Converged",FALSE,0.5
963,-1.8247458065426,0.992782831484563,-0.0674815269199783,"Converged",FALSE,0.5
964,-1.66070140588406,0.833591991205664,-0.0792484764863879,"Converged",FALSE,0.5
965,-1.57001004094379,1.15394376545314,-0.146272966452522,"Converged",FALSE,0.5
966,-2.06927392889238,2.07041201184117,-0.0879637828707822,"Converged",FALSE,0.5
967,-2.03908094492745,1.32015057653752,0.00284553059051495,"Converged",FALSE,0.5
968,-1.98546640911343,1.09075897095787,-0.0510010848087617,"Converged",FALSE,0.5
969,-1.77777305856611,2.2167789843878,-0.182623213628785,"Converged",FALSE,0.5
970,-1.8022035285984,1.34630162235151,-0.0800369553987371,"Converged",FALSE,0.5
971,-0.896412858091619,0.485503186091601,-0.214665025190441,"Converged",FALSE,0.5
972,-1.23237088671994,-0.136456325357652,-0.121611372646926,"Converged",FALSE,0.5
973,-1.96680479804535,1.77932795625711,-0.095625422846942,"Converged",FALSE,0.5
974,-2.07944771264734,1.25844803207993,-0.0273672426914584,"Converged",FALSE,0.5
975,-1.82249940583036,0.58907541146684,-0.0716219056270799,"Converged",FALSE,0.5
976,-1.77137543845577,0.958475742360774,-0.0561564251656904,"Converged",FALSE,0.5
977,-1.94351460970367,1.79934463889578,-0.105694508461409,"Converged",FALSE,0.5
978,-1.52638342069435,1.38222971729094,-0.198278016505571,"Converged",FALSE,0.5
979,-1.19641324848379,1.09510862669965,-0.189983229141405,"Converged",FALSE,0.5
980,-1.3072797676364,0.91035879079153,-0.139336937654367,"Converged",FALSE,0.5
981,-1.29387734990656,0.521129422934745,-0.146634836182526,"Converged",FALSE,0.5
982,-2.64861496935912,1.91594201568608,-0.00397929650739796,"Converged",FALSE,0.5
983,-1.38607398089007,1.18889593775679,-0.18128418167951,"Converged",FALSE,0.5
984,-1.68985901528872,1.07862286385332,-0.101040869910155,"Converged",FALSE,0.5
985,-1.32777022585773,1.40816863047326,-0.209951943768073,"Converged",TRUE,0.5
986,-1.81299966092532,1.68984564529476,-0.150598537037346,"Converged",TRUE,0.5
987,-1.7575744479727,0.919632602106071,-0.0973332349430909,"Converged",FALSE,0.5
988,-1.49841538152134,1.15156531934921,-0.153223986461482,"Converged",FALSE,0.5
989,-1.28840824143926,-0.0827399894573879,-0.0889755292758323,"Converged",FALSE,0.5
990,-1.94012205076166,1.44962683016632,-0.0850753458748878,"Converged",FALSE,0.5
991,NA,NA,NA,"MAX_ITER reached",TRUE,0.5
992,-2.13712093838456,1.78118493170389,-0.0549636145632643,"Converged",FALSE,0.5
993,-1.24830369159133,-0.558387954894429,-0.0613605092013824,"Converged",FALSE,0.5
994,-1.95839467314679,2.28950680235054,-0.140449406699647,"Converged",FALSE,0.5
995,-1.34275724498141,0.400818980782642,-0.11451250956156,"Converged",FALSE,0.5
996,-1.94216432969176,2.36405562589256,-0.156540885047841,"Converged",FALSE,0.5
997,-2.07076802468609,2.19835620079526,-0.0993684029545091,"Converged",FALSE,0.5
998,-1.06235988630497,0.430580476912545,-0.159797883269448,"Converged",TRUE,0.5
999,-1.9624855866174,1.36296052139356,-0.0695463155109889,"Converged",FALSE,0.5
1000,-1.67576651845547,1.24873811525897,-0.119782962576038,"Converged",FALSE,0.5
