"sim","bcc_beta0","bcc_beta1","bcc_beta2","bcc_conv_msg","bcc_data_resampled","audit_recovery"
1,-2.00134765184861,2.49382659008896,-0.127877271164676,"Converged",FALSE,0.5
2,-1.5872371792955,1.84309916727942,-0.131149543065398,"Converged",FALSE,0.5
3,-2.01117426501191,1.99709832664422,-0.102922818946963,"Converged",FALSE,0.5
4,-1.55004359800598,0.948888123323214,-0.159409448381839,"Converged",FALSE,0.5
5,-1.75801473566033,2.4723176612478,-0.193901054786521,"Converged",FALSE,0.5
6,-1.54492228218651,0.974929453962557,-0.115337372459543,"Converged",FALSE,0.5
7,-1.77478059416936,1.65626696999303,-0.147057191853957,"Converged",FALSE,0.5
8,-2.29308934829113,2.35099677796533,-0.0744636256586086,"Converged",FALSE,0.5
9,-1.66636478459369,1.46261955670137,-0.138696108546026,"Converged",FALSE,0.5
10,-2.09024517701322,2.20952635136895,-0.108049943042142,"Converged",FALSE,0.5
11,-1.84017418218807,1.55736131050199,-0.119008975124029,"Converged",FALSE,0.5
12,-2.26816096027515,1.61516165827369,-0.0364323683897683,"Converged",FALSE,0.5
13,-2.32920857888281,2.35866721195038,-0.0713159356329852,"Converged",FALSE,0.5
14,-1.48371182388545,0.41585758950695,-0.141564499240579,"Converged",FALSE,0.5
15,-1.2339145904526,0.45695740853658,-0.155818048399554,"Converged",FALSE,0.5
16,-1.63529953451045,0.680177033798441,-0.0832502378037442,"Converged",FALSE,0.5
17,-1.52846931515629,0.336819936108116,-0.0615866418489457,"Converged",FALSE,0.5
18,-1.95126124597597,1.23588875931005,-0.0637312742768409,"Converged",FALSE,0.5
19,-2.35155749650666,2.42050293635656,-0.0404419369596972,"Converged",FALSE,0.5
20,-1.9265164197199,0.936754132391028,-0.0610593876288177,"Converged",FALSE,0.5
21,-1.44306177270592,0.578264105465872,-0.123953567483309,"Converged",FALSE,0.5
22,-1.65408624710377,1.85272423760166,-0.115374651863934,"Converged",FALSE,0.5
23,-2.64843686237032,2.95929791457474,-0.0373699119943378,"Converged",FALSE,0.5
24,-1.94509288515542,1.74199078113172,-0.0809059333096865,"Converged",FALSE,0.5
25,-1.73214568581076,1.21358373901225,-0.142995584160605,"Converged",FALSE,0.5
26,-1.58147781316107,1.07981007726759,-0.101477249979093,"Converged",FALSE,0.5
27,-1.55677659351694,1.91964817651926,-0.15758836157806,"Converged",FALSE,0.5
28,-1.59278402223361,0.953491332531248,-0.109599070941119,"Converged",TRUE,0.5
29,-1.89142922022888,2.1346354337721,-0.162708433358192,"Converged",FALSE,0.5
30,-2.44584613378283,4.28603962697853,-0.172650659896443,"Converged",FALSE,0.5
31,-1.65884609069594,0.757752057426205,-0.0769125408724611,"Converged",FALSE,0.5
32,-1.83498558139461,0.857137821749611,-0.0455426774787861,"Converged",FALSE,0.5
33,-1.99811452870956,1.84048699785815,-0.124466631960055,"Converged",FALSE,0.5
34,-1.94537237141546,2.64982356924091,-0.15150126633099,"Converged",FALSE,0.5
35,-1.84709515911024,1.51745925638467,-0.077082920073642,"Converged",FALSE,0.5
36,-1.79294516184362,2.66779978512676,-0.145831303009501,"Converged",FALSE,0.5
37,-1.75130174343151,2.26605176957918,-0.185581847079922,"Converged",FALSE,0.5
38,-1.33296429849914,1.20765280372137,-0.158437925563234,"Converged",FALSE,0.5
39,-1.88116521339529,1.90369537556199,-0.128255679167114,"Converged",FALSE,0.5
40,-1.66595798517001,0.998098504828907,-0.0639651205810987,"Converged",FALSE,0.5
41,-1.50312165482102,1.41761390084227,-0.1531254591864,"Converged",FALSE,0.5
42,-1.06458050409213,-0.516667950462172,-0.147381958951924,"Converged",FALSE,0.5
43,-2.13800456793812,1.73763507046323,-0.0694960612176155,"Converged",FALSE,0.5
44,-1.77571800142017,2.03983988487841,-0.174650784867918,"Converged",FALSE,0.5
45,-2.65198102410406,3.18893065786774,-0.072565714462608,"Converged",FALSE,0.5
46,-2.25815272532639,1.9574966374802,-0.0244496698735676,"Converged",FALSE,0.5
47,-1.91995198299278,1.31722944294837,-0.061811533210233,"Converged",FALSE,0.5
48,-2.37554762692692,3.1968893589902,-0.164626999158211,"Converged",FALSE,0.5
49,-2.03799759181407,1.7328403452868,-0.0901995377782412,"Converged",FALSE,0.5
50,-2.01799243091411,1.50391328748442,-0.0769875086772351,"Converged",FALSE,0.5
51,-1.62701221974429,1.69136530925836,-0.14304771868559,"Converged",FALSE,0.5
52,-2.13206151599504,1.4200504596803,-0.0481562445320491,"Converged",FALSE,0.5
53,-1.60773201200932,1.87755024066546,-0.180113144541689,"Converged",FALSE,0.5
54,-1.90637868689964,1.3998064691259,-0.0825849938347108,"Converged",FALSE,0.5
55,-2.28412600743594,2.13465564140065,-0.0366138570920212,"Converged",FALSE,0.5
56,-2.2606958689424,1.75274534631652,-0.0713459211089575,"Converged",FALSE,0.5
57,-1.58972662486925,0.220569610149813,-0.0538640363184445,"Converged",FALSE,0.5
58,-1.8643573496793,1.4641687038636,-0.0590719244823606,"Converged",FALSE,0.5
59,-2.70371588856823,3.75130469936839,-0.104192289231507,"Converged",FALSE,0.5
60,-1.59762761758347,0.85016835336359,-0.131420623330918,"Converged",FALSE,0.5
61,-1.70597431136011,1.49781818639597,-0.122598858248526,"Converged",FALSE,0.5
62,-1.521104587155,1.71415738603092,-0.190260005204643,"Converged",FALSE,0.5
63,-2.25984836944515,1.41289875546413,-0.0459772910549806,"Converged",FALSE,0.5
64,-1.5527400934395,0.836476357996762,-0.111369514347586,"Converged",FALSE,0.5
65,-1.55924890137333,0.964563879746127,-0.0816442130159661,"Converged",TRUE,0.5
66,-1.71280699492134,0.537512109309721,-0.0821883485604879,"Converged",TRUE,0.5
67,-1.6027441082096,1.31834475361257,-0.103605938789762,"Converged",FALSE,0.5
68,-1.72693775312195,1.28780727755569,-0.103111478738121,"Converged",FALSE,0.5
69,-1.52280705608908,1.26280213855578,-0.131197842874396,"Converged",FALSE,0.5
70,-2.15630321905412,2.29137885031761,-0.104575802276763,"Converged",FALSE,0.5
71,-1.93271081779715,1.56859587360033,-0.0817667886158124,"Converged",FALSE,0.5
72,-1.54005026524632,1.10224854628797,-0.104399822071677,"Converged",FALSE,0.5
73,-2.09980054349252,2.31716914168384,-0.0793772456230687,"Converged",FALSE,0.5
74,-1.71509199021713,0.77578771727608,-0.0709709102506354,"Converged",FALSE,0.5
75,-1.25235213594093,0.806928549697334,-0.171693289341737,"Converged",FALSE,0.5
76,-2.11170834045402,1.99855824690541,-0.0589643787377667,"Converged",FALSE,0.5
77,-2.16848965335051,3.43913732503839,-0.202731485119365,"Converged",FALSE,0.5
78,-2.09582008675828,2.41266314851364,-0.146346915778401,"Converged",FALSE,0.5
79,-2.32480308123567,2.66008919712123,-0.0835797578605728,"Converged",FALSE,0.5
80,-1.95088431812495,1.40081495896259,-0.0969354997129951,"Converged",FALSE,0.5
81,-2.3745958887938,2.55119420882953,-0.0661652780090835,"Converged",FALSE,0.5
82,-2.2156118039725,2.4643336993266,-0.114673731224273,"Converged",FALSE,0.5
83,-1.7518913067761,1.8114304724097,-0.136564099736919,"Converged",FALSE,0.5
84,-1.93119773356651,1.6274125264812,-0.091683204513385,"Converged",FALSE,0.5
85,-1.21598701510854,0.455380050021291,-0.13380603367009,"Converged",FALSE,0.5
86,-1.97429436066319,2.43245952709329,-0.124044799746247,"Converged",FALSE,0.5
87,-1.80849111132603,1.54252861568631,-0.1170745074359,"Converged",FALSE,0.5
88,-1.62579268637986,1.3939547368801,-0.133676354829653,"Converged",FALSE,0.5
89,-2.0587925748502,2.81099793486806,-0.192366350734332,"Converged",FALSE,0.5
90,-1.965353367534,1.5514874875257,-0.0456012012903684,"Converged",FALSE,0.5
91,-1.36802682444388,0.594836711580296,-0.151556962346735,"Converged",FALSE,0.5
92,-1.97757738736245,2.32366920289028,-0.104615943375351,"Converged",FALSE,0.5
93,-2.58799832464354,2.65731827872418,-0.0434765560251715,"Converged",FALSE,0.5
94,-2.25454712888257,2.22487305705708,-0.0722299420570586,"Converged",FALSE,0.5
95,-1.49081491907723,1.36270498562234,-0.236569083484411,"Converged",FALSE,0.5
96,-2.67605935776319,3.5669510202862,-0.0956145736634384,"Converged",FALSE,0.5
97,-2.14112106184357,2.02043059282284,-0.0703373639573407,"Converged",FALSE,0.5
98,-1.42353914891739,0.6083502213047,-0.114135345151269,"Converged",TRUE,0.5
99,-1.24569047069236,0.275072074567296,-0.124928862479737,"Converged",FALSE,0.5
100,-1.66677632445038,0.767611392513012,-0.084784697171142,"Converged",FALSE,0.5
101,-1.83182201300076,0.974649794859531,-0.0629517908060577,"Converged",FALSE,0.5
102,-1.74947869339716,1.42730728540683,-0.126138273741641,"Converged",FALSE,0.5
103,-1.89087409366938,2.16262853190488,-0.134468287149162,"Converged",FALSE,0.5
104,-1.483436224989,0.751112605616075,-0.138900706075873,"Converged",FALSE,0.5
105,-1.90027619645686,1.52933019796042,-0.0336726704995816,"Converged",FALSE,0.5
106,-1.97505972506034,2.33787325416815,-0.124986170095574,"Converged",FALSE,0.5
107,-2.20666912022729,2.32434822519031,-0.0718262710385171,"Converged",TRUE,0.5
108,-1.33292022293671,0.96010062281575,-0.153737558518011,"Converged",FALSE,0.5
109,-1.00168571098957,-0.241143923274716,-0.111376299625986,"Converged",FALSE,0.5
110,-1.0608853904067,0.113781030413947,-0.188752426082647,"Converged",FALSE,0.5
111,-2.08738007160702,1.52701228732055,-0.0256555121258354,"Converged",FALSE,0.5
112,-1.79781914039638,1.51679280652691,-0.0888241591647789,"Converged",FALSE,0.5
113,-1.43626509495562,0.559290772630558,-0.0860538184237436,"Converged",FALSE,0.5
114,-1.82619612486097,1.43038429621823,-0.105739019904999,"Converged",FALSE,0.5
115,-1.5934576572435,0.97793260245654,-0.103583920975157,"Converged",FALSE,0.5
116,-2.3590462567596,3.48437497785839,-0.150105805111977,"Converged",FALSE,0.5
117,-2.0214646026961,2.51068632877024,-0.137176002788495,"Converged",FALSE,0.5
118,-2.25816776059303,2.22494455491373,-0.0454197833583384,"Converged",FALSE,0.5
119,-1.97726106744405,1.42014884355221,-0.0731857737710669,"Converged",FALSE,0.5
120,-1.26298902647019,-0.0691555987726253,-0.105401535072225,"Converged",FALSE,0.5
121,-1.98647783867607,1.04969453505796,-0.0255718107700811,"Converged",FALSE,0.5
122,-2.00613924025781,1.9189232623034,-0.110968181316333,"Converged",FALSE,0.5
123,-2.04712143799266,1.68522447987773,-0.0806372867545303,"Converged",FALSE,0.5
124,-1.57167409161569,1.13940760556701,-0.113766987862359,"Converged",FALSE,0.5
125,-2.1893898185305,2.35300405063181,-0.107227482019929,"Converged",FALSE,0.5
126,-1.9219241475583,1.78212527915526,-0.0782209950488913,"Converged",FALSE,0.5
127,-1.73957048238195,0.832572031940324,-0.0914543699677204,"Converged",FALSE,0.5
128,-1.2158404996004,-0.100749948751334,-0.100972624437359,"Converged",FALSE,0.5
129,-1.84610072515221,1.75640486116889,-0.124176450739901,"Converged",FALSE,0.5
130,-1.99937044323768,1.22667137028154,-0.0686723271151455,"Converged",FALSE,0.5
131,-1.50612539040844,1.78968441174439,-0.192137208958476,"Converged",FALSE,0.5
132,-1.76516648172793,1.47713682954935,-0.0978082393886797,"Converged",FALSE,0.5
133,-1.52514013123507,0.638257271495801,-0.0896549652640216,"Converged",FALSE,0.5
134,-2.19841220162171,2.11777600546975,-0.0608926416555476,"Converged",FALSE,0.5
135,-1.39484059172394,0.51485299173754,-0.148054504132558,"Converged",FALSE,0.5
136,-1.58598964041547,0.6140942627624,-0.0902340228710705,"Converged",FALSE,0.5
137,-1.30771785877615,0.36500456072289,-0.146855821501187,"Converged",FALSE,0.5
138,-1.79009148922835,1.5720927859181,-0.0935658357960304,"Converged",FALSE,0.5
139,-2.36367778743718,2.59593788387188,-0.107176792608669,"Converged",FALSE,0.5
140,-2.78217417351901,3.31538113071898,-0.0141486960245801,"Converged",FALSE,0.5
141,-1.56787180258632,1.10922432612762,-0.124309433203065,"Converged",FALSE,0.5
142,-1.55000205204552,0.51350335359492,-0.127516029332673,"Converged",FALSE,0.5
143,-2.120461483554,3.14890432702292,-0.190505148770725,"Converged",FALSE,0.5
144,-1.82771619719547,1.58959130699931,-0.120773120976309,"Converged",FALSE,0.5
145,-1.68444500418306,1.22384360940773,-0.0891167977526992,"Converged",FALSE,0.5
146,-1.59006797503798,1.22165163561479,-0.102934063932905,"Converged",FALSE,0.5
147,-2.01753867875819,0.860108906539404,-0.0306894477198992,"Converged",FALSE,0.5
148,-1.4992103265494,1.50487302744363,-0.158157224422467,"Converged",FALSE,0.5
149,-1.47714979910407,0.116349586498668,-0.0805916449840371,"Converged",FALSE,0.5
150,-1.78895466599397,1.96841489179228,-0.152385992095255,"Converged",FALSE,0.5
151,-2.44255634148974,2.51753857980847,-0.0694319956080787,"Converged",FALSE,0.5
152,-1.5189830764235,0.659602827020524,-0.107175353108421,"Converged",FALSE,0.5
153,-2.14792307093631,2.69611849882123,-0.119517037271576,"Converged",FALSE,0.5
154,-1.9655701558138,1.52848344749244,-0.0830606199127822,"Converged",FALSE,0.5
155,-1.94190553873209,1.7045691853131,-0.0735835447111748,"Converged",FALSE,0.5
156,-2.37884867325304,3.11933492415513,-0.0900314976924676,"Converged",FALSE,0.5
157,-2.46570615034847,3.19626829162253,-0.0858563493137296,"Converged",FALSE,0.5
158,-2.09410832354945,2.65130070423928,-0.118624695810266,"Converged",FALSE,0.5
159,-1.79965352755842,1.45795828356366,-0.101557415309583,"Converged",FALSE,0.5
160,-2.26388624719156,1.60557632879244,-0.0245900777400236,"Converged",FALSE,0.5
161,-2.04432173468223,2.59668349675194,-0.171417639199372,"Converged",FALSE,0.5
162,-2.37128337379421,3.05739281943942,-0.100022502083728,"Converged",FALSE,0.5
163,-1.11720868118854,0.161188979889973,-0.175573927822054,"Converged",FALSE,0.5
164,-2.06403929369538,0.540729844020445,0.0275235090421924,"Converged",FALSE,0.5
165,-2.00929026989688,1.65070281267133,-0.0489700760117544,"Converged",FALSE,0.5
166,-1.92342775592095,2.61444465743595,-0.153389348053,"Converged",FALSE,0.5
167,-1.3274250199691,0.0104426039741984,-0.112206996021528,"Converged",FALSE,0.5
168,-1.79673732157346,2.14081667779828,-0.17398089976975,"Converged",FALSE,0.5
169,-1.80011779774695,0.619641053081822,-0.0460367743477539,"Converged",FALSE,0.5
170,-1.68422423675415,1.17401585235877,-0.105943909963863,"Converged",FALSE,0.5
171,-2.36059243498681,2.86493416358327,-0.0858252833999252,"Converged",FALSE,0.5
172,-1.54260392098898,0.820945599048636,-0.107581473648549,"Converged",FALSE,0.5
173,-2.32064615314687,2.3757569205318,-0.0635464530984148,"Converged",FALSE,0.5
174,-1.62049162342472,0.501839947781494,-0.0603541842609377,"Converged",FALSE,0.5
175,-2.63800686696146,3.88389797290499,-0.142029128769078,"Converged",FALSE,0.5
176,-2.12562003226853,2.40626112024031,-0.145009729798899,"Converged",FALSE,0.5
177,-2.01353189787845,2.33075123242501,-0.127109435864734,"Converged",FALSE,0.5
178,-1.77996347884646,1.35179992840561,-0.105438753387373,"Converged",FALSE,0.5
179,-1.66723098074466,0.990498897773301,-0.0758942406819638,"Converged",FALSE,0.5
180,-1.23782211720368,-0.0532764402445436,-0.120426058592012,"Converged",TRUE,0.5
181,-1.37147278123812,-0.0542777134489304,-0.105727552681467,"Converged",FALSE,0.5
182,-2.01007272856881,2.28871657945023,-0.110789205686832,"Converged",FALSE,0.5
183,-1.71605237264962,1.70235697958505,-0.116042273026219,"Converged",FALSE,0.5
184,-1.73041637843711,0.457202144726186,-0.0731311252107963,"Converged",FALSE,0.5
185,-2.01641265828043,2.2211959782556,-0.0972170288579938,"Converged",FALSE,0.5
186,-2.41832390688653,2.51679686905498,-0.0463350685064288,"Converged",FALSE,0.5
187,-1.50931594219587,1.32039374307123,-0.157660167491708,"Converged",FALSE,0.5
188,-1.97881335164813,1.87752615815336,-0.0654788042778864,"Converged",FALSE,0.5
189,-1.8396496344657,1.00740606080452,-0.0271497236938626,"Converged",FALSE,0.5
190,-2.23121403305283,2.45541200202095,-0.0609662062973397,"Converged",FALSE,0.5
191,-1.66666508720847,1.48267139680592,-0.135398791734354,"Converged",FALSE,0.5
192,-1.97252512948268,2.11657799178096,-0.105927534630623,"Converged",FALSE,0.5
193,-2.20372142642796,1.37757897431958,-0.0370701176283719,"Converged",FALSE,0.5
194,-1.8585467565864,1.85521349223319,-0.109466234026554,"Converged",FALSE,0.5
195,-2.03034843844859,2.8072920467963,-0.183140654481486,"Converged",TRUE,0.5
196,-1.86723143673695,1.2862983721877,-0.101170713789529,"Converged",FALSE,0.5
197,NA,NA,NA,"MAX_ITER reached",FALSE,0.5
198,-1.33186338610838,0.785079570535222,-0.151259687159879,"Converged",FALSE,0.5
199,-1.46185822499759,1.5111264291778,-0.162382486301019,"Converged",FALSE,0.5
200,-1.52346923001941,-0.130205432602678,-0.0874879174592819,"Converged",FALSE,0.5
201,-1.91873866549122,1.04204370481929,-0.0805879175241703,"Converged",FALSE,0.5
202,-2.04031068757369,2.25511176428035,-0.0901237431667004,"Converged",FALSE,0.5
203,-1.97902473378987,2.63315260696623,-0.175190694794347,"Converged",FALSE,0.5
204,-1.76323827203825,1.30815453054942,-0.141882095753638,"Converged",FALSE,0.5
205,-1.6352239006717,0.833237041427333,-0.0963786260806955,"Converged",TRUE,0.5
206,-1.6863164662403,1.04532968264598,-0.0903984078004462,"Converged",FALSE,0.5
207,-1.02910375208619,-0.184359476808077,-0.15851651899784,"Converged",FALSE,0.5
208,-3.06266062982535,4.44086766163785,-0.0820033503403203,"Converged",FALSE,0.5
209,-1.22299504637978,0.665007081748207,-0.15961237675868,"Converged",TRUE,0.5
210,-2.06864792345766,2.28106402286424,-0.125289331033514,"Converged",FALSE,0.5
211,-1.59741399357969,1.35086364198318,-0.127339398469888,"Converged",FALSE,0.5
212,-1.65266655638124,1.03105191661241,-0.127826736024343,"Converged",FALSE,0.5
213,-0.783143124223127,-0.35561939105805,-0.217961300470651,"Converged",FALSE,0.5
214,-1.18003993161364,-0.25462768447981,-0.108278857199817,"Converged",FALSE,0.5
215,-1.37892126525913,0.853155897237332,-0.149894413396654,"Converged",FALSE,0.5
216,-0.692172300176355,-0.533350161789837,-0.215333592624125,"Converged",FALSE,0.5
217,-1.84758024889776,1.1997896389624,-0.045263776288609,"Converged",FALSE,0.5
218,-2.48560058573576,2.37973482572164,-0.0523454929798711,"Converged",FALSE,0.5
219,-1.95870355974977,1.47955068141331,-0.0781696626307624,"Converged",FALSE,0.5
220,-1.9136380620271,1.75482849847068,-0.10526261890702,"Converged",FALSE,0.5
221,-1.16451155609776,0.199364442308696,-0.159378981934833,"Converged",FALSE,0.5
222,-1.64651351190632,1.07749749612208,-0.0930831802598654,"Converged",FALSE,0.5
223,-2.20349883406013,1.81309692501592,-0.0429262864205977,"Converged",FALSE,0.5
224,-1.81622673089354,1.53194625766662,-0.115821654457436,"Converged",FALSE,0.5
225,-2.08880274196698,1.87644559859898,-0.0639285256822328,"Converged",FALSE,0.5
226,-1.98677377162383,0.393929305475177,0.0318912996000137,"Converged",FALSE,0.5
227,-1.7387653098906,1.42938068567888,-0.0982747871765408,"Converged",FALSE,0.5
228,-1.26508146570703,-0.00126167159924926,-0.141029899101576,"Converged",FALSE,0.5
229,-1.20528879475964,0.0833360422508137,-0.12641989821164,"Converged",FALSE,0.5
230,-1.24858689153029,0.473998736966938,-0.136067873674627,"Converged",FALSE,0.5
231,-2.14467130480747,2.89062152683155,-0.132989534466101,"Converged",FALSE,0.5
232,-1.65897588652154,1.09265632551418,-0.12573451259182,"Converged",FALSE,0.5
233,-1.95605661758651,1.77467166180957,-0.0929380637543377,"Converged",FALSE,0.5
234,-1.99770451091234,0.875952208210893,-0.0279635184241886,"Converged",FALSE,0.5
235,-1.55128493004225,0.920771715851387,-0.108765478536942,"Converged",FALSE,0.5
236,-1.8563552628849,1.65088911784813,-0.0841580814196585,"Converged",FALSE,0.5
237,-1.90295724302432,1.627360920193,-0.107760892772145,"Converged",FALSE,0.5
238,-2.23412304490418,2.34066087674835,-0.0598788576855872,"Converged",FALSE,0.5
239,-1.79568556107439,1.48905753825038,-0.0872326251753017,"Converged",FALSE,0.5
240,-1.73998027012377,1.34610478021073,-0.111843007172308,"Converged",FALSE,0.5
241,-1.51138427759067,0.565036018964432,-0.108929593116615,"Converged",FALSE,0.5
242,-1.29101838408194,0.555272423705382,-0.14543861170605,"Converged",FALSE,0.5
243,-2.12439867400644,2.24100010878532,-0.102250421381891,"Converged",FALSE,0.5
244,-2.0100869813597,1.62929873189251,-0.0644983748384795,"Converged",FALSE,0.5
245,-1.87578202045192,0.933302343686773,-0.0430270442898544,"Converged",FALSE,0.5
246,-2.24946025290811,2.49348915546339,-0.084638066683227,"Converged",FALSE,0.5
247,-1.44114483670711,0.267522446098573,-0.0910405193545861,"Converged",FALSE,0.5
248,-2.62312803555189,2.22391548922585,-0.00342407314130003,"Converged",FALSE,0.5
249,-1.65142310296887,1.73602652895764,-0.137121949179213,"Converged",FALSE,0.5
250,-1.72762729474421,1.21053364574573,-0.08476768803344,"Converged",FALSE,0.5
251,-1.65651165349608,0.794675527164152,-0.122152574473032,"Converged",FALSE,0.5
252,-1.68230701652958,1.44476625324382,-0.132198001684162,"Converged",FALSE,0.5
253,-1.97364052027248,1.71191132350933,-0.109867524697821,"Converged",FALSE,0.5
254,-2.18602726099217,1.93415497627042,-0.0576273641073379,"Converged",FALSE,0.5
255,-1.99681408427097,2.84595105771255,-0.153362190927081,"Converged",FALSE,0.5
256,-1.95886945599548,1.72045228478908,-0.0936639206348001,"Converged",FALSE,0.5
257,-1.85284832359642,1.65858028109849,-0.095419108283041,"Converged",FALSE,0.5
258,-2.25964836003524,2.61113970913896,-0.0748387787419598,"Converged",FALSE,0.5
259,-1.3642531033495,0.489387036927241,-0.0872215588466096,"Converged",FALSE,0.5
260,-2.08643644302376,1.15347858378101,-0.0166692942457412,"Converged",FALSE,0.5
261,-1.48476894254938,-0.146113286351304,-0.0615724089730109,"Converged",FALSE,0.5
262,-1.369807385834,1.32882776644599,-0.172321311423102,"Converged",FALSE,0.5
263,-1.54632954378153,1.19790585996321,-0.140352811715613,"Converged",FALSE,0.5
264,-2.17091784429626,2.12037846657045,-0.057971012644917,"Converged",FALSE,0.5
265,-2.2575115304204,2.70445612977972,-0.112420029920619,"Converged",FALSE,0.5
266,-1.65670365728679,0.978407962728258,-0.0933877171839184,"Converged",FALSE,0.5
267,-1.50987057847299,0.843830919310454,-0.0912338897045077,"Converged",FALSE,0.5
268,-2.34252294640245,2.48480676535715,-0.0432302532936424,"Converged",FALSE,0.5
269,-2.25588049349405,2.50767050390144,-0.0801522968770879,"Converged",FALSE,0.5
270,-1.357669003541,1.04273382396176,-0.195819474737373,"Converged",TRUE,0.5
271,-2.15083212045715,1.97767025751018,-0.0838762871881149,"Converged",FALSE,0.5
272,-2.52241423172797,3.41325424955866,-0.0839012606613739,"Converged",FALSE,0.5
273,-2.13897230755141,2.58057788180905,-0.117084428876807,"Converged",FALSE,0.5
274,-2.24528078697452,2.07091814365458,-0.0472423890643199,"Converged",FALSE,0.5
275,-2.52772025956897,2.85035729398939,-0.0690090836039667,"Converged",FALSE,0.5
276,-2.13968215324121,1.64489002796667,-0.0604820514334611,"Converged",FALSE,0.5
277,-1.74015139413315,1.12029171367013,-0.084007333337494,"Converged",FALSE,0.5
278,-1.48169678706658,0.825488456947792,-0.151235709509466,"Converged",FALSE,0.5
279,-1.61395598435277,0.864648009411501,-0.0949763986689434,"Converged",FALSE,0.5
280,-1.80070080673706,1.82113464698937,-0.105667411637601,"Converged",FALSE,0.5
281,-2.2751778849371,1.39281275084104,-0.0101320070536828,"Converged",FALSE,0.5
282,-1.92874254392267,1.84029563311282,-0.092423226650677,"Converged",FALSE,0.5
283,-1.67833757112746,1.72857113406057,-0.173228789055211,"Converged",FALSE,0.5
284,NA,NA,NA,"MAX_ITER reached",FALSE,0.5
285,-1.28765865285645,0.589574715202653,-0.164348939325274,"Converged",FALSE,0.5
286,-1.8514301040497,2.00212089008261,-0.140577313831969,"Converged",FALSE,0.5
287,-1.45523817873117,0.742449723346847,-0.123401623263338,"Converged",FALSE,0.5
288,-2.01743145621975,2.82809344126627,-0.161593735056742,"Converged",FALSE,0.5
289,-1.73444441888165,1.1358380125696,-0.0860473473376872,"Converged",FALSE,0.5
290,-2.42386446903296,2.23716635157295,-0.0494285966509166,"Converged",FALSE,0.5
291,-1.57004233974541,1.63120772570904,-0.188241609785707,"Converged",FALSE,0.5
292,-2.48871841207918,2.30919889276259,-0.0454466824926462,"Converged",FALSE,0.5
293,-1.91451931087621,1.12851498092626,-0.0425615702287863,"Converged",FALSE,0.5
294,-1.52771927513258,0.88487292773234,-0.124306481228246,"Converged",FALSE,0.5
295,-2.32584508308843,2.72340744993107,-0.089378430856087,"Converged",FALSE,0.5
296,-2.11420293853144,2.59860994834659,-0.103952256338599,"Converged",FALSE,0.5
297,-1.72245513406683,1.54950407560923,-0.10267105969597,"Converged",FALSE,0.5
298,-2.18137994756226,1.84772656256254,-0.0312569904573603,"Converged",FALSE,0.5
299,-1.60347491054936,1.85536679768391,-0.15746664912898,"Converged",FALSE,0.5
300,-1.49446301856823,0.534825591500459,-0.100404460184476,"Converged",FALSE,0.5
301,-1.67792034357055,0.929464008817692,-0.095195802874991,"Converged",FALSE,0.5
302,-1.62992388121944,1.10057927434001,-0.115367252909192,"Converged",FALSE,0.5
303,-1.914301520901,0.997968379665003,-0.0198888082857732,"Converged",FALSE,0.5
304,-1.75196398459639,1.41548037172211,-0.159681854060855,"Converged",FALSE,0.5
305,-1.24195609417555,-0.0440863740178036,-0.135123356631608,"Converged",FALSE,0.5
306,-1.50556834212042,1.49201409201572,-0.128352683940928,"Converged",FALSE,0.5
307,-1.52035256350859,0.0964227719848583,-0.0262816490397773,"Converged",FALSE,0.5
308,-1.5827904069329,0.980345942913053,-0.102330005616517,"Converged",FALSE,0.5
309,-1.7852317261383,1.39819512138119,-0.0885006849304397,"Converged",FALSE,0.5
310,-1.46947210395703,1.29143842594042,-0.165959544027835,"Converged",FALSE,0.5
311,-2.14461501189721,1.55351463065628,-0.0346738991221187,"Converged",FALSE,0.5
312,-1.74277906673305,1.37340819658587,-0.0805981527881429,"Converged",FALSE,0.5
313,-2.09752184554768,2.00045789717944,-0.0798109528173878,"Converged",FALSE,0.5
314,-1.61153933193846,0.51465483382278,-0.03416828155833,"Converged",FALSE,0.5
315,-1.42689304492188,0.449077395640514,-0.0989063430373454,"Converged",FALSE,0.5
316,-1.72281892685238,1.19771259698989,-0.109091298911024,"Converged",FALSE,0.5
317,-1.54457658496703,1.57027611537585,-0.141566312229451,"Converged",FALSE,0.5
318,-1.97055035763975,1.82545515322857,-0.0915965704732415,"Converged",FALSE,0.5
319,-2.07788923102455,2.14219067920952,-0.0744670291914106,"Converged",FALSE,0.5
320,-1.78195854103275,0.792022438035989,-0.048276301082165,"Converged",FALSE,0.5
321,-1.92748832617624,1.22594472718155,-0.0678870226936547,"Converged",FALSE,0.5
322,-1.85717508999268,1.41016666525173,-0.0619694552562544,"Converged",FALSE,0.5
323,-2.30320826788022,2.93914173054575,-0.104157861155715,"Converged",FALSE,0.5
324,-2.26192653305512,2.09352101769246,-0.109579719212238,"Converged",FALSE,0.5
325,-1.49170705184263,1.48872090027876,-0.182185478665068,"Converged",FALSE,0.5
326,-1.27494893716307,0.553688332614792,-0.123442595600299,"Converged",FALSE,0.5
327,-1.81587443995608,1.66451765175859,-0.120000029655477,"Converged",FALSE,0.5
328,-1.80675002833829,0.930834807607511,-0.0302870864054167,"Converged",FALSE,0.5
329,-1.18812766224046,-0.349120746022988,-0.0964076553453644,"Converged",FALSE,0.5
330,-2.24517330692604,3.05459001795902,-0.165679412667456,"Converged",FALSE,0.5
331,-1.77831272835649,1.87695144544775,-0.145197218752907,"Converged",FALSE,0.5
332,-1.79463082068212,2.10652116663969,-0.145699529016528,"Converged",FALSE,0.5
333,-1.59108697725673,0.747166866342048,-0.0847898295555303,"Converged",FALSE,0.5
334,-1.99076737928227,1.48730468255657,-0.0658537846615295,"Converged",FALSE,0.5
335,-1.32381384846627,0.689932847751561,-0.173400186485284,"Converged",FALSE,0.5
336,-1.98002416005153,1.34863294539706,-0.0411032222203068,"Converged",FALSE,0.5
337,-1.87549004258663,1.81302482759111,-0.113655997225719,"Converged",FALSE,0.5
338,-1.85542100051597,2.32468065524856,-0.176738503725353,"Converged",FALSE,0.5
339,-1.55440633223867,0.714481027049243,-0.107386549096599,"Converged",FALSE,0.5
340,-1.63458503646421,1.80740890817467,-0.159375417780368,"Converged",FALSE,0.5
341,-1.92966114582271,1.59800424398773,-0.0731384306702351,"Converged",FALSE,0.5
342,-1.85261723238954,0.35806701434812,-0.0139226617269553,"Converged",FALSE,0.5
343,-1.71088007158676,0.655920297842082,-0.082230490368415,"Converged",FALSE,0.5
344,-1.29413261402478,0.888128968184395,-0.167187555098594,"Converged",FALSE,0.5
345,-1.84320936838912,1.62113838193753,-0.0988376671620423,"Converged",TRUE,0.5
346,-2.51104456041262,2.89703959433328,-0.0587094871246727,"Converged",FALSE,0.5
347,-2.64053535065823,2.6397222085337,-0.0243284458492029,"Converged",FALSE,0.5
348,-1.79413886686552,1.81888476984155,-0.176357333259572,"Converged",FALSE,0.5
349,-1.55582026558699,1.24386689149074,-0.120694128896795,"Converged",FALSE,0.5
350,-1.7391618335866,1.73766263615665,-0.0962491913765564,"Converged",FALSE,0.5
351,-1.64968059495216,0.983856126472233,-0.105859299760279,"Converged",FALSE,0.5
352,-2.18084593186974,1.78938473907243,-0.0738869547781267,"Converged",FALSE,0.5
353,-1.65484880127488,1.05899301299835,-0.115821771724189,"Converged",FALSE,0.5
354,-2.26064951323211,2.72579817281807,-0.109854107694011,"Converged",FALSE,0.5
355,-1.97247960086563,2.16787974579385,-0.136939919877874,"Converged",FALSE,0.5
356,-1.50678453586197,0.646372614772676,-0.110860709119726,"Converged",FALSE,0.5
357,-1.76238130939322,2.028971416069,-0.150481840785471,"Converged",FALSE,0.5
358,-2.32870975200557,2.58890477270982,-0.0666086366853213,"Converged",FALSE,0.5
359,-1.87627301527865,2.43076492030109,-0.139375544219478,"Converged",FALSE,0.5
360,-2.29212010145547,2.03108523902532,-0.0451416130629096,"Converged",FALSE,0.5
361,-1.27814784994116,0.351336716360853,-0.122830043995881,"Converged",FALSE,0.5
362,-1.86829179367721,2.01156497232985,-0.102603927013795,"Converged",FALSE,0.5
363,-2.25516342447712,1.41829733685997,-0.00814281434466118,"Converged",FALSE,0.5
364,-1.4692938012327,0.901104185466763,-0.184968717635705,"Converged",FALSE,0.5
365,-1.94978735928779,2.03284088383392,-0.117853212267535,"Converged",FALSE,0.5
366,-1.30074743658519,1.40688222288631,-0.241520496447334,"Converged",FALSE,0.5
367,-2.02673741141122,1.63225928434382,-0.0800386832463404,"Converged",FALSE,0.5
368,-1.96651688762993,1.47575287572527,-0.0648231568507933,"Converged",FALSE,0.5
369,-1.4278118428752,0.60819771003402,-0.0918896096062683,"Converged",FALSE,0.5
370,-2.60745145954964,2.79373413377355,-0.00757982046453147,"Converged",FALSE,0.5
371,-2.22554979843532,2.07302829337196,-0.0521372721410801,"Converged",FALSE,0.5
372,-1.74115506230439,2.60109820764119,-0.15822217326285,"Converged",FALSE,0.5
373,-1.45513337056673,0.599119103261497,-0.0736576106476917,"Converged",FALSE,0.5
374,-1.34888155868031,0.339186352677851,-0.158384324607554,"Converged",FALSE,0.5
375,-1.44229421113812,0.881323047941435,-0.14714363947788,"Converged",FALSE,0.5
376,-2.07845027661854,1.84633036285606,-0.0983169104048905,"Converged",FALSE,0.5
377,-1.97941708980812,2.34424102984204,-0.153849244802503,"Converged",FALSE,0.5
378,-1.0898710093201,0.380095686471744,-0.170326314642306,"Converged",FALSE,0.5
379,-1.74235007527202,1.93377240475344,-0.141195832918646,"Converged",FALSE,0.5
380,-1.87682712923394,1.37794070405136,-0.0821967103047428,"Converged",FALSE,0.5
381,-1.70241293097787,1.1735786870817,-0.109782395734019,"Converged",FALSE,0.5
382,-1.59459499234274,0.511428897639859,-0.05920735953845,"Converged",FALSE,0.5
383,-1.80507765692909,0.50561717615657,-0.0349515305911282,"Converged",TRUE,0.5
384,-2.38905777783919,2.72250955018033,-0.0685422716794806,"Converged",FALSE,0.5
385,-1.96458805226315,1.34190173788596,-0.0612778857666315,"Converged",FALSE,0.5
386,-1.73922017124877,1.16649019274481,-0.107339036339295,"Converged",FALSE,0.5
387,-2.32803020184067,2.89594311790377,-0.0977296594018947,"Converged",FALSE,0.5
388,-2.04460151094964,1.15276467803813,-0.059524737574254,"Converged",FALSE,0.5
389,-1.39420022962046,1.39330154259794,-0.156862757876783,"Converged",FALSE,0.5
390,-1.89871404880678,2.32162020846162,-0.179752552621537,"Converged",FALSE,0.5
391,-1.70161299102423,1.20620943996031,-0.13413625886631,"Converged",FALSE,0.5
392,-1.9705496669709,2.10936531039704,-0.106445516770311,"Converged",FALSE,0.5
393,-1.70830350877946,1.37363247717133,-0.142973150382117,"Converged",FALSE,0.5
394,-1.61000538375285,1.00021622642744,-0.0922750727538166,"Converged",FALSE,0.5
395,-1.21106362676089,0.507705074552608,-0.126574611854755,"Converged",FALSE,0.5
396,-2.12704189439251,1.85135253489792,-0.0514140170757743,"Converged",FALSE,0.5
397,-1.98300210697281,1.48342396831025,-0.0390688269992132,"Converged",FALSE,0.5
398,-1.78236824664909,1.72142532423141,-0.132823231106555,"Converged",FALSE,0.5
399,-1.37887078099107,0.308217831485229,-0.0883352962498293,"Converged",FALSE,0.5
400,-1.41188312255701,-0.0139501294164243,-0.107148368185107,"Converged",TRUE,0.5
401,-1.81225340108556,1.36562432984267,-0.132309988974389,"Converged",FALSE,0.5
402,-2.07492051776441,2.12068837348784,-0.0898945890418212,"Converged",FALSE,0.5
403,-2.27365527974054,2.40002493019631,-0.0879583227069137,"Converged",FALSE,0.5
404,-1.56149422057171,1.46697615075339,-0.175340459277017,"Converged",FALSE,0.5
405,-2.01224984733494,2.06325776544966,-0.133985449325738,"Converged",FALSE,0.5
406,-2.61926676275936,2.86725275964081,-0.066948808197238,"Converged",FALSE,0.5
407,-2.52836035615279,3.0083371052622,-0.0829574559995209,"Converged",FALSE,0.5
408,-1.57208691224356,0.266478830553318,-0.0570527593354959,"Converged",FALSE,0.5
409,NA,NA,NA,"MAX_ITER reached",FALSE,0.5
410,-1.53880244131126,0.610821345397338,-0.0891523449458269,"Converged",FALSE,0.5
411,-1.93612284126006,1.41240411911067,-0.120472022294064,"Converged",FALSE,0.5
412,-1.67234220399142,1.28735029301582,-0.13492792189754,"Converged",FALSE,0.5
413,-1.89171821445341,1.8631563737297,-0.130304731093422,"Converged",FALSE,0.5
414,-2.04580271179412,1.64513099132013,-0.0636479233673358,"Converged",FALSE,0.5
415,-1.85861535004899,0.769089870165633,-0.0491214705104108,"Converged",FALSE,0.5
416,-1.53398919946193,1.29119183411384,-0.108897403739271,"Converged",FALSE,0.5
417,-1.83584173754416,0.900898106955701,-0.069613446991922,"Converged",FALSE,0.5
418,-1.65383748700515,0.772019970770887,-0.0602391642439124,"Converged",FALSE,0.5
419,-2.03399258850135,1.72376214668762,-0.0732507891371494,"Converged",FALSE,0.5
420,-1.05508155074309,-0.77874151970078,-0.11618470337193,"Converged",FALSE,0.5
421,-1.72172517430212,1.92293858363264,-0.165929868227493,"Converged",FALSE,0.5
422,NA,NA,NA,"MAX_ITER reached",FALSE,0.5
423,-2.14529853316295,1.530647888281,-0.0485354495226799,"Converged",FALSE,0.5
424,-1.86465897716641,1.87518931298306,-0.129418385932075,"Converged",FALSE,0.5
425,-1.57724652040483,1.56541439128067,-0.20410897231213,"Converged",FALSE,0.5
426,-1.18567903894786,0.0879782111555248,-0.133451561104797,"Converged",FALSE,0.5
427,-2.22305966485252,3.24901193574414,-0.123450778444064,"Converged",FALSE,0.5
428,-1.72275593092643,2.12411972628374,-0.135349327121636,"Converged",FALSE,0.5
429,-2.42149711699525,2.3622328029788,-0.0333492659697639,"Converged",FALSE,0.5
430,-1.74742535484532,1.20249504313099,-0.114790317360493,"Converged",FALSE,0.5
431,-1.84527155806486,1.8166505520572,-0.124819462558407,"Converged",FALSE,0.5
432,-2.2999641280069,2.68668429293508,-0.0910750186064272,"Converged",FALSE,0.5
433,-1.41621126130772,0.757656429567503,-0.124495274965348,"Converged",FALSE,0.5
434,-1.57921817535788,2.0363379723056,-0.227923009414563,"Converged",FALSE,0.5
435,-2.56299961051978,2.86767106350645,-0.0733438856286663,"Converged",FALSE,0.5
436,-1.80835040795569,0.78272822943701,-0.0559452097999407,"Converged",FALSE,0.5
437,-2.13179525881564,1.39094276104576,-0.0470097488115449,"Converged",FALSE,0.5
438,-2.25396576250618,2.58839652776677,-0.0735230664728496,"Converged",FALSE,0.5
439,-1.58519892079879,0.911987083207475,-0.0932918729473995,"Converged",FALSE,0.5
440,-1.67065345311875,0.275644308054729,-0.0426807200570198,"Converged",FALSE,0.5
441,-2.31388787684453,2.19654671409248,-0.0917756658959423,"Converged",FALSE,0.5
442,-2.27255300993399,2.09288973830632,-0.0604016964231204,"Converged",FALSE,0.5
443,-1.8514389259332,1.73549501509898,-0.0822964306726021,"Converged",FALSE,0.5
444,-1.40804977984814,0.841523355506835,-0.155431408333838,"Converged",FALSE,0.5
445,-1.81095362523038,1.72343145575169,-0.0888610788212583,"Converged",FALSE,0.5
446,-1.22877073856118,1.14828492540613,-0.209974871998326,"Converged",FALSE,0.5
447,-1.02836102730452,-0.329084668939532,-0.117977323290912,"Converged",FALSE,0.5
448,-1.20337037091108,-0.21160659731973,-0.101048141124802,"Converged",FALSE,0.5
449,-2.05858722657414,1.66698998684187,-0.0503493442332551,"Converged",TRUE,0.5
450,-1.71223027535193,1.86829304180584,-0.204647815896443,"Converged",FALSE,0.5
451,-2.18418610288816,2.31864430455515,-0.104192419402915,"Converged",FALSE,0.5
452,-2.55839579079245,3.09811842124597,-0.05191695581478,"Converged",FALSE,0.5
453,-1.64446542410633,0.625682634697859,-0.0733155168248047,"Converged",FALSE,0.5
454,-2.31912002834175,2.17211932126928,-0.0534276809923047,"Converged",FALSE,0.5
455,-2.39196112288877,2.77180081360459,-0.0559752941196538,"Converged",TRUE,0.5
456,-1.80138185005282,1.55200246426933,-0.109954183843998,"Converged",FALSE,0.5
457,-2.41390074183544,2.22807175926432,-0.0115923009466206,"Converged",FALSE,0.5
458,-1.69230634713517,1.02050135197158,-0.1162651329101,"Converged",FALSE,0.5
459,-1.80009983935129,0.857700279099719,-0.029831472850296,"Converged",FALSE,0.5
460,-2.12141601887802,1.94708912659558,-0.0676079998585276,"Converged",FALSE,0.5
461,-1.51752976741565,0.564418839757068,-0.1294438068439,"Converged",FALSE,0.5
462,-1.34663086005391,0.963366262295046,-0.154747055800013,"Converged",FALSE,0.5
463,-2.009828406113,2.41000885842631,-0.114919593258775,"Converged",FALSE,0.5
464,-1.67434939688122,1.1865713658656,-0.104143804539168,"Converged",FALSE,0.5
465,-2.50839392623188,3.69655771877418,-0.120196827906343,"Converged",FALSE,0.5
466,-1.72708883793723,0.94052590171424,-0.0873254106705749,"Converged",FALSE,0.5
467,-1.93884405798966,1.96294900007388,-0.103257788674936,"Converged",FALSE,0.5
468,-1.70854767255132,1.42688362972795,-0.148117184495971,"Converged",FALSE,0.5
469,-1.46819102046851,0.673309783387872,-0.141967682982595,"Converged",FALSE,0.5
470,-1.19473579607117,0.432230202164666,-0.141332389036882,"Converged",FALSE,0.5
471,-1.64702845586099,1.29362645961252,-0.103080614543348,"Converged",FALSE,0.5
472,-2.42781426406614,1.97525142763417,0.01463435491378,"Converged",FALSE,0.5
473,-2.04939444819353,3.17366139234965,-0.166222097511287,"Converged",FALSE,0.5
474,-2.24046281308395,2.5426687460311,-0.0691427280861346,"Converged",FALSE,0.5
475,-2.20908382043435,3.05321171486894,-0.157322471941446,"Converged",FALSE,0.5
476,-1.33494833627194,0.994017350062727,-0.157150036701985,"Converged",FALSE,0.5
477,-1.50961307212211,0.578761940936683,-0.0820340321662889,"Converged",FALSE,0.5
478,-1.80174400786022,2.28194583962309,-0.15094498868172,"Converged",FALSE,0.5
479,-2.03371100478226,1.70681573488894,-0.0989917416596625,"Converged",FALSE,0.5
480,-1.798397541853,1.09465432308298,-0.0932919008482498,"Converged",FALSE,0.5
481,-1.99684206815638,1.41445133168542,-0.0493062203106885,"Converged",FALSE,0.5
482,-1.33672396667642,0.425607704811996,-0.13307216393783,"Converged",FALSE,0.5
483,-2.13929548552287,2.06551081719342,-0.0746865845918362,"Converged",FALSE,0.5
484,-1.64746165492223,0.365278121406102,-0.050968568075181,"Converged",FALSE,0.5
485,-1.87997593637137,0.0437528811258591,0.0128301701441267,"Converged",FALSE,0.5
486,-1.73157048635379,0.507639224579055,-0.0501631890661195,"Converged",FALSE,0.5
487,-1.93732337125685,1.86790854109204,-0.134199927639524,"Converged",FALSE,0.5
488,-1.68520165528407,1.75717853301167,-0.148437782572565,"Converged",TRUE,0.5
489,-2.20141731669243,1.03976488766157,-0.0163248709527507,"Converged",FALSE,0.5
490,-2.03096843864852,1.98742721706135,-0.081823429492064,"Converged",FALSE,0.5
491,-2.67260578216644,3.47438052871868,-0.0918881553027763,"Converged",FALSE,0.5
492,-2.50024788433937,2.26114863647419,-0.0276195564583293,"Converged",FALSE,0.5
493,-1.78217574065535,1.46801974061998,-0.136833688422614,"Converged",FALSE,0.5
494,-1.34211534053591,1.04886966481641,-0.206365352880213,"Converged",FALSE,0.5
495,-2.1751455654306,1.98670176051772,-0.0732215552208284,"Converged",FALSE,0.5
496,-1.52610755363894,0.405761839996472,-0.124840125541754,"Converged",FALSE,0.5
497,-1.5432515039042,1.22404441547622,-0.0839279248978116,"Converged",FALSE,0.5
498,-1.60675790565881,0.673565638843813,-0.124158090735998,"Converged",FALSE,0.5
499,-1.3750209864483,0.449177263743774,-0.115372404929104,"Converged",FALSE,0.5
500,-1.86192127156634,1.24915384697442,-0.0456105532886339,"Converged",FALSE,0.5
501,-2.28632486363966,2.87818117073817,-0.101952821282356,"Converged",FALSE,0.5
502,-1.6203320788391,-0.108421673267181,-0.0224389885906117,"Converged",FALSE,0.5
503,-1.18697940085643,0.198690481433518,-0.142136370205228,"Converged",FALSE,0.5
504,-1.8844167466463,1.42345163337793,-0.10530404396045,"Converged",FALSE,0.5
505,-2.12953238984885,2.56840989473397,-0.152961317176873,"Converged",FALSE,0.5
506,-1.70761638901444,1.52254584507946,-0.141725580473826,"Converged",FALSE,0.5
507,-1.25584236173279,0.950644241216794,-0.172021726320524,"Converged",FALSE,0.5
508,-2.0503181891625,1.82500839029005,-0.0730548343540546,"Converged",FALSE,0.5
509,-1.66643497122614,0.538052218553641,-0.0807816420155362,"Converged",FALSE,0.5
510,-1.93155141857652,1.42464797748186,-0.0827895328611409,"Converged",FALSE,0.5
511,-1.17337481382876,0.233712099774115,-0.133528191361138,"Converged",FALSE,0.5
512,-1.08215452072653,0.131604751047862,-0.178084681417238,"Converged",FALSE,0.5
513,-1.80466513408639,2.0019309820629,-0.169179992331393,"Converged",FALSE,0.5
514,-1.64991179614395,1.02364514684498,-0.0719012857391465,"Converged",FALSE,0.5
515,-0.925001187407492,-0.28923563014229,-0.170011554938995,"Converged",FALSE,0.5
516,-1.93140916679706,1.56716819358237,-0.112046196846907,"Converged",FALSE,0.5
517,-2.28633851460714,2.6315881379712,-0.059290115333689,"Converged",FALSE,0.5
518,-1.93923469436779,1.32013743307609,-0.0641913379432978,"Converged",FALSE,0.5
519,-1.345163402208,0.513142204059589,-0.125953531918333,"Converged",FALSE,0.5
520,-1.79903855301865,1.30858278237559,-0.0923017103970828,"Converged",FALSE,0.5
521,-1.71553584287351,1.17902347561209,-0.101181546915506,"Converged",FALSE,0.5
522,-1.58831874884356,1.9866357513092,-0.167566277819234,"Converged",TRUE,0.5
523,-1.44788997760883,1.17267813980005,-0.149422226774798,"Converged",FALSE,0.5
524,-1.42629770158831,0.761059310947198,-0.121503396176053,"Converged",FALSE,0.5
525,-1.14393819101276,0.714925675295787,-0.162239170940622,"Converged",FALSE,0.5
526,-1.87517330714872,1.4287993230848,-0.0774038963492681,"Converged",FALSE,0.5
527,-1.82788844143295,1.33180849088826,-0.0691385305324544,"Converged",FALSE,0.5
528,-1.84352486804671,1.11856066886689,-0.0915749964611949,"Converged",FALSE,0.5
529,-1.87594114954861,1.74209743041946,-0.123937955635741,"Converged",FALSE,0.5
530,-1.10289160494519,-0.235863551241661,-0.141391658083996,"Converged",FALSE,0.5
531,-1.78024921888549,1.42720921232478,-0.12506529403834,"Converged",FALSE,0.5
532,-1.69117891313222,1.09090537685238,-0.10768512336578,"Converged",FALSE,0.5
533,-1.96344969305388,1.90479079681379,-0.119686281892842,"Converged",FALSE,0.5
534,-1.19461884460855,0.433126898137868,-0.155295276344013,"Converged",FALSE,0.5
535,-1.02111144427695,-0.563543080152057,-0.129912454488255,"Converged",FALSE,0.5
536,-2.35600302452144,2.72744213681822,-0.0808093735427615,"Converged",FALSE,0.5
537,-1.81206502497907,0.759329347198763,-0.0554663781695779,"Converged",FALSE,0.5
538,-1.80138479661905,1.43354437615629,-0.0819555711787657,"Converged",FALSE,0.5
539,-1.77453057252782,0.583958772455517,-0.0468594841666337,"Converged",FALSE,0.5
540,-1.23138471577026,0.573162319853271,-0.152721466066713,"Converged",FALSE,0.5
541,-2.38164923429963,2.13243888851103,-0.043658817946304,"Converged",FALSE,0.5
542,-2.09814302401653,2.94279165595353,-0.190547392596329,"Converged",FALSE,0.5
543,-1.98850842840487,1.27246273815085,-0.0345016544969721,"Converged",FALSE,0.5
544,-1.44465473972942,1.16469906306113,-0.17739756647756,"Converged",FALSE,0.5
545,-1.87106098281547,1.77882887950579,-0.13485204613588,"Converged",FALSE,0.5
546,-1.15501190356899,-0.513057759897674,-0.0957267686291874,"Converged",FALSE,0.5
547,-1.1754258681062,-0.0636819673892703,-0.175769151670138,"Converged",FALSE,0.5
548,-2.21325980133661,1.73214951115243,-0.0551619279990478,"Converged",FALSE,0.5
549,-2.70900294608584,4.32982439004081,-0.144902952641853,"Converged",FALSE,0.5
550,-1.83056445260845,0.658666099600601,-0.0437663438312827,"Converged",FALSE,0.5
551,-1.47397152048009,1.17689193398057,-0.17273356456017,"Converged",FALSE,0.5
552,-1.0211420035006,0.538457929540938,-0.179742750384302,"Converged",FALSE,0.5
553,-1.97310739336255,1.96083788034099,-0.0737690002555338,"Converged",FALSE,0.5
554,-1.91964614010582,1.99543705291622,-0.0996997716970374,"Converged",FALSE,0.5
555,-1.9835094980616,2.14986086083049,-0.145905315185531,"Converged",FALSE,0.5
556,-2.06958332552644,1.82014908595259,-0.0948164149360746,"Converged",FALSE,0.5
557,-1.81674885686228,1.64624359661232,-0.116170315485929,"Converged",FALSE,0.5
558,-1.25311507118596,-0.0755804262559775,-0.118549882565185,"Converged",FALSE,0.5
559,-1.99338728654436,1.46373032383793,-0.0684225079111173,"Converged",FALSE,0.5
560,-1.77330710268438,1.97506352234009,-0.161140511007322,"Converged",FALSE,0.5
561,-1.29813500177266,0.475339004433577,-0.144727932746146,"Converged",FALSE,0.5
562,-1.5940878299405,1.45343487972053,-0.135269283273629,"Converged",FALSE,0.5
563,-1.66763652361725,0.630727406066915,-0.0861820515383838,"Converged",FALSE,0.5
564,-1.53631868305495,0.205854965369985,-0.0452457074806645,"Converged",FALSE,0.5
565,-2.3110505833674,1.51123784285389,-0.0438099495874175,"Converged",FALSE,0.5
566,-2.11670531864893,2.29872809500672,-0.089514027431496,"Converged",FALSE,0.5
567,-1.90670924515416,1.47832486869405,-0.0966476748261675,"Converged",FALSE,0.5
568,-1.38135737675087,0.340334404427308,-0.148167112948741,"Converged",FALSE,0.5
569,-2.12714863039317,1.71267041327635,-0.051317528043902,"Converged",FALSE,0.5
570,-2.2076093613751,2.01228802300118,-0.086981541620117,"Converged",FALSE,0.5
571,-2.43102675664372,3.23143926987056,-0.103030806343645,"Converged",FALSE,0.5
572,-1.32530251912208,-0.131675233092858,-0.08709734117515,"Converged",FALSE,0.5
573,-1.84434085221563,1.22302708654096,-0.0978053258176277,"Converged",FALSE,0.5
574,-1.97453722147016,1.85930122451496,-0.133395930543821,"Converged",FALSE,0.5
575,-1.99706019362312,1.51789834162863,-0.045538035213502,"Converged",FALSE,0.5
576,-1.12092532670558,0.961826797366975,-0.213898403376751,"Converged",FALSE,0.5
577,-1.54010314843073,1.59723291489629,-0.176495393595198,"Converged",FALSE,0.5
578,-2.08241838597434,2.12310181248351,-0.130928706904143,"Converged",FALSE,0.5
579,-1.94451578200733,2.02928108003746,-0.11745885308233,"Converged",FALSE,0.5
580,-1.88881618055839,1.98354762176232,-0.117326504792811,"Converged",FALSE,0.5
581,-2.10986179944611,2.50348495200565,-0.128063791524136,"Converged",FALSE,0.5
582,-2.20002065819403,1.83821841096099,-0.0756412103864285,"Converged",FALSE,0.5
583,-1.55890321736465,0.83299516468197,-0.12787741529748,"Converged",FALSE,0.5
584,-2.58410735951991,2.93486839622565,-0.0345474844636342,"Converged",FALSE,0.5
585,-1.83051464495765,0.77824006799897,-0.0637250772919735,"Converged",FALSE,0.5
586,-2.06313331854621,1.43341259455969,-0.07391305344905,"Converged",FALSE,0.5
587,-1.8912009864388,1.27750018328581,-0.0910785824555258,"Converged",FALSE,0.5
588,-2.37621412780963,3.30317947372192,-0.112600624512358,"Converged",FALSE,0.5
589,-1.82557190437582,1.21278997459223,-0.0975123288275414,"Converged",FALSE,0.5
590,-1.69195309418729,0.413041404425438,-0.0434988385685532,"Converged",FALSE,0.5
591,-2.02565449406391,1.85534998969472,-0.0867518929924725,"Converged",FALSE,0.5
592,-1.85699575785739,1.56603924716719,-0.0640306363654425,"Converged",TRUE,0.5
593,-2.41132707400937,2.90425942153054,-0.081546197595812,"Converged",FALSE,0.5
594,-1.88575314102793,1.21416528673934,-0.070377417409016,"Converged",FALSE,0.5
595,-1.55009269655293,0.555195106324454,-0.0669332758403158,"Converged",FALSE,0.5
596,NA,NA,NA,"MAX_ITER reached",FALSE,0.5
597,-1.82258633398903,1.32687371275843,-0.117385595614856,"Converged",FALSE,0.5
598,-1.72347878384195,1.21841642157075,-0.0947994766912515,"Converged",FALSE,0.5
599,-2.13544094204776,2.81841139611848,-0.128867876669185,"Converged",FALSE,0.5
600,-2.07932231742928,1.82701131484059,-0.104297363247896,"Converged",FALSE,0.5
601,-1.88033128714025,1.81797998794585,-0.113119022731259,"Converged",FALSE,0.5
602,-1.22568985308784,0.0805498747198271,-0.0955735241694996,"Converged",FALSE,0.5
603,-1.64758898729964,0.943379741795398,-0.0967374020504598,"Converged",FALSE,0.5
604,-1.10106127370139,0.84153421018897,-0.175074158599286,"Converged",FALSE,0.5
605,-1.7492252832267,1.82524957258458,-0.146589067656354,"Converged",FALSE,0.5
606,-1.68266523164429,1.2783345879801,-0.123727319719568,"Converged",FALSE,0.5
607,-1.4647923930208,0.737038909511395,-0.137372373182232,"Converged",FALSE,0.5
608,-2.01621631154654,1.0749831763271,-0.0458755613881174,"Converged",FALSE,0.5
609,-1.74683283189691,1.29310104307408,-0.126881257654794,"Converged",FALSE,0.5
610,-1.6396382609604,0.587355236122141,-0.077169109143923,"Converged",FALSE,0.5
611,-1.32372699459474,0.385880290075297,-0.102180043976934,"Converged",FALSE,0.5
612,-1.7283428293866,1.78124689164955,-0.121207351676378,"Converged",FALSE,0.5
613,-1.94781468027259,1.93460147466507,-0.133524979929571,"Converged",FALSE,0.5
614,-2.05205969140755,1.93235569479441,-0.0682118173415212,"Converged",TRUE,0.5
615,-1.83378923210294,1.53988843201611,-0.0914997803690892,"Converged",FALSE,0.5
616,-1.54929333127364,0.652464906508426,-0.0799131690904063,"Converged",FALSE,0.5
617,-1.73784978644783,1.59142776711023,-0.122584927757288,"Converged",TRUE,0.5
618,-1.85100831911357,1.68803094515521,-0.096412455992318,"Converged",FALSE,0.5
619,-2.16796295422628,2.6400163731476,-0.0963733570288613,"Converged",FALSE,0.5
620,-1.89209061352754,1.95275409666781,-0.118492111365743,"Converged",FALSE,0.5
621,-1.41663232396949,0.352631309495405,-0.0903817488660501,"Converged",FALSE,0.5
622,-2.48307344175859,2.40164869055611,-0.0658818020024451,"Converged",FALSE,0.5
623,-2.00356348061152,1.22091611897886,-0.0406962957861742,"Converged",FALSE,0.5
624,-1.51803131727172,1.18775667116505,-0.128355439646288,"Converged",FALSE,0.5
625,-1.77449047779419,1.202777527272,-0.150001580560751,"Converged",FALSE,0.5
626,-1.75911761384744,1.38859560766127,-0.0871134938907404,"Converged",FALSE,0.5
627,-1.57281811913266,1.05349807891715,-0.12775614054072,"Converged",FALSE,0.5
628,-2.02531541252884,1.33255090477689,-0.0285577417813002,"Converged",FALSE,0.5
629,-1.92935966894389,2.10278098534661,-0.100420937411498,"Converged",FALSE,0.5
630,-1.38981122085915,0.465732655345647,-0.119561060045909,"Converged",FALSE,0.5
631,-1.50662088255983,0.820421454602976,-0.128746401714343,"Converged",FALSE,0.5
632,-1.30862053291635,0.286246007506382,-0.120410172371352,"Converged",FALSE,0.5
633,-1.6790050168113,1.45248183634959,-0.135519662901591,"Converged",FALSE,0.5
634,-1.29704980066349,-0.100270711421167,-0.0779568716596076,"Converged",FALSE,0.5
635,-1.34969377591481,0.439791918989642,-0.126307352608924,"Converged",FALSE,0.5
636,-2.19243263080959,1.62578619025939,-0.0479279264701261,"Converged",FALSE,0.5
637,-1.68028806084129,1.94147685377396,-0.156302987439158,"Converged",FALSE,0.5
638,-1.71986415905184,1.45996582452444,-0.107880767086405,"Converged",FALSE,0.5
639,-1.71657853812906,2.07566285978503,-0.143696607797308,"Converged",FALSE,0.5
640,-1.90228015137783,1.40933496835028,-0.0969632636062153,"Converged",FALSE,0.5
641,-1.26434721656253,0.581272421540393,-0.147736378857844,"Converged",FALSE,0.5
642,-1.91344782469369,1.17077398153667,-0.0763534220065608,"Converged",FALSE,0.5
643,-1.40333204975408,0.524792166645524,-0.104321013744189,"Converged",FALSE,0.5
644,-1.71599069704543,0.537887409773613,-0.0483988820775413,"Converged",FALSE,0.5
645,-1.46739686880582,0.220789370311974,-0.110092248421822,"Converged",FALSE,0.5
646,-1.59604695116251,1.24106262626458,-0.125334020728992,"Converged",FALSE,0.5
647,-2.54170146952048,2.87435092263654,-0.0325344170623333,"Converged",FALSE,0.5
648,-1.34405988474443,1.51091601616481,-0.246504316558324,"Converged",FALSE,0.5
649,-2.23425725695261,2.43625676074291,-0.107886205296995,"Converged",FALSE,0.5
650,-1.56634616553725,1.08376023158742,-0.0983805393753889,"Converged",FALSE,0.5
651,-1.6324602290782,-0.047448246758964,-0.0212353317264214,"Converged",FALSE,0.5
652,-1.97222027288134,1.57503903565577,-0.0831470382828248,"Converged",FALSE,0.5
653,-2.24730128545138,2.35933548358733,-0.0558226035791615,"Converged",FALSE,0.5
654,-1.68794805541398,0.713977474183361,-0.0915471477924953,"Converged",FALSE,0.5
655,-1.37478500733204,1.05786586043831,-0.133552654405294,"Converged",FALSE,0.5
656,-1.97542591714501,1.83019183591616,-0.0989468558544655,"Converged",FALSE,0.5
657,-2.58190593652157,3.70087990066851,-0.124037314822188,"Converged",FALSE,0.5
658,-1.42717858399362,1.30053261621693,-0.18704462025233,"Converged",FALSE,0.5
659,-1.39832852405984,-0.109538012011383,-0.0692590240988712,"Converged",FALSE,0.5
660,-1.49002056968709,1.42534314684567,-0.155874021742353,"Converged",FALSE,0.5
661,-1.64084791347764,0.978730231983185,-0.112003149243554,"Converged",FALSE,0.5
662,-2.09690925200532,1.46977238430929,-0.0548932144143004,"Converged",FALSE,0.5
663,-1.9560214278461,1.31054592503217,-0.0584306824329335,"Converged",FALSE,0.5
664,-2.65596496662514,2.86738047652653,-0.0288517499398601,"Converged",FALSE,0.5
665,-1.89845829265078,1.94969083730597,-0.111653175142634,"Converged",FALSE,0.5
666,-1.47399775339431,0.998026221919056,-0.112582944818355,"Converged",FALSE,0.5
667,-1.50502460284587,0.748417280097637,-0.12583516748507,"Converged",FALSE,0.5
668,-1.97953562361747,2.23882755608451,-0.105657933304942,"Converged",FALSE,0.5
669,-2.01029773275718,1.33479607216823,-0.0301468840463901,"Converged",FALSE,0.5
670,-2.61891435019783,3.15338457730661,-0.0582520520612155,"Converged",FALSE,0.5
671,-1.43515634227208,-0.00103654168027645,-0.0519520755740389,"Converged",FALSE,0.5
672,-1.79116928390043,2.52327676181859,-0.174803915555771,"Converged",FALSE,0.5
673,-1.71571065028479,0.772123078377196,-0.0688897139585841,"Converged",FALSE,0.5
674,-1.71780160031647,1.57747376610125,-0.0933727534182913,"Converged",FALSE,0.5
675,-1.82356224527788,2.14565228933961,-0.150104711110003,"Converged",TRUE,0.5
676,-1.84444150778395,2.66506947992137,-0.212861105668467,"Converged",FALSE,0.5
677,-2.22154009462321,2.49768328130678,-0.11332802718917,"Converged",FALSE,0.5
678,-1.57695853053725,0.641174976594101,-0.0973698511813954,"Converged",FALSE,0.5
679,-1.49016157939448,0.72860679308443,-0.107622403934695,"Converged",FALSE,0.5
680,-1.45929189848047,-0.032959717491625,-0.0540950355216942,"Converged",FALSE,0.5
681,-1.65023927673791,0.660662436749891,-0.0858718710558527,"Converged",FALSE,0.5
682,-1.77204846959129,1.82396287304709,-0.126504988514839,"Converged",TRUE,0.5
683,-2.11496416482494,2.48488853948524,-0.163317358416304,"Converged",FALSE,0.5
684,NA,NA,NA,"MAX_ITER reached",FALSE,0.5
685,-1.84438562307432,1.31353385614337,-0.0890376993938727,"Converged",FALSE,0.5
686,-1.21324248114845,-0.0158751583088782,-0.143743171678671,"Converged",FALSE,0.5
687,-1.40267588786632,1.06844273322801,-0.184133066609749,"Converged",FALSE,0.5
688,-2.208885789281,1.95226300802853,-0.0592315272658407,"Converged",FALSE,0.5
689,-2.24574190765628,1.38522082022576,-0.0254710651337859,"Converged",FALSE,0.5
690,-1.55573443217672,0.624393790587805,-0.110603175887731,"Converged",FALSE,0.5
691,-1.35132896589462,0.769708883739417,-0.135702698056384,"Converged",FALSE,0.5
692,-1.81634431261737,1.22158647169466,-0.0815736520537453,"Converged",FALSE,0.5
693,-1.47927126182124,1.11340215050762,-0.148198560256128,"Converged",FALSE,0.5
694,-2.33872622415793,1.87800202187507,-0.0263743110906145,"Converged",FALSE,0.5
695,-2.49411882348732,2.68942410683238,-0.0528515620462536,"Converged",FALSE,0.5
696,-1.20673067232268,0.13944137763343,-0.125259680901074,"Converged",FALSE,0.5
697,-1.50123177661202,0.583157980595503,-0.0844793098623814,"Converged",FALSE,0.5
698,-2.56247405853794,2.93537182173016,-0.0553455628924568,"Converged",FALSE,0.5
699,-2.06522593349744,1.28092926570224,-0.0354179773386943,"Converged",FALSE,0.5
700,-2.22579827334678,2.2835176816872,-0.133029763604082,"Converged",FALSE,0.5
701,-2.18469903051591,2.16133762671078,-0.0714736512112767,"Converged",FALSE,0.5
702,-1.99201664327577,1.6894598092974,-0.0780156062548765,"Converged",FALSE,0.5
703,-2.04862734561977,2.5392342852089,-0.137484761001663,"Converged",FALSE,0.5
704,-1.65838069170323,1.57185041558204,-0.138839105074691,"Converged",FALSE,0.5
705,-1.45259961038083,0.687431024198154,-0.115392093677629,"Converged",FALSE,0.5
706,-1.71987755395386,1.61270215235752,-0.18004115027759,"Converged",FALSE,0.5
707,-1.68496419979068,0.800637497898946,-0.0858674008461155,"Converged",FALSE,0.5
708,-1.80304755604886,2.04582557954411,-0.161307683767011,"Converged",FALSE,0.5
709,-1.49078782011131,0.315691602283406,-0.103554329911862,"Converged",FALSE,0.5
710,-1.92481410732305,1.57853234184947,-0.079433514476773,"Converged",FALSE,0.5
711,-2.04819194601564,2.20421815363411,-0.102753340713308,"Converged",FALSE,0.5
712,-2.09126808829983,1.09810548287805,-0.0486170467270922,"Converged",FALSE,0.5
713,-1.39026917719198,-0.308264888429893,-0.0666097076158412,"Converged",FALSE,0.5
714,-2.22246717508138,2.0975063461745,-0.0915368849892458,"Converged",TRUE,0.5
715,-2.32794759622661,2.62359629166473,-0.0763299384751485,"Converged",FALSE,0.5
716,-2.06849615384711,2.65601994101285,-0.118758761026282,"Converged",FALSE,0.5
717,-2.23532426439389,2.699497100374,-0.130703931409783,"Converged",FALSE,0.5
718,-1.4728081534474,0.536442036338474,-0.109248473859256,"Converged",FALSE,0.5
719,-2.28844861436151,2.12115454605488,-0.0465541873870914,"Converged",FALSE,0.5
720,-1.66304629231548,0.795734737412362,-0.0971638789608107,"Converged",FALSE,0.5
721,-1.57471920624477,0.878199438200793,-0.116860719952795,"Converged",FALSE,0.5
722,-1.79613135741904,1.68502384833041,-0.0942399603775303,"Converged",FALSE,0.5
723,-2.00105487007354,1.96321066089996,-0.104399095475916,"Converged",FALSE,0.5
724,-1.39523505535631,0.924046198715897,-0.122522495328709,"Converged",FALSE,0.5
725,-1.68946417170549,1.19466199265728,-0.0953079850267979,"Converged",FALSE,0.5
726,-2.00194840450825,1.72821367237532,-0.0445939882941742,"Converged",FALSE,0.5
727,-2.00155978915296,2.25300260598018,-0.123834936320064,"Converged",FALSE,0.5
728,-1.76906393423301,0.892349737325996,-0.104017666782563,"Converged",FALSE,0.5
729,-1.62812906370243,0.871919238378973,-0.0850698470080812,"Converged",FALSE,0.5
730,-1.5380584809725,1.31708525619025,-0.158112743087819,"Converged",TRUE,0.5
731,-1.57151246045291,1.50135499525164,-0.153929864613623,"Converged",FALSE,0.5
732,-1.99507398991333,2.31904186943894,-0.128958713411877,"Converged",FALSE,0.5
733,-1.67344195338077,0.948488305722842,-0.107257910418841,"Converged",FALSE,0.5
734,-1.47572599046185,0.590411387078942,-0.071069850751866,"Converged",FALSE,0.5
735,-1.2727736561227,0.626520852579517,-0.157632597399059,"Converged",FALSE,0.5
736,-1.78664854821918,1.64391644677855,-0.123389376011892,"Converged",FALSE,0.5
737,-1.37619085456252,0.325274689112764,-0.137426172149585,"Converged",FALSE,0.5
738,-1.77573542740466,1.54874723200291,-0.098864799886111,"Converged",FALSE,0.5
739,-1.79944756386702,0.912186887185399,-0.0588016815641057,"Converged",FALSE,0.5
740,-2.05491481673862,2.06764540020008,-0.115964245115843,"Converged",FALSE,0.5
741,-1.0925647146178,-0.233731147416719,-0.147334845668482,"Converged",FALSE,0.5
742,-1.38023462004222,0.387263270496993,-0.108149327780148,"Converged",FALSE,0.5
743,-1.56490860806685,1.1636637435025,-0.156357132559653,"Converged",FALSE,0.5
744,-1.49490598296391,0.859321811553239,-0.0968972173245312,"Converged",FALSE,0.5
745,-1.8291512557664,1.166943060122,-0.0516554834493931,"Converged",FALSE,0.5
746,-2.41752437984434,3.47803975985536,-0.11534158731556,"Converged",FALSE,0.5
747,-2.10148646532141,2.01126446435978,-0.0715521931345531,"Converged",FALSE,0.5
748,-1.85486042036198,1.31939115011284,-0.069681448991662,"Converged",TRUE,0.5
749,-2.19092673230627,1.96366967527351,-0.0320218208413109,"Converged",FALSE,0.5
750,-1.96633338305599,1.47599860937913,-0.101138823117502,"Converged",FALSE,0.5
751,-1.9211857825515,1.30792269142873,-0.046456289018613,"Converged",FALSE,0.5
752,-2.24551353266407,1.86553060127648,-0.0540172254949489,"Converged",FALSE,0.5
753,-1.49885635176746,1.4556454285136,-0.17975549229069,"Converged",FALSE,0.5
754,-2.0870568593773,2.25055896807516,-0.134354709141178,"Converged",FALSE,0.5
755,-1.46231795524381,1.02647523778158,-0.131841149902454,"Converged",FALSE,0.5
756,-1.83801729517665,1.29010794554869,-0.0687574407002749,"Converged",FALSE,0.5
757,-2.11205347802063,2.0930442946909,-0.0695727005895916,"Converged",FALSE,0.5
758,-1.59729909712429,1.76015952161418,-0.121762638147169,"Converged",FALSE,0.5
759,-1.83528425920544,0.954372351064953,-0.04945577235277,"Converged",FALSE,0.5
760,-1.97595984901904,2.10115253448034,-0.0725552867234585,"Converged",FALSE,0.5
761,-1.99979736139967,2.31372510315606,-0.115382402722278,"Converged",FALSE,0.5
762,-2.10835173519277,1.57498314413,-0.0494409226263306,"Converged",FALSE,0.5
763,-1.45418932805204,0.717346923574942,-0.100870563677036,"Converged",FALSE,0.5
764,-2.10829504581528,0.898807809101181,-0.0448919957351095,"Converged",FALSE,0.5
765,-1.4588140475644,0.848647777372556,-0.121890465843313,"Converged",FALSE,0.5
766,-1.88840644650701,1.45766959024767,-0.134348048185737,"Converged",FALSE,0.5
767,-2.50721360770792,2.71503011018633,-0.0364898571771732,"Converged",FALSE,0.5
768,-2.31641739714931,1.92252894421016,-0.0375715646024199,"Converged",FALSE,0.5
769,-1.63115777107677,1.27281416052512,-0.119947693696912,"Converged",FALSE,0.5
770,-1.38193992406287,0.845417856329915,-0.142715573450752,"Converged",FALSE,0.5
771,-1.96332802690617,1.61266896689244,-0.0787971770813869,"Converged",FALSE,0.5
772,-1.94525582765706,0.738486305864976,-0.0153706392018571,"Converged",FALSE,0.5
773,-2.20749986983729,1.49152928055619,-0.0324646680437236,"Converged",FALSE,0.5
774,-2.28710861803786,2.8159875757552,-0.114337100219683,"Converged",FALSE,0.5
775,-1.45948635632732,-0.644895123787955,-0.0413819529674333,"Converged",FALSE,0.5
776,-2.15158935408917,1.65435824585318,-0.0903797070475046,"Converged",FALSE,0.5
777,-1.84923235834603,1.72975858072766,-0.136743355548919,"Converged",FALSE,0.5
778,-1.97856894045738,1.88441335723253,-0.140349534930743,"Converged",FALSE,0.5
779,-1.84303710202578,1.33789070395647,-0.104348088263656,"Converged",FALSE,0.5
780,-2.39182549809057,2.40807272494289,-0.050179682713155,"Converged",FALSE,0.5
781,-1.85192200753266,1.51536215812271,-0.105070507155832,"Converged",FALSE,0.5
782,-1.68113556397369,0.707545236829473,-0.0824591248654399,"Converged",FALSE,0.5
783,-1.64082226734777,0.972728787736756,-0.0906771517959314,"Converged",FALSE,0.5
784,-2.01796187186791,2.24910748179848,-0.114965309813324,"Converged",FALSE,0.5
785,-1.72502442165454,1.32024824887719,-0.132386676885062,"Converged",FALSE,0.5
786,-2.27086683863421,2.05555556816632,-0.0479107720047587,"Converged",FALSE,0.5
787,-2.22321137513826,2.05187346358762,-0.0564760811553602,"Converged",FALSE,0.5
788,-1.61715361480677,0.347594829767256,-0.0498492629792073,"Converged",FALSE,0.5
789,-1.95069136413854,1.4459166145509,-0.0635298017386305,"Converged",FALSE,0.5
790,-1.90619614203974,1.58027969844657,-0.0927543153539149,"Converged",FALSE,0.5
791,-2.4521483151534,2.32675785516583,-0.0078500696166812,"Converged",FALSE,0.5
792,-2.46094201240665,2.52181201437227,-0.0640266104714188,"Converged",FALSE,0.5
793,-2.03433892151211,1.91454154581691,-0.070348027112161,"Converged",FALSE,0.5
794,-2.24468953930102,2.44035274603421,-0.0925999506461388,"Converged",FALSE,0.5
795,-2.09427702355163,1.52877671619595,-0.0567122703312275,"Converged",FALSE,0.5
796,-1.54517567283903,1.56122937911242,-0.160957136035862,"Converged",FALSE,0.5
797,-2.17114657548328,2.07735462826164,-0.0825943487928557,"Converged",FALSE,0.5
798,-1.85570837688755,1.16857747968913,-0.057338831219192,"Converged",FALSE,0.5
799,-2.61721596384579,2.5004532898487,0.0227487240879559,"Converged",FALSE,0.5
800,-2.04266953477403,1.58755238649096,-0.0460407668788296,"Converged",FALSE,0.5
801,-1.91014149745774,2.28467524534796,-0.150339509814512,"Converged",FALSE,0.5
802,-1.41231300771519,0.906123759800041,-0.125119785681606,"Converged",FALSE,0.5
803,-1.79369899454817,1.43030687451183,-0.113087892194981,"Converged",FALSE,0.5
804,-1.43132466546964,0.992905779135977,-0.143142712473618,"Converged",FALSE,0.5
805,-1.60461032361242,1.26874094824906,-0.156767598913329,"Converged",FALSE,0.5
806,-1.72031466882367,1.41770177634078,-0.0958195725881826,"Converged",FALSE,0.5
807,-2.08275469327722,1.54757124401349,-0.0749544674236725,"Converged",FALSE,0.5
808,-1.91915213736755,1.66986734666335,-0.0972796051216307,"Converged",FALSE,0.5
809,-1.56731915166511,0.385318896427355,-0.105787129083655,"Converged",FALSE,0.5
810,-1.40927343004555,0.0583648185018651,-0.09031563815985,"Converged",FALSE,0.5
811,-1.67813769998163,2.11245248230656,-0.17110695876059,"Converged",TRUE,0.5
812,-2.21260452911375,2.26701889773989,-0.138075065533322,"Converged",FALSE,0.5
813,-1.28022222097653,1.27741044106102,-0.167042329946514,"Converged",FALSE,0.5
814,-1.64188335132786,1.34677724444044,-0.132136563060285,"Converged",FALSE,0.5
815,-1.62140075415105,0.282420809300743,-0.0712811042986581,"Converged",FALSE,0.5
816,-1.85362672240438,1.52431039232296,-0.0992738185035246,"Converged",FALSE,0.5
817,-2.27475405495825,2.36429965709007,-0.0983320983526763,"Converged",FALSE,0.5
818,-1.52359346495735,0.620541847568698,-0.0756465319031316,"Converged",FALSE,0.5
819,-1.92218082359828,1.73852627834031,-0.123992581379267,"Converged",FALSE,0.5
820,-1.87350906520064,1.81733806592905,-0.101867274915761,"Converged",FALSE,0.5
821,-1.48014388424852,0.962319551496519,-0.124609208153544,"Converged",FALSE,0.5
822,-1.73811188228054,0.962261466405752,-0.102125311009338,"Converged",FALSE,0.5
823,-1.77817238765023,1.93027091297264,-0.156820513982519,"Converged",FALSE,0.5
824,-0.579308409096971,-0.737745726642381,-0.207829064444918,"Converged",FALSE,0.5
825,-1.97751598785819,1.19446031432998,-0.025244244811079,"Converged",FALSE,0.5
826,-1.53856874003256,1.19305011839524,-0.145415850673623,"Converged",FALSE,0.5
827,-1.68798336166582,0.992961694919028,-0.0841693548490424,"Converged",FALSE,0.5
828,-2.19985306169579,2.00282278516962,-0.09608308370789,"Converged",FALSE,0.5
829,-1.87480103388978,1.7971258814926,-0.0870090386617616,"Converged",FALSE,0.5
830,-1.47531768370257,0.849263878780984,-0.104885059709078,"Converged",FALSE,0.5
831,-1.44531762261447,0.526922105333512,-0.115128818309764,"Converged",FALSE,0.5
832,-1.9580306301901,2.14764447244438,-0.111425063808588,"Converged",FALSE,0.5
833,-1.61632441711324,0.462997313109102,-0.0849429991543199,"Converged",FALSE,0.5
834,-1.61900538887104,0.596322562794326,-0.117041106107383,"Converged",FALSE,0.5
835,-1.51728004651386,0.614664099252186,-0.116745060325513,"Converged",FALSE,0.5
836,-2.11536035724099,2.22140217262511,-0.0838922509947448,"Converged",FALSE,0.5
837,-2.18925476420106,2.7460510804866,-0.117886849104892,"Converged",FALSE,0.5
838,-1.29423647839196,0.0190259418284259,-0.116020751683056,"Converged",FALSE,0.5
839,-1.89162745631418,1.68353131104701,-0.0814332224367398,"Converged",FALSE,0.5
840,-1.09375283681864,-0.278903854639685,-0.138990131097429,"Converged",FALSE,0.5
841,-2.06498240292707,2.87085742582816,-0.118907461510622,"Converged",FALSE,0.5
842,-2.18752370884044,2.54459037628879,-0.122028646845326,"Converged",FALSE,0.5
843,-1.47738882961315,1.85085254298774,-0.172745436906315,"Converged",FALSE,0.5
844,-2.28133640587422,3.48423863404066,-0.12683100621901,"Converged",FALSE,0.5
845,-2.04535372451804,2.2511514577058,-0.0983213720048021,"Converged",FALSE,0.5
846,-2.06613098380631,2.23026494742182,-0.0811039209817038,"Converged",FALSE,0.5
847,-2.73842852996274,2.63305765327437,0.000835519744932877,"Converged",FALSE,0.5
848,-1.14702908349464,-0.122595122221483,-0.127420560926373,"Converged",FALSE,0.5
849,-1.66349627422828,0.920521920560889,-0.106763378319249,"Converged",FALSE,0.5
850,-1.64080328412295,0.965931346553122,-0.0932172010781418,"Converged",FALSE,0.5
851,-1.56872984368897,0.302214057755249,-0.119411843047341,"Converged",FALSE,0.5
852,-1.79782638014146,2.60232332664674,-0.13272462960362,"Converged",FALSE,0.5
853,-1.75888241792689,1.46851879528551,-0.125318692584039,"Converged",FALSE,0.5
854,-1.85177634218214,0.993150243277055,-0.077865850241059,"Converged",FALSE,0.5
855,-1.88515839631309,1.86566395192933,-0.109145224875377,"Converged",FALSE,0.5
856,-1.98389681017955,2.12304484625058,-0.132656143329638,"Converged",FALSE,0.5
857,-1.89121554712379,1.08003086787591,-0.0922028108576617,"Converged",FALSE,0.5
858,-2.77403523599512,3.24115053244398,-0.0676838476140998,"Converged",FALSE,0.5
859,-1.92446312405686,1.08305303783453,-0.0702172317809943,"Converged",FALSE,0.5
860,-2.37228715586112,2.11118131509542,-0.0140377151818396,"Converged",FALSE,0.5
861,-1.89074628630096,1.55664079021239,-0.0816048842271899,"Converged",FALSE,0.5
862,-1.0991003119339,-0.392617952331565,-0.138757618026065,"Converged",FALSE,0.5
863,-2.02071816592451,1.87632326197119,-0.0894431298312345,"Converged",FALSE,0.5
864,-1.97777895738028,1.97197489744464,-0.0990644468917051,"Converged",FALSE,0.5
865,-1.44358391955991,0.169691573291815,-0.0899549754597366,"Converged",FALSE,0.5
866,-1.59777217805219,0.592776364537424,-0.0914118267742935,"Converged",FALSE,0.5
867,-2.01140773083214,2.24838204731943,-0.117800697529011,"Converged",FALSE,0.5
868,-2.06591596390815,2.52641546616222,-0.110628811174547,"Converged",FALSE,0.5
869,-1.53159008576687,1.38787650847832,-0.157747779607021,"Converged",FALSE,0.5
870,-1.59227186081549,0.912685242046585,-0.0952862489259166,"Converged",FALSE,0.5
871,-1.47205190475424,0.780003153434908,-0.147860252415792,"Converged",FALSE,0.5
872,-1.74204688046662,1.5036967579341,-0.103521091476308,"Converged",FALSE,0.5
873,-1.11467544519055,0.379110580131413,-0.176623699861695,"Converged",FALSE,0.5
874,-1.69905348626828,0.55007300820368,-0.064132040114189,"Converged",FALSE,0.5
875,-1.71222905182359,1.30778536719332,-0.101107151667529,"Converged",FALSE,0.5
876,-2.19059298876409,3.27911096967226,-0.136319882087927,"Converged",FALSE,0.5
877,-1.65447590341079,0.216334115819166,-0.0512767727689399,"Converged",FALSE,0.5
878,-1.98043161618998,2.50971169858486,-0.143846216148342,"Converged",FALSE,0.5
879,-1.69004022915333,-0.423394621023429,0.0134361537497984,"Converged",FALSE,0.5
880,-1.50671216708141,0.466987902663385,-0.12901398702392,"Converged",FALSE,0.5
881,-1.49451342525681,0.747684753871851,-0.0866667839693398,"Converged",FALSE,0.5
882,-2.41896866147866,3.19628731923282,-0.108647574713266,"Converged",FALSE,0.5
883,-2.56309418475153,3.42357505931813,-0.0748462530867554,"Converged",FALSE,0.5
884,-2.81215033256492,3.71021823146228,-0.0646843149566806,"Converged",FALSE,0.5
885,NA,NA,NA,"MAX_ITER reached",FALSE,0.5
886,-2.33338991025036,3.10122033196804,-0.120003815647134,"Converged",FALSE,0.5
887,-1.82017996870829,1.97961610300456,-0.110204104816242,"Converged",FALSE,0.5
888,-1.8808816080765,1.2640911904982,-0.0625353088025261,"Converged",FALSE,0.5
889,-2.13381521819695,1.71471498424353,-0.0575978888187674,"Converged",FALSE,0.5
890,-2.27651210442177,2.51525494731479,-0.0741971629397901,"Converged",FALSE,0.5
891,-1.45087438665578,0.632356728356277,-0.094886200152399,"Converged",FALSE,0.5
892,-1.62350646918945,1.18062596770916,-0.158171892309864,"Converged",FALSE,0.5
893,-2.11842240282237,2.57683292663589,-0.154716971636583,"Converged",FALSE,0.5
894,-1.36535485514349,0.725795192896662,-0.12572040408634,"Converged",FALSE,0.5
895,-1.95726594526928,2.00870375987154,-0.103652730717394,"Converged",FALSE,0.5
896,-1.79846074539661,1.63512934321016,-0.128953608717447,"Converged",TRUE,0.5
897,-1.43498120392763,0.416058798737035,-0.0760408189968857,"Converged",TRUE,0.5
898,-2.12508839836443,2.45815391999892,-0.0958267249813377,"Converged",FALSE,0.5
899,-1.47418798620021,0.370387946807099,-0.0877628076640573,"Converged",FALSE,0.5
900,-2.0732133326613,2.58440708184521,-0.130548665713878,"Converged",FALSE,0.5
901,-1.53881855730576,0.481605398275883,-0.0703883083681754,"Converged",FALSE,0.5
902,-1.60250115884919,1.95998848261748,-0.170965311547273,"Converged",FALSE,0.5
903,-1.94537915686827,1.39103739065763,-0.074358709827476,"Converged",FALSE,0.5
904,-1.92846464675295,0.93996705622031,-0.0186645224135012,"Converged",FALSE,0.5
905,-1.82165044272529,0.783866414528753,-0.0542559507374368,"Converged",FALSE,0.5
906,-1.86241996926242,1.9468737620944,-0.15787716237772,"Converged",FALSE,0.5
907,-1.3716457366374,0.545485749643234,-0.135868601179853,"Converged",FALSE,0.5
908,-2.19983672736113,2.75497965182803,-0.0860283350865807,"Converged",FALSE,0.5
909,-2.17571968209613,1.67538056730156,-0.0457724654944237,"Converged",FALSE,0.5
910,-2.0932409715669,1.35271387732505,-0.0469106352997761,"Converged",FALSE,0.5
911,-1.68697380875561,1.56315655476166,-0.118342701974279,"Converged",FALSE,0.5
912,-2.4137314709112,3.00050681960126,-0.106747495749897,"Converged",FALSE,0.5
913,-2.04936653108297,2.08568145902725,-0.129912506243343,"Converged",FALSE,0.5
914,-1.40840535343637,0.827911725996261,-0.142770978884638,"Converged",FALSE,0.5
915,-1.51983178754015,1.37803592890278,-0.144544476631388,"Converged",TRUE,0.5
916,-1.57942205571896,0.775017338486373,-0.0882138359315867,"Converged",FALSE,0.5
917,-1.28185098773723,1.20994867884445,-0.217686088490985,"Converged",FALSE,0.5
918,-1.6605261871055,1.39723542343852,-0.127219386445276,"Converged",FALSE,0.5
919,-1.82330212012768,2.22573518294325,-0.146008693459972,"Converged",FALSE,0.5
920,-1.78716050430895,0.883736723035709,-0.087216737859598,"Converged",FALSE,0.5
921,-2.10226073191958,2.6073552276426,-0.12293847517754,"Converged",FALSE,0.5
922,-1.89076451620512,1.01432931750653,-0.0920762860358387,"Converged",FALSE,0.5
923,-1.83753460271479,2.01997181065135,-0.127435499710628,"Converged",FALSE,0.5
924,-1.99340105528989,1.86182147649462,-0.0968719181434686,"Converged",FALSE,0.5
925,-1.4635582448342,1.23601372464697,-0.164822547649233,"Converged",FALSE,0.5
926,-1.53278292135499,1.02676405334845,-0.152125871660018,"Converged",FALSE,0.5
927,-1.78777406985691,0.685423247017355,-0.0668141967965285,"Converged",FALSE,0.5
928,-1.05075126307532,-0.592249585789574,-0.122612676690455,"Converged",FALSE,0.5
929,-1.76192148447615,-0.240482517705791,0.0526488664542235,"Converged",FALSE,0.5
930,-1.62889378573403,1.23062672521859,-0.102051991970841,"Converged",FALSE,0.5
931,-1.95855646116019,2.05411173279761,-0.0851219079141426,"Converged",FALSE,0.5
932,-1.58584136300376,0.998732234676113,-0.0997765258569368,"Converged",TRUE,0.5
933,-1.69525625579231,0.550676595187886,-0.0575144189286011,"Converged",FALSE,0.5
934,-1.71729447510423,0.983563508411117,-0.0640239083885796,"Converged",FALSE,0.5
935,-2.15934900261224,2.02659501218177,-0.0588305853512063,"Converged",FALSE,0.5
936,-1.83426184951474,1.45146115395209,-0.101152233176695,"Converged",FALSE,0.5
937,-2.17523437052744,2.76982804015877,-0.11996693317475,"Converged",FALSE,0.5
938,-2.15967592583691,1.97448663190636,-0.0532373120201827,"Converged",FALSE,0.5
939,-1.71180817091131,0.518526526234889,-0.0627512386810121,"Converged",FALSE,0.5
940,-1.61435525065687,0.343443373405484,-0.04693306833854,"Converged",FALSE,0.5
941,-1.64412778789705,1.1305151886412,-0.103678172842488,"Converged",FALSE,0.5
942,-1.70274380665086,1.13170383988384,-0.122920583797702,"Converged",FALSE,0.5
943,-1.50566685304074,-0.0645746475668266,-0.0620886734836142,"Converged",FALSE,0.5
944,-1.84836959609469,1.16441557693362,-0.091140867816667,"Converged",FALSE,0.5
945,-2.36418304373564,2.53383086423379,-0.0411345993327337,"Converged",FALSE,0.5
946,-2.45641194633843,2.76864742773119,-0.0396839467291486,"Converged",TRUE,0.5
947,-1.62097504846542,0.877660068458277,-0.0648315811809929,"Converged",FALSE,0.5
948,-1.70839936386524,1.03764022844736,-0.0917631700369397,"Converged",FALSE,0.5
949,-2.10483844182927,1.56765014768645,-0.065685978342179,"Converged",FALSE,0.5
950,-1.30392116732628,0.778941906463092,-0.152793863995603,"Converged",FALSE,0.5
951,-1.67274606697749,1.28081070162587,-0.123331654267883,"Converged",FALSE,0.5
952,-1.60798770388093,0.198284106170882,-0.0756049661956716,"Converged",FALSE,0.5
953,-1.06858453247915,-0.502453285325929,-0.130458806823677,"Converged",FALSE,0.5
954,-2.33881303457012,2.07160984644754,-0.032412550928729,"Converged",FALSE,0.5
955,-1.68220744733212,0.350355893443819,-0.0566624782588735,"Converged",FALSE,0.5
956,-2.17285284199128,1.860192989642,-0.0523448628172066,"Converged",FALSE,0.5
957,-1.77420271104359,1.97474418858937,-0.137448988546032,"Converged",FALSE,0.5
958,-1.44433459877896,0.0186453907249795,-0.0824005714292899,"Converged",FALSE,0.5
959,-1.74775538390386,0.788626965711522,-0.0732355337896115,"Converged",TRUE,0.5
960,-2.05735823708066,2.89473570146312,-0.153476875203139,"Converged",FALSE,0.5
961,-1.55343859878491,0.286239863592057,-0.0384474294250803,"Converged",FALSE,0.5
962,-1.80833542671934,1.32527204523636,-0.0858734682050688,"Converged",FALSE,0.5
963,-1.58992579748632,1.03224306503997,-0.121419323681321,"Converged",FALSE,0.5
964,-2.1097133910792,1.75661815126484,-0.10619150744586,"Converged",FALSE,0.5
965,-1.72186505520082,1.14163841949228,-0.107194510488327,"Converged",FALSE,0.5
966,-1.50372814422351,0.903422798531977,-0.118316000481528,"Converged",FALSE,0.5
967,-1.62914634253331,0.836346369949839,-0.0818234268471412,"Converged",FALSE,0.5
968,-1.78926923888953,1.06113354696955,-0.114993233697158,"Converged",FALSE,0.5
969,-1.57981789034211,0.602142953308992,-0.104066070390932,"Converged",FALSE,0.5
970,-1.87006245409342,2.05789273264716,-0.120442478080288,"Converged",FALSE,0.5
971,-1.66059172927254,0.610151230922298,-0.0723980540145223,"Converged",FALSE,0.5
972,-1.35257727748829,1.10152563952236,-0.171068172589422,"Converged",FALSE,0.5
973,-1.8336061096819,1.50655554293481,-0.0960995751923818,"Converged",FALSE,0.5
974,-2.05798878037987,1.70659669166891,-0.067847118857386,"Converged",FALSE,0.5
975,-1.83787637148795,2.23468519849744,-0.162982569709097,"Converged",FALSE,0.5
976,-1.51987871453517,0.947409808705208,-0.130992463477374,"Converged",FALSE,0.5
977,-1.13924319214665,1.02710487253913,-0.207950961508154,"Converged",FALSE,0.5
978,-2.20637123353149,1.85786139343583,-0.0217245237200177,"Converged",FALSE,0.5
979,-1.84166720158152,0.880310343494289,-0.0608539717610621,"Converged",FALSE,0.5
980,-2.20150713739509,1.75172244937228,-0.091483903007681,"Converged",FALSE,0.5
981,-2.69964286395337,3.7489871634287,-0.0865418502583917,"Converged",FALSE,0.5
982,-1.35849869057935,1.08124555450615,-0.17319767760767,"Converged",FALSE,0.5
983,-1.50549579935347,1.16601956957906,-0.135182834493946,"Converged",FALSE,0.5
984,-1.92698616953323,1.42439534781775,-0.0596889466980541,"Converged",FALSE,0.5
985,-2.21211106164954,2.35280074996289,-0.123254301927167,"Converged",FALSE,0.5
986,-2.31999173657912,1.72016338614374,-0.0177273639167589,"Converged",FALSE,0.5
987,-2.18020773436657,2.27179909298292,-0.0818919249781005,"Converged",FALSE,0.5
988,-2.16460245290636,1.85931561995045,-0.043764971390216,"Converged",FALSE,0.5
989,-1.69489838742571,2.07986602474619,-0.190593946425417,"Converged",FALSE,0.5
990,-2.43573403355533,2.68087649799803,-0.108646017006711,"Converged",FALSE,0.5
991,-2.38892734540748,3.47571035391408,-0.152434504749378,"Converged",FALSE,0.5
992,-2.09184263535335,1.53336906876751,-0.052663893779339,"Converged",FALSE,0.5
993,-1.49441223941871,0.860299170056199,-0.126775377124039,"Converged",FALSE,0.5
994,-1.55206437669511,0.734833708179264,-0.0855640652522547,"Converged",FALSE,0.5
995,-1.53183578424869,0.853715281460561,-0.117440043271804,"Converged",FALSE,0.5
996,-1.47462499743204,0.661919642221808,-0.102803705648745,"Converged",FALSE,0.5
997,-2.16405995208925,1.84398695304259,-0.0547762102867108,"Converged",FALSE,0.5
998,-2.15437411373656,2.05969015020721,-0.0557658666664358,"Converged",FALSE,0.5
999,-2.2170320264371,1.91974686253533,-0.0538878878087911,"Converged",TRUE,0.5
1000,-2.1484139250593,1.97594731210213,-0.0677176014090158,"Converged",FALSE,0.5
